t,imu_roll,imu_pitch,pid_roll,pid_pitch,roll_meas,banked_roll,eff_lin,eff_ang,phase,p_roll,i_roll,d_roll,p_pitch,i_pitch,d_pitch,dt,ik_clamped
1790547619.2144,0.006034,-0.016416,0.001871,-0.005089,0.006034,0.000000,0.000000,0.000000,0.000084,0.001810,0.000060,0.000000,-0.004925,-0.000164,0.000000,0.010000,0
1790547619.2286,-0.003100,-0.016769,-0.000917,-0.005452,-0.003100,0.000000,0.000278,0.000000,0.033374,-0.000930,0.000013,-0.000000,-0.005031,-0.000421,-0.000000,0.015313,0
1790547619.2423,-0.002549,-0.018230,-0.000787,-0.006141,-0.002549,0.000000,0.001000,0.000000,0.063327,-0.000765,-0.000022,0.000000,-0.005469,-0.000672,-0.000000,0.013778,0
1790547619.2560,-0.005823,-0.018976,-0.001849,-0.006625,-0.005823,0.000000,0.002158,0.000000,0.093167,-0.001747,-0.000102,-0.000000,-0.005693,-0.000933,-0.000000,0.013727,0
1790547619.2700,-0.004141,-0.020675,-0.001402,-0.007424,-0.004141,0.000000,0.003783,0.000000,0.123602,-0.001242,-0.000160,0.000000,-0.006202,-0.001222,-0.000000,0.014000,0
1790547619.2839,-0.005763,-0.020205,-0.001969,-0.007565,-0.005763,0.000000,0.005833,0.000000,0.153913,-0.001729,-0.000241,-0.000000,-0.006062,-0.001504,0.000000,0.013943,0
1790547619.2983,-0.005057,-0.019695,-0.001829,-0.007691,-0.005057,0.000000,0.008336,0.000000,0.184648,-0.001517,-0.000312,0.000000,-0.005908,-0.001782,0.000000,0.014138,0
1790547619.3129,-0.004137,-0.017239,-0.001614,-0.007206,-0.004137,0.000000,0.011354,0.000000,0.216439,-0.001241,-0.000372,0.000000,-0.005172,-0.002034,0.000000,0.014624,0
1790547619.3274,-0.003009,-0.012999,-0.001319,-0.006125,-0.003009,0.000000,0.014789,0.000000,0.248295,-0.000903,-0.000417,0.000000,-0.003900,-0.002225,0.000000,0.014654,0
1790547619.3417,-0.001512,-0.006311,-0.000892,-0.004208,-0.001512,0.000000,0.018500,0.000000,0.279298,-0.000453,-0.000438,0.000000,-0.001893,-0.002315,0.000000,0.014261,0
1790547619.3559,-0.001249,-0.003777,-0.000831,-0.003502,-0.001249,0.000000,0.022551,0.000000,0.310347,-0.000375,-0.000456,0.000000,-0.001133,-0.002369,0.000000,0.014283,0
1790547619.3700,-0.004885,-0.003547,-0.001990,-0.003483,-0.004885,0.000000,0.026814,0.000000,0.340784,-0.001466,-0.000524,-0.000000,-0.001064,-0.002418,0.000000,0.014001,0
1790547619.3841,-0.011181,-0.008582,-0.004037,-0.005115,-0.011181,0.000000,0.031386,0.000000,0.371564,-0.003354,-0.000683,-0.000000,-0.002575,-0.002540,-0.000000,0.014159,0
1790547619.3984,-0.008214,-0.007657,-0.003264,-0.004947,-0.008214,0.000000,0.036236,0.000000,0.402666,-0.002464,-0.000800,0.000000,-0.002297,-0.002649,0.000000,0.014307,0
1790547619.4124,-0.003787,-0.010240,-0.001989,-0.005865,-0.003787,0.000000,0.041170,0.000000,0.433115,-0.001136,-0.000853,0.000000,-0.003072,-0.002793,-0.000000,0.014007,0
1790547619.4265,-0.002910,-0.016225,-0.001767,-0.007888,-0.002910,0.000000,0.046264,0.000000,0.463643,-0.000873,-0.000894,0.000000,-0.004868,-0.003021,-0.000000,0.014043,0
1790547619.4406,-0.004200,-0.022383,-0.002214,-0.010054,-0.004200,0.000000,0.051521,0.000000,0.494503,-0.001260,-0.000954,-0.000000,-0.006715,-0.003339,-0.000000,0.014196,0
1790547619.4547,-0.005134,-0.028809,-0.002566,-0.012387,-0.005134,0.000000,0.056804,0.000000,0.525125,-0.001540,-0.001026,-0.000000,-0.008643,-0.003744,-0.000000,0.014086,0
1790547619.4684,-0.008102,-0.030556,-0.003568,-0.013331,-0.008102,0.000000,0.061978,0.000000,0.554971,-0.002431,-0.001137,-0.000000,-0.009167,-0.004164,-0.000000,0.013729,0
1790547619.4821,-0.008438,-0.030916,-0.003784,-0.013861,-0.008438,0.000000,0.067116,0.000000,0.584695,-0.002531,-0.001253,-0.000000,-0.009275,-0.004587,-0.000000,0.013673,0
1790547619.4961,-0.011419,-0.029473,-0.004838,-0.013841,-0.011419,0.000000,0.072326,0.000000,0.615148,-0.003426,-0.001413,-0.000000,-0.008842,-0.004999,0.000000,0.014009,0
1790547619.5102,-0.014087,-0.027444,-0.005835,-0.013615,-0.014087,0.000000,0.077420,0.000000,0.645480,-0.004226,-0.001609,-0.000000,-0.008233,-0.005382,0.000000,0.013952,0
1790547619.5243,-0.014224,-0.021563,-0.006079,-0.012158,-0.014224,0.000000,0.082472,0.000000,0.676385,-0.004267,-0.001811,-0.000000,-0.006469,-0.005689,0.000000,0.014216,0
1790547619.5384,-0.009723,-0.009816,-0.004866,-0.008772,-0.009723,0.000000,0.087316,0.000000,0.707100,-0.002917,-0.001949,0.000000,-0.002945,-0.005828,0.000000,0.014129,0
1790547619.5529,-0.007983,0.000888,-0.004456,-0.005549,-0.007983,0.000000,0.091933,0.000000,0.737738,-0.002395,-0.002061,0.000000,0.000266,-0.005815,0.000000,0.014093,0
1790547619.5673,-0.012160,0.000375,-0.005888,-0.005697,-0.012160,0.000000,0.096485,0.000000,0.769719,-0.003648,-0.002240,-0.000000,0.000112,-0.005810,-0.000000,0.014711,0
1790547619.5815,-0.012922,0.006593,-0.006300,-0.003738,-0.012922,0.000000,0.100570,0.000000,0.800478,-0.003877,-0.002423,-0.000000,0.001978,-0.005716,0.000000,0.014149,0
1790547619.5956,-0.012551,0.008599,-0.006367,-0.003014,-0.012551,0.000000,0.104359,0.000000,0.831441,-0.003765,-0.002602,0.000000,0.002580,-0.005594,0.000000,0.014243,0
1790547619.6097,-0.001925,0.008476,-0.003206,-0.002932,-0.001925,0.000000,0.107753,0.000000,0.862032,-0.000577,-0.002629,0.000000,0.002543,-0.005475,-0.000000,0.014072,0
1790547619.6237,0.002992,0.006324,-0.001689,-0.003489,0.002992,0.000000,0.110762,0.000000,0.892489,0.000898,-0.002587,0.000000,0.001897,-0.005386,-0.000000,0.014010,0
1790547619.6378,0.009839,-0.000293,0.000503,-0.005478,0.009839,0.000000,0.113385,0.000000,0.923037,0.002952,-0.002449,0.000000,-0.000088,-0.005390,-0.000000,0.014052,0
1790547619.6520,0.013015,-0.002726,0.001641,-0.006247,0.013015,0.000000,0.115617,0.000000,0.953970,0.003905,-0.002263,0.000000,-0.000818,-0.005429,-0.000000,0.014229,0
1790547619.6660,0.013309,-0.003892,0.001916,-0.006651,0.013309,0.000000,0.117386,0.000000,0.984527,0.003993,-0.002076,0.000000,-0.001168,-0.005484,-0.000000,0.014056,0
1790547619.6800,0.013435,-0.002357,0.002142,-0.006224,0.013435,0.000000,0.118701,0.000000,0.014908,0.004030,-0.001889,0.000000,-0.000707,-0.005516,0.000000,0.013975,0
1790547619.6938,0.010047,0.003643,0.001263,-0.004373,0.010047,0.000000,0.119552,0.000000,0.044737,0.003014,-0.001751,-0.000000,0.001093,-0.005466,0.000000,0.013721,0
1790547619.7074,0.007318,0.001684,0.000545,-0.004938,0.007318,0.000000,0.119961,0.000000,0.074540,0.002195,-0.001650,-0.000000,0.000505,-0.005443,-0.000000,0.013709,0
1790547619.7215,0.006217,0.000064,0.000302,-0.005423,0.006217,0.000000,0.120000,0.000000,0.105088,0.001865,-0.001563,-0.000000,0.000019,-0.005442,-0.000000,0.014052,0
1790547619.7358,0.005693,0.000451,0.000226,-0.005301,0.005693,0.000000,0.120000,0.000000,0.136169,0.001708,-0.001482,-0.000000,0.000135,-0.005436,0.000000,0.014297,0
1790547619.7500,0.002812,0.007279,-0.000599,-0.003150,0.002812,0.000000,0.120000,0.000000,0.166842,0.000844,-0.001442,-0.000000,0.002184,-0.005333,0.000000,0.014110,0
1790547619.7642,0.000874,0.010151,-0.001167,-0.002144,0.000874,0.000000,0.120000,0.000000,0.197774,0.000262,-0.001430,-0.000000,0.003045,-0.005189,0.000000,0.014229,0
1790547619.7784,-0.003925,0.014245,-0.002663,-0.000712,-0.003925,0.000000,0.120000,0.000000,0.228854,-0.001177,-0.001486,-0.000000,0.004274,-0.004985,0.000000,0.014297,0
1790547619.7924,0.001197,0.015385,-0.001110,-0.000154,0.001197,0.000000,0.120000,0.000000,0.259273,0.000359,-0.001469,0.000000,0.004615,-0.004770,0.000000,0.013993,0
1790547619.8070,0.006903,0.013315,0.000700,-0.000586,0.006903,0.000000,0.120000,0.000000,0.290108,0.002071,-0.001371,0.000000,0.003995,-0.004581,-0.000000,0.014184,0
1790547619.8215,0.001586,0.007030,-0.000872,-0.002368,0.001586,0.000000,0.120000,0.000000,0.322241,0.000476,-0.001348,-0.000000,0.002109,-0.004477,-0.000000,0.014781,0
1790547619.8359,-0.008371,-0.003973,-0.003979,-0.005726,-0.008371,0.000000,0.120000,0.000000,0.353463,-0.002511,-0.001468,-0.000000,-0.001192,-0.004534,-0.000000,0.014362,0
1790547619.8502,-0.011648,-0.016276,-0.005130,-0.009651,-0.011648,0.000000,0.120000,0.000000,0.384680,-0.003494,-0.001635,-0.000000,-0.004883,-0.004768,-0.000000,0.014360,0
1790547619.8644,-0.011973,-0.027542,-0.005399,-0.013425,-0.011973,0.000000,0.120000,0.000000,0.415810,-0.003592,-0.001807,-0.000000,-0.008263,-0.005162,-0.000000,0.014320,0
1790547619.8788,-0.015243,-0.034691,-0.006595,-0.016061,-0.015243,0.000000,0.120000,0.000000,0.446628,-0.004573,-0.002023,-0.000000,-0.010407,-0.005654,-0.000000,0.014176,0
1790547619.8927,-0.019609,-0.043434,-0.008182,-0.019297,-0.019609,0.000000,0.120000,0.000000,0.477293,-0.005883,-0.002299,-0.000000,-0.013030,-0.006267,-0.000000,0.014106,0
1790547619.9067,-0.028865,-0.051334,-0.011364,-0.022388,-0.028865,0.000000,0.120000,0.000000,0.507814,-0.008660,-0.002704,-0.000000,-0.015400,-0.006988,-0.000000,0.014039,0
1790547619.9204,-0.036783,-0.057406,-0.014241,-0.024992,-0.036783,0.000000,0.120000,0.000000,0.537442,-0.011035,-0.003206,-0.000000,-0.017222,-0.007770,-0.000000,0.013629,0
1790547619.9340,-0.041427,-0.062686,-0.016200,-0.027433,-0.041427,0.000000,0.120000,0.000000,0.567178,-0.012428,-0.003772,-0.000000,-0.018806,-0.008627,-0.000000,0.013679,0
1790547619.9481,-0.045227,-0.066164,-0.017974,-0.029403,-0.045227,0.000000,0.120000,0.000000,0.597622,-0.013568,-0.004406,-0.000000,-0.019849,-0.009554,-0.000000,0.014004,0
1790547619.9621,-0.042744,-0.070118,-0.017831,-0.031576,-0.042744,0.000000,0.120000,0.000000,0.628211,-0.012823,-0.005007,0.000000,-0.021036,-0.010541,-0.000000,0.014071,0
1790547619.9761,-0.039578,-0.067728,-0.017437,-0.031811,-0.039578,0.000000,0.120000,0.000000,0.658753,-0.011873,-0.005563,0.000000,-0.020319,-0.011492,0.000000,0.014050,0
1790547619.9901,-0.039597,-0.066034,-0.017993,-0.032220,-0.039597,0.000000,0.120000,0.000000,0.688978,-0.011879,-0.006114,-0.000000,-0.019810,-0.012410,0.000000,0.013904,0
1790547620.0040,-0.036732,-0.059546,-0.017646,-0.031105,-0.036732,0.000000,0.120000,0.000000,0.719295,-0.011020,-0.006626,0.000000,-0.017864,-0.013241,0.000000,0.013946,0
1790547620.0180,-0.030714,-0.050782,-0.016270,-0.029185,-0.030714,0.000000,0.120000,0.000000,0.749693,-0.009214,-0.007056,0.000000,-0.015235,-0.013951,0.000000,0.013983,0
1790547620.0322,-0.025490,-0.037589,-0.015065,-0.025761,-0.025490,0.000000,0.120000,0.000000,0.780553,-0.007647,-0.007417,0.000000,-0.011277,-0.014484,0.000000,0.014196,0
1790547620.0464,-0.016865,-0.020840,-0.012716,-0.021032,-0.016865,0.000000,0.120000,0.000000,0.811397,-0.005060,-0.007657,0.000000,-0.006252,-0.014780,0.000000,0.014188,0
1790547620.0609,-0.013459,-0.006383,-0.011887,-0.016786,-0.013459,0.000000,0.120000,0.000000,0.842469,-0.004038,-0.007849,0.000000,-0.001915,-0.014871,0.000000,0.014293,0
1790547620.0749,-0.020921,-0.011138,-0.014422,-0.018371,-0.020921,0.000000,0.120000,0.000000,0.873325,-0.006276,-0.008146,-0.000000,-0.003341,-0.015029,-0.000000,0.014194,0
1790547620.0889,-0.012574,-0.014880,-0.012095,-0.019702,-0.012574,0.000000,0.120000,0.000000,0.903809,-0.003772,-0.008322,0.000000,-0.004464,-0.015238,-0.000000,0.014023,0
1790547620.1027,-0.008899,-0.012127,-0.011115,-0.019043,-0.008899,0.000000,0.120000,0.000000,0.933842,-0.002670,-0.008445,0.000000,-0.003638,-0.015406,0.000000,0.013815,0
1790547620.1167,-0.008271,-0.018676,-0.011043,-0.021270,-0.008271,0.000000,0.120000,0.000000,0.964328,-0.002481,-0.008561,0.000000,-0.005603,-0.015667,-0.000000,0.014024,0
1790547620.1307,0.004904,-0.026848,-0.007022,-0.024097,0.004904,0.000000,0.120000,0.000000,0.994715,0.001471,-0.008493,0.000000,-0.008054,-0.016043,-0.000000,0.013978,0
1790547620.1446,0.015731,-0.031662,-0.003556,-0.025979,0.015731,0.000000,0.120000,0.000000,0.024809,0.004719,-0.008275,0.000000,-0.009498,-0.016481,-0.000000,0.013843,0
1790547620.1582,0.020684,-0.036045,-0.001787,-0.027786,0.020684,0.000000,0.120000,0.000000,0.054483,0.006205,-0.007993,0.000000,-0.010813,-0.016973,-0.000000,0.013650,0
1790547620.1718,0.025850,-0.038722,0.000113,-0.029115,0.025850,0.000000,0.120000,0.000000,0.083948,0.007755,-0.007642,0.000000,-0.011617,-0.017498,-0.000000,0.013554,0
1790547620.1858,0.036289,-0.044053,0.003753,-0.031331,0.036289,0.000000,0.120000,0.000000,0.114413,0.010887,-0.007134,0.000000,-0.013216,-0.018115,-0.000000,0.014014,0
1790547620.1997,0.035922,-0.049063,0.004145,-0.033520,0.035922,0.000000,0.120000,0.000000,0.144793,0.010777,-0.006632,-0.000000,-0.014719,-0.018801,-0.000000,0.013975,0
1790547620.2135,0.020029,-0.044453,-0.000346,-0.032751,0.020029,0.000000,0.120000,0.000000,0.174840,0.006009,-0.006355,-0.000000,-0.013336,-0.019415,0.000000,0.013822,0
1790547620.2273,0.016531,-0.032748,-0.001167,-0.029693,0.016531,0.000000,0.120000,0.000000,0.204929,0.004959,-0.006126,-0.000000,-0.009824,-0.019869,0.000000,0.013841,0
1790547620.2413,0.011246,-0.022870,-0.002596,-0.027048,0.011246,0.000000,0.120000,0.000000,0.235192,0.003374,-0.005970,-0.000000,-0.006861,-0.020187,0.000000,0.013921,0
1790547620.2551,0.004302,-0.007564,-0.004620,-0.022561,0.004302,0.000000,0.120000,0.000000,0.265261,0.001291,-0.005910,-0.000000,-0.002269,-0.020292,0.000000,0.013832,0
1790547620.2691,-0.004614,0.003222,-0.007359,-0.019280,-0.004614,0.000000,0.120000,0.000000,0.295590,-0.001384,-0.005974,-0.000000,0.000967,-0.020247,0.000000,0.013952,0
1790547620.2830,-0.006900,0.006238,-0.008140,-0.018288,-0.006900,0.000000,0.120000,0.000000,0.325848,-0.002070,-0.006070,-0.000000,0.001871,-0.020160,0.000000,0.013919,0
1790547620.2969,-0.006757,0.005023,-0.008191,-0.018583,-0.006757,0.000000,0.120000,0.000000,0.356046,-0.002027,-0.006164,0.000000,0.001507,-0.020090,-0.000000,0.013891,0
1790547620.3112,-0.009887,0.006123,-0.009270,-0.018167,-0.009887,0.000000,0.120000,0.000000,0.386661,-0.002966,-0.006304,-0.000000,0.001837,-0.020004,0.000000,0.014083,0
1790547620.3259,-0.013604,0.000825,-0.010582,-0.019744,-0.013604,0.000000,0.120000,0.000000,0.418238,-0.004081,-0.006501,-0.000000,0.000248,-0.019992,-0.000000,0.014525,0
1790547620.3437,-0.020590,-0.011446,-0.013046,-0.023630,-0.020590,0.000000,0.120000,0.000000,0.457117,-0.006177,-0.006869,-0.000000,-0.003434,-0.020196,-0.000000,0.017884,0
1790547620.3580,-0.036507,-0.023576,-0.018352,-0.027612,-0.036507,0.000000,0.120000,0.000000,0.488695,-0.010952,-0.007400,-0.000000,-0.007073,-0.020539,-0.000000,0.014526,0
1790547620.3722,-0.048230,-0.033315,-0.022555,-0.031008,-0.048230,0.000000,0.120000,0.000000,0.519626,-0.014469,-0.008086,-0.000000,-0.009995,-0.021013,-0.000000,0.014228,0
1790547620.3860,-0.057778,-0.040405,-0.026217,-0.033692,-0.057778,0.000000,0.120000,0.000000,0.549618,-0.017333,-0.008883,-0.000000,-0.012121,-0.021570,-0.000000,0.013797,0
1790547620.3998,-0.063122,-0.046698,-0.028689,-0.036223,-0.063122,0.000000,0.120000,0.000000,0.579556,-0.018937,-0.009752,-0.000000,-0.014009,-0.022213,-0.000000,0.013772,0
1790547620.4138,-0.059348,-0.051009,-0.028392,-0.038234,-0.059348,0.000000,0.120000,0.000000,0.610153,-0.017804,-0.010588,0.000000,-0.015303,-0.022931,-0.000000,0.014074,0
1790547620.4278,-0.051758,-0.051870,-0.026834,-0.039213,-0.051758,0.000000,0.120000,0.000000,0.640333,-0.015527,-0.011306,0.000000,-0.015561,-0.023652,-0.000000,0.013883,0
1790547620.4420,-0.046194,-0.054330,-0.025829,-0.040732,-0.046194,0.000000,0.120000,0.000000,0.671607,-0.013858,-0.011971,0.000000,-0.016299,-0.024433,-0.000000,0.014386,0
1790547620.4560,-0.040229,-0.053101,-0.024601,-0.041104,-0.040229,0.000000,0.120000,0.000000,0.701941,-0.012069,-0.012532,0.000000,-0.015930,-0.025174,0.000000,0.013954,0
1790547620.4699,-0.038639,-0.047160,-0.024659,-0.039975,-0.038639,0.000000,0.120000,0.000000,0.732042,-0.011592,-0.013067,0.000000,-0.014148,-0.025827,0.000000,0.013846,0
1790547620.4838,-0.029063,-0.036490,-0.022192,-0.037283,-0.029063,0.000000,0.120000,0.000000,0.762376,-0.008719,-0.013473,0.000000,-0.010947,-0.026336,0.000000,0.013954,0
1790547620.4978,-0.019809,-0.021036,-0.019692,-0.032940,-0.019809,0.000000,0.120000,0.000000,0.792695,-0.005943,-0.013749,0.000000,-0.006311,-0.026630,0.000000,0.013947,0
1790547620.5117,-0.006709,-0.004176,-0.015855,-0.027940,-0.006709,0.000000,0.120000,0.000000,0.822935,-0.002013,-0.013842,0.000000,-0.001253,-0.026688,0.000000,0.013910,0
1790547620.5257,-0.000503,0.004674,-0.014000,-0.025220,-0.000503,0.000000,0.120000,0.000000,0.853242,-0.000151,-0.013849,0.000000,0.001402,-0.026623,0.000000,0.013942,0
1790547620.5396,-0.005954,0.000830,-0.015719,-0.026362,-0.005954,0.000000,0.120000,0.000000,0.883707,-0.001786,-0.013933,-0.000000,0.000249,-0.026611,-0.000000,0.014014,0
1790547620.5536,0.001825,-0.004513,-0.013360,-0.028028,0.001825,0.000000,0.120000,0.000000,0.914008,0.000548,-0.013907,0.000000,-0.001354,-0.026674,-0.000000,0.013938,0
1790547620.5680,0.005447,-0.007987,-0.012196,-0.029183,0.005447,0.000000,0.120000,0.000000,0.944858,0.001634,-0.013830,0.000000,-0.002396,-0.026787,-0.000000,0.014191,0
1790547620.5821,0.012521,-0.014154,-0.009894,-0.031236,0.012521,0.000000,0.120000,0.000000,0.976015,0.003756,-0.013650,0.000000,-0.004246,-0.026990,-0.000000,0.014333,0
1790547620.5962,0.024396,-0.024716,-0.005990,-0.034752,0.024396,0.000000,0.120000,0.000000,0.006504,0.007319,-0.013308,0.000000,-0.007415,-0.027337,-0.000000,0.014025,0
1790547620.6099,0.039937,-0.035777,-0.000779,-0.038561,0.039937,0.000000,0.120000,0.000000,0.036357,0.011981,-0.012760,0.000000,-0.010733,-0.027828,-0.000000,0.013732,0
1790547620.6235,0.050120,-0.042235,0.002961,-0.041076,0.050120,0.000000,0.120000,0.000000,0.066070,0.015036,-0.012075,0.000000,-0.012671,-0.028405,-0.000000,0.013668,0
1790547620.6374,0.054967,-0.048498,0.005179,-0.043629,0.054967,0.000000,0.120000,0.000000,0.096281,0.016490,-0.011311,0.000000,-0.014549,-0.029079,-0.000000,0.013897,0
1790547620.6514,0.048328,-0.058140,0.003864,-0.047335,0.048328,0.000000,0.120000,0.000000,0.126696,0.014498,-0.010635,-0.000000,-0.017442,-0.029893,-0.000000,0.013991,0
1790547620.6654,0.034317,-0.056741,0.000139,-0.047708,0.034317,0.000000,0.120000,0.000000,0.157059,0.010295,-0.010156,-0.000000,-0.017022,-0.030685,0.000000,0.013967,0
1790547620.6793,0.031968,-0.046923,-0.000119,-0.045417,0.031968,0.000000,0.120000,0.000000,0.187398,0.009590,-0.009709,-0.000000,-0.014077,-0.031340,0.000000,0.013956,0
1790547620.6933,0.030478,-0.036187,-0.000141,-0.042701,0.030478,0.000000,0.120000,0.000000,0.217706,0.009143,-0.009284,-0.000000,-0.010856,-0.031845,0.000000,0.013942,0
1790547620.7072,0.023105,-0.019807,-0.002031,-0.038063,0.023105,0.000000,0.120000,0.000000,0.247990,0.006932,-0.008963,-0.000000,-0.005942,-0.032120,0.000000,0.013930,0
1790547620.7211,0.012800,-0.003747,-0.004944,-0.033297,0.012800,0.000000,0.120000,0.000000,0.278252,0.003840,-0.008784,-0.000000,-0.001124,-0.032173,0.000000,0.013921,0
1790547620.7350,-0.000459,0.010714,-0.008929,-0.028809,-0.000459,0.000000,0.120000,0.000000,0.308575,-0.000138,-0.008791,-0.000000,0.003214,-0.032023,0.000000,0.013948,0
1790547620.7496,0.001468,0.016759,-0.008329,-0.026754,0.001468,0.000000,0.120000,0.000000,0.339897,0.000440,-0.008770,0.000000,0.005028,-0.031782,0.000000,0.014408,0
1790547620.7636,0.006632,0.018192,-0.006687,-0.026068,0.006632,0.000000,0.120000,0.000000,0.370506,0.001990,-0.008676,0.000000,0.005458,-0.031526,0.000000,0.014081,0
1790547620.7777,0.003231,0.018206,-0.007662,-0.025807,0.003231,0.000000,0.120000,0.000000,0.401183,0.000969,-0.008631,-0.000000,0.005462,-0.031269,0.000000,0.014111,0
1790547620.7918,0.007669,0.011518,-0.006222,-0.027651,0.007669,0.000000,0.120000,0.000000,0.431731,0.002301,-0.008523,0.000000,0.003455,-0.031107,-0.000000,0.014052,0
1790547620.8056,0.001055,0.003612,-0.008192,-0.029973,0.001055,0.000000,0.120000,0.000000,0.461875,0.000316,-0.008508,-0.000000,0.001084,-0.031057,-0.000000,0.013866,0
1790547620.8201,-0.010810,-0.005866,-0.011903,-0.032899,-0.010810,0.000000,0.120000,0.000000,0.492465,-0.003243,-0.008660,-0.000000,-0.001760,-0.031139,-0.000000,0.014071,0
1790547620.8358,-0.025689,-0.015594,-0.016768,-0.036060,-0.025689,0.000000,0.120000,0.000000,0.526359,-0.007707,-0.009061,-0.000000,-0.004678,-0.031382,-0.000000,0.015591,0
1790547620.8511,-0.038136,-0.021809,-0.021095,-0.038264,-0.038136,0.000000,0.120000,0.000000,0.560156,-0.011441,-0.009654,-0.000000,-0.006543,-0.031721,-0.000000,0.015547,0
1790547620.8655,-0.043201,-0.026984,-0.023233,-0.040203,-0.043201,0.000000,0.120000,0.000000,0.591285,-0.012960,-0.010272,-0.000000,-0.008095,-0.032108,-0.000000,0.014319,0
1790547620.8800,-0.049312,-0.031475,-0.025784,-0.042009,-0.049312,0.000000,0.120000,0.000000,0.622933,-0.014794,-0.010990,-0.000000,-0.009443,-0.032566,-0.000000,0.014558,0
1790547620.8949,-0.044913,-0.034225,-0.025138,-0.043347,-0.044913,0.000000,0.120000,0.000000,0.655538,-0.013474,-0.011664,0.000000,-0.010268,-0.033079,-0.000000,0.014998,0
1790547620.9090,-0.031926,-0.031485,-0.021689,-0.042966,-0.031926,0.000000,0.120000,0.000000,0.686006,-0.009578,-0.012111,0.000000,-0.009446,-0.033521,0.000000,0.014015,0
1790547620.9227,-0.023166,-0.023644,-0.019384,-0.040943,-0.023166,0.000000,0.120000,0.000000,0.716292,-0.006950,-0.012434,0.000000,-0.007093,-0.033850,0.000000,0.013932,0
1790547620.9367,-0.015832,-0.014497,-0.017405,-0.038402,-0.015832,0.000000,0.120000,0.000000,0.746636,-0.004750,-0.012655,0.000000,-0.004349,-0.034052,0.000000,0.013958,0
1790547620.9507,-0.003632,-0.001190,-0.013796,-0.034426,-0.003632,0.000000,0.120000,0.000000,0.777241,-0.001090,-0.012706,0.000000,-0.000357,-0.034069,0.000000,0.014078,0
1790547620.9647,0.010008,0.014199,-0.009563,-0.029610,0.010008,0.000000,0.120000,0.000000,0.807781,0.003002,-0.012566,0.000000,0.004260,-0.033870,0.000000,0.014048,0
1790547620.9787,0.011891,0.021710,-0.008833,-0.027054,0.011891,0.000000,0.120000,0.000000,0.838053,0.003567,-0.012400,0.000000,0.006513,-0.033567,0.000000,0.013925,0
1790547620.9926,0.007660,0.019228,-0.009995,-0.027531,0.007660,0.000000,0.120000,0.000000,0.868393,0.002298,-0.012293,-0.000000,0.005768,-0.033299,-0.000000,0.013956,0
1790547621.0066,0.013630,0.019360,-0.008014,-0.027221,0.013630,0.000000,0.120000,0.000000,0.898778,0.004089,-0.012103,0.000000,0.005808,-0.033028,0.000000,0.013977,0
1790547621.0205,0.016638,0.019239,-0.006879,-0.026989,0.016638,0.000000,0.120000,0.000000,0.929087,0.004991,-0.011871,0.000000,0.005772,-0.032760,-0.000000,0.013942,0
1790547621.0343,0.022406,0.013443,-0.004839,-0.028541,0.022406,0.000000,0.120000,0.000000,0.959148,0.006722,-0.011561,0.000000,0.004033,-0.032574,-0.000000,0.013828,0
1790547621.0483,0.029486,0.001063,-0.002303,-0.032241,0.029486,0.000000,0.120000,0.000000,0.989570,0.008846,-0.011148,0.000000,0.000319,-0.032559,-0.000000,0.013994,0
1790547621.0623,0.043372,-0.013015,0.002469,-0.036646,0.043372,0.000000,0.120000,0.000000,0.019939,0.013012,-0.010542,0.000000,-0.003905,-0.032741,-0.000000,0.013970,0
1790547621.0766,0.052265,-0.020211,0.005874,-0.039090,0.052265,0.000000,0.120000,0.000000,0.050594,0.015680,-0.009805,0.000000,-0.006063,-0.033026,-0.000000,0.014101,0
1790547621.0903,0.056195,-0.026900,0.007831,-0.041469,0.056195,0.000000,0.120000,0.000000,0.080708,0.016858,-0.009027,0.000000,-0.008070,-0.033399,-0.000000,0.013853,0
1790547621.1044,0.062547,-0.034937,0.010617,-0.044372,0.062547,0.000000,0.120000,0.000000,0.111294,0.018764,-0.008147,0.000000,-0.010481,-0.033890,-0.000000,0.014070,0
1790547621.1184,0.062028,-0.041678,0.011336,-0.046982,0.062028,0.000000,0.120000,0.000000,0.141949,0.018608,-0.007272,-0.000000,-0.012503,-0.034478,-0.000000,0.014101,0
1790547621.1323,0.048281,-0.039463,0.007882,-0.046865,0.048281,0.000000,0.120000,0.000000,0.172114,0.014484,-0.006602,-0.000000,-0.011839,-0.035026,0.000000,0.013876,0
1790547621.1462,0.043453,-0.028562,0.007039,-0.043992,0.043453,0.000000,0.120000,0.000000,0.202412,0.013036,-0.005997,-0.000000,-0.008569,-0.035424,0.000000,0.013937,0
1790547621.1601,0.037998,-0.017955,0.005930,-0.041059,0.037998,0.000000,0.120000,0.000000,0.232550,0.011399,-0.005470,-0.000000,-0.005387,-0.035673,0.000000,0.013864,0
1790547621.1740,0.024621,-0.003969,0.002259,-0.036919,0.024621,0.000000,0.120000,0.000000,0.262849,0.007386,-0.005127,-0.000000,-0.001191,-0.035728,0.000000,0.013937,0
1790547621.1880,0.010667,0.010341,-0.001778,-0.032482,0.010667,0.000000,0.120000,0.000000,0.293159,0.003200,-0.004978,-0.000000,0.003102,-0.035584,0.000000,0.013942,0
1790547621.2019,0.000291,0.022939,-0.004887,-0.028382,0.000291,0.000000,0.120000,0.000000,0.323465,0.000087,-0.004974,-0.000000,0.006882,-0.035264,0.000000,0.013941,0
1790547621.2158,0.001697,0.023822,-0.004441,-0.027786,0.001697,0.000000,0.120000,0.000000,0.353680,0.000509,-0.004950,0.000000,0.007147,-0.034933,0.000000,0.013899,0
1790547621.2297,0.001536,0.027427,-0.004468,-0.026321,0.001536,0.000000,0.120000,0.000000,0.384066,0.000461,-0.004929,-0.000000,0.008228,-0.034550,0.000000,0.013977,0
1790547621.2436,-0.000682,0.025584,-0.005143,-0.026521,-0.000682,0.000000,0.120000,0.000000,0.414084,-0.000205,-0.004938,-0.000000,0.007675,-0.034196,-0.000000,0.013808,0
1790547621.2575,-0.004246,0.019123,-0.006271,-0.028194,-0.004246,0.000000,0.120000,0.000000,0.444233,-0.001274,-0.004997,-0.000000,0.005737,-0.033931,-0.000000,0.013869,0
1790547621.2714,-0.013066,0.010055,-0.009099,-0.030774,-0.013066,0.000000,0.120000,0.000000,0.474574,-0.003920,-0.005180,-0.000000,0.003016,-0.033791,-0.000000,0.013957,0
1790547621.2853,-0.023581,-0.001143,-0.012582,-0.034150,-0.023581,0.000000,0.120000,0.000000,0.504792,-0.007074,-0.005507,-0.000000,-0.000343,-0.033807,-0.000000,0.013900,0
1790547621.2989,-0.036037,-0.011238,-0.016808,-0.037331,-0.036037,0.000000,0.120000,0.000000,0.534313,-0.010811,-0.005997,-0.000000,-0.003371,-0.033959,-0.000000,0.013580,0
1790547621.3124,-0.047300,-0.018876,-0.020824,-0.039877,-0.047300,0.000000,0.120000,0.000000,0.563618,-0.014190,-0.006634,-0.000000,-0.005663,-0.034214,-0.000000,0.013480,0
1790547621.3263,-0.051955,-0.026615,-0.022933,-0.042563,-0.051955,0.000000,0.120000,0.000000,0.593420,-0.015586,-0.007347,-0.000000,-0.007985,-0.034579,-0.000000,0.013709,0
1790547621.3408,-0.046797,-0.031442,-0.022066,-0.044468,-0.046797,0.000000,0.120000,0.000000,0.625036,-0.014039,-0.008027,0.000000,-0.009432,-0.035036,-0.000000,0.014543,0
1790547621.3548,-0.037798,-0.032615,-0.019897,-0.045279,-0.037798,0.000000,0.120000,0.000000,0.655573,-0.011339,-0.008558,0.000000,-0.009785,-0.035494,-0.000000,0.014047,0
1790547621.3687,-0.034880,-0.032562,-0.019509,-0.045717,-0.034880,0.000000,0.120000,0.000000,0.685933,-0.010464,-0.009045,0.000000,-0.009769,-0.035949,0.000000,0.013965,0
1790547621.3826,-0.030764,-0.031347,-0.018704,-0.045791,-0.030764,0.000000,0.120000,0.000000,0.716297,-0.009229,-0.009475,0.000000,-0.009404,-0.036387,0.000000,0.013968,0
1790547621.3966,-0.020838,-0.021475,-0.016017,-0.043128,-0.020838,0.000000,0.120000,0.000000,0.746584,-0.006252,-0.009765,0.000000,-0.006442,-0.036686,0.000000,0.013932,0
1790547621.4105,-0.009447,-0.007519,-0.012731,-0.039046,-0.009447,0.000000,0.120000,0.000000,0.776939,-0.002834,-0.009897,0.000000,-0.002256,-0.036791,0.000000,0.013963,0
1790547621.4244,0.000853,0.007881,-0.009629,-0.034317,0.000853,0.000000,0.120000,0.000000,0.807272,0.000256,-0.009885,0.000000,0.002364,-0.036681,0.000000,0.013953,0
1790547621.4384,0.013276,0.022540,-0.005718,-0.029605,0.013276,0.000000,0.120000,0.000000,0.837532,0.003983,-0.009700,0.000000,0.006762,-0.036367,0.000000,0.013920,0
1790547621.4523,0.009547,0.022411,-0.006704,-0.029332,0.009547,0.000000,0.120000,0.000000,0.867756,0.002864,-0.009568,-0.000000,0.006723,-0.036055,-0.000000,0.013903,0
1790547621.4662,0.011277,0.018209,-0.006028,-0.030339,0.011277,0.000000,0.120000,0.000000,0.898060,0.003383,-0.009411,0.000000,0.005463,-0.035802,-0.000000,0.013940,0
1790547621.4801,0.015667,0.015450,-0.004492,-0.030951,0.015667,0.000000,0.120000,0.000000,0.928365,0.004700,-0.009192,0.000000,0.004635,-0.035586,-0.000000,0.013940,0
1790547621.4940,0.017123,0.010651,-0.003817,-0.032243,0.017123,0.000000,0.120000,0.000000,0.958583,0.005137,-0.008954,0.000000,0.003195,-0.035438,-0.000000,0.013900,0
1790547621.5080,0.024486,0.002245,-0.001267,-0.034733,0.024486,0.000000,0.120000,0.000000,0.988836,0.007346,-0.008613,0.000000,0.000674,-0.035407,-0.000000,0.013916,0
1790547621.5219,0.036871,-0.008775,0.002961,-0.038162,0.036871,0.000000,0.120000,0.000000,0.019109,0.011061,-0.008100,0.000000,-0.002632,-0.035529,-0.000000,0.013926,0
1790547621.5355,0.045615,-0.015569,0.006208,-0.040412,0.045615,0.000000,0.120000,0.000000,0.048801,0.013684,-0.007477,0.000000,-0.004671,-0.035742,-0.000000,0.013659,0
1790547621.5491,0.050287,-0.019394,0.008287,-0.041821,0.050287,0.000000,0.120000,0.000000,0.078111,0.015086,-0.006799,0.000000,-0.005818,-0.036003,-0.000000,0.013483,0
1790547621.5631,0.057327,-0.026418,0.011206,-0.044301,0.057327,0.000000,0.120000,0.000000,0.108718,0.017198,-0.005992,0.000000,-0.007926,-0.036375,-0.000000,0.014079,0
1790547621.5775,0.052569,-0.032683,0.010516,-0.046639,0.052569,0.000000,0.120000,0.000000,0.139210,0.015771,-0.005254,-0.000000,-0.009805,-0.036834,-0.000000,0.014026,0
1790547621.5921,0.035689,-0.032066,0.005980,-0.046928,0.035689,0.000000,0.120000,0.000000,0.171383,0.010707,-0.004726,-0.000000,-0.009620,-0.037308,0.000000,0.014800,0
1790547621.6060,0.031822,-0.022997,0.005267,-0.044530,0.031822,0.000000,0.120000,0.000000,0.201876,0.009546,-0.004280,-0.000000,-0.006899,-0.037631,0.000000,0.014026,0
1790547621.6200,0.025974,-0.012487,0.003876,-0.041552,0.025974,0.000000,0.120000,0.000000,0.232349,0.007792,-0.003916,-0.000000,-0.003746,-0.037806,0.000000,0.014018,0
1790547621.6339,0.016981,0.002814,0.001415,-0.036922,0.016981,0.000000,0.120000,0.000000,0.262686,0.005094,-0.003679,-0.000000,0.000844,-0.037767,0.000000,0.013955,0
1790547621.6483,0.004970,0.016140,-0.002117,-0.032694,0.004970,0.000000,0.120000,0.000000,0.293714,0.001491,-0.003608,-0.000000,0.004842,-0.037536,0.000000,0.014273,0
1790547621.6625,-0.000327,0.024443,-0.003711,-0.029856,-0.000327,0.000000,0.120000,0.000000,0.324594,-0.000098,-0.003613,-0.000000,0.007333,-0.037189,0.000000,0.014205,0
1790547621.6767,0.001034,0.022168,-0.003288,-0.030224,0.001034,0.000000,0.120000,0.000000,0.355444,0.000310,-0.003598,0.000000,0.006650,-0.036874,-0.000000,0.014191,0
1790547621.6909,-0.000700,0.023871,-0.003818,-0.029372,-0.000700,0.000000,0.120000,0.000000,0.386474,-0.000210,-0.003608,-0.000000,0.007161,-0.036534,0.000000,0.014274,0
1790547621.7049,-0.001424,0.020487,-0.004055,-0.030101,-0.001424,0.000000,0.120000,0.000000,0.416829,-0.000427,-0.003628,-0.000000,0.006146,-0.036248,-0.000000,0.013963,0
1790547621.7189,-0.010954,0.011534,-0.007067,-0.032626,-0.010954,0.000000,0.120000,0.000000,0.447259,-0.003286,-0.003781,-0.000000,0.003460,-0.036086,-0.000000,0.013998,0
1790547621.7331,-0.025465,0.004532,-0.011783,-0.034662,-0.025465,0.000000,0.120000,0.000000,0.478154,-0.007640,-0.004143,-0.000000,0.001360,-0.036022,-0.000000,0.014212,0
1790547621.7473,-0.039386,-0.005229,-0.016516,-0.037665,-0.039386,0.000000,0.120000,0.000000,0.508923,-0.011816,-0.004700,-0.000000,-0.001569,-0.036096,-0.000000,0.014154,0
1790547621.7612,-0.052701,-0.014059,-0.021243,-0.040509,-0.052701,0.000000,0.120000,0.000000,0.539105,-0.015810,-0.005432,-0.000000,-0.004218,-0.036291,-0.000000,0.013884,0
1790547621.7749,-0.060118,-0.020138,-0.024295,-0.042610,-0.060118,0.000000,0.120000,0.000000,0.569033,-0.018035,-0.006260,-0.000000,-0.006041,-0.036568,-0.000000,0.013767,0
1790547621.7891,-0.062984,-0.025895,-0.026044,-0.044702,-0.062984,0.000000,0.120000,0.000000,0.599731,-0.018895,-0.007149,-0.000000,-0.007769,-0.036934,-0.000000,0.014121,0
1790547621.8033,-0.055242,-0.030407,-0.024508,-0.046489,-0.055242,0.000000,0.120000,0.000000,0.630690,-0.016573,-0.007936,0.000000,-0.009122,-0.037367,-0.000000,0.014241,0
1790547621.8174,-0.047178,-0.030677,-0.022756,-0.047004,-0.047178,0.000000,0.120000,0.000000,0.661411,-0.014154,-0.008603,0.000000,-0.009203,-0.037800,-0.000000,0.014132,0
1790547621.8317,-0.040146,-0.027518,-0.021213,-0.046444,-0.040146,0.000000,0.120000,0.000000,0.692074,-0.012044,-0.009169,0.000000,-0.008255,-0.038189,0.000000,0.014105,0
1790547621.8458,-0.035886,-0.022188,-0.020444,-0.045160,-0.035886,0.000000,0.120000,0.000000,0.722943,-0.010766,-0.009678,0.000000,-0.006656,-0.038504,0.000000,0.014200,0
1790547621.8599,-0.024806,-0.012963,-0.017472,-0.042576,-0.024806,0.000000,0.120000,0.000000,0.753778,-0.007442,-0.010030,0.000000,-0.003889,-0.038688,0.000000,0.014184,0
1790547621.8740,-0.014404,-0.000374,-0.014554,-0.038805,-0.014404,0.000000,0.120000,0.000000,0.784308,-0.004321,-0.010233,0.000000,-0.000112,-0.038693,0.000000,0.014044,0
1790547621.8882,-0.001403,0.016128,-0.010674,-0.033624,-0.001403,0.000000,0.120000,0.000000,0.815323,-0.000421,-0.010253,0.000000,0.004838,-0.038463,0.000000,0.014267,0
1790547621.9022,-0.001605,0.028610,-0.010756,-0.029479,-0.001605,0.000000,0.120000,0.000000,0.845775,-0.000481,-0.010275,-0.000000,0.008583,-0.038062,0.000000,0.014008,0
1790547621.9162,-0.007090,0.028788,-0.012502,-0.029021,-0.007090,0.000000,0.120000,0.000000,0.876277,-0.002127,-0.010375,-0.000000,0.008637,-0.037658,0.000000,0.014031,0
1790547621.9303,-0.001815,0.024880,-0.010944,-0.029846,-0.001815,0.000000,0.120000,0.000000,0.906711,-0.000545,-0.010400,0.000000,0.007464,-0.037310,-0.000000,0.013999,0
1790547621.9444,-0.001112,0.023408,-0.010749,-0.029956,-0.001112,0.000000,0.120000,0.000000,0.937492,-0.000334,-0.010416,0.000000,0.007022,-0.036978,-0.000000,0.014159,0
1790547621.9585,0.001751,0.017536,-0.009866,-0.031470,0.001751,0.000000,0.120000,0.000000,0.968166,0.000525,-0.010391,0.000000,0.005261,-0.036731,-0.000000,0.014110,0
1790547621.9726,0.014188,0.006385,-0.005935,-0.034726,0.014188,0.000000,0.120000,0.000000,0.998678,0.004256,-0.010192,0.000000,0.001916,-0.036641,-0.000000,0.014036,0
1790547621.9868,0.029658,-0.006933,-0.000874,-0.038819,0.029658,0.000000,0.120000,0.000000,0.029529,0.008897,-0.009771,0.000000,-0.002080,-0.036740,-0.000000,0.014191,0
1790547622.0005,0.038976,-0.015760,0.002459,-0.041685,0.038976,0.000000,0.120000,0.000000,0.059524,0.011693,-0.009233,0.000000,-0.004728,-0.036957,-0.000000,0.013798,0
1790547622.0143,0.044360,-0.020402,0.004685,-0.043358,0.044360,0.000000,0.120000,0.000000,0.089407,0.013308,-0.008623,0.000000,-0.006121,-0.037237,-0.000000,0.013746,0
1790547622.0284,0.050395,-0.026764,0.007209,-0.045646,0.050395,0.000000,0.120000,0.000000,0.120184,0.015119,-0.007910,0.000000,-0.008029,-0.037616,-0.000000,0.014157,0
1790547622.0423,0.043176,-0.035772,0.005644,-0.048846,0.043176,0.000000,0.120000,0.000000,0.150473,0.012953,-0.007308,-0.000000,-0.010732,-0.038115,-0.000000,0.013933,0
1790547622.0564,0.037261,-0.030465,0.004392,-0.047681,0.037261,0.000000,0.120000,0.000000,0.180911,0.011178,-0.006787,-0.000000,-0.009140,-0.038541,0.000000,0.014002,0
1790547622.0705,0.031915,-0.021597,0.003239,-0.045326,0.031915,0.000000,0.120000,0.000000,0.211636,0.009575,-0.006336,-0.000000,-0.006479,-0.038847,0.000000,0.014133,0
1790547622.0849,0.024433,-0.008702,0.001340,-0.041580,0.024433,0.000000,0.120000,0.000000,0.242390,0.007330,-0.005990,-0.000000,-0.002610,-0.038970,0.000000,0.014147,0
1790547622.0993,0.010868,0.008677,-0.002572,-0.036241,0.010868,0.000000,0.120000,0.000000,0.273946,0.003261,-0.005832,-0.000000,0.002603,-0.038844,0.000000,0.014516,0
1790547622.1135,-0.001733,0.023050,-0.006377,-0.031600,-0.001733,0.000000,0.120000,0.000000,0.304963,-0.000520,-0.005857,-0.000000,0.006915,-0.038515,0.000000,0.014268,0
1790547622.1273,-0.006336,0.029085,-0.007846,-0.029383,-0.006336,0.000000,0.120000,0.000000,0.335332,-0.001901,-0.005945,-0.000000,0.008726,-0.038109,0.000000,0.013970,0
1790547622.1413,-0.005259,0.025806,-0.007596,-0.030008,-0.005259,0.000000,0.120000,0.000000,0.365543,-0.001578,-0.006019,0.000000,0.007742,-0.037750,-0.000000,0.013897,0
1790547622.1552,-0.008702,0.024300,-0.008750,-0.030121,-0.008702,0.000000,0.120000,0.000000,0.395825,-0.002610,-0.006140,-0.000000,0.007290,-0.037411,-0.000000,0.013930,0
1790547622.1692,-0.011407,0.018720,-0.009721,-0.031534,-0.011407,0.000000,0.120000,0.000000,0.426185,-0.003422,-0.006299,-0.000000,0.005616,-0.037150,-0.000000,0.013966,0
1790547622.1832,-0.019698,0.005011,-0.012485,-0.035576,-0.019698,0.000000,0.120000,0.000000,0.456668,-0.005909,-0.006575,-0.000000,0.001503,-0.037080,-0.000000,0.014022,0
1790547622.1972,-0.033739,-0.006505,-0.017168,-0.039122,-0.033739,0.000000,0.120000,0.000000,0.486988,-0.010122,-0.007046,-0.000000,-0.001951,-0.037170,-0.000000,0.013947,0
1790547622.2110,-0.049214,-0.018636,-0.022490,-0.043019,-0.049214,0.000000,0.120000,0.000000,0.517042,-0.014764,-0.007726,-0.000000,-0.005591,-0.037428,-0.000000,0.013825,0
1790547622.2246,-0.062339,-0.028721,-0.027276,-0.046435,-0.062339,0.000000,0.120000,0.000000,0.546628,-0.018702,-0.008575,-0.000000,-0.008616,-0.037819,-0.000000,0.013610,0
1790547622.2382,-0.071062,-0.038676,-0.030862,-0.049949,-0.071062,0.000000,0.120000,0.000000,0.576271,-0.021319,-0.009544,-0.000000,-0.011603,-0.038346,-0.000000,0.013636,0
1790547622.2522,-0.068376,-0.045227,-0.031009,-0.052545,-0.068376,0.000000,0.120000,0.000000,0.606554,-0.020513,-0.010496,0.000000,-0.013568,-0.038976,-0.000000,0.013930,0
1790547622.2662,-0.060374,-0.047424,-0.029457,-0.053870,-0.060374,0.000000,0.120000,0.000000,0.637097,-0.018112,-0.011344,0.000000,-0.014227,-0.039643,-0.000000,0.014050,0
1790547622.2802,-0.055583,-0.050958,-0.028798,-0.055644,-0.055583,0.000000,0.120000,0.000000,0.667543,-0.016675,-0.012123,0.000000,-0.015287,-0.040356,-0.000000,0.014005,0
1790547622.2941,-0.047888,-0.050731,-0.027153,-0.056279,-0.047888,0.000000,0.120000,0.000000,0.697676,-0.014366,-0.012787,0.000000,-0.015219,-0.041060,0.000000,0.013861,0
1790547622.3080,-0.045028,-0.046527,-0.026924,-0.055668,-0.045028,0.000000,0.120000,0.000000,0.728065,-0.013508,-0.013416,0.000000,-0.013958,-0.041710,0.000000,0.013979,0
1790547622.3220,-0.036379,-0.036480,-0.024838,-0.053163,-0.036379,0.000000,0.120000,0.000000,0.758423,-0.010914,-0.013924,0.000000,-0.010944,-0.042219,0.000000,0.013965,0
1790547622.3363,-0.028026,-0.020514,-0.022725,-0.048662,-0.028026,0.000000,0.120000,0.000000,0.788924,-0.008408,-0.014317,0.000000,-0.006154,-0.042507,0.000000,0.014031,0
1790547622.3508,-0.019104,0.000596,-0.020327,-0.042320,-0.019104,0.000000,0.120000,0.000000,0.820617,-0.005731,-0.014596,0.000000,0.000179,-0.042498,0.000000,0.014579,0
1790547622.3649,-0.006796,0.022882,-0.016731,-0.035308,-0.006796,0.000000,0.120000,0.000000,0.851611,-0.002039,-0.014693,0.000000,0.006865,-0.042172,0.000000,0.014257,0
1790547622.3788,-0.012715,0.033349,-0.018684,-0.031704,-0.012715,0.000000,0.120000,0.000000,0.881793,-0.003815,-0.014869,-0.000000,0.010005,-0.041709,0.000000,0.013884,0
1790547622.3927,-0.006016,0.029152,-0.016758,-0.032559,-0.006016,0.000000,0.120000,0.000000,0.911980,-0.001805,-0.014953,0.000000,0.008746,-0.041304,-0.000000,0.013886,0
1790547622.4068,-0.009026,0.028335,-0.017788,-0.032405,-0.009026,0.000000,0.120000,0.000000,0.942590,-0.002708,-0.015080,-0.000000,0.008501,-0.040905,-0.000000,0.014081,0
1790547622.4207,-0.010447,0.026324,-0.018360,-0.032640,-0.010447,0.000000,0.120000,0.000000,0.973020,-0.003134,-0.015226,-0.000000,0.007897,-0.040537,-0.000000,0.013998,0
1790547622.4347,-0.003319,0.024072,-0.016268,-0.032979,-0.003319,0.000000,0.120000,0.000000,0.003426,-0.000996,-0.015272,0.000000,0.007222,-0.040200,-0.000000,0.013987,0
1790547622.4481,0.005475,0.013894,-0.013556,-0.035845,0.005475,0.000000,0.120000,0.000000,0.032718,0.001643,-0.015199,0.000000,0.004168,-0.040013,-0.000000,0.013474,0
1790547622.4617,0.014259,0.005072,-0.010727,-0.038423,0.014259,0.000000,0.120000,0.000000,0.062208,0.004278,-0.015005,0.000000,0.001522,-0.039944,-0.000000,0.013565,0
1790547622.4753,0.020478,-0.000207,-0.008583,-0.040009,0.020478,0.000000,0.120000,0.000000,0.091762,0.006144,-0.014727,0.000000,-0.000062,-0.039947,-0.000000,0.013595,0
1790547622.4892,0.027491,-0.006621,-0.006098,-0.042025,0.027491,0.000000,0.120000,0.000000,0.121938,0.008247,-0.014345,0.000000,-0.001986,-0.040039,-0.000000,0.013881,0
1790547622.5031,0.033068,-0.011873,-0.003966,-0.043765,0.033068,0.000000,0.120000,0.000000,0.152079,0.009921,-0.013887,0.000000,-0.003562,-0.040204,-0.000000,0.013865,0
1790547622.5170,0.024700,-0.010965,-0.006131,-0.043647,0.024700,0.000000,0.120000,0.000000,0.182487,0.007410,-0.013541,-0.000000,-0.003290,-0.040357,0.000000,0.013987,0
1790547622.5309,0.018652,-0.001399,-0.007687,-0.040796,0.018652,0.000000,0.120000,0.000000,0.212587,0.005596,-0.013283,-0.000000,-0.000420,-0.040376,0.000000,0.013846,0
1790547622.5449,0.013977,0.010183,-0.008894,-0.037179,0.013977,0.000000,0.120000,0.000000,0.243024,0.004193,-0.013087,-0.000000,0.003055,-0.040234,0.000000,0.014001,0
1790547622.5589,0.007553,0.021746,-0.010715,-0.033405,0.007553,0.000000,0.120000,0.000000,0.273499,0.002266,-0.012981,-0.000000,0.006524,-0.039929,0.000000,0.014019,0
1790547622.5730,0.003529,0.031012,-0.011874,-0.030194,0.003529,0.000000,0.120000,0.000000,0.303753,0.001059,-0.012932,-0.000000,0.009304,-0.039497,0.000000,0.013917,0
1790547622.5870,-0.000463,0.037223,-0.013078,-0.027805,-0.000463,0.000000,0.120000,0.000000,0.334422,-0.000139,-0.012939,-0.000000,0.011167,-0.038972,0.000000,0.014108,0
1790547622.6013,-0.001598,0.032445,-0.013441,-0.028775,-0.001598,0.000000,0.120000,0.000000,0.365514,-0.000479,-0.012962,-0.000000,0.009733,-0.038508,-0.000000,0.014302,0
1790547622.6154,-0.005406,0.028286,-0.014660,-0.029624,-0.005406,0.000000,0.120000,0.000000,0.396136,-0.001622,-0.013038,-0.000000,0.008486,-0.038110,-0.000000,0.014086,0
1790547622.6294,-0.009819,0.022504,-0.016122,-0.031043,-0.009819,0.000000,0.120000,0.000000,0.426651,-0.002946,-0.013176,-0.000000,0.006751,-0.037794,-0.000000,0.014037,0
1790547622.6433,-0.010667,0.015967,-0.016524,-0.032782,-0.010667,0.000000,0.120000,0.000000,0.456841,-0.003200,-0.013324,-0.000000,0.004790,-0.037572,-0.000000,0.013887,0
1790547622.6572,-0.022527,0.005003,-0.020397,-0.036001,-0.022527,0.000000,0.120000,0.000000,0.487248,-0.006758,-0.013639,-0.000000,0.001501,-0.037502,-0.000000,0.013988,0
1790547622.6712,-0.039038,-0.009092,-0.025891,-0.040356,-0.039038,0.000000,0.120000,0.000000,0.517367,-0.011711,-0.014180,-0.000000,-0.002728,-0.037628,-0.000000,0.013855,0
1790547622.6848,-0.052056,-0.021250,-0.030509,-0.044294,-0.052056,0.000000,0.120000,0.000000,0.547121,-0.015617,-0.014892,-0.000000,-0.006375,-0.037919,-0.000000,0.013687,0
1790547622.6984,-0.063043,-0.032220,-0.034666,-0.048025,-0.063043,0.000000,0.120000,0.000000,0.576820,-0.018913,-0.015754,-0.000000,-0.009666,-0.038359,-0.000000,0.013661,0
1790547622.7122,-0.060204,-0.039276,-0.034646,-0.050684,-0.060204,0.000000,0.120000,0.000000,0.606826,-0.018061,-0.016585,0.000000,-0.011783,-0.038901,-0.000000,0.013803,0
1790547622.7262,-0.053573,-0.037831,-0.033403,-0.050778,-0.053573,0.000000,0.120000,0.000000,0.637120,-0.016072,-0.017331,0.000000,-0.011349,-0.039428,0.000000,0.013935,0
1790547622.7402,-0.051501,-0.038862,-0.033500,-0.051629,-0.051501,0.000000,0.120000,0.000000,0.667434,-0.015450,-0.018049,0.000000,-0.011659,-0.039970,-0.000000,0.013944,0
1790547622.7543,-0.046981,-0.038162,-0.032808,-0.051959,-0.046981,0.000000,0.120000,0.000000,0.698182,-0.014094,-0.018714,0.000000,-0.011449,-0.040510,0.000000,0.014144,0
1790547622.7682,-0.044701,-0.030606,-0.032744,-0.050116,-0.044701,0.000000,0.120000,0.000000,0.728319,-0.013410,-0.019333,0.000000,-0.009182,-0.040934,0.000000,0.013863,0
1790547622.7823,-0.039758,-0.015745,-0.031823,-0.045880,-0.039758,0.000000,0.120000,0.000000,0.759040,-0.011927,-0.019895,0.000000,-0.004724,-0.041157,0.000000,0.014132,0
1790547622.7963,-0.031465,0.002080,-0.029776,-0.040504,-0.031465,0.000000,0.120000,0.000000,0.789505,-0.009440,-0.020336,0.000000,0.000624,-0.041128,0.000000,0.014014,0
1790547622.8102,-0.021759,0.020958,-0.027167,-0.034548,-0.021759,0.000000,0.120000,0.000000,0.819788,-0.006528,-0.020639,0.000000,0.006287,-0.040836,0.000000,0.013930,0
1790547622.8241,-0.011831,0.040239,-0.024353,-0.028205,-0.011831,0.000000,0.120000,0.000000,0.850011,-0.003549,-0.020804,0.000000,0.012072,-0.040276,0.000000,0.013903,0
1790547622.8384,-0.016901,0.046320,-0.026111,-0.025731,-0.016901,0.000000,0.120000,0.000000,0.880509,-0.005070,-0.021041,-0.000000,0.013896,-0.039627,0.000000,0.014029,0
1790547622.8529,-0.012543,0.037981,-0.024987,-0.027678,-0.012543,0.000000,0.120000,0.000000,0.912213,-0.003763,-0.021224,0.000000,0.011394,-0.039073,-0.000000,0.014584,0
1790547622.8670,-0.015269,0.034466,-0.026020,-0.028246,-0.015269,0.000000,0.120000,0.000000,0.942898,-0.004581,-0.021439,-0.000000,0.010340,-0.038586,-0.000000,0.014115,0
1790547622.8810,-0.015172,0.029376,-0.026205,-0.029358,-0.015172,0.000000,0.120000,0.000000,0.973633,-0.004551,-0.021654,0.000000,0.008813,-0.038171,-0.000000,0.014138,0
1790547622.8950,-0.000520,0.021588,-0.021817,-0.031393,-0.000520,0.000000,0.120000,0.000000,0.003956,-0.000156,-0.021661,0.000000,0.006476,-0.037870,-0.000000,0.013949,0
1790547622.9089,0.013987,0.007377,-0.017274,-0.035556,0.013987,0.000000,0.120000,0.000000,0.033625,0.004196,-0.021470,0.000000,0.002213,-0.037769,-0.000000,0.013648,0
1790547622.9242,0.023524,-0.001730,-0.014056,-0.038314,0.023524,0.000000,0.120000,0.000000,0.066651,0.007057,-0.021113,0.000000,-0.000519,-0.037795,-0.000000,0.015192,0
1790547622.9388,0.031809,-0.009758,-0.011102,-0.040866,0.031809,0.000000,0.120000,0.000000,0.098657,0.009543,-0.020645,0.000000,-0.002927,-0.037939,-0.000000,0.014723,0
1790547622.9532,0.045255,-0.020138,-0.006418,-0.044270,0.045255,0.000000,0.120000,0.000000,0.129904,0.013576,-0.019994,0.000000,-0.006042,-0.038228,-0.000000,0.014374,0
1790547622.9678,0.045522,-0.027084,-0.005676,-0.046747,0.045522,0.000000,0.120000,0.000000,0.161508,0.013656,-0.019332,0.000000,-0.008125,-0.038622,-0.000000,0.014538,0
1790547622.9834,0.033716,-0.017976,-0.008684,-0.044299,0.033716,0.000000,0.120000,0.000000,0.195893,0.010115,-0.018799,-0.000000,-0.005393,-0.038907,0.000000,0.015817,0
1790547622.9977,0.029150,-0.006105,-0.009636,-0.040826,0.029150,0.000000,0.120000,0.000000,0.227090,0.008745,-0.018381,-0.000000,-0.001831,-0.038994,0.000000,0.014351,0
1790547623.0113,0.028550,0.002183,-0.009424,-0.038309,0.028550,0.000000,0.120000,0.000000,0.256886,0.008565,-0.017989,-0.000000,0.000655,-0.038964,0.000000,0.013706,0
1790547623.0253,0.024493,0.014802,-0.010297,-0.034315,0.024493,0.000000,0.120000,0.000000,0.287443,0.007348,-0.017645,-0.000000,0.004441,-0.038756,0.000000,0.014056,0
1790547623.0392,0.020563,0.027996,-0.011191,-0.029969,0.020563,0.000000,0.120000,0.000000,0.317620,0.006169,-0.017360,-0.000000,0.008399,-0.038368,0.000000,0.013882,0
1790547623.0533,0.010331,0.039525,-0.014116,-0.025956,0.010331,0.000000,0.120000,0.000000,0.348079,0.003099,-0.017215,-0.000000,0.011857,-0.037814,0.000000,0.014011,0
1790547623.0672,0.005860,0.044386,-0.015375,-0.023876,0.005860,0.000000,0.120000,0.000000,0.378526,0.001758,-0.017133,-0.000000,0.013316,-0.037192,0.000000,0.014005,0
1790547623.0811,0.007005,0.040281,-0.014934,-0.024550,0.007005,0.000000,0.120000,0.000000,0.408645,0.002101,-0.017036,0.000000,0.012084,-0.036634,-0.000000,0.013855,0
1790547623.0956,0.001636,0.039707,-0.016521,-0.024156,0.001636,0.000000,0.120000,0.000000,0.439650,0.000491,-0.017012,-0.000000,0.011912,-0.036068,-0.000000,0.014262,0
1790547623.1099,-0.001494,0.034190,-0.017482,-0.025317,-0.001494,0.000000,0.120000,0.000000,0.471076,-0.000448,-0.017034,-0.000000,0.010257,-0.035573,-0.000000,0.014456,0
1790547623.1241,-0.007339,0.024301,-0.019340,-0.027938,-0.007339,0.000000,0.120000,0.000000,0.501975,-0.002202,-0.017138,-0.000000,0.007290,-0.035228,-0.000000,0.014214,0
1790547623.1378,-0.018128,0.011493,-0.022825,-0.031623,-0.018128,0.000000,0.120000,0.000000,0.531740,-0.005438,-0.017386,-0.000000,0.003448,-0.035071,-0.000000,0.013692,0
1790547623.1514,-0.033087,-0.002228,-0.027764,-0.035769,-0.033087,0.000000,0.120000,0.000000,0.561386,-0.009926,-0.017838,-0.000000,-0.000668,-0.035101,-0.000000,0.013637,0
1790547623.1651,-0.047738,-0.013320,-0.032813,-0.039279,-0.047738,0.000000,0.120000,0.000000,0.591161,-0.014321,-0.018492,-0.000000,-0.003996,-0.035283,-0.000000,0.013696,0
1790547623.1791,-0.057391,-0.019447,-0.036515,-0.041391,-0.057391,0.000000,0.120000,0.000000,0.621696,-0.017217,-0.019298,-0.000000,-0.005834,-0.035557,-0.000000,0.014046,0
1790547623.1930,-0.061451,-0.026343,-0.038588,-0.043826,-0.061451,0.000000,0.120000,0.000000,0.651937,-0.018435,-0.020153,-0.000000,-0.007903,-0.035923,-0.000000,0.013911,0
1790547623.2070,-0.053583,-0.029838,-0.036977,-0.045292,-0.053583,0.000000,0.120000,0.000000,0.682364,-0.016075,-0.020902,0.000000,-0.008951,-0.036341,-0.000000,0.013997,0
1790547623.2210,-0.048402,-0.024722,-0.036100,-0.044103,-0.048402,0.000000,0.120000,0.000000,0.712745,-0.014521,-0.021579,0.000000,-0.007417,-0.036686,0.000000,0.013975,0
1790547623.2349,-0.045480,-0.015695,-0.035855,-0.041613,-0.045480,0.000000,0.120000,0.000000,0.742960,-0.013644,-0.022211,0.000000,-0.004708,-0.036904,0.000000,0.013899,0
1790547623.2488,-0.036581,-0.002127,-0.033696,-0.037572,-0.036581,0.000000,0.120000,0.000000,0.773322,-0.010974,-0.022722,0.000000,-0.000638,-0.036934,0.000000,0.013966,0
1790547623.2627,-0.024964,0.012918,-0.030556,-0.032880,-0.024964,0.000000,0.120000,0.000000,0.803388,-0.007489,-0.023067,0.000000,0.003875,-0.036755,0.000000,0.013831,0
1790547623.2766,-0.010584,0.031640,-0.026390,-0.026824,-0.010584,0.000000,0.120000,0.000000,0.833613,-0.003175,-0.023214,0.000000,0.009492,-0.036316,0.000000,0.013903,0
1790547623.2905,-0.011173,0.037984,-0.026722,-0.024392,-0.011173,0.000000,0.120000,0.000000,0.863840,-0.003352,-0.023370,-0.000000,0.011395,-0.035787,0.000000,0.013905,0
1790547623.3043,-0.015821,0.037927,-0.028335,-0.023884,-0.015821,0.000000,0.120000,0.000000,0.893933,-0.004746,-0.023589,-0.000000,0.011378,-0.035262,-0.000000,0.013843,0
1790547623.3183,-0.007664,0.040442,-0.025995,-0.022564,-0.007664,0.000000,0.120000,0.000000,0.924327,-0.002299,-0.023696,0.000000,0.012132,-0.034697,0.000000,0.013981,0
1790547623.3323,-0.007541,0.039580,-0.026064,-0.022269,-0.007541,0.000000,0.120000,0.000000,0.954774,-0.002262,-0.023802,0.000000,0.011874,-0.034143,-0.000000,0.014006,0
1790547623.3464,-0.001824,0.031732,-0.024374,-0.024182,-0.001824,0.000000,0.120000,0.000000,0.985000,-0.000547,-0.023827,0.000000,0.009520,-0.033701,-0.000000,0.013904,0
1790547623.3609,0.009884,0.020261,-0.020719,-0.027330,0.009884,0.000000,0.120000,0.000000,0.016478,0.002965,-0.023684,0.000000,0.006078,-0.033408,-0.000000,0.014480,0
1790547623.3747,0.017445,0.008963,-0.018208,-0.030595,0.017445,0.000000,0.120000,0.000000,0.046656,0.005234,-0.023442,0.000000,0.002689,-0.033284,-0.000000,0.013882,0
1790547623.3884,0.023857,0.002021,-0.015956,-0.032650,0.023857,0.000000,0.120000,0.000000,0.076543,0.007157,-0.023114,0.000000,0.000606,-0.033256,-0.000000,0.013748,0
1790547623.4023,0.031363,-0.004376,-0.013266,-0.034630,0.031363,0.000000,0.120000,0.000000,0.106930,0.009409,-0.022675,0.000000,-0.001313,-0.033317,-0.000000,0.013978,0
1790547623.4163,0.042152,-0.012645,-0.009437,-0.037288,0.042152,0.000000,0.120000,0.000000,0.137472,0.012646,-0.022083,0.000000,-0.003793,-0.033495,-0.000000,0.014049,0
1790547623.4303,0.048401,-0.018256,-0.006890,-0.039225,0.048401,0.000000,0.120000,0.000000,0.167693,0.014520,-0.021410,0.000000,-0.005477,-0.033748,-0.000000,0.013902,0
1790547623.4442,0.039845,-0.019071,-0.008901,-0.039736,0.039845,0.000000,0.120000,0.000000,0.198015,0.011953,-0.020854,-0.000000,-0.005721,-0.034014,-0.000000,0.013948,0
1790547623.4580,0.031110,-0.011757,-0.011091,-0.037704,0.031110,0.000000,0.120000,0.000000,0.228114,0.009333,-0.020424,-0.000000,-0.003527,-0.034177,0.000000,0.013846,0
1790547623.4720,0.025279,-0.001657,-0.012487,-0.034698,0.025279,0.000000,0.120000,0.000000,0.258429,0.007584,-0.020071,-0.000000,-0.000497,-0.034200,0.000000,0.013945,0
1790547623.4859,0.019334,0.008079,-0.014001,-0.031664,0.019334,0.000000,0.120000,0.000000,0.288729,0.005800,-0.019802,-0.000000,0.002424,-0.034088,0.000000,0.013938,0
1790547623.4997,0.008236,0.024188,-0.017217,-0.026498,0.008236,0.000000,0.120000,0.000000,0.318712,0.002471,-0.019688,-0.000000,0.007256,-0.033754,0.000000,0.013793,0
1790547623.5136,-0.009502,0.040857,-0.022671,-0.020929,-0.009502,0.000000,0.120000,0.000000,0.348946,-0.002851,-0.019820,-0.000000,0.012257,-0.033186,0.000000,0.013907,0
1790547623.5275,-0.016098,0.044681,-0.024873,-0.019161,-0.016098,0.000000,0.120000,0.000000,0.379145,-0.004829,-0.020044,-0.000000,0.013404,-0.032565,0.000000,0.013891,0
1790547623.5414,-0.018771,0.042055,-0.025936,-0.019364,-0.018771,0.000000,0.120000,0.000000,0.409352,-0.005631,-0.020305,-0.000000,0.012617,-0.031981,-0.000000,0.013896,0
1790547623.5554,-0.021656,0.038546,-0.027104,-0.019880,-0.021656,0.000000,0.120000,0.000000,0.439668,-0.006497,-0.020607,-0.000000,0.011564,-0.031443,-0.000000,0.013945,0
1790547623.5694,-0.025336,0.033818,-0.028562,-0.020824,-0.025336,0.000000,0.120000,0.000000,0.470106,-0.007601,-0.020961,-0.000000,0.010146,-0.030970,-0.000000,0.014001,0
1790547623.5834,-0.029421,0.023682,-0.030198,-0.023534,-0.029421,0.000000,0.120000,0.000000,0.500462,-0.008826,-0.021372,-0.000000,0.007105,-0.030639,-0.000000,0.013964,0
1790547623.5970,-0.038475,0.011403,-0.033437,-0.027063,-0.038475,0.000000,0.120000,0.000000,0.530002,-0.011542,-0.021895,-0.000000,0.003421,-0.030484,-0.000000,0.013588,0
1790547623.6110,-0.049946,0.001783,-0.037576,-0.029924,-0.049946,0.000000,0.120000,0.000000,0.560348,-0.014984,-0.022592,-0.000000,0.000535,-0.030459,-0.000000,0.013959,0
1790547623.6247,-0.056129,-0.005787,-0.040201,-0.032275,-0.056129,0.000000,0.120000,0.000000,0.590193,-0.016839,-0.023363,-0.000000,-0.001736,-0.030539,-0.000000,0.013729,0
1790547623.6387,-0.061582,-0.012093,-0.042705,-0.034337,-0.061582,0.000000,0.120000,0.000000,0.620830,-0.018475,-0.024231,-0.000000,-0.003628,-0.030709,-0.000000,0.014093,0
1790547623.6526,-0.060964,-0.020581,-0.043365,-0.037169,-0.060964,0.000000,0.120000,0.000000,0.650970,-0.018289,-0.025076,0.000000,-0.006174,-0.030994,-0.000000,0.013864,0
1790547623.6665,-0.049032,-0.025982,-0.040469,-0.039151,-0.049032,0.000000,0.120000,0.000000,0.681286,-0.014709,-0.025760,0.000000,-0.007795,-0.031357,-0.000000,0.013946,0
1790547623.6804,-0.043002,-0.023652,-0.039259,-0.038782,-0.043002,0.000000,0.120000,0.000000,0.711536,-0.012901,-0.026358,0.000000,-0.007096,-0.031686,0.000000,0.013915,0
1790547623.6944,-0.037001,-0.017252,-0.037975,-0.037103,-0.037001,0.000000,0.120000,0.000000,0.741888,-0.011100,-0.026875,0.000000,-0.005176,-0.031927,0.000000,0.013962,0
1790547623.7083,-0.028289,-0.006334,-0.035756,-0.033915,-0.028289,0.000000,0.120000,0.000000,0.772206,-0.008487,-0.027269,0.000000,-0.001900,-0.032015,0.000000,0.013946,0
1790547623.7223,-0.017440,0.006803,-0.032744,-0.029879,-0.017440,0.000000,0.120000,0.000000,0.802536,-0.005232,-0.027513,0.000000,0.002041,-0.031920,0.000000,0.013952,0
1790547623.7362,-0.004338,0.020552,-0.028874,-0.025468,-0.004338,0.000000,0.120000,0.000000,0.832806,-0.001301,-0.027573,0.000000,0.006166,-0.031634,0.000000,0.013924,0
1790547623.7503,-0.003119,0.026103,-0.028552,-0.023437,-0.003119,0.000000,0.120000,0.000000,0.863274,-0.000936,-0.027617,0.000000,0.007831,-0.031268,0.000000,0.014015,0
1790547623.7643,-0.005479,0.023155,-0.029337,-0.023996,-0.005479,0.000000,0.120000,0.000000,0.893852,-0.001644,-0.027694,-0.000000,0.006946,-0.030943,-0.000000,0.014066,0
1790547623.7783,-0.003032,0.022266,-0.028646,-0.023952,-0.003032,0.000000,0.120000,0.000000,0.924187,-0.000910,-0.027736,0.000000,0.006680,-0.030632,-0.000000,0.013954,0
1790547623.7923,0.001776,0.022083,-0.027178,-0.023696,0.001776,0.000000,0.120000,0.000000,0.954829,0.000533,-0.027711,0.000000,0.006625,-0.030321,-0.000000,0.014095,0
1790547623.8063,0.008077,0.015798,-0.025175,-0.025361,0.008077,0.000000,0.120000,0.000000,0.985069,0.002423,-0.027599,0.000000,0.004739,-0.030101,-0.000000,0.013910,0
1790547623.8202,0.015079,0.002007,-0.022865,-0.029471,0.015079,0.000000,0.120000,0.000000,0.015365,0.004524,-0.027388,0.000000,0.000602,-0.030073,-0.000000,0.013936,0
1790547623.8338,0.031265,-0.010216,-0.017584,-0.033276,0.031265,0.000000,0.120000,0.000000,0.044914,0.009380,-0.026963,0.000000,-0.003065,-0.030212,-0.000000,0.013593,0
1790547623.8477,0.042343,-0.017498,-0.013682,-0.035700,0.042343,0.000000,0.120000,0.000000,0.074597,0.012703,-0.026385,0.000000,-0.005249,-0.030451,-0.000000,0.013654,0
1790547623.8621,0.048199,-0.023937,-0.011226,-0.037979,0.048199,0.000000,0.120000,0.000000,0.106172,0.014460,-0.025685,0.000000,-0.007181,-0.030798,-0.000000,0.014524,0
1790547623.8761,0.052552,-0.032844,-0.009181,-0.041113,0.052552,0.000000,0.120000,0.000000,0.136729,0.015766,-0.024947,0.000000,-0.009853,-0.031260,-0.000000,0.014056,0
1790547623.8901,0.040030,-0.035987,-0.012378,-0.042560,0.040030,0.000000,0.120000,0.000000,0.167147,0.012009,-0.024386,-0.000000,-0.010796,-0.031763,-0.000000,0.013992,0
1790547623.9041,0.034935,-0.029816,-0.013415,-0.041127,0.034935,0.000000,0.120000,0.000000,0.197691,0.010480,-0.023896,-0.000000,-0.008945,-0.032182,0.000000,0.014050,0
1790547623.9183,0.030261,-0.018725,-0.014389,-0.038065,0.030261,0.000000,0.120000,0.000000,0.228479,0.009078,-0.023467,-0.000000,-0.005617,-0.032448,0.000000,0.014163,0
1790547623.9322,0.026147,-0.007797,-0.015257,-0.034896,0.026147,0.000000,0.120000,0.000000,0.258944,0.007844,-0.023101,-0.000000,-0.002339,-0.032557,0.000000,0.014014,0
1790547623.9460,0.014822,0.005744,-0.018449,-0.030754,0.014822,0.000000,0.120000,0.000000,0.288944,0.004447,-0.022896,-0.000000,0.001723,-0.032478,0.000000,0.013800,0
1790547623.9600,0.002665,0.019299,-0.022059,-0.026417,0.002665,0.000000,0.120000,0.000000,0.319430,0.000800,-0.022859,-0.000000,0.005790,-0.032207,0.000000,0.014024,0
1790547623.9740,-0.000590,0.026492,-0.023044,-0.023890,-0.000590,0.000000,0.120000,0.000000,0.349729,-0.000177,-0.022867,-0.000000,0.007948,-0.031838,0.000000,0.013937,0
1790547623.9879,0.003147,0.024704,-0.021879,-0.024083,0.003147,0.000000,0.120000,0.000000,0.379943,0.000944,-0.022823,0.000000,0.007411,-0.031494,-0.000000,0.013899,0
1790547624.0018,0.000931,0.022605,-0.022531,-0.024400,0.000931,0.000000,0.120000,0.000000,0.410069,0.000279,-0.022810,-0.000000,0.006781,-0.031181,-0.000000,0.013858,0
1790547624.0158,0.003412,0.020476,-0.021739,-0.024752,0.003412,0.000000,0.120000,0.000000,0.440497,0.001024,-0.022763,0.000000,0.006143,-0.030895,-0.000000,0.013997,0
1790547624.0297,0.000354,0.012043,-0.022651,-0.027113,0.000354,0.000000,0.120000,0.000000,0.470838,0.000106,-0.022758,-0.000000,0.003613,-0.030726,-0.000000,0.013957,0
1790547624.0435,-0.011379,0.001158,-0.026328,-0.030363,-0.011379,0.000000,0.120000,0.000000,0.500854,-0.003414,-0.022915,-0.000000,0.000347,-0.030710,-0.000000,0.013807,0
1790547624.0571,-0.023435,-0.010538,-0.030265,-0.034016,-0.023435,0.000000,0.120000,0.000000,0.530470,-0.007031,-0.023234,-0.000000,-0.003162,-0.030854,-0.000000,0.013623,0
1790547624.0709,-0.034896,-0.016676,-0.034181,-0.036086,-0.034896,0.000000,0.120000,0.000000,0.560282,-0.010469,-0.023713,-0.000000,-0.005003,-0.031083,-0.000000,0.013714,0
1790547624.0844,-0.039249,-0.021208,-0.036020,-0.037733,-0.039249,0.000000,0.120000,0.000000,0.589780,-0.011775,-0.024245,-0.000000,-0.006362,-0.031370,-0.000000,0.013569,0
1790547624.0987,-0.043449,-0.024840,-0.037888,-0.039170,-0.043449,0.000000,0.120000,0.000000,0.620189,-0.013035,-0.024853,-0.000000,-0.007452,-0.031718,-0.000000,0.013988,0
1790547624.1129,-0.044247,-0.028991,-0.038766,-0.040834,-0.044247,0.000000,0.120000,0.000000,0.651588,-0.013274,-0.025492,-0.000000,-0.008697,-0.032137,-0.000000,0.014444,0
1790547624.1270,-0.035850,-0.031190,-0.036751,-0.041933,-0.035850,0.000000,0.120000,0.000000,0.682170,-0.010755,-0.025996,0.000000,-0.009357,-0.032575,-0.000000,0.014068,0
1790547624.1409,-0.024924,-0.024345,-0.033821,-0.040219,-0.024924,0.000000,0.120000,0.000000,0.712509,-0.007477,-0.026344,0.000000,-0.007304,-0.032915,0.000000,0.013956,0
1790547624.1550,-0.020232,-0.014163,-0.032698,-0.037363,-0.020232,0.000000,0.120000,0.000000,0.743045,-0.006070,-0.026628,0.000000,-0.004249,-0.033114,0.000000,0.014047,0
1790547624.1689,-0.009579,-0.000431,-0.029636,-0.033249,-0.009579,0.000000,0.120000,0.000000,0.773375,-0.002874,-0.026762,0.000000,-0.000129,-0.033120,0.000000,0.013952,0
1790547624.1829,0.002827,0.011788,-0.025874,-0.029418,0.002827,0.000000,0.120000,0.000000,0.803901,0.000848,-0.026722,0.000000,0.003536,-0.032955,0.000000,0.014042,0
1790547624.1968,0.014906,0.025019,-0.022044,-0.025101,0.014906,0.000000,0.120000,0.000000,0.834091,0.004472,-0.026515,0.000000,0.007506,-0.032607,0.000000,0.013887,0
1790547624.2108,0.013001,0.027239,-0.022433,-0.024054,0.013001,0.000000,0.120000,0.000000,0.864550,0.003900,-0.026333,-0.000000,0.008172,-0.032226,0.000000,0.014011,0
1790547624.2248,0.009650,0.027056,-0.023303,-0.023730,0.009650,0.000000,0.120000,0.000000,0.895022,0.002895,-0.026198,-0.000000,0.008117,-0.031846,-0.000000,0.014017,0
1790547624.2387,0.016478,0.029556,-0.021026,-0.022569,0.016478,0.000000,0.120000,0.000000,0.925187,0.004943,-0.025969,0.000000,0.008867,-0.031436,0.000000,0.013876,0
1790547624.2527,0.017627,0.027222,-0.020434,-0.022889,0.017627,0.000000,0.120000,0.000000,0.955603,0.005288,-0.025723,0.000000,0.008167,-0.031055,-0.000000,0.013991,0
1790547624.2666,0.019339,0.017129,-0.019651,-0.025678,0.019339,0.000000,0.120000,0.000000,0.985884,0.005802,-0.025453,0.000000,0.005139,-0.030817,-0.000000,0.013930,0
1790547624.2806,0.028604,0.007261,-0.016472,-0.028537,0.028604,0.000000,0.120000,0.000000,0.016249,0.008581,-0.025054,0.000000,0.002178,-0.030715,-0.000000,0.013968,0
1790547624.2942,0.036388,0.000499,-0.013643,-0.030559,0.036388,0.000000,0.120000,0.000000,0.045775,0.010916,-0.024559,0.000000,0.000150,-0.030708,-0.000000,0.013582,0
1790547624.3079,0.040615,-0.003117,-0.011820,-0.031686,0.040615,0.000000,0.120000,0.000000,0.075499,0.012185,-0.024004,0.000000,-0.000935,-0.030751,-0.000000,0.013673,0
1790547624.3219,0.045691,-0.006117,-0.009656,-0.032672,0.045691,0.000000,0.120000,0.000000,0.105981,0.013707,-0.023363,0.000000,-0.001835,-0.030837,-0.000000,0.014021,0
1790547624.3359,0.050266,-0.012214,-0.007580,-0.034672,0.050266,0.000000,0.120000,0.000000,0.136410,0.015080,-0.022660,0.000000,-0.003664,-0.031008,-0.000000,0.013998,0
1790547624.3503,0.047669,-0.019536,-0.007685,-0.037145,0.047669,0.000000,0.120000,0.000000,0.167139,0.014301,-0.021986,-0.000000,-0.005861,-0.031284,-0.000000,0.014135,0
1790547624.3647,0.034505,-0.015440,-0.011131,-0.036142,0.034505,0.000000,0.120000,0.000000,0.198887,0.010352,-0.021482,-0.000000,-0.004632,-0.031510,0.000000,0.014604,0
1790547624.3788,0.030831,-0.004899,-0.011798,-0.033048,0.030831,0.000000,0.120000,0.000000,0.229554,0.009249,-0.021047,-0.000000,-0.001470,-0.031579,0.000000,0.014107,0
1790547624.3928,0.029372,0.006919,-0.011824,-0.029406,0.029372,0.000000,0.120000,0.000000,0.260054,0.008811,-0.020635,-0.000000,0.002076,-0.031482,0.000000,0.014030,0
1790547624.4069,0.020437,0.023679,-0.014218,-0.024047,0.020437,0.000000,0.120000,0.000000,0.290475,0.006131,-0.020349,-0.000000,0.007104,-0.031150,0.000000,0.013994,0
1790547624.4207,0.011740,0.037352,-0.016663,-0.019423,0.011740,0.000000,0.120000,0.000000,0.320825,0.003522,-0.020185,-0.000000,0.011206,-0.030629,0.000000,0.013961,0
1790547624.4347,0.013432,0.030165,-0.015968,-0.021157,0.013432,0.000000,0.120000,0.000000,0.351265,0.004030,-0.019997,0.000000,0.009050,-0.030206,-0.000000,0.014002,0
1790547624.4487,0.013974,0.023077,-0.015610,-0.022960,0.013974,0.000000,0.120000,0.000000,0.381665,0.004192,-0.019802,0.000000,0.006923,-0.029884,-0.000000,0.013984,0
1790547624.4624,0.009236,0.018907,-0.016904,-0.023951,0.009236,0.000000,0.120000,0.000000,0.411604,0.002771,-0.019675,-0.000000,0.005672,-0.029623,-0.000000,0.013772,0
1790547624.4763,0.006253,0.009970,-0.017712,-0.026494,0.006253,0.000000,0.120000,0.000000,0.441787,0.001876,-0.019588,-0.000000,0.002991,-0.029485,-0.000000,0.013884,0
1790547624.4903,-0.003515,-0.002237,-0.020691,-0.030187,-0.003515,0.000000,0.120000,0.000000,0.472149,-0.001055,-0.019637,-0.000000,-0.000671,-0.029516,-0.000000,0.013966,0
1790547624.5042,-0.019595,-0.017469,-0.025788,-0.035000,-0.019595,0.000000,0.120000,0.000000,0.502424,-0.005878,-0.019910,-0.000000,-0.005241,-0.029759,-0.000000,0.013927,0
1790547624.5178,-0.033825,-0.030145,-0.030517,-0.039212,-0.033825,0.000000,0.120000,0.000000,0.531969,-0.010147,-0.020369,-0.000000,-0.009043,-0.030169,-0.000000,0.013591,0
1790547624.5314,-0.046080,-0.040107,-0.034817,-0.042744,-0.046080,0.000000,0.120000,0.000000,0.561377,-0.013824,-0.020993,-0.000000,-0.012032,-0.030712,-0.000000,0.013528,0
1790547624.5450,-0.051651,-0.048654,-0.037192,-0.045971,-0.051651,0.000000,0.120000,0.000000,0.590994,-0.015495,-0.021696,-0.000000,-0.014596,-0.031374,-0.000000,0.013624,0
1790547624.5590,-0.047233,-0.052503,-0.036528,-0.047861,-0.047233,0.000000,0.120000,0.000000,0.621444,-0.014170,-0.022358,0.000000,-0.015751,-0.032110,-0.000000,0.014007,0
1790547624.5729,-0.041674,-0.051781,-0.035439,-0.048363,-0.041674,0.000000,0.120000,0.000000,0.651611,-0.012502,-0.022936,0.000000,-0.015534,-0.032828,0.000000,0.013877,0
1790547624.5869,-0.038572,-0.052187,-0.035049,-0.049217,-0.038572,0.000000,0.120000,0.000000,0.682104,-0.011572,-0.023477,0.000000,-0.015656,-0.033560,-0.000000,0.014026,0
1790547624.6011,-0.031028,-0.045902,-0.033219,-0.047973,-0.031028,0.000000,0.120000,0.000000,0.712490,-0.009308,-0.023911,0.000000,-0.013771,-0.034202,0.000000,0.013978,0
1790547624.6153,-0.026707,-0.033771,-0.032306,-0.044817,-0.026707,0.000000,0.120000,0.000000,0.743653,-0.008012,-0.024294,0.000000,-0.010131,-0.034686,0.000000,0.014335,0
1790547624.6294,-0.017829,-0.016727,-0.029894,-0.039940,-0.017829,0.000000,0.120000,0.000000,0.774323,-0.005349,-0.024545,0.000000,-0.005018,-0.034922,0.000000,0.014108,0
1790547624.6434,-0.003138,0.001439,-0.025531,-0.034470,-0.003138,0.000000,0.120000,0.000000,0.804824,-0.000941,-0.024589,0.000000,0.000432,-0.034902,0.000000,0.014030,0
1790547624.6573,0.010182,0.018881,-0.021392,-0.028973,0.010182,0.000000,0.120000,0.000000,0.835249,0.003055,-0.024447,0.000000,0.005664,-0.034638,0.000000,0.013996,0
1790547624.6713,0.012630,0.027579,-0.020482,-0.025979,0.012630,0.000000,0.120000,0.000000,0.865615,0.003789,-0.024271,0.000000,0.008274,-0.034252,0.000000,0.013968,0
1790547624.6852,0.008065,0.024689,-0.021739,-0.026504,0.008065,0.000000,0.120000,0.000000,0.895734,0.002419,-0.024159,-0.000000,0.007407,-0.033910,-0.000000,0.013855,0
1790547624.6990,0.014139,0.017219,-0.019721,-0.028505,0.014139,0.000000,0.120000,0.000000,0.925948,0.004242,-0.023962,0.000000,0.005166,-0.033671,-0.000000,0.013898,0
1790547624.7130,0.015455,0.018054,-0.019111,-0.028003,0.015455,0.000000,0.120000,0.000000,0.956211,0.004637,-0.023747,0.000000,0.005416,-0.033420,0.000000,0.013921,0
1790547624.7269,0.019968,0.011019,-0.017478,-0.029960,0.019968,0.000000,0.120000,0.000000,0.986542,0.005990,-0.023469,0.000000,0.003306,-0.033266,-0.000000,0.013952,0
1790547624.7410,0.034033,-0.002615,-0.012785,-0.034087,0.034033,0.000000,0.120000,0.000000,0.016804,0.010210,-0.022995,0.000000,-0.000784,-0.033302,-0.000000,0.013920,0
1790547624.7548,0.047308,-0.015560,-0.008147,-0.038186,0.047308,0.000000,0.120000,0.000000,0.046910,0.014192,-0.022340,0.000000,-0.004668,-0.033518,-0.000000,0.013849,0
1790547624.7684,0.052920,-0.020992,-0.005739,-0.040103,0.052920,0.000000,0.120000,0.000000,0.076684,0.015876,-0.021615,0.000000,-0.006298,-0.033805,-0.000000,0.013696,0
1790547624.7825,0.057477,-0.027784,-0.003562,-0.042532,0.057477,0.000000,0.120000,0.000000,0.107329,0.017243,-0.020805,0.000000,-0.008335,-0.034197,-0.000000,0.014097,0
1790547624.7964,0.066326,-0.034928,0.000015,-0.045161,0.066326,0.000000,0.120000,0.000000,0.137557,0.019898,-0.019882,0.000000,-0.010478,-0.034683,-0.000000,0.013905,0
1790547624.8104,0.059075,-0.042012,-0.001332,-0.047875,0.059075,0.000000,0.120000,0.000000,0.168015,0.017723,-0.019055,-0.000000,-0.012604,-0.035271,-0.000000,0.014011,0
1790547624.8244,0.042629,-0.038508,-0.005670,-0.047362,0.042629,0.000000,0.120000,0.000000,0.198413,0.012789,-0.018459,-0.000000,-0.011552,-0.035810,0.000000,0.013983,0
1790547624.8384,0.033715,-0.025697,-0.007872,-0.043878,0.033715,0.000000,0.120000,0.000000,0.228837,0.010115,-0.017987,-0.000000,-0.007709,-0.036169,0.000000,0.013995,0
1790547624.8529,0.027870,-0.012251,-0.009231,-0.040018,0.027870,0.000000,0.120000,0.000000,0.259630,0.008361,-0.017592,-0.000000,-0.003675,-0.036343,0.000000,0.014165,0
1790547624.8673,0.020112,0.002164,-0.011263,-0.035662,0.020112,0.000000,0.120000,0.000000,0.291538,0.006034,-0.017297,-0.000000,0.000649,-0.036311,0.000000,0.014678,0
1790547624.8820,0.006202,0.018039,-0.015347,-0.030639,0.006202,0.000000,0.120000,0.000000,0.322915,0.001861,-0.017207,-0.000000,0.005412,-0.036051,0.000000,0.014434,0
1790547624.8960,0.000991,0.021673,-0.016896,-0.029239,0.000991,0.000000,0.120000,0.000000,0.354038,0.000297,-0.017193,-0.000000,0.006502,-0.035741,0.000000,0.014316,0
1790547624.9101,0.005379,0.020229,-0.015504,-0.029387,0.005379,0.000000,0.120000,0.000000,0.384609,0.001614,-0.017117,0.000000,0.006069,-0.035456,-0.000000,0.014063,0
1790547624.9241,0.002093,0.019934,-0.016460,-0.029195,0.002093,0.000000,0.120000,0.000000,0.415257,0.000628,-0.017088,-0.000000,0.005980,-0.035175,-0.000000,0.014098,0
1790547624.9381,0.003696,0.015178,-0.015928,-0.030411,0.003696,0.000000,0.120000,0.000000,0.445447,0.001109,-0.017037,0.000000,0.004553,-0.034964,-0.000000,0.013887,0
1790547624.9521,-0.002862,0.004642,-0.017935,-0.033506,-0.002862,0.000000,0.120000,0.000000,0.475994,-0.000858,-0.017077,-0.000000,0.001393,-0.034899,-0.000000,0.014052,0
1790547624.9661,-0.013531,-0.008489,-0.021326,-0.037565,-0.013531,0.000000,0.120000,0.000000,0.506463,-0.004059,-0.017266,-0.000000,-0.002547,-0.035018,-0.000000,0.014016,0
1790547624.9798,-0.028298,-0.018498,-0.026141,-0.040819,-0.028298,0.000000,0.120000,0.000000,0.536039,-0.008489,-0.017651,-0.000000,-0.005549,-0.035270,-0.000000,0.013605,0
1790547624.9934,-0.041314,-0.025266,-0.030610,-0.043195,-0.041314,0.000000,0.120000,0.000000,0.565737,-0.012394,-0.018216,-0.000000,-0.007580,-0.035615,-0.000000,0.013661,0
1790547625.0087,-0.046397,-0.031787,-0.032828,-0.045626,-0.046397,0.000000,0.120000,0.000000,0.598206,-0.013919,-0.018909,-0.000000,-0.009536,-0.036090,-0.000000,0.014935,0
1790547625.0232,-0.047835,-0.035336,-0.033956,-0.047205,-0.047835,0.000000,0.120000,0.000000,0.629849,-0.014350,-0.019605,-0.000000,-0.010601,-0.036604,-0.000000,0.014556,0
1790547625.0375,-0.038832,-0.038420,-0.031815,-0.048685,-0.038832,0.000000,0.120000,0.000000,0.661231,-0.011649,-0.020166,0.000000,-0.011526,-0.037159,-0.000000,0.014435,0
1790547625.0523,-0.034184,-0.035902,-0.030919,-0.048452,-0.034184,0.000000,0.120000,0.000000,0.692915,-0.010255,-0.020664,0.000000,-0.010771,-0.037682,0.000000,0.014575,0
1790547625.0672,-0.028776,-0.028743,-0.029734,-0.046741,-0.028776,0.000000,0.120000,0.000000,0.725910,-0.008633,-0.021101,0.000000,-0.008623,-0.038118,0.000000,0.015178,0
1790547625.0811,-0.020877,-0.016755,-0.027652,-0.043376,-0.020877,0.000000,0.120000,0.000000,0.755891,-0.006263,-0.021389,0.000000,-0.005027,-0.038349,0.000000,0.013791,0
1790547625.0948,-0.011646,-0.000983,-0.025044,-0.038658,-0.011646,0.000000,0.120000,0.000000,0.786148,-0.003494,-0.021551,0.000000,-0.000295,-0.038363,0.000000,0.013918,0
1790547625.1094,0.000151,0.017420,-0.021503,-0.032885,0.000151,0.000000,0.120000,0.000000,0.817605,0.000045,-0.021548,0.000000,0.005226,-0.038111,0.000000,0.014470,0
1790547625.1234,0.010140,0.034305,-0.018363,-0.027335,0.010140,0.000000,0.120000,0.000000,0.848280,0.003042,-0.021405,0.000000,0.010292,-0.037627,0.000000,0.014111,0
1790547625.1374,0.002241,0.029745,-0.020702,-0.028285,0.002241,0.000000,0.120000,0.000000,0.878804,0.000672,-0.021374,-0.000000,0.008924,-0.037209,-0.000000,0.014041,0
1790547625.1513,0.007946,0.023559,-0.018880,-0.029815,0.007946,0.000000,0.120000,0.000000,0.908946,0.002384,-0.021264,0.000000,0.007068,-0.036882,-0.000000,0.013866,0
1790547625.1654,0.009142,0.022769,-0.018392,-0.029729,0.009142,0.000000,0.120000,0.000000,0.939712,0.002743,-0.021134,0.000000,0.006831,-0.036560,-0.000000,0.014152,0
1790547625.1795,0.007914,0.019920,-0.018649,-0.030304,0.007914,0.000000,0.120000,0.000000,0.970309,0.002374,-0.021023,-0.000000,0.005976,-0.036280,-0.000000,0.014075,0
1790547625.1934,0.013457,0.012128,-0.016798,-0.032472,0.013457,0.000000,0.120000,0.000000,0.000722,0.004037,-0.020835,0.000000,0.003638,-0.036110,-0.000000,0.013990,0
1790547625.2070,0.025777,0.000771,-0.012752,-0.035868,0.025777,0.000000,0.120000,0.000000,0.030243,0.007733,-0.020485,0.000000,0.000231,-0.036100,-0.000000,0.013580,0
1790547625.2207,0.033843,-0.007471,-0.009871,-0.038443,0.033843,0.000000,0.120000,0.000000,0.059870,0.010153,-0.020023,0.000000,-0.002241,-0.036201,-0.000000,0.013628,0
1790547625.2343,0.041342,-0.012300,-0.007058,-0.040059,0.041342,0.000000,0.120000,0.000000,0.089475,0.012403,-0.019460,0.000000,-0.003690,-0.036369,-0.000000,0.013618,0
1790547625.2482,0.046866,-0.016863,-0.004747,-0.041663,0.046866,0.000000,0.120000,0.000000,0.119776,0.014060,-0.018807,0.000000,-0.005059,-0.036604,-0.000000,0.013939,0
1790547625.2622,0.049529,-0.021504,-0.003256,-0.043356,0.049529,0.000000,0.120000,0.000000,0.150191,0.014859,-0.018114,0.000000,-0.006451,-0.036905,-0.000000,0.013991,0
1790547625.2760,0.041443,-0.020201,-0.005111,-0.043243,0.041443,0.000000,0.120000,0.000000,0.180120,0.012433,-0.017544,-0.000000,-0.006060,-0.037183,0.000000,0.013767,0
1790547625.2901,0.033172,-0.010568,-0.007124,-0.040503,0.033172,0.000000,0.120000,0.000000,0.210811,0.009952,-0.017075,-0.000000,-0.003170,-0.037332,0.000000,0.014118,0
1790547625.3040,0.026879,0.001535,-0.008638,-0.036850,0.026879,0.000000,0.120000,0.000000,0.241043,0.008064,-0.016702,-0.000000,0.000461,-0.037311,0.000000,0.013906,0
1790547625.3180,0.018488,0.012078,-0.010896,-0.033518,0.018488,0.000000,0.120000,0.000000,0.271513,0.005546,-0.016442,-0.000000,0.003624,-0.037142,0.000000,0.014016,0
1790547625.3321,0.003106,0.022867,-0.015467,-0.029961,0.003106,0.000000,0.120000,0.000000,0.301961,0.000932,-0.016399,-0.000000,0.006860,-0.036821,0.000000,0.014006,0
1790547625.3464,0.005926,0.020969,-0.014538,-0.030234,0.005926,0.000000,0.120000,0.000000,0.332671,0.001778,-0.016315,0.000000,0.006291,-0.036525,-0.000000,0.014127,0
1790547625.3612,0.004789,0.020261,-0.014807,-0.030146,0.004789,0.000000,0.120000,0.000000,0.364903,0.001437,-0.016244,-0.000000,0.006078,-0.036225,-0.000000,0.014827,0
1790547625.3753,0.002679,0.017179,-0.015402,-0.030825,0.002679,0.000000,0.120000,0.000000,0.396009,0.000804,-0.016206,-0.000000,0.005154,-0.035979,-0.000000,0.014308,0
1790547625.3895,-0.001214,0.008046,-0.016587,-0.033451,-0.001214,0.000000,0.120000,0.000000,0.426719,-0.000364,-0.016223,-0.000000,0.002414,-0.035865,-0.000000,0.014127,0
1790547625.4036,-0.012948,-0.004965,-0.020290,-0.037425,-0.012948,0.000000,0.120000,0.000000,0.457362,-0.003884,-0.016406,-0.000000,-0.001489,-0.035935,-0.000000,0.014096,0
1790547625.4176,-0.030252,-0.018020,-0.025906,-0.041594,-0.030252,0.000000,0.120000,0.000000,0.487893,-0.009076,-0.016830,-0.000000,-0.005406,-0.036188,-0.000000,0.014044,0
1790547625.4315,-0.046421,-0.029566,-0.031403,-0.045470,-0.046421,0.000000,0.120000,0.000000,0.518171,-0.013926,-0.017477,-0.000000,-0.008870,-0.036600,-0.000000,0.013928,0
1790547625.4451,-0.057235,-0.039348,-0.035427,-0.048940,-0.057235,0.000000,0.120000,0.000000,0.547764,-0.017171,-0.018256,-0.000000,-0.011804,-0.037136,-0.000000,0.013613,0
1790547625.4588,-0.063448,-0.047325,-0.038156,-0.051979,-0.063448,0.000000,0.120000,0.000000,0.577439,-0.019034,-0.019122,-0.000000,-0.014198,-0.037782,-0.000000,0.013650,0
1790547625.4726,-0.057691,-0.051285,-0.037232,-0.053881,-0.057691,0.000000,0.120000,0.000000,0.607681,-0.017307,-0.019925,0.000000,-0.015386,-0.038495,-0.000000,0.013911,0
1790547625.4865,-0.053018,-0.052217,-0.036567,-0.054885,-0.053018,0.000000,0.120000,0.000000,0.637875,-0.015906,-0.020661,0.000000,-0.015665,-0.039220,-0.000000,0.013889,0
1790547625.5004,-0.049759,-0.054523,-0.036277,-0.056331,-0.049759,0.000000,0.120000,0.000000,0.667921,-0.014928,-0.021349,0.000000,-0.016357,-0.039974,-0.000000,0.013821,0
1790547625.5143,-0.043912,-0.053158,-0.035135,-0.056663,-0.043912,0.000000,0.120000,0.000000,0.698255,-0.013173,-0.021962,0.000000,-0.015948,-0.040716,0.000000,0.013954,0
1790547625.5283,-0.036658,-0.046361,-0.033470,-0.055270,-0.036658,0.000000,0.120000,0.000000,0.728565,-0.010997,-0.022473,0.000000,-0.013908,-0.041362,0.000000,0.013942,0
1790547625.5426,-0.028541,-0.033190,-0.031442,-0.051793,-0.028541,0.000000,0.120000,0.000000,0.759589,-0.008562,-0.022880,0.000000,-0.009957,-0.041836,0.000000,0.014271,0
1790547625.5570,-0.017457,-0.014590,-0.028368,-0.046422,-0.017457,0.000000,0.120000,0.000000,0.790799,-0.005237,-0.023131,0.000000,-0.004377,-0.042045,0.000000,0.014356,0
1790547625.5711,-0.005139,0.006198,-0.024745,-0.040098,-0.005139,0.000000,0.120000,0.000000,0.821585,-0.001542,-0.023203,0.000000,0.001860,-0.041957,0.000000,0.014162,0
1790547625.5853,0.008374,0.028112,-0.020573,-0.033127,0.008374,0.000000,0.120000,0.000000,0.852294,0.002512,-0.023085,0.000000,0.008434,-0.041560,0.000000,0.014126,0
1790547625.5995,-0.004428,0.028576,-0.024477,-0.032578,-0.004428,0.000000,0.120000,0.000000,0.883450,-0.001328,-0.023149,-0.000000,0.008573,-0.041151,0.000000,0.014332,0
1790547625.6141,0.006979,0.018047,-0.020955,-0.035479,0.006979,0.000000,0.120000,0.000000,0.914490,0.002094,-0.023049,0.000000,0.005414,-0.040893,-0.000000,0.014278,0
1790547625.6282,0.009496,0.013781,-0.020063,-0.036560,0.009496,0.000000,0.120000,0.000000,0.945789,0.002849,-0.022912,0.000000,0.004134,-0.040695,-0.000000,0.014398,0
1790547625.6424,0.013698,0.008865,-0.018609,-0.037910,0.013698,0.000000,0.120000,0.000000,0.976575,0.004109,-0.022718,0.000000,0.002659,-0.040569,-0.000000,0.014162,0
1790547625.6563,0.024806,0.000665,-0.014930,-0.040360,0.024806,0.000000,0.120000,0.000000,0.006945,0.007442,-0.022372,0.000000,0.000199,-0.040560,-0.000000,0.013970,0
1790547625.6701,0.038343,-0.011582,-0.010345,-0.044193,0.038343,0.000000,0.120000,0.000000,0.036630,0.011503,-0.021848,0.000000,-0.003474,-0.040718,-0.000000,0.013655,0
1790547625.6840,0.048670,-0.020092,-0.006569,-0.047026,0.048670,0.000000,0.120000,0.000000,0.066928,0.014601,-0.021170,0.000000,-0.006028,-0.040998,-0.000000,0.013937,0
1790547625.6983,0.055467,-0.024318,-0.003735,-0.048642,0.055467,0.000000,0.120000,0.000000,0.098079,0.016640,-0.020375,0.000000,-0.007295,-0.041346,-0.000000,0.014329,0
1790547625.7123,0.059673,-0.028716,-0.001636,-0.050364,0.059673,0.000000,0.120000,0.000000,0.128562,0.017902,-0.019538,0.000000,-0.008615,-0.041749,-0.000000,0.014022,0
1790547625.7262,0.049533,-0.031778,-0.003988,-0.051725,0.049533,0.000000,0.120000,0.000000,0.158844,0.014860,-0.018848,-0.000000,-0.009533,-0.042192,-0.000000,0.013930,0
1790547625.7403,0.038468,-0.023957,-0.006769,-0.049714,0.038468,0.000000,0.120000,0.000000,0.189288,0.011540,-0.018310,-0.000000,-0.007187,-0.042527,0.000000,0.014004,0
1790547625.7547,0.031540,-0.012505,-0.008394,-0.046459,0.031540,0.000000,0.120000,0.000000,0.220555,0.009462,-0.017856,-0.000000,-0.003752,-0.042707,0.000000,0.014383,0
1790547625.7691,0.024885,-0.000903,-0.010036,-0.042991,0.024885,0.000000,0.120000,0.000000,0.251478,0.007466,-0.017502,-0.000000,-0.000271,-0.042720,0.000000,0.014225,0
1790547625.7834,0.013348,0.013861,-0.013303,-0.038360,0.013348,0.000000,0.120000,0.000000,0.283082,0.004004,-0.017308,-0.000000,0.004158,-0.042518,0.000000,0.014538,0
1790547625.7974,0.003527,0.023870,-0.016200,-0.035022,0.003527,0.000000,0.120000,0.000000,0.313659,0.001058,-0.017258,-0.000000,0.007161,-0.042183,0.000000,0.014066,0
1790547625.8116,0.006587,0.023632,-0.015189,-0.034759,0.006587,0.000000,0.120000,0.000000,0.344365,0.001976,-0.017165,0.000000,0.007090,-0.041849,-0.000000,0.014124,0
1790547625.8258,0.007148,0.023882,-0.014919,-0.034343,0.007148,0.000000,0.120000,0.000000,0.375406,0.002144,-0.017063,0.000000,0.007164,-0.041508,0.000000,0.014279,0
1790547625.8397,0.004651,0.020855,-0.015603,-0.034962,0.004651,0.000000,0.120000,0.000000,0.405621,0.001395,-0.016998,-0.000000,0.006257,-0.041218,-0.000000,0.013899,0
1790547625.8537,-0.001760,0.011305,-0.017551,-0.037669,-0.001760,0.000000,0.120000,0.000000,0.435868,-0.000528,-0.017023,-0.000000,0.003391,-0.041061,-0.000000,0.013913,0
1790547625.8683,-0.009669,-0.000321,-0.020063,-0.041162,-0.009669,0.000000,0.120000,0.000000,0.467105,-0.002901,-0.017162,-0.000000,-0.000096,-0.041065,-0.000000,0.014369,0
1790547625.8828,-0.025180,-0.016400,-0.025083,-0.046225,-0.025180,0.000000,0.120000,0.000000,0.498834,-0.007554,-0.017529,-0.000000,-0.004920,-0.041305,-0.000000,0.014596,0
1790547625.8970,-0.043793,-0.031361,-0.031294,-0.051162,-0.043793,0.000000,0.120000,0.000000,0.529933,-0.013138,-0.018156,-0.000000,-0.009408,-0.041753,-0.000000,0.014305,0
1790547625.9107,-0.059804,-0.044956,-0.036925,-0.055862,-0.059804,0.000000,0.120000,0.000000,0.560016,-0.017941,-0.018983,-0.000000,-0.013487,-0.042376,-0.000000,0.013838,0
1790547625.9245,-0.060556,-0.055123,-0.037984,-0.059671,-0.060556,0.000000,0.120000,0.000000,0.589925,-0.018167,-0.019817,-0.000000,-0.016537,-0.043134,-0.000000,0.013758,0
1790547625.9385,-0.056641,-0.055511,-0.037602,-0.060564,-0.056641,0.000000,0.120000,0.000000,0.620350,-0.016992,-0.020609,0.000000,-0.016653,-0.043911,-0.000000,0.013995,0
1790547625.9525,-0.051556,-0.057233,-0.036796,-0.061881,-0.051556,0.000000,0.120000,0.000000,0.650729,-0.015467,-0.021330,0.000000,-0.017170,-0.044711,-0.000000,0.013974,0
1790547625.9665,-0.047074,-0.062056,-0.036111,-0.064197,-0.047074,0.000000,0.120000,0.000000,0.681178,-0.014122,-0.021989,0.000000,-0.018617,-0.045580,-0.000000,0.014007,0
1790547625.9804,-0.041694,-0.059140,-0.035080,-0.064149,-0.041694,0.000000,0.120000,0.000000,0.711582,-0.012508,-0.022572,0.000000,-0.017742,-0.046407,0.000000,0.013986,0
1790547625.9944,-0.032794,-0.050024,-0.032867,-0.062110,-0.032794,0.000000,0.120000,0.000000,0.741842,-0.009838,-0.023029,0.000000,-0.015007,-0.047103,0.000000,0.013920,0
1790547626.0083,-0.022872,-0.034841,-0.030209,-0.058040,-0.022872,0.000000,0.120000,0.000000,0.772090,-0.006862,-0.023347,0.000000,-0.010452,-0.047588,0.000000,0.013914,0
1790547626.0223,-0.009922,-0.013410,-0.026463,-0.051799,-0.009922,0.000000,0.120000,0.000000,0.802567,-0.002977,-0.023486,0.000000,-0.004023,-0.047776,0.000000,0.014019,0
1790547626.0362,0.002172,0.009449,-0.022804,-0.044810,0.002172,0.000000,0.120000,0.000000,0.832898,0.000651,-0.023456,0.000000,0.002835,-0.047644,0.000000,0.013952,0
1790547626.0501,0.012960,0.029786,-0.019388,-0.038295,0.012960,0.000000,0.120000,0.000000,0.863102,0.003888,-0.023276,0.000000,0.008936,-0.047230,0.000000,0.013894,0
1790547626.0640,0.001923,0.028249,-0.022672,-0.038365,0.001923,0.000000,0.120000,0.000000,0.893182,0.000577,-0.023249,-0.000000,0.008475,-0.046839,-0.000000,0.013837,0
1790547626.0780,0.018224,0.027323,-0.017527,-0.038261,0.018224,0.000000,0.120000,0.000000,0.923562,0.005467,-0.022994,0.000000,0.008197,-0.046458,-0.000000,0.013975,0
1790547626.0919,0.019935,0.029380,-0.016736,-0.037234,0.019935,0.000000,0.120000,0.000000,0.953889,0.005980,-0.022716,0.000000,0.008814,-0.046048,0.000000,0.013950,0
1790547626.1058,0.021016,0.024321,-0.016119,-0.038412,0.021016,0.000000,0.120000,0.000000,0.984182,0.006305,-0.022423,0.000000,0.007296,-0.045709,-0.000000,0.013935,0
1790547626.1200,0.036337,0.014635,-0.011019,-0.041116,0.036337,0.000000,0.120000,0.000000,0.014299,0.010901,-0.021920,0.000000,0.004391,-0.045506,-0.000000,0.013854,0
1790547626.1339,0.045164,0.003737,-0.007731,-0.044332,0.045164,0.000000,0.120000,0.000000,0.045088,0.013549,-0.021280,0.000000,0.001121,-0.045453,-0.000000,0.014163,0
1790547626.1476,0.053972,-0.002982,-0.004352,-0.046388,0.053972,0.000000,0.120000,0.000000,0.074777,0.016191,-0.020543,0.000000,-0.000895,-0.045494,-0.000000,0.013657,0
1790547626.1617,0.058666,-0.009721,-0.002116,-0.048547,0.058666,0.000000,0.120000,0.000000,0.105452,0.017600,-0.019716,0.000000,-0.002916,-0.045631,-0.000000,0.014111,0
1790547626.1757,0.063708,-0.016394,0.000286,-0.050778,0.063708,0.000000,0.120000,0.000000,0.135789,0.019113,-0.018826,0.000000,-0.004918,-0.045860,-0.000000,0.013955,0
1790547626.1897,0.053502,-0.020040,-0.002025,-0.052153,0.053502,0.000000,0.120000,0.000000,0.166323,0.016050,-0.018075,-0.000000,-0.006012,-0.046141,-0.000000,0.014045,0
1790547626.2041,0.038831,-0.011446,-0.005883,-0.049735,0.038831,0.000000,0.120000,0.000000,0.196694,0.011649,-0.017533,-0.000000,-0.003434,-0.046301,0.000000,0.013971,0
1790547626.2184,0.031534,-0.000094,-0.007605,-0.046331,0.031534,0.000000,0.120000,0.000000,0.228890,0.009460,-0.017065,-0.000000,-0.000028,-0.046303,0.000000,0.014810,0
1790547626.2324,0.024771,0.012747,-0.009288,-0.042300,0.024771,0.000000,0.120000,0.000000,0.259314,0.007431,-0.016719,-0.000000,0.003824,-0.046124,0.000000,0.013995,0
1790547626.2466,0.018295,0.027356,-0.010973,-0.037532,0.018295,0.000000,0.120000,0.000000,0.289936,0.005488,-0.016461,-0.000000,0.008207,-0.045739,0.000000,0.014086,0
1790547626.2607,0.008687,0.040237,-0.013732,-0.033099,0.008687,0.000000,0.120000,0.000000,0.320661,0.002606,-0.016338,-0.000000,0.012071,-0.045170,0.000000,0.014133,0
1790547626.2747,0.008415,0.044216,-0.013695,-0.031282,0.008415,0.000000,0.120000,0.000000,0.351303,0.002524,-0.016220,-0.000000,0.013265,-0.044547,0.000000,0.014095,0
1790547626.2887,0.014203,0.043583,-0.011761,-0.030863,0.014203,0.000000,0.120000,0.000000,0.381659,0.004261,-0.016021,0.000000,0.013075,-0.043938,-0.000000,0.013964,0
1790547626.3028,0.013882,0.044754,-0.011662,-0.029884,0.013882,0.000000,0.120000,0.000000,0.412161,0.004165,-0.015827,-0.000000,0.013426,-0.043310,0.000000,0.014031,0
1790547626.3170,0.017319,0.041385,-0.010383,-0.030303,0.017319,0.000000,0.120000,0.000000,0.443273,0.005196,-0.015579,0.000000,0.012415,-0.042718,-0.000000,0.014312,0
1790547626.3311,0.009415,0.033564,-0.012622,-0.032178,0.009415,0.000000,0.120000,0.000000,0.473758,0.002824,-0.015447,-0.000000,0.010069,-0.042248,-0.000000,0.014023,0
1790547626.3451,-0.002018,0.020697,-0.016080,-0.035749,-0.002018,0.000000,0.120000,0.000000,0.504132,-0.000605,-0.015475,-0.000000,0.006209,-0.041958,-0.000000,0.013972,0
1790547626.3587,-0.017144,0.008938,-0.020853,-0.039155,-0.017144,0.000000,0.120000,0.000000,0.533878,-0.005143,-0.015710,-0.000000,0.002681,-0.041836,-0.000000,0.013683,0
1790547626.3729,-0.032386,0.000946,-0.025873,-0.041539,-0.032386,0.000000,0.120000,0.000000,0.563894,-0.009716,-0.016157,-0.000000,0.000284,-0.041823,-0.000000,0.013807,0
1790547626.3871,-0.039468,-0.006857,-0.028570,-0.043980,-0.039468,0.000000,0.120000,0.000000,0.595447,-0.011840,-0.016730,-0.000000,-0.002057,-0.041923,-0.000000,0.014515,0
1790547626.4011,-0.041317,-0.011449,-0.029702,-0.045517,-0.041317,0.000000,0.120000,0.000000,0.625826,-0.012395,-0.017307,-0.000000,-0.003435,-0.042082,-0.000000,0.013974,0
1790547626.4150,-0.033852,-0.013638,-0.027936,-0.046365,-0.033852,0.000000,0.120000,0.000000,0.656246,-0.010156,-0.017781,0.000000,-0.004091,-0.042273,-0.000000,0.013993,0
1790547626.4292,-0.027926,-0.009252,-0.026553,-0.045180,-0.027926,0.000000,0.120000,0.000000,0.686950,-0.008378,-0.018175,0.000000,-0.002776,-0.042404,0.000000,0.014124,0
1790547626.4433,-0.022855,-0.002702,-0.025357,-0.043253,-0.022855,0.000000,0.120000,0.000000,0.717868,-0.006857,-0.018500,0.000000,-0.000810,-0.042442,0.000000,0.014222,0
1790547626.4573,-0.018681,0.006212,-0.024366,-0.040492,-0.018681,0.000000,0.120000,0.000000,0.748348,-0.005604,-0.018762,0.000000,0.001864,-0.042355,0.000000,0.014021,0
1790547626.4714,-0.008110,0.019464,-0.021308,-0.036244,-0.008110,0.000000,0.120000,0.000000,0.778697,-0.002433,-0.018875,0.000000,0.005839,-0.042084,0.000000,0.013960,0
1790547626.4854,0.002544,0.034739,-0.018076,-0.031174,0.002544,0.000000,0.120000,0.000000,0.809251,0.000763,-0.018839,0.000000,0.010422,-0.041595,0.000000,0.014055,0
1790547626.4996,0.004965,0.039940,-0.017280,-0.029046,0.004965,0.000000,0.120000,0.000000,0.840115,0.001489,-0.018769,0.000000,0.011982,-0.041028,0.000000,0.014198,0
1790547626.5136,0.002722,0.035573,-0.017914,-0.029858,0.002722,0.000000,0.120000,0.000000,0.870601,0.000817,-0.018731,-0.000000,0.010672,-0.040529,-0.000000,0.014024,0
1790547626.5277,0.011696,0.027961,-0.015058,-0.031750,0.011696,0.000000,0.120000,0.000000,0.901003,0.003509,-0.018567,0.000000,0.008388,-0.040138,-0.000000,0.013985,0
1790547626.5416,0.012730,0.023429,-0.014570,-0.032782,0.012730,0.000000,0.120000,0.000000,0.931381,0.003819,-0.018389,0.000000,0.007029,-0.039811,-0.000000,0.013974,0
1790547626.5557,0.016964,0.019331,-0.013062,-0.033740,0.016964,0.000000,0.120000,0.000000,0.961948,0.005089,-0.018151,0.000000,0.005799,-0.039539,-0.000000,0.014060,0
1790547626.5696,0.029582,0.010002,-0.008862,-0.036399,0.029582,0.000000,0.120000,0.000000,0.992365,0.008874,-0.017737,0.000000,0.003001,-0.039399,-0.000000,0.013992,0
1790547626.5837,0.041653,-0.000911,-0.004656,-0.039685,0.041653,0.000000,0.120000,0.000000,0.022887,0.012496,-0.017152,0.000000,-0.000273,-0.039412,-0.000000,0.014040,0
1790547626.5973,0.051181,-0.008259,-0.001098,-0.042003,0.051181,0.000000,0.120000,0.000000,0.052633,0.015354,-0.016452,0.000000,-0.002478,-0.039525,-0.000000,0.013683,0
1790547626.6109,0.057142,-0.013011,0.001469,-0.043606,0.057142,0.000000,0.120000,0.000000,0.082256,0.017143,-0.015673,0.000000,-0.003903,-0.039702,-0.000000,0.013627,0
1790547626.6252,0.063465,-0.020844,0.004244,-0.046244,0.063465,0.000000,0.120000,0.000000,0.112315,0.019040,-0.014796,0.000000,-0.006253,-0.039991,-0.000000,0.013827,0
1790547626.6397,0.059223,-0.029416,0.003852,-0.049253,0.059223,0.000000,0.120000,0.000000,0.144644,0.017767,-0.013915,-0.000000,-0.008825,-0.040428,-0.000000,0.014872,0
1790547626.6538,0.048961,-0.025755,0.001462,-0.048517,0.048961,0.000000,0.120000,0.000000,0.175212,0.014688,-0.013226,-0.000000,-0.007726,-0.040790,0.000000,0.014061,0
1790547626.6680,0.042810,-0.017490,0.000221,-0.046284,0.042810,0.000000,0.120000,0.000000,0.205907,0.012843,-0.012622,-0.000000,-0.005247,-0.041037,0.000000,0.014120,0
1790547626.6821,0.035019,-0.006522,-0.001615,-0.043087,0.035019,0.000000,0.120000,0.000000,0.236996,0.010506,-0.012121,-0.000000,-0.001957,-0.041130,0.000000,0.014301,0
1790547626.6961,0.025120,0.008158,-0.004234,-0.038569,0.025120,0.000000,0.120000,0.000000,0.267385,0.007536,-0.011770,-0.000000,0.002447,-0.041016,0.000000,0.013979,0
1790547626.7101,0.012027,0.020889,-0.007994,-0.034458,0.012027,0.000000,0.120000,0.000000,0.297688,0.003608,-0.011602,-0.000000,0.006267,-0.040725,0.000000,0.013939,0
1790547626.7242,0.003705,0.036549,-0.010439,-0.029245,0.003705,0.000000,0.120000,0.000000,0.328367,0.001111,-0.011550,-0.000000,0.010965,-0.040209,0.000000,0.014113,0
1790547626.7384,0.007334,0.038581,-0.009245,-0.028085,0.007334,0.000000,0.120000,0.000000,0.359378,0.002200,-0.011445,0.000000,0.011574,-0.039659,0.000000,0.014265,0
1790547626.7528,0.008120,0.038605,-0.008896,-0.027536,0.008120,0.000000,0.120000,0.000000,0.389873,0.002436,-0.011332,0.000000,0.011581,-0.039117,0.000000,0.014027,0
1790547626.7672,0.006590,0.034737,-0.009258,-0.028185,0.006590,0.000000,0.120000,0.000000,0.421908,0.001977,-0.011234,-0.000000,0.010421,-0.038606,-0.000000,0.014736,0
1790547626.7811,0.002463,0.027221,-0.010461,-0.030061,0.002463,0.000000,0.120000,0.000000,0.452078,0.000739,-0.011200,-0.000000,0.008166,-0.038228,-0.000000,0.013878,0
1790547626.7950,-0.008785,0.018239,-0.013958,-0.032503,-0.008785,0.000000,0.120000,0.000000,0.482253,-0.002636,-0.011322,-0.000000,0.005472,-0.037975,-0.000000,0.013880,0
1790547626.8093,-0.020023,0.006845,-0.017612,-0.035825,-0.020023,0.000000,0.120000,0.000000,0.512956,-0.006007,-0.011605,-0.000000,0.002053,-0.037878,-0.000000,0.014124,0
1790547626.8234,-0.034733,-0.001725,-0.022517,-0.038420,-0.034733,0.000000,0.120000,0.000000,0.543778,-0.010420,-0.012097,-0.000000,-0.000517,-0.037902,-0.000000,0.014178,0
1790547626.8371,-0.043394,-0.008390,-0.025718,-0.040536,-0.043394,0.000000,0.120000,0.000000,0.573960,-0.013018,-0.012700,-0.000000,-0.002517,-0.038019,-0.000000,0.013884,0
1790547626.8512,-0.049949,-0.013882,-0.028385,-0.042378,-0.049949,0.000000,0.120000,0.000000,0.604447,-0.014985,-0.013400,-0.000000,-0.004165,-0.038214,-0.000000,0.014024,0
1790547626.8652,-0.052510,-0.018729,-0.029888,-0.044094,-0.052510,0.000000,0.120000,0.000000,0.634842,-0.015753,-0.014135,-0.000000,-0.005619,-0.038475,-0.000000,0.013982,0
1790547626.8798,-0.042937,-0.023050,-0.027633,-0.045722,-0.042937,0.000000,0.120000,0.000000,0.666094,-0.012881,-0.014752,0.000000,-0.006915,-0.038807,-0.000000,0.014376,0
1790547626.8942,-0.034384,-0.018272,-0.025568,-0.044555,-0.034384,0.000000,0.120000,0.000000,0.697749,-0.010315,-0.015253,0.000000,-0.005482,-0.039073,0.000000,0.014561,0
1790547626.9082,-0.027239,-0.010526,-0.023809,-0.042379,-0.027239,0.000000,0.120000,0.000000,0.728445,-0.008172,-0.015637,0.000000,-0.003158,-0.039222,0.000000,0.014120,0
1790547626.9227,-0.018347,0.000604,-0.021404,-0.039032,-0.018347,0.000000,0.120000,0.000000,0.759598,-0.005504,-0.015900,0.000000,0.000181,-0.039213,0.000000,0.014330,0
1790547626.9369,-0.009475,0.015049,-0.018877,-0.034485,-0.009475,0.000000,0.120000,0.000000,0.790452,-0.002843,-0.016035,0.000000,0.004515,-0.038999,0.000000,0.014193,0
1790547626.9510,-0.001484,0.031004,-0.016501,-0.029257,-0.001484,0.000000,0.120000,0.000000,0.821376,-0.000445,-0.016056,0.000000,0.009301,-0.038558,0.000000,0.014225,0
1790547626.9651,-0.009601,0.037912,-0.019071,-0.026651,-0.009601,0.000000,0.120000,0.000000,0.852004,-0.002880,-0.016191,-0.000000,0.011374,-0.038024,0.000000,0.014089,0
1790547626.9793,-0.002295,0.040119,-0.016912,-0.025420,-0.002295,0.000000,0.120000,0.000000,0.882824,-0.000688,-0.016223,0.000000,0.012036,-0.037455,0.000000,0.014177,0
1790547626.9935,0.001580,0.040300,-0.015727,-0.024792,0.001580,0.000000,0.120000,0.000000,0.913768,0.000474,-0.016201,0.000000,0.012090,-0.036882,0.000000,0.014234,0
1790547627.0075,-0.001738,0.034764,-0.016747,-0.025966,-0.001738,0.000000,0.120000,0.000000,0.944186,-0.000521,-0.016225,-0.000000,0.010429,-0.036395,-0.000000,0.013992,0
1790547627.0215,0.003470,0.030646,-0.015136,-0.026772,0.003470,0.000000,0.120000,0.000000,0.974634,0.001041,-0.016177,0.000000,0.009194,-0.035966,-0.000000,0.014006,0
1790547627.0357,0.012810,0.023540,-0.012152,-0.028571,0.012810,0.000000,0.120000,0.000000,0.005364,0.003843,-0.015996,0.000000,0.007062,-0.035633,-0.000000,0.014136,0
1790547627.0494,0.017510,0.014835,-0.010501,-0.030978,0.017510,0.000000,0.120000,0.000000,0.035406,0.005253,-0.015754,0.000000,0.004450,-0.035428,-0.000000,0.013819,0
1790547627.0633,0.025440,0.009033,-0.007770,-0.032594,0.025440,0.000000,0.120000,0.000000,0.065473,0.007632,-0.015402,0.000000,0.002710,-0.035303,-0.000000,0.013831,0
1790547627.0773,0.030438,0.004815,-0.005843,-0.033791,0.030438,0.000000,0.120000,0.000000,0.095964,0.009131,-0.014975,0.000000,0.001444,-0.035236,-0.000000,0.014026,0
1790547627.0929,0.036661,-0.000479,-0.003434,-0.035387,0.036661,0.000000,0.120000,0.000000,0.128172,0.010998,-0.014432,0.000000,-0.000144,-0.035243,-0.000000,0.014816,0
1790547627.1079,0.045913,-0.006521,0.000050,-0.037300,0.045913,0.000000,0.120000,0.000000,0.161666,0.013774,-0.013724,0.000000,-0.001956,-0.035343,-0.000000,0.015407,0
1790547627.1222,0.035203,-0.008383,-0.002655,-0.037979,0.035203,0.000000,0.120000,0.000000,0.193051,0.010561,-0.013216,-0.000000,-0.002515,-0.035464,-0.000000,0.014437,0
1790547627.1370,0.027471,-0.001674,-0.004569,-0.035991,0.027471,0.000000,0.120000,0.000000,0.225180,0.008241,-0.012810,-0.000000,-0.000502,-0.035489,0.000000,0.014779,0
1790547627.1522,0.022362,0.008210,-0.005762,-0.032902,0.022362,0.000000,0.120000,0.000000,0.258199,0.006709,-0.012470,-0.000000,0.002463,-0.035364,0.000000,0.015189,0
1790547627.1661,0.011716,0.018469,-0.008791,-0.029565,0.011716,0.000000,0.120000,0.000000,0.288680,0.003515,-0.012306,-0.000000,0.005541,-0.035106,0.000000,0.014021,0
1790547627.1802,0.007603,0.030335,-0.009919,-0.025580,0.007603,0.000000,0.120000,0.000000,0.319131,0.002281,-0.012200,-0.000000,0.009101,-0.034681,0.000000,0.014008,0
1790547627.1947,0.008303,0.028284,-0.009587,-0.025779,0.008303,0.000000,0.120000,0.000000,0.351111,0.002491,-0.012077,0.000000,0.008485,-0.034265,-0.000000,0.014710,0
1790547627.2087,0.005951,0.025114,-0.010209,-0.026378,0.005951,0.000000,0.120000,0.000000,0.381578,0.001785,-0.011994,-0.000000,0.007534,-0.033913,-0.000000,0.014015,0
1790547627.2221,0.000832,0.020233,-0.011733,-0.027568,0.000832,0.000000,0.120000,0.000000,0.411077,0.000250,-0.011983,-0.000000,0.006070,-0.033638,-0.000000,0.013569,0
1790547627.2356,-0.003286,0.009993,-0.013012,-0.030509,-0.003286,0.000000,0.120000,0.000000,0.439688,-0.000986,-0.012026,-0.000000,0.002998,-0.033506,-0.000000,0.013161,0
1790547627.2495,-0.018303,0.000053,-0.017775,-0.033490,-0.018303,0.000000,0.120000,0.000000,0.470407,-0.005491,-0.012285,-0.000000,0.000016,-0.033506,-0.000000,0.014131,0
1790547627.2636,-0.033862,-0.012007,-0.022919,-0.037277,-0.033862,0.000000,0.120000,0.000000,0.500948,-0.010158,-0.012760,-0.000000,-0.003602,-0.033674,-0.000000,0.014049,0
1790547627.2774,-0.048259,-0.023986,-0.027904,-0.041201,-0.048259,0.000000,0.120000,0.000000,0.530964,-0.014478,-0.013427,-0.000000,-0.007196,-0.034006,-0.000000,0.013808,0
1790547627.2911,-0.059013,-0.033496,-0.031942,-0.044515,-0.059013,0.000000,0.120000,0.000000,0.560843,-0.017704,-0.014238,-0.000000,-0.010049,-0.034466,-0.000000,0.013744,0
1790547627.3050,-0.066787,-0.043208,-0.035198,-0.048026,-0.066787,0.000000,0.120000,0.000000,0.590913,-0.020036,-0.015162,-0.000000,-0.012962,-0.035064,-0.000000,0.013832,0
1790547627.3190,-0.062333,-0.050659,-0.034736,-0.050972,-0.062333,0.000000,0.120000,0.000000,0.621400,-0.018700,-0.016036,0.000000,-0.015198,-0.035774,-0.000000,0.014024,0
1790547627.3330,-0.057060,-0.052640,-0.033951,-0.052301,-0.057060,0.000000,0.120000,0.000000,0.651753,-0.017118,-0.016832,0.000000,-0.015792,-0.036509,-0.000000,0.013963,0
1790547627.3470,-0.052954,-0.053859,-0.033463,-0.053424,-0.052954,0.000000,0.120000,0.000000,0.682312,-0.015886,-0.017577,0.000000,-0.016158,-0.037266,-0.000000,0.014057,0
1790547627.3610,-0.050982,-0.051207,-0.033587,-0.053346,-0.050982,0.000000,0.120000,0.000000,0.712805,-0.015295,-0.018292,0.000000,-0.015362,-0.037984,0.000000,0.014027,0
1790547627.3750,-0.046243,-0.043463,-0.032808,-0.051628,-0.046243,0.000000,0.120000,0.000000,0.743042,-0.013873,-0.018935,0.000000,-0.013039,-0.038589,0.000000,0.013909,0
1790547627.3896,-0.042518,-0.028050,-0.032295,-0.047403,-0.042518,0.000000,0.120000,0.000000,0.773952,-0.012755,-0.019540,0.000000,-0.008415,-0.038988,0.000000,0.014219,0
1790547627.4041,-0.030870,-0.008537,-0.029259,-0.041676,-0.030870,0.000000,0.120000,0.000000,0.806251,-0.009261,-0.019998,0.000000,-0.002561,-0.039115,0.000000,0.014858,0
1790547627.4181,-0.021719,0.012938,-0.026819,-0.035052,-0.021719,0.000000,0.120000,0.000000,0.836756,-0.006516,-0.020303,0.000000,0.003881,-0.038933,0.000000,0.014032,0
1790547627.4321,-0.010025,0.036996,-0.023451,-0.027317,-0.010025,0.000000,0.120000,0.000000,0.867126,-0.003008,-0.020443,0.000000,0.011099,-0.038416,0.000000,0.013970,0
1790547627.4464,-0.006347,0.048476,-0.022438,-0.023179,-0.006347,0.000000,0.120000,0.000000,0.898264,-0.001904,-0.020534,0.000000,0.014543,-0.037722,0.000000,0.014323,0
1790547627.4604,0.006145,0.044225,-0.018605,-0.023835,0.006145,0.000000,0.120000,0.000000,0.928713,0.001843,-0.020448,0.000000,0.013267,-0.037102,-0.000000,0.014007,0
1790547627.4745,0.004034,0.037727,-0.019180,-0.025249,0.004034,0.000000,0.120000,0.000000,0.959555,0.001210,-0.020391,-0.000000,0.011318,-0.036567,-0.000000,0.014187,0
1790547627.4886,0.005685,0.036747,-0.018605,-0.025027,0.005685,0.000000,0.120000,0.000000,0.990095,0.001706,-0.020311,0.000000,0.011024,-0.036051,-0.000000,0.014049,0
1790547627.5026,0.009562,0.036898,-0.017309,-0.024466,0.009562,0.000000,0.120000,0.000000,0.020482,0.002869,-0.020177,0.000000,0.011069,-0.035535,0.000000,0.013978,0
1790547627.5162,0.019826,0.027983,-0.013958,-0.026758,0.019826,0.000000,0.120000,0.000000,0.050218,0.005948,-0.019906,0.000000,0.008395,-0.035152,-0.000000,0.013679,0
1790547627.5299,0.029098,0.018997,-0.010779,-0.029194,0.029098,0.000000,0.120000,0.000000,0.079943,0.008729,-0.019508,0.000000,0.005699,-0.034893,-0.000000,0.013674,0
1790547627.5440,0.034291,0.010785,-0.008741,-0.031506,0.034291,0.000000,0.120000,0.000000,0.110345,0.010287,-0.019029,0.000000,0.003236,-0.034742,-0.000000,0.013985,0
1790547627.5581,0.040933,0.003730,-0.006170,-0.033570,0.040933,0.000000,0.120000,0.000000,0.141110,0.012280,-0.018449,0.000000,0.001119,-0.034689,-0.000000,0.014152,0
1790547627.5722,0.041483,-0.004932,-0.005417,-0.036239,0.041483,0.000000,0.120000,0.000000,0.171898,0.012445,-0.017862,0.000000,-0.001480,-0.034759,-0.000000,0.014163,0
1790547627.5861,0.025570,-0.002187,-0.009835,-0.035446,0.025570,0.000000,0.120000,0.000000,0.202176,0.007671,-0.017506,-0.000000,-0.000656,-0.034789,0.000000,0.013928,0
1790547627.6001,0.019045,0.007457,-0.011526,-0.032448,0.019045,0.000000,0.120000,0.000000,0.232519,0.005714,-0.017240,-0.000000,0.002237,-0.034685,0.000000,0.013958,0
1790547627.6139,0.015157,0.015865,-0.012483,-0.029706,0.015157,0.000000,0.120000,0.000000,0.262649,0.004547,-0.017030,-0.000000,0.004759,-0.034465,0.000000,0.013860,0
1790547627.6279,0.013075,0.023587,-0.012925,-0.027060,0.013075,0.000000,0.120000,0.000000,0.293036,0.003922,-0.016847,-0.000000,0.007076,-0.034136,0.000000,0.013978,0
1790547627.6422,0.008373,0.036536,-0.014218,-0.022664,0.008373,0.000000,0.120000,0.000000,0.323453,0.002512,-0.016730,-0.000000,0.010961,-0.033625,0.000000,0.013992,0
1790547627.6562,0.004042,0.044810,-0.015460,-0.019543,0.004042,0.000000,0.120000,0.000000,0.354436,0.001213,-0.016672,-0.000000,0.013443,-0.032986,0.000000,0.014252,0
1790547627.6701,0.009787,0.043632,-0.013599,-0.019287,0.009787,0.000000,0.120000,0.000000,0.384798,0.002936,-0.016536,0.000000,0.013090,-0.032376,-0.000000,0.013967,0
1790547627.6841,0.006691,0.038634,-0.014435,-0.020246,0.006691,0.000000,0.120000,0.000000,0.415201,0.002007,-0.016442,-0.000000,0.011590,-0.031836,-0.000000,0.013985,0
1790547627.6981,0.002093,0.032091,-0.015785,-0.021761,0.002093,0.000000,0.120000,0.000000,0.445571,0.000628,-0.016413,-0.000000,0.009627,-0.031388,-0.000000,0.013970,0
1790547627.7122,-0.004052,0.020871,-0.017685,-0.024833,-0.004052,0.000000,0.120000,0.000000,0.476182,-0.001216,-0.016470,-0.000000,0.006261,-0.031094,-0.000000,0.014081,0
1790547627.7261,-0.016870,0.008663,-0.021767,-0.028374,-0.016870,0.000000,0.120000,0.000000,0.506612,-0.005061,-0.016706,-0.000000,0.002599,-0.030973,-0.000000,0.013998,0
1790547627.7398,-0.031670,-0.002555,-0.026638,-0.031774,-0.031670,0.000000,0.120000,0.000000,0.536210,-0.009501,-0.017137,-0.000000,-0.000767,-0.031008,-0.000000,0.013615,0
1790547627.7536,-0.042858,-0.013242,-0.030584,-0.035162,-0.042858,0.000000,0.120000,0.000000,0.566106,-0.012857,-0.017727,-0.000000,-0.003973,-0.031190,-0.000000,0.013752,0
1790547627.7676,-0.052875,-0.021099,-0.034333,-0.037816,-0.052875,0.000000,0.120000,0.000000,0.596667,-0.015863,-0.018470,-0.000000,-0.006330,-0.031486,-0.000000,0.014058,0
1790547627.7817,-0.056065,-0.030982,-0.036077,-0.041216,-0.056065,0.000000,0.120000,0.000000,0.627192,-0.016820,-0.019257,-0.000000,-0.009295,-0.031921,-0.000000,0.014041,0
1790547627.7958,-0.046966,-0.035687,-0.034008,-0.043130,-0.046966,0.000000,0.120000,0.000000,0.657790,-0.014090,-0.019918,0.000000,-0.010706,-0.032424,-0.000000,0.014075,0
1790547627.8098,-0.039229,-0.031700,-0.032238,-0.042379,-0.039229,0.000000,0.120000,0.000000,0.688338,-0.011769,-0.020469,0.000000,-0.009510,-0.032869,0.000000,0.014052,0
1790547627.8238,-0.034972,-0.027792,-0.031452,-0.041597,-0.034972,0.000000,0.120000,0.000000,0.718851,-0.010492,-0.020960,0.000000,-0.008338,-0.033259,0.000000,0.014036,0
1790547627.8377,-0.025697,-0.016474,-0.029026,-0.038430,-0.025697,0.000000,0.120000,0.000000,0.749050,-0.007709,-0.021317,0.000000,-0.004942,-0.033488,0.000000,0.013892,0
1790547627.8517,-0.017647,-0.001098,-0.026859,-0.033833,-0.017647,0.000000,0.120000,0.000000,0.779516,-0.005294,-0.021565,0.000000,-0.000329,-0.033503,0.000000,0.014014,0
1790547627.8657,-0.005360,0.014250,-0.023247,-0.029029,-0.005360,0.000000,0.120000,0.000000,0.809912,-0.001608,-0.021640,0.000000,0.004275,-0.033304,0.000000,0.013982,0
1790547627.8795,0.009574,0.029272,-0.018635,-0.024118,0.009574,0.000000,0.120000,0.000000,0.839956,0.002872,-0.021507,0.000000,0.008782,-0.032900,0.000000,0.013820,0
1790547627.8941,0.003312,0.030525,-0.020466,-0.023306,0.003312,0.000000,0.120000,0.000000,0.870996,0.000994,-0.021460,-0.000000,0.009157,-0.032464,0.000000,0.014279,0
1790547627.9083,0.007642,0.025445,-0.019057,-0.024462,0.007642,0.000000,0.120000,0.000000,0.902473,0.002293,-0.021349,0.000000,0.007633,-0.032095,-0.000000,0.014479,0
1790547627.9224,0.008421,0.022997,-0.018705,-0.024873,0.008421,0.000000,0.120000,0.000000,0.932999,0.002526,-0.021231,0.000000,0.006899,-0.031772,-0.000000,0.014042,0
1790547627.9363,0.013618,0.021307,-0.016955,-0.025082,0.013618,0.000000,0.120000,0.000000,0.963482,0.004085,-0.021040,0.000000,0.006392,-0.031474,-0.000000,0.014022,0
1790547627.9502,0.019994,0.014334,-0.014765,-0.026975,0.019994,0.000000,0.120000,0.000000,0.993617,0.005998,-0.020763,0.000000,0.004300,-0.031275,-0.000000,0.013862,0
1790547627.9641,0.032745,-0.000892,-0.010483,-0.031555,0.032745,0.000000,0.120000,0.000000,0.023919,0.009823,-0.020306,0.000000,-0.000268,-0.031287,-0.000000,0.013939,0
1790547627.9778,0.045876,-0.015384,-0.005917,-0.036113,0.045876,0.000000,0.120000,0.000000,0.053598,0.013763,-0.019680,0.000000,-0.004615,-0.031497,-0.000000,0.013652,0
1790547627.9914,0.056241,-0.022539,-0.002042,-0.038566,0.056241,0.000000,0.120000,0.000000,0.083204,0.016872,-0.018914,0.000000,-0.006762,-0.031804,-0.000000,0.013619,0
1790547628.0054,0.061854,-0.028294,0.000508,-0.040689,0.061854,0.000000,0.120000,0.000000,0.113647,0.018556,-0.018048,0.000000,-0.008488,-0.032201,-0.000000,0.014004,0
1790547628.0194,0.055667,-0.034070,-0.000570,-0.042897,0.055667,0.000000,0.120000,0.000000,0.144010,0.016700,-0.017271,-0.000000,-0.010221,-0.032676,-0.000000,0.013967,0
1790547628.0333,0.042760,-0.031966,-0.003846,-0.042712,0.042760,0.000000,0.120000,0.000000,0.174324,0.012828,-0.016674,-0.000000,-0.009590,-0.033122,0.000000,0.013944,0
1790547628.0472,0.037120,-0.023601,-0.005023,-0.040530,0.037120,0.000000,0.120000,0.000000,0.204506,0.011136,-0.016159,-0.000000,-0.007080,-0.033450,0.000000,0.013884,0
1790547628.0610,0.031344,-0.015449,-0.006323,-0.038298,0.031344,0.000000,0.120000,0.000000,0.234535,0.009403,-0.015726,-0.000000,-0.004635,-0.033663,0.000000,0.013813,0
1790547628.0749,0.024006,-0.001981,-0.008190,-0.034285,0.024006,0.000000,0.120000,0.000000,0.264809,0.007202,-0.015392,-0.000000,-0.000594,-0.033691,0.000000,0.013926,0
1790547628.0888,0.011286,0.011750,-0.011849,-0.030003,0.011286,0.000000,0.120000,0.000000,0.294977,0.003386,-0.015235,-0.000000,0.003525,-0.033528,0.000000,0.013877,0
1790547628.1028,-0.001490,0.024652,-0.015703,-0.025789,-0.001490,0.000000,0.120000,0.000000,0.325259,-0.000447,-0.015256,-0.000000,0.007396,-0.033184,0.000000,0.013930,0
1790547628.1167,-0.003454,0.028775,-0.016340,-0.024150,-0.003454,0.000000,0.120000,0.000000,0.355588,-0.001036,-0.015304,-0.000000,0.008632,-0.032783,0.000000,0.013952,0
1790547628.1306,-0.001784,0.029177,-0.015864,-0.023622,-0.001784,0.000000,0.120000,0.000000,0.385973,-0.000535,-0.015329,0.000000,0.008753,-0.032375,0.000000,0.013977,0
1790547628.1447,-0.004043,0.027106,-0.016598,-0.023869,-0.004043,0.000000,0.120000,0.000000,0.416019,-0.001213,-0.015385,-0.000000,0.008132,-0.032000,-0.000000,0.013821,0
1790547628.1589,-0.006593,0.021909,-0.017458,-0.025113,-0.006593,0.000000,0.120000,0.000000,0.447273,-0.001978,-0.015480,-0.000000,0.006573,-0.031685,-0.000000,0.014377,0
1790547628.1730,-0.017401,0.014902,-0.020945,-0.027005,-0.017401,0.000000,0.120000,0.000000,0.477877,-0.005220,-0.015725,-0.000000,0.004471,-0.031476,-0.000000,0.014078,0
1790547628.1869,-0.029989,0.005853,-0.025139,-0.029638,-0.029989,0.000000,0.120000,0.000000,0.508137,-0.008997,-0.016142,-0.000000,0.001756,-0.031394,-0.000000,0.013920,0
1790547628.2005,-0.042719,-0.003908,-0.029541,-0.032620,-0.042719,0.000000,0.120000,0.000000,0.537807,-0.012816,-0.016725,-0.000000,-0.001172,-0.031448,-0.000000,0.013648,0
1790547628.2141,-0.056132,-0.011138,-0.034330,-0.034941,-0.056132,0.000000,0.120000,0.000000,0.567455,-0.016840,-0.017491,-0.000000,-0.003341,-0.031599,-0.000000,0.013638,0
1790547628.2280,-0.063855,-0.017560,-0.037537,-0.037112,-0.063855,0.000000,0.120000,0.000000,0.597741,-0.019156,-0.018380,-0.000000,-0.005268,-0.031844,-0.000000,0.013932,0
1790547628.2419,-0.056208,-0.023724,-0.036022,-0.039290,-0.056208,0.000000,0.120000,0.000000,0.627888,-0.016862,-0.019160,0.000000,-0.007117,-0.032173,-0.000000,0.013867,0
1790547628.2559,-0.047861,-0.021849,-0.034186,-0.039033,-0.047861,0.000000,0.120000,0.000000,0.658228,-0.014358,-0.019828,0.000000,-0.006555,-0.032478,0.000000,0.013957,0
1790547628.2699,-0.044455,-0.018775,-0.033784,-0.038372,-0.044455,0.000000,0.120000,0.000000,0.688537,-0.013337,-0.020447,0.000000,-0.005632,-0.032740,0.000000,0.013942,0
1790547628.2838,-0.037601,-0.011413,-0.032252,-0.036323,-0.037601,0.000000,0.120000,0.000000,0.718864,-0.011280,-0.020972,0.000000,-0.003424,-0.032899,0.000000,0.013950,0
1790547628.2978,-0.029746,-0.001037,-0.030310,-0.033224,-0.029746,0.000000,0.120000,0.000000,0.749178,-0.008924,-0.021387,0.000000,-0.000311,-0.032913,0.000000,0.013945,0
1790547628.3119,-0.020198,0.012070,-0.027731,-0.029122,-0.020198,0.000000,0.120000,0.000000,0.779799,-0.006059,-0.021671,0.000000,0.003621,-0.032743,0.000000,0.014086,0
1790547628.3259,-0.007435,0.026918,-0.024006,-0.024290,-0.007435,0.000000,0.120000,0.000000,0.810361,-0.002231,-0.021776,0.000000,0.008075,-0.032365,0.000000,0.014059,0
1790547628.3398,-0.007490,0.034277,-0.024126,-0.021607,-0.007490,0.000000,0.120000,0.000000,0.840486,-0.002247,-0.021880,-0.000000,0.010283,-0.031890,0.000000,0.013857,0
1790547628.3537,-0.010323,0.034368,-0.025121,-0.021100,-0.010323,0.000000,0.120000,0.000000,0.870835,-0.003097,-0.022024,-0.000000,0.010310,-0.031410,0.000000,0.013961,0
1790547628.3677,-0.002146,0.033139,-0.022697,-0.021005,-0.002146,0.000000,0.120000,0.000000,0.901225,-0.000644,-0.022054,0.000000,0.009942,-0.030947,-0.000000,0.013979,0
1790547628.3822,0.006064,0.031291,-0.020147,-0.021109,0.006064,0.000000,0.120000,0.000000,0.932536,0.001819,-0.021966,0.000000,0.009387,-0.030496,-0.000000,0.014403,0
1790547628.3967,0.008430,0.024034,-0.019317,-0.022945,0.008430,0.000000,0.120000,0.000000,0.963411,0.002529,-0.021847,0.000000,0.007210,-0.030155,-0.000000,0.014202,0
1790547628.4111,0.018951,0.012150,-0.015883,-0.026331,0.018951,0.000000,0.120000,0.000000,0.995367,0.005685,-0.021568,0.000000,0.003645,-0.029976,-0.000000,0.014700,0
1790547628.4251,0.029801,0.001660,-0.012210,-0.029455,0.029801,0.000000,0.120000,0.000000,0.025849,0.008940,-0.021150,0.000000,0.000498,-0.029953,-0.000000,0.014022,0
1790547628.4388,0.034397,-0.005523,-0.010358,-0.031686,0.034397,0.000000,0.120000,0.000000,0.055713,0.010319,-0.020678,0.000000,-0.001657,-0.030029,-0.000000,0.013737,0
1790547628.4525,0.041329,-0.008758,-0.007712,-0.032776,0.041329,0.000000,0.120000,0.000000,0.085559,0.012399,-0.020110,0.000000,-0.002627,-0.030149,-0.000000,0.013729,0
1790547628.4665,0.048136,-0.013048,-0.004996,-0.034246,0.048136,0.000000,0.120000,0.000000,0.115994,0.014441,-0.019436,0.000000,-0.003914,-0.030332,-0.000000,0.014000,0
1790547628.4803,0.054106,-0.019565,-0.002456,-0.036472,0.054106,0.000000,0.120000,0.000000,0.146063,0.016232,-0.018688,0.000000,-0.005870,-0.030602,-0.000000,0.013832,0
1790547628.4943,0.044223,-0.019370,-0.004802,-0.036684,0.044223,0.000000,0.120000,0.000000,0.176484,0.013267,-0.018069,-0.000000,-0.005811,-0.030873,0.000000,0.013994,0
1790547628.5082,0.032345,-0.012246,-0.007915,-0.034718,0.032345,0.000000,0.120000,0.000000,0.206782,0.009704,-0.017618,-0.000000,-0.003674,-0.031044,0.000000,0.013937,0
1790547628.5221,0.025602,-0.001538,-0.009584,-0.031527,0.025602,0.000000,0.120000,0.000000,0.236818,0.007680,-0.017265,-0.000000,-0.000461,-0.031065,0.000000,0.013817,0
1790547628.5360,0.016809,0.007916,-0.011987,-0.028580,0.016809,0.000000,0.120000,0.000000,0.267167,0.005043,-0.017030,-0.000000,0.002375,-0.030955,0.000000,0.013960,0
1790547628.5500,0.003374,0.021169,-0.015971,-0.024308,0.003374,0.000000,0.120000,0.000000,0.297555,0.001012,-0.016983,-0.000000,0.006351,-0.030659,0.000000,0.013979,0
1790547628.5640,-0.006414,0.030369,-0.018997,-0.021123,-0.006414,0.000000,0.120000,0.000000,0.327979,-0.001924,-0.017072,-0.000000,0.009111,-0.030234,0.000000,0.013995,0
1790547628.5781,-0.004607,0.029402,-0.018519,-0.021000,-0.004607,0.000000,0.120000,0.000000,0.358524,-0.001382,-0.017137,0.000000,0.008821,-0.029821,-0.000000,0.014051,0
1790547628.5919,-0.002411,0.029700,-0.017894,-0.020498,-0.002411,0.000000,0.120000,0.000000,0.388726,-0.000723,-0.017171,0.000000,0.008910,-0.029408,0.000000,0.013893,0
1790547628.6059,-0.004940,0.027846,-0.018722,-0.020665,-0.004940,0.000000,0.120000,0.000000,0.419098,-0.001482,-0.017240,-0.000000,0.008354,-0.029019,-0.000000,0.013971,0
1790547628.6198,-0.003540,0.021201,-0.018351,-0.022364,-0.003540,0.000000,0.120000,0.000000,0.449380,-0.001062,-0.017289,0.000000,0.006360,-0.028724,-0.000000,0.013930,0
1790547628.6337,-0.015132,0.008756,-0.022038,-0.025976,-0.015132,0.000000,0.120000,0.000000,0.479431,-0.004540,-0.017498,-0.000000,0.002627,-0.028603,-0.000000,0.013823,0
1790547628.6480,-0.030336,-0.003942,-0.027024,-0.029840,-0.030336,0.000000,0.120000,0.000000,0.509891,-0.009101,-0.017923,-0.000000,-0.001182,-0.028658,-0.000000,0.014012,0
1790547628.6620,-0.040903,-0.014472,-0.030777,-0.033206,-0.040903,0.000000,0.120000,0.000000,0.540847,-0.012271,-0.018506,-0.000000,-0.004342,-0.028864,-0.000000,0.014240,0
1790547628.6756,-0.049799,-0.021614,-0.034125,-0.035643,-0.049799,0.000000,0.120000,0.000000,0.570539,-0.014940,-0.019186,-0.000000,-0.006484,-0.029159,-0.000000,0.013658,0
1790547628.6896,-0.048812,-0.028051,-0.034514,-0.037968,-0.048812,0.000000,0.120000,0.000000,0.601018,-0.014644,-0.019870,0.000000,-0.008415,-0.029553,-0.000000,0.014020,0
1790547628.7036,-0.044931,-0.029289,-0.033978,-0.038749,-0.044931,0.000000,0.120000,0.000000,0.631417,-0.013479,-0.020499,0.000000,-0.008787,-0.029962,-0.000000,0.013983,0
1790547628.7176,-0.044287,-0.029811,-0.034404,-0.039322,-0.044287,0.000000,0.120000,0.000000,0.661799,-0.013286,-0.021117,0.000000,-0.008943,-0.030379,-0.000000,0.013976,0
1790547628.7315,-0.037463,-0.024692,-0.032879,-0.038131,-0.037463,0.000000,0.120000,0.000000,0.692138,-0.011239,-0.021640,0.000000,-0.007408,-0.030723,0.000000,0.013956,0
1790547628.7454,-0.031802,-0.015541,-0.031620,-0.035600,-0.031802,0.000000,0.120000,0.000000,0.722177,-0.009541,-0.022080,0.000000,-0.004662,-0.030938,0.000000,0.013818,0
1790547628.7595,-0.022630,-0.002144,-0.029188,-0.031611,-0.022630,0.000000,0.120000,0.000000,0.752834,-0.006789,-0.022399,0.000000,-0.000643,-0.030968,0.000000,0.014102,0
1790547628.7735,-0.010637,0.011389,-0.025739,-0.027392,-0.010637,0.000000,0.120000,0.000000,0.783335,-0.003191,-0.022548,0.000000,0.003417,-0.030809,0.000000,0.014030,0
1790547628.7874,0.001288,0.025566,-0.022144,-0.022784,0.001288,0.000000,0.120000,0.000000,0.813513,0.000387,-0.022530,0.000000,0.007670,-0.030454,0.000000,0.013882,0
1790547628.8014,0.002260,0.032475,-0.021821,-0.020257,0.002260,0.000000,0.120000,0.000000,0.843947,0.000678,-0.022499,0.000000,0.009742,-0.029999,0.000000,0.013999,0
1790547628.8153,0.001061,0.034496,-0.022166,-0.019168,0.001061,0.000000,0.120000,0.000000,0.874328,0.000318,-0.022484,-0.000000,0.010349,-0.029517,0.000000,0.013975,0
1790547628.8294,0.008914,0.032106,-0.019684,-0.019435,0.008914,0.000000,0.120000,0.000000,0.904832,0.002674,-0.022359,0.000000,0.009632,-0.029066,-0.000000,0.014032,0
1790547628.8432,0.016887,0.029782,-0.017059,-0.019719,0.016887,0.000000,0.120000,0.000000,0.934941,0.005066,-0.022125,0.000000,0.008935,-0.028654,-0.000000,0.013850,0
1790547628.8572,0.019481,0.020290,-0.016008,-0.022283,0.019481,0.000000,0.120000,0.000000,0.965369,0.005844,-0.021852,0.000000,0.006087,-0.028370,-0.000000,0.013997,0
1790547628.8712,0.031862,0.009740,-0.011847,-0.025312,0.031862,0.000000,0.120000,0.000000,0.995822,0.009559,-0.021406,0.000000,0.002922,-0.028233,-0.000000,0.014008,0
1790547628.8852,0.037847,0.000334,-0.009522,-0.028128,0.037847,0.000000,0.120000,0.000000,0.026258,0.011354,-0.020876,0.000000,0.000100,-0.028229,-0.000000,0.014001,0
1790547628.8992,0.044382,-0.005951,-0.006949,-0.030096,0.044382,0.000000,0.120000,0.000000,0.056231,0.013315,-0.020264,0.000000,-0.001785,-0.028311,-0.000000,0.013788,0
1790547628.9132,0.049047,-0.009906,-0.004859,-0.031422,0.049047,0.000000,0.120000,0.000000,0.086841,0.014714,-0.019573,0.000000,-0.002972,-0.028450,-0.000000,0.014081,0
1790547628.9272,0.053944,-0.016312,-0.002628,-0.033574,0.053944,0.000000,0.120000,0.000000,0.117541,0.016183,-0.018812,0.000000,-0.004894,-0.028681,-0.000000,0.014122,0
1790547628.9411,0.055803,-0.024258,-0.001294,-0.036296,0.055803,0.000000,0.120000,0.000000,0.147807,0.016741,-0.018035,0.000000,-0.007277,-0.029018,-0.000000,0.013922,0
1790547628.9551,0.042792,-0.021248,-0.004602,-0.035688,0.042792,0.000000,0.120000,0.000000,0.178036,0.012838,-0.017440,-0.000000,-0.006374,-0.029314,0.000000,0.013905,0
1790547628.9691,0.035674,-0.011205,-0.006235,-0.032833,0.035674,0.000000,0.120000,0.000000,0.208669,0.010702,-0.016937,-0.000000,-0.003362,-0.029472,0.000000,0.014091,0
1790547628.9831,0.029014,-0.002209,-0.007827,-0.030165,0.029014,0.000000,0.120000,0.000000,0.239083,0.008704,-0.016531,-0.000000,-0.000663,-0.029503,0.000000,0.013991,0
1790547628.9972,0.023898,0.007578,-0.009027,-0.027123,0.023898,0.000000,0.120000,0.000000,0.269524,0.007169,-0.016196,-0.000000,0.002273,-0.029397,0.000000,0.014003,0
1790547629.0111,0.016306,0.017381,-0.011077,-0.023940,0.016306,0.000000,0.120000,0.000000,0.299835,0.004892,-0.015969,-0.000000,0.005214,-0.029154,0.000000,0.013943,0
1790547629.0251,0.008776,0.027522,-0.013213,-0.020510,0.008776,0.000000,0.120000,0.000000,0.330431,0.002633,-0.015846,-0.000000,0.008257,-0.028767,0.000000,0.014074,0
1790547629.0390,0.013109,0.030388,-0.011731,-0.019230,0.013109,0.000000,0.120000,0.000000,0.360542,0.003933,-0.015664,0.000000,0.009116,-0.028346,0.000000,0.013851,0
1790547629.0529,0.014207,0.030236,-0.011204,-0.018854,0.014207,0.000000,0.120000,0.000000,0.390815,0.004262,-0.015466,0.000000,0.009071,-0.027925,-0.000000,0.013926,0
1790547629.0668,0.009964,0.024780,-0.012339,-0.020147,0.009964,0.000000,0.120000,0.000000,0.421034,0.002989,-0.015328,-0.000000,0.007434,-0.027580,-0.000000,0.013901,0
1790547629.0808,0.003287,0.018880,-0.014295,-0.021652,0.003287,0.000000,0.120000,0.000000,0.451512,0.000986,-0.015282,-0.000000,0.005664,-0.027316,-0.000000,0.014020,0
1790547629.0948,-0.008905,0.012091,-0.018077,-0.023520,-0.008905,0.000000,0.120000,0.000000,0.481893,-0.002671,-0.015406,-0.000000,0.003627,-0.027147,-0.000000,0.013975,0
1790547629.1088,-0.020579,0.001937,-0.021867,-0.026539,-0.020579,0.000000,0.120000,0.000000,0.512231,-0.006174,-0.015693,-0.000000,0.000581,-0.027120,-0.000000,0.013956,0
1790547629.1224,-0.036531,-0.008752,-0.027152,-0.029865,-0.036531,0.000000,0.120000,0.000000,0.541954,-0.010959,-0.016193,-0.000000,-0.002626,-0.027239,-0.000000,0.013673,0
1790547629.1360,-0.048377,-0.018640,-0.031365,-0.033085,-0.048377,0.000000,0.120000,0.000000,0.571563,-0.014513,-0.016852,-0.000000,-0.005592,-0.027493,-0.000000,0.013620,0
1790547629.1503,-0.051408,-0.029433,-0.032992,-0.036734,-0.051408,0.000000,0.120000,0.000000,0.601915,-0.015422,-0.017569,-0.000000,-0.008830,-0.027904,-0.000000,0.013962,0
1790547629.1646,-0.045231,-0.036769,-0.031793,-0.039467,-0.045231,0.000000,0.120000,0.000000,0.633377,-0.013569,-0.018224,0.000000,-0.011031,-0.028436,-0.000000,0.014473,0
1790547629.1799,-0.040229,-0.035203,-0.030894,-0.039523,-0.040229,0.000000,0.120000,0.000000,0.665862,-0.012069,-0.018825,0.000000,-0.010561,-0.028962,0.000000,0.014943,0
1790547629.1947,-0.035084,-0.031683,-0.029874,-0.038940,-0.035084,0.000000,0.120000,0.000000,0.698306,-0.010525,-0.019349,0.000000,-0.009505,-0.029435,0.000000,0.014924,0
1790547629.2094,-0.029667,-0.022862,-0.028690,-0.036634,-0.029667,0.000000,0.120000,0.000000,0.730609,-0.008900,-0.019789,0.000000,-0.006859,-0.029775,0.000000,0.014859,0
1790547629.2242,-0.021260,-0.010153,-0.026474,-0.032967,-0.021260,0.000000,0.120000,0.000000,0.761927,-0.006378,-0.020096,0.000000,-0.003046,-0.029921,0.000000,0.014406,0
1790547629.2391,-0.010998,0.006698,-0.023562,-0.027810,-0.010998,0.000000,0.120000,0.000000,0.794855,-0.003299,-0.020262,0.000000,0.002009,-0.029820,0.000000,0.015146,0
1790547629.2531,0.002224,0.024861,-0.019563,-0.022006,0.002224,0.000000,0.120000,0.000000,0.825908,0.000667,-0.020231,0.000000,0.007458,-0.029465,0.000000,0.014285,0
1790547629.2669,0.003533,0.034428,-0.019122,-0.018660,0.003533,0.000000,0.120000,0.000000,0.855951,0.001060,-0.020182,0.000000,0.010329,-0.028989,0.000000,0.013820,0
1790547629.2809,-0.000995,0.032280,-0.020494,-0.018856,-0.000995,0.000000,0.120000,0.000000,0.886172,-0.000299,-0.020196,-0.000000,0.009684,-0.028540,-0.000000,0.013902,0
1790547629.2950,0.007380,0.029248,-0.017877,-0.019351,0.007380,0.000000,0.120000,0.000000,0.916995,0.002214,-0.020091,0.000000,0.008774,-0.028125,-0.000000,0.014179,0
1790547629.3090,0.012428,0.027207,-0.016188,-0.019582,0.012428,0.000000,0.120000,0.000000,0.947468,0.003728,-0.019917,0.000000,0.008162,-0.027744,-0.000000,0.014018,0
1790547629.3230,0.016027,0.022444,-0.014884,-0.020696,0.016027,0.000000,0.120000,0.000000,0.977945,0.004808,-0.019692,0.000000,0.006733,-0.027429,-0.000000,0.014019,0
1790547629.3370,0.025733,0.012201,-0.011614,-0.023599,0.025733,0.000000,0.120000,0.000000,0.008211,0.007720,-0.019334,0.000000,0.003660,-0.027260,-0.000000,0.013922,0
1790547629.3507,0.040309,-0.001896,-0.006688,-0.027854,0.040309,0.000000,0.120000,0.000000,0.038042,0.012093,-0.018781,0.000000,-0.000569,-0.027286,-0.000000,0.013722,0
1790547629.3643,0.050000,-0.011756,-0.003097,-0.030973,0.050000,0.000000,0.120000,0.000000,0.067788,0.015000,-0.018096,0.000000,-0.003527,-0.027446,-0.000000,0.013683,0
1790547629.3783,0.055350,-0.016550,-0.000716,-0.032643,0.055350,0.000000,0.120000,0.000000,0.098253,0.016605,-0.017321,0.000000,-0.004965,-0.027678,-0.000000,0.014014,0
1790547629.3923,0.058593,-0.021455,0.001077,-0.034415,0.058593,0.000000,0.120000,0.000000,0.128668,0.017578,-0.016501,0.000000,-0.006436,-0.027979,-0.000000,0.013991,0
1790547629.4066,0.052623,-0.025816,0.000028,-0.036087,0.052623,0.000000,0.120000,0.000000,0.159317,0.015787,-0.015759,-0.000000,-0.007745,-0.028342,-0.000000,0.014098,0
1790547629.4210,0.035102,-0.023189,-0.004721,-0.035634,0.035102,0.000000,0.120000,0.000000,0.190730,0.010531,-0.015252,-0.000000,-0.006957,-0.028678,0.000000,0.014450,0
1790547629.4351,0.027161,-0.013383,-0.006717,-0.032883,0.027161,0.000000,0.120000,0.000000,0.221659,0.008148,-0.014866,-0.000000,-0.004015,-0.028868,0.000000,0.014227,0
1790547629.4490,0.022662,-0.004433,-0.007751,-0.030260,0.022662,0.000000,0.120000,0.000000,0.251940,0.006799,-0.014550,-0.000000,-0.001330,-0.028930,0.000000,0.013929,0
1790547629.4630,0.013695,0.008007,-0.010249,-0.026415,0.013695,0.000000,0.120000,0.000000,0.282421,0.004108,-0.014358,-0.000000,0.002402,-0.028817,0.000000,0.014021,0
1790547629.4769,0.004424,0.019569,-0.012969,-0.022675,0.004424,0.000000,0.120000,0.000000,0.312568,0.001327,-0.014296,-0.000000,0.005871,-0.028546,0.000000,0.013868,0
1790547629.4909,0.000988,0.022877,-0.013986,-0.021363,0.000988,0.000000,0.120000,0.000000,0.342983,0.000296,-0.014283,-0.000000,0.006863,-0.028226,0.000000,0.013991,0
1790547629.5048,0.003673,0.022448,-0.013130,-0.021181,0.003673,0.000000,0.120000,0.000000,0.373075,0.001102,-0.014232,0.000000,0.006734,-0.027915,-0.000000,0.013842,0
1790547629.5187,-0.000357,0.019025,-0.014344,-0.021942,-0.000357,0.000000,0.120000,0.000000,0.403421,-0.000107,-0.014237,-0.000000,0.005707,-0.027650,-0.000000,0.013959,0
1790547629.5329,-0.000146,0.008731,-0.014283,-0.024907,-0.000146,0.000000,0.120000,0.000000,0.434046,-0.000044,-0.014239,0.000000,0.002619,-0.027527,-0.000000,0.014087,0
1790547629.5471,-0.011934,-0.001816,-0.017989,-0.028097,-0.011934,0.000000,0.120000,0.000000,0.465074,-0.003580,-0.014409,-0.000000,-0.000545,-0.027553,-0.000000,0.014273,0
1790547629.5611,-0.026478,-0.013982,-0.022723,-0.031943,-0.026478,0.000000,0.120000,0.000000,0.495483,-0.007943,-0.014780,-0.000000,-0.004195,-0.027748,-0.000000,0.013988,0
1790547629.5751,-0.042038,-0.026618,-0.027982,-0.036107,-0.042038,0.000000,0.120000,0.000000,0.526030,-0.012611,-0.015370,-0.000000,-0.007985,-0.028122,-0.000000,0.014052,0
1790547629.5887,-0.056207,-0.035714,-0.032997,-0.039322,-0.056207,0.000000,0.120000,0.000000,0.555594,-0.016862,-0.016135,-0.000000,-0.010714,-0.028608,-0.000000,0.013599,0
1790547629.6024,-0.061775,-0.042932,-0.035511,-0.042074,-0.061775,0.000000,0.120000,0.000000,0.585297,-0.018533,-0.016979,-0.000000,-0.012880,-0.029195,-0.000000,0.013663,0
1790547629.6163,-0.058766,-0.048392,-0.035426,-0.044385,-0.058766,0.000000,0.120000,0.000000,0.615543,-0.017630,-0.017796,0.000000,-0.014518,-0.029868,-0.000000,0.013913,0
1790547629.6302,-0.054105,-0.050528,-0.034783,-0.045732,-0.054105,0.000000,0.120000,0.000000,0.645896,-0.016232,-0.018552,0.000000,-0.015158,-0.030573,-0.000000,0.013962,0
1790547629.6442,-0.051373,-0.053954,-0.034681,-0.047513,-0.051373,0.000000,0.120000,0.000000,0.676268,-0.015412,-0.019270,0.000000,-0.016186,-0.031327,-0.000000,0.013971,0
1790547629.6584,-0.046037,-0.052980,-0.033721,-0.047959,-0.046037,0.000000,0.120000,0.000000,0.706538,-0.013811,-0.019911,0.000000,-0.015894,-0.032065,0.000000,0.013924,0
1790547629.6728,-0.039166,-0.045335,-0.032227,-0.046321,-0.039166,0.000000,0.120000,0.000000,0.737991,-0.011750,-0.020477,0.000000,-0.013600,-0.032721,0.000000,0.014468,0
1790547629.6869,-0.029050,-0.033386,-0.029605,-0.043211,-0.029050,0.000000,0.120000,0.000000,0.768861,-0.008715,-0.020890,0.000000,-0.010016,-0.033195,0.000000,0.014200,0
1790547629.7009,-0.014888,-0.015377,-0.025565,-0.038024,-0.014888,0.000000,0.120000,0.000000,0.799418,-0.004466,-0.021099,0.000000,-0.004613,-0.033411,0.000000,0.014056,0
1790547629.7148,-0.007017,0.005529,-0.023302,-0.031675,-0.007017,0.000000,0.120000,0.000000,0.829701,-0.002105,-0.021197,0.000000,0.001659,-0.033334,0.000000,0.013930,0
1790547629.7287,0.005421,0.026520,-0.019495,-0.025010,0.005421,0.000000,0.120000,0.000000,0.859891,0.001626,-0.021121,0.000000,0.007956,-0.032966,0.000000,0.013888,0
1790547629.7428,-0.004222,0.027929,-0.022447,-0.024197,-0.004222,0.000000,0.120000,0.000000,0.890259,-0.001266,-0.021180,-0.000000,0.008379,-0.032575,0.000000,0.013969,0
1790547629.7568,0.010983,0.019047,-0.017730,-0.026592,0.010983,0.000000,0.120000,0.000000,0.920960,0.003295,-0.021025,0.000000,0.005714,-0.032306,-0.000000,0.014122,0
1790547629.7708,0.011839,0.016576,-0.017307,-0.027101,0.011839,0.000000,0.120000,0.000000,0.951491,0.003552,-0.020859,0.000000,0.004973,-0.032074,-0.000000,0.014044,0
1790547629.7850,0.010696,0.010141,-0.017500,-0.028889,0.010696,0.000000,0.120000,0.000000,0.982096,0.003209,-0.020708,-0.000000,0.003042,-0.031931,-0.000000,0.014078,0
1790547629.7989,0.019536,0.004367,-0.014575,-0.030560,0.019536,0.000000,0.120000,0.000000,0.012481,0.005861,-0.020435,0.000000,0.001310,-0.031870,-0.000000,0.013977,0
1790547629.8126,0.027692,-0.005653,-0.011749,-0.033643,0.027692,0.000000,0.120000,0.000000,0.042234,0.008308,-0.020056,0.000000,-0.001696,-0.031947,-0.000000,0.013686,0
1790547629.8262,0.037088,-0.014737,-0.008425,-0.036569,0.037088,0.000000,0.120000,0.000000,0.071863,0.011126,-0.019551,0.000000,-0.004421,-0.032148,-0.000000,0.013629,0
1790547629.8401,0.044031,-0.020600,-0.005729,-0.038614,0.044031,0.000000,0.120000,0.000000,0.102094,0.013209,-0.018939,0.000000,-0.006180,-0.032435,-0.000000,0.013906,0
1790547629.8541,0.049252,-0.027014,-0.003475,-0.040916,0.049252,0.000000,0.120000,0.000000,0.132457,0.014776,-0.018251,0.000000,-0.008104,-0.032812,-0.000000,0.013967,0
1790547629.8680,0.045229,-0.029247,-0.004050,-0.041994,0.045229,0.000000,0.120000,0.000000,0.162825,0.013569,-0.017619,-0.000000,-0.008774,-0.033220,-0.000000,0.013969,0
1790547629.8821,0.031594,-0.022535,-0.007696,-0.040298,0.031594,0.000000,0.120000,0.000000,0.193418,0.009478,-0.017174,-0.000000,-0.006760,-0.033538,0.000000,0.014073,0
1790547629.8961,0.025099,-0.010760,-0.009295,-0.036916,0.025099,0.000000,0.119770,0.000000,0.223729,0.007530,-0.016824,-0.000000,-0.003228,-0.033688,0.000000,0.013943,0
1790547629.9105,0.021170,0.001873,-0.010174,-0.033099,0.021170,0.000000,0.119068,0.000000,0.254471,0.006351,-0.016525,-0.000000,0.000562,-0.033661,0.000000,0.014141,0
1790547629.9247,0.012210,0.018590,-0.012686,-0.027816,0.012210,0.000000,0.117873,0.000000,0.285830,0.003663,-0.016349,-0.000000,0.005577,-0.033393,0.000000,0.014425,0
1790547629.9387,0.008160,0.029353,-0.013786,-0.024173,0.008160,0.000000,0.116245,0.000000,0.316467,0.002448,-0.016234,-0.000000,0.008806,-0.032979,0.000000,0.014093,0
1790547629.9526,0.004802,0.032707,-0.014726,-0.022712,0.004802,0.000000,0.114204,0.000000,0.346743,0.001441,-0.016167,-0.000000,0.009812,-0.032524,0.000000,0.013927,0
1790547629.9667,0.004007,0.032892,-0.014909,-0.022194,0.004007,0.000000,0.111726,0.000000,0.377271,0.001202,-0.016111,-0.000000,0.009868,-0.032062,0.000000,0.014043,0
1790547629.9808,-0.000206,0.029469,-0.016175,-0.022806,-0.000206,0.000000,0.108833,0.000000,0.407934,-0.000062,-0.016114,-0.000000,0.008841,-0.031646,-0.000000,0.014105,0
1790547629.9947,-0.004870,0.022009,-0.017642,-0.024737,-0.004870,0.000000,0.105603,0.000000,0.438177,-0.001461,-0.016181,-0.000000,0.006603,-0.031340,-0.000000,0.013912,0
1790547630.0086,-0.016527,0.010468,-0.021370,-0.028053,-0.016527,0.000000,0.102013,0.000000,0.468516,-0.004958,-0.016412,-0.000000,0.003141,-0.031194,-0.000000,0.013956,0
1790547630.0225,-0.030279,-0.004743,-0.025916,-0.032683,-0.030279,0.000000,0.098122,0.000000,0.498693,-0.009084,-0.016832,-0.000000,-0.001423,-0.031260,-0.000000,0.013881,0
1790547630.0364,-0.047327,-0.017504,-0.031690,-0.036755,-0.047327,0.000000,0.093925,0.000000,0.528977,-0.014198,-0.017492,-0.000000,-0.005251,-0.031504,-0.000000,0.013931,0
1790547630.0500,-0.059634,-0.028952,-0.036190,-0.040582,-0.059634,0.000000,0.089591,0.000000,0.558452,-0.017890,-0.018300,-0.000000,-0.008686,-0.031896,-0.000000,0.013559,0
1790547630.0635,-0.069719,-0.041478,-0.040161,-0.044902,-0.069719,0.000000,0.085043,0.000000,0.587926,-0.020916,-0.019245,-0.000000,-0.012443,-0.032458,-0.000000,0.013558,0
1790547630.0774,-0.067042,-0.048657,-0.040290,-0.047732,-0.067042,0.000000,0.080191,0.000000,0.618147,-0.020113,-0.020177,0.000000,-0.014597,-0.033135,-0.000000,0.013902,0
1790547630.0913,-0.064190,-0.049029,-0.040326,-0.048525,-0.064190,0.000000,0.075187,0.000000,0.648359,-0.019257,-0.021069,0.000000,-0.014709,-0.033816,-0.000000,0.013898,0
1790547630.1054,-0.064143,-0.047617,-0.041203,-0.048763,-0.064143,0.000000,0.070071,0.000000,0.678546,-0.019243,-0.021960,0.000000,-0.014285,-0.034477,0.000000,0.013886,0
1790547630.1193,-0.054200,-0.042623,-0.038982,-0.047863,-0.054200,0.000000,0.064817,0.000000,0.709092,-0.016260,-0.022722,0.000000,-0.012787,-0.035076,0.000000,0.014051,0
1790547630.1334,-0.048360,-0.031053,-0.037909,-0.044829,-0.048360,0.000000,0.059524,0.000000,0.739644,-0.014508,-0.023401,0.000000,-0.009316,-0.035513,0.000000,0.014054,0
1790547630.1473,-0.039314,-0.013428,-0.035745,-0.039729,-0.039314,0.000000,0.054260,0.000000,0.770049,-0.011794,-0.023951,0.000000,-0.004028,-0.035701,0.000000,0.013986,0
1790547630.1616,-0.024119,0.004516,-0.031522,-0.034283,-0.024119,0.000000,0.049071,0.000000,0.800271,-0.007236,-0.024287,0.000000,0.001355,-0.035638,0.000000,0.013902,0
1790547630.1759,-0.006412,0.023425,-0.026303,-0.028270,-0.006412,0.000000,0.043744,0.000000,0.831825,-0.001924,-0.024380,0.000000,0.007027,-0.035298,0.000000,0.014515,0
1790547630.1899,-0.014946,0.021180,-0.029074,-0.028645,-0.014946,0.000000,0.038702,0.000000,0.862451,-0.004484,-0.024590,-0.000000,0.006354,-0.034999,-0.000000,0.014088,0
1790547630.2038,-0.014311,0.015800,-0.029084,-0.030038,-0.014311,0.000000,0.033863,0.000000,0.892839,-0.004293,-0.024790,0.000000,0.004740,-0.034779,-0.000000,0.013979,0
1790547630.2178,-0.006054,0.016703,-0.026691,-0.029535,-0.006054,0.000000,0.029247,0.000000,0.923091,-0.001816,-0.024874,0.000000,0.005011,-0.034546,0.000000,0.013916,0
1790547630.2319,-0.001209,0.016658,-0.025254,-0.029314,-0.001209,0.000000,0.024805,0.000000,0.953774,-0.000363,-0.024892,0.000000,0.004997,-0.034311,-0.000000,0.014114,0
1790547630.2458,0.008278,0.008083,-0.022293,-0.031774,0.008278,0.000000,0.020705,0.000000,0.983957,0.002483,-0.024777,0.000000,0.002425,-0.034199,-0.000000,0.013884,0
1790547630.2596,0.023941,-0.007737,-0.017261,-0.036628,0.023941,0.000000,0.016898,0.000000,0.014190,0.007182,-0.024444,0.000000,-0.002321,-0.034306,-0.000000,0.013907,0
1790547630.2733,0.038186,-0.020863,-0.012467,-0.040850,0.038186,0.000000,0.013483,0.000000,0.043846,0.011456,-0.023923,0.000000,-0.006259,-0.034591,-0.000000,0.013641,0
1790547630.2870,0.049236,-0.027972,-0.008477,-0.043366,0.049236,0.000000,0.010395,0.000000,0.073651,0.014771,-0.023248,0.000000,-0.008392,-0.034975,-0.000000,0.013710,0
1790547630.3011,0.054359,-0.033622,-0.006175,-0.045534,0.054359,0.000000,0.007608,0.000000,0.104241,0.016308,-0.022483,0.000000,-0.010087,-0.035448,-0.000000,0.014072,0
1790547630.3150,0.045281,-0.038046,-0.008271,-0.047389,0.045281,0.000000,0.005262,0.000000,0.134386,0.013584,-0.021855,-0.000000,-0.011414,-0.035975,-0.000000,0.013867,0
1790547630.3290,0.034651,-0.031387,-0.010972,-0.045833,0.034651,0.000000,0.003307,0.000000,0.164962,0.010395,-0.021368,-0.000000,-0.009416,-0.036417,0.000000,0.014065,0
1790547630.3430,0.033124,-0.017923,-0.010965,-0.042045,0.033124,0.000000,0.001797,0.000000,0.195487,0.009937,-0.020902,-0.000000,-0.005377,-0.036668,0.000000,0.014041,0
1790547630.3573,0.032829,-0.007364,-0.010598,-0.038980,0.032829,0.000000,0.000749,0.000000,0.225663,0.009849,-0.020447,-0.000000,-0.002209,-0.036771,0.000000,0.013881,0
1790547630.3719,0.024319,0.009179,-0.012791,-0.033881,0.024319,0.000000,0.000127,0.000000,0.257893,0.007296,-0.020086,-0.000000,0.002754,-0.036634,0.000000,0.014826,0
1790547630.3861,0.020956,0.024926,-0.013501,-0.028801,0.020956,0.000000,0.000000,0.000000,0.288896,0.006287,-0.019787,-0.000000,0.007478,-0.036279,0.000000,0.014261,0
