t,imu_roll,imu_pitch,pid_roll,pid_pitch,roll_meas,banked_roll,eff_lin,eff_ang,phase,p_roll,i_roll,d_roll,p_pitch,i_pitch,d_pitch,dt,ik_clamped
1790547734.5333,0.006150,-0.022803,0.000000,0.000000,0.006150,0.000000,0.000000,0.000000,0.000079,0.000000,0.000000,0.000000,-0.000000,-0.000000,0.000000,0.010000,0
1790547734.5476,0.002307,-0.028349,0.000000,-0.000000,0.002307,0.000000,0.000283,0.000000,0.033706,0.000000,0.000000,-0.000000,-0.000000,-0.000000,-0.000000,0.015468,0
1790547734.5613,0.008741,-0.030644,0.000000,-0.000000,0.008741,0.000000,0.001011,0.000000,0.063679,0.000000,0.000000,0.000000,-0.000000,-0.000000,-0.000000,0.013788,0
1790547734.5750,0.011877,-0.029348,0.000000,0.000000,0.011877,0.000000,0.002177,0.000000,0.093569,0.000000,0.000000,0.000000,-0.000000,-0.000000,0.000000,0.013750,0
1790547734.5889,0.014709,-0.028743,0.000000,0.000000,0.014709,0.000000,0.003800,0.000000,0.123877,0.000000,0.000000,0.000000,-0.000000,-0.000000,0.000000,0.013941,0
1790547734.6029,0.013263,-0.027388,0.000000,0.000000,0.013263,0.000000,0.005861,0.000000,0.154279,0.000000,0.000000,-0.000000,-0.000000,-0.000000,0.000000,0.013985,0
1790547734.6172,0.014860,-0.026083,0.000000,0.000000,0.014860,0.000000,0.008359,0.000000,0.184898,0.000000,0.000000,0.000000,-0.000000,-0.000000,0.000000,0.014085,0
1790547734.6314,0.014664,-0.024286,0.000000,0.000000,0.014664,0.000000,0.011327,0.000000,0.216173,0.000000,0.000000,-0.000000,-0.000000,-0.000000,0.000000,0.014387,0
1790547734.6454,0.017580,-0.021130,0.000000,0.000000,0.017580,0.000000,0.014592,0.000000,0.246558,0.000000,0.000000,0.000000,-0.000000,-0.000000,0.000000,0.013977,0
1790547734.6594,0.018579,-0.015561,0.000000,0.000000,0.018579,0.000000,0.018228,0.000000,0.277119,0.000000,0.000000,0.000000,-0.000000,-0.000000,0.000000,0.014058,0
1790547734.6733,0.022117,-0.009614,0.000000,0.000000,0.022117,0.000000,0.022155,0.000000,0.307410,0.000000,0.000000,0.000000,-0.000000,-0.000000,0.000000,0.013934,0
1790547734.6873,0.018115,-0.008128,0.000000,0.000000,0.018115,0.000000,0.026370,0.000000,0.337700,0.000000,0.000000,-0.000000,-0.000000,-0.000000,0.000000,0.013933,0
1790547734.7013,0.010753,-0.014478,0.000000,-0.000000,0.010753,0.000000,0.030884,0.000000,0.368258,0.000000,0.000000,-0.000000,-0.000000,-0.000000,-0.000000,0.014057,0
1790547734.7153,0.011951,-0.017420,0.000000,-0.000000,0.011951,0.000000,0.035596,0.000000,0.398629,0.000000,0.000000,0.000000,-0.000000,-0.000000,-0.000000,0.013971,0
1790547734.7294,0.015574,-0.020428,0.000000,-0.000000,0.015574,0.000000,0.040514,0.000000,0.429119,0.000000,0.000000,0.000000,-0.000000,-0.000000,-0.000000,0.014025,0
1790547734.7434,0.021081,-0.027398,0.000000,-0.000000,0.021081,0.000000,0.045597,0.000000,0.459687,0.000000,0.000000,0.000000,-0.000000,-0.000000,-0.000000,0.014061,0
1790547734.7573,0.019981,-0.033906,0.000000,-0.000000,0.019981,0.000000,0.050755,0.000000,0.490035,0.000000,0.000000,-0.000000,-0.000000,-0.000000,-0.000000,0.013960,0
1790547734.7713,0.019414,-0.040632,0.000000,-0.000000,0.019414,0.000000,0.055978,0.000000,0.520350,0.000000,0.000000,-0.000000,-0.000000,-0.000000,-0.000000,0.013945,0
1790547734.7850,0.013012,-0.043130,0.000000,-0.000000,0.013012,0.000000,0.061114,0.000000,0.549983,0.000000,0.000000,-0.000000,-0.000000,-0.000000,-0.000000,0.013631,0
1790547734.7986,0.011095,-0.042096,0.000000,0.000000,0.011095,0.000000,0.066258,0.000000,0.579710,0.000000,0.000000,-0.000000,-0.000000,-0.000000,0.000000,0.013674,0
1790547734.8125,0.010729,-0.039686,0.000000,0.000000,0.010729,0.000000,0.071454,0.000000,0.610014,0.000000,0.000000,-0.000000,-0.000000,-0.000000,0.000000,0.013940,0
1790547734.8267,0.008241,-0.037576,0.000000,0.000000,0.008241,0.000000,0.076620,0.000000,0.640669,0.000000,0.000000,-0.000000,-0.000000,-0.000000,0.000000,0.014102,0
1790547734.8407,0.007235,-0.033977,0.000000,0.000000,0.007235,0.000000,0.081609,0.000000,0.671030,0.000000,0.000000,-0.000000,-0.000000,-0.000000,0.000000,0.013966,0
1790547734.8547,0.008585,-0.023290,0.000000,0.000000,0.008585,0.000000,0.086484,0.000000,0.701728,0.000000,0.000000,0.000000,-0.000000,-0.000000,0.000000,0.014121,0
1790547734.8690,0.009350,-0.013036,0.000000,0.000000,0.009350,0.000000,0.091109,0.000000,0.732151,0.000000,0.000000,0.000000,-0.000000,-0.000000,0.000000,0.013995,0
1790547734.8832,0.003030,-0.014036,0.000000,-0.000000,0.003030,0.000000,0.095624,0.000000,0.763499,0.000000,0.000000,-0.000000,-0.000000,-0.000000,-0.000000,0.014420,0
1790547734.8972,0.001634,-0.008779,0.000000,0.000000,0.001634,0.000000,0.099749,0.000000,0.794100,0.000000,0.000000,-0.000000,-0.000000,-0.000000,0.000000,0.014077,0
1790547734.9113,0.005322,-0.002320,0.000000,0.000000,0.005322,0.000000,0.103554,0.000000,0.824622,0.000000,0.000000,0.000000,-0.000000,-0.000000,0.000000,0.014040,0
1790547734.9253,0.019786,-0.002485,0.000000,-0.000000,0.019786,0.000000,0.107017,0.000000,0.855109,0.000000,0.000000,0.000000,-0.000000,-0.000000,-0.000000,0.014024,0
1790547734.9392,0.013364,-0.006793,0.000000,-0.000000,0.013364,0.000000,0.110101,0.000000,0.885456,0.000000,0.000000,-0.000000,-0.000000,-0.000000,-0.000000,0.013959,0
1790547734.9531,0.018515,-0.012377,0.000000,-0.000000,0.018515,0.000000,0.112794,0.000000,0.915722,0.000000,0.000000,0.000000,-0.000000,-0.000000,-0.000000,0.013923,0
1790547734.9670,0.022802,-0.013429,0.000000,-0.000000,0.022802,0.000000,0.115070,0.000000,0.945807,0.000000,0.000000,0.000000,-0.000000,-0.000000,-0.000000,0.013839,0
1790547734.9808,0.022627,-0.016516,0.000000,-0.000000,0.022627,0.000000,0.116936,0.000000,0.975987,0.000000,0.000000,-0.000000,-0.000000,-0.000000,-0.000000,0.013883,0
1790547734.9947,0.025091,-0.014923,0.000000,0.000000,0.025091,0.000000,0.118366,0.000000,0.006117,0.000000,0.000000,0.000000,-0.000000,-0.000000,0.000000,0.013860,0
1790547735.0081,0.021798,-0.008930,0.000000,0.000000,0.021798,0.000000,0.119332,0.000000,0.035370,0.000000,0.000000,-0.000000,-0.000000,-0.000000,0.000000,0.013457,0
1790547735.0218,0.020339,-0.009116,0.000000,-0.000000,0.020339,0.000000,0.119877,0.000000,0.064862,0.000000,0.000000,-0.000000,-0.000000,-0.000000,-0.000000,0.013566,0
1790547735.0353,0.021838,-0.011399,0.000000,-0.000000,0.021838,0.000000,0.120000,0.000000,0.094477,0.000000,0.000000,0.000000,-0.000000,-0.000000,-0.000000,0.013623,0
1790547735.0494,0.021110,-0.011255,0.000000,0.000000,0.021110,0.000000,0.120000,0.000000,0.124862,0.000000,0.000000,-0.000000,-0.000000,-0.000000,0.000000,0.013977,0
1790547735.0633,0.018743,-0.008121,0.000000,0.000000,0.018743,0.000000,0.120000,0.000000,0.155254,0.000000,0.000000,-0.000000,-0.000000,-0.000000,0.000000,0.013980,0
1790547735.0772,0.017022,-0.001750,0.000000,0.000000,0.017022,0.000000,0.120000,0.000000,0.185475,0.000000,0.000000,-0.000000,-0.000000,-0.000000,0.000000,0.013901,0
1790547735.0911,0.012144,0.002369,0.000000,0.000000,0.012144,0.000000,0.120000,0.000000,0.215525,0.000000,0.000000,-0.000000,0.000000,-0.000000,0.000000,0.013823,0
1790547735.1051,0.011490,0.005502,0.000000,0.000000,0.011490,0.000000,0.120000,0.000000,0.245899,0.000000,0.000000,-0.000000,0.000000,-0.000000,0.000000,0.013972,0
1790547735.1196,0.014908,0.002502,0.000000,0.000000,0.014908,0.000000,0.120000,0.000000,0.277065,0.000000,0.000000,0.000000,0.000000,-0.000000,-0.000000,0.014336,0
1790547735.1342,0.011859,-0.003077,0.000000,-0.000000,0.011859,0.000000,0.120000,0.000000,0.308788,0.000000,0.000000,-0.000000,-0.000000,-0.000000,-0.000000,0.014593,0
1790547735.1484,0.004117,-0.013545,0.000000,-0.000000,0.004117,0.000000,0.120000,0.000000,0.340121,0.000000,0.000000,-0.000000,-0.000000,-0.000000,-0.000000,0.014413,0
1790547735.1627,-0.000322,-0.024795,0.000000,-0.000000,-0.000322,0.000000,0.120000,0.000000,0.370729,-0.000000,0.000000,-0.000000,-0.000000,-0.000000,-0.000000,0.014080,0
1790547735.1768,0.000309,-0.034663,0.000000,-0.000000,0.000309,0.000000,0.120000,0.000000,0.401680,0.000000,0.000000,0.000000,-0.000000,-0.000000,-0.000000,0.014238,0
1790547735.1908,-0.002912,-0.040859,0.000000,-0.000000,-0.002912,0.000000,0.120000,0.000000,0.432404,-0.000000,0.000000,-0.000000,-0.000000,-0.000000,-0.000000,0.014133,0
1790547735.2047,-0.008737,-0.048009,0.000000,-0.000000,-0.008737,0.000000,0.120000,0.000000,0.462593,-0.000000,0.000000,-0.000000,-0.000000,-0.000000,-0.000000,0.013887,0
1790547735.2186,-0.019856,-0.057548,0.000000,-0.000000,-0.019856,0.000000,0.120000,0.000000,0.492796,-0.000000,0.000000,-0.000000,-0.000000,-0.000000,-0.000000,0.013894,0
1790547735.2325,-0.032147,-0.068107,0.000000,-0.000000,-0.032147,0.000000,0.120000,0.000000,0.523062,-0.000000,0.000000,-0.000000,-0.000000,-0.000000,-0.000000,0.013922,0
1790547735.2460,-0.040517,-0.073802,0.000000,-0.000000,-0.040517,0.000000,0.120000,0.000000,0.552552,-0.000000,0.000000,-0.000000,-0.000000,-0.000000,-0.000000,0.013565,0
1790547735.2596,-0.042454,-0.079882,0.000000,-0.000000,-0.042454,0.000000,0.120000,0.000000,0.581995,-0.000000,0.000000,-0.000000,-0.000000,-0.000000,-0.000000,0.013544,0
1790547735.2735,-0.040204,-0.083467,0.000000,-0.000000,-0.040204,0.000000,0.120000,0.000000,0.612229,-0.000000,0.000000,0.000000,-0.000000,-0.000000,-0.000000,0.013908,0
1790547735.2874,-0.036347,-0.085821,0.000000,-0.000000,-0.036347,0.000000,0.120000,0.000000,0.642355,-0.000000,0.000000,0.000000,-0.000000,-0.000000,-0.000000,0.013858,0
1790547735.3013,-0.036765,-0.086966,0.000000,-0.000000,-0.036765,0.000000,0.120000,0.000000,0.672646,-0.000000,0.000000,-0.000000,-0.000000,-0.000000,-0.000000,0.013934,0
1790547735.3152,-0.037699,-0.086817,0.000000,0.000000,-0.037699,0.000000,0.120000,0.000000,0.702741,-0.000000,0.000000,-0.000000,-0.000000,-0.000000,0.000000,0.013844,0
1790547735.3292,-0.035382,-0.079752,0.000000,0.000000,-0.035382,0.000000,0.120000,0.000000,0.733240,-0.000000,0.000000,0.000000,-0.000000,-0.000000,0.000000,0.014030,0
1790547735.3432,-0.030462,-0.068874,0.000000,0.000000,-0.030462,0.000000,0.120000,0.000000,0.763620,-0.000000,0.000000,0.000000,-0.000000,-0.000000,0.000000,0.013975,0
1790547735.3571,-0.027154,-0.057822,0.000000,0.000000,-0.027154,0.000000,0.120000,0.000000,0.793993,-0.000000,0.000000,0.000000,-0.000000,-0.000000,0.000000,0.013972,0
1790547735.3711,-0.017763,-0.047676,0.000000,0.000000,-0.017763,0.000000,0.120000,0.000000,0.824310,-0.000000,0.000000,0.000000,-0.000000,-0.000000,0.000000,0.013946,0
1790547735.3855,-0.017688,-0.044213,0.000000,0.000000,-0.017688,0.000000,0.120000,0.000000,0.855103,-0.000000,0.000000,0.000000,-0.000000,-0.000000,0.000000,0.014165,0
1790547735.3995,-0.017528,-0.048974,0.000000,-0.000000,-0.017528,0.000000,0.120000,0.000000,0.885952,-0.000000,0.000000,0.000000,-0.000000,-0.000000,-0.000000,0.014190,0
1790547735.4134,-0.007055,-0.058753,0.000000,-0.000000,-0.007055,0.000000,0.120000,0.000000,0.916291,-0.000000,0.000000,0.000000,-0.000000,-0.000000,-0.000000,0.013956,0
1790547735.4273,-0.005115,-0.062994,0.000000,-0.000000,-0.005115,0.000000,0.120000,0.000000,0.946415,-0.000000,0.000000,0.000000,-0.000000,-0.000000,-0.000000,0.013857,0
1790547735.4412,-0.000343,-0.071181,0.000000,-0.000000,-0.000343,0.000000,0.120000,0.000000,0.976753,-0.000000,0.000000,0.000000,-0.000000,-0.000000,-0.000000,0.013956,0
1790547735.4551,0.014322,-0.078219,0.000000,-0.000000,0.014322,0.000000,0.120000,0.000000,0.007002,0.000000,0.000000,0.000000,-0.000000,-0.000000,-0.000000,0.013914,0
1790547735.4698,0.026334,-0.086671,0.000000,-0.000000,0.026334,0.000000,0.120000,0.000000,0.037767,0.000000,0.000000,0.000000,-0.000000,-0.000000,-0.000000,0.014152,0
1790547735.4843,0.032475,-0.092502,0.000000,-0.000000,0.032475,0.000000,0.120000,0.000000,0.069783,0.000000,0.000000,0.000000,-0.000000,-0.000000,-0.000000,0.014727,0
1790547735.4986,0.041334,-0.101577,0.000000,-0.000000,0.041334,0.000000,0.120000,0.000000,0.101028,0.000000,0.000000,0.000000,-0.000000,-0.000000,-0.000000,0.014373,0
1790547735.5133,0.038434,-0.113524,0.000000,-0.000000,0.038434,0.000000,0.120000,0.000000,0.132557,0.000000,0.000000,-0.000000,-0.000000,-0.000000,-0.000000,0.014503,0
1790547735.5283,0.028485,-0.108802,0.000000,0.000000,0.028485,0.000000,0.120000,0.000000,0.165565,0.000000,0.000000,-0.000000,-0.000000,-0.000000,0.000000,0.015183,0
1790547735.5422,0.030806,-0.099909,0.000000,0.000000,0.030806,0.000000,0.120000,0.000000,0.195941,0.000000,0.000000,0.000000,-0.000000,-0.000000,0.000000,0.013973,0
1790547735.5557,0.031592,-0.093848,0.000000,0.000000,0.031592,0.000000,0.120000,0.000000,0.225447,0.000000,0.000000,0.000000,-0.000000,-0.000000,0.000000,0.013573,0
1790547735.5696,0.023026,-0.084116,0.000000,0.000000,0.023026,0.000000,0.120000,0.000000,0.255806,0.000000,0.000000,-0.000000,-0.000000,-0.000000,0.000000,0.013965,0
1790547735.5836,0.016014,-0.074512,0.000000,0.000000,0.016014,0.000000,0.120000,0.000000,0.286184,0.000000,0.000000,-0.000000,-0.000000,-0.000000,0.000000,0.013974,0
1790547735.5975,0.010437,-0.063871,0.000000,0.000000,0.010437,0.000000,0.120000,0.000000,0.316548,0.000000,0.000000,-0.000000,-0.000000,-0.000000,0.000000,0.013967,0
1790547735.6115,0.017043,-0.064280,0.000000,-0.000000,0.017043,0.000000,0.120000,0.000000,0.346906,0.000000,0.000000,0.000000,-0.000000,-0.000000,-0.000000,0.013965,0
1790547735.6255,0.018324,-0.064500,0.000000,-0.000000,0.018324,0.000000,0.120000,0.000000,0.377267,0.000000,0.000000,0.000000,-0.000000,-0.000000,-0.000000,0.013966,0
1790547735.6400,0.012287,-0.068677,0.000000,-0.000000,0.012287,0.000000,0.120000,0.000000,0.408330,0.000000,0.000000,-0.000000,-0.000000,-0.000000,-0.000000,0.014289,0
1790547735.6543,0.007015,-0.076167,0.000000,-0.000000,0.007015,0.000000,0.120000,0.000000,0.439540,0.000000,0.000000,-0.000000,-0.000000,-0.000000,-0.000000,0.014357,0
1790547735.6684,-0.006838,-0.084516,0.000000,-0.000000,-0.006838,0.000000,0.120000,0.000000,0.470629,-0.000000,0.000000,-0.000000,-0.000000,-0.000000,-0.000000,0.014301,0
1790547735.6823,-0.017968,-0.092405,0.000000,-0.000000,-0.017968,0.000000,0.120000,0.000000,0.500761,-0.000000,0.000000,-0.000000,-0.000000,-0.000000,-0.000000,0.013861,0
1790547735.6959,-0.028776,-0.098922,0.000000,-0.000000,-0.028776,0.000000,0.120000,0.000000,0.530378,-0.000000,0.000000,-0.000000,-0.000000,-0.000000,-0.000000,0.013624,0
1790547735.7095,-0.036473,-0.103112,0.000000,-0.000000,-0.036473,0.000000,0.120000,0.000000,0.559954,-0.000000,0.000000,-0.000000,-0.000000,-0.000000,-0.000000,0.013605,0
1790547735.7231,-0.042166,-0.108253,0.000000,-0.000000,-0.042166,0.000000,0.120000,0.000000,0.589594,-0.000000,0.000000,-0.000000,-0.000000,-0.000000,-0.000000,0.013634,0
1790547735.7370,-0.046552,-0.111075,0.000000,-0.000000,-0.046552,0.000000,0.120000,0.000000,0.619887,-0.000000,0.000000,-0.000000,-0.000000,-0.000000,-0.000000,0.013935,0
1790547735.7509,-0.042243,-0.116120,0.000000,-0.000000,-0.042243,0.000000,0.120000,0.000000,0.650102,-0.000000,0.000000,0.000000,-0.000000,-0.000000,-0.000000,0.013899,0
1790547735.7649,-0.033586,-0.113317,0.000000,0.000000,-0.033586,0.000000,0.120000,0.000000,0.680373,-0.000000,0.000000,0.000000,-0.000000,-0.000000,0.000000,0.013924,0
1790547735.7788,-0.030410,-0.107360,0.000000,0.000000,-0.030410,0.000000,0.120000,0.000000,0.710509,-0.000000,0.000000,0.000000,-0.000000,-0.000000,0.000000,0.013863,0
1790547735.7928,-0.031615,-0.099824,0.000000,0.000000,-0.031615,0.000000,0.120000,0.000000,0.741087,-0.000000,0.000000,-0.000000,-0.000000,-0.000000,0.000000,0.014066,0
1790547735.8067,-0.026935,-0.089000,0.000000,0.000000,-0.026935,0.000000,0.120000,0.000000,0.771240,-0.000000,0.000000,0.000000,-0.000000,-0.000000,0.000000,0.013870,0
1790547735.8211,-0.022980,-0.074015,0.000000,0.000000,-0.022980,0.000000,0.120000,0.000000,0.802198,-0.000000,0.000000,0.000000,-0.000000,-0.000000,0.000000,0.014241,0
1790547735.8351,-0.012884,-0.058853,0.000000,0.000000,-0.012884,0.000000,0.120000,0.000000,0.832883,-0.000000,0.000000,0.000000,-0.000000,-0.000000,0.000000,0.014115,0
1790547735.8491,-0.013324,-0.051779,0.000000,0.000000,-0.013324,0.000000,0.120000,0.000000,0.863321,-0.000000,0.000000,-0.000000,-0.000000,-0.000000,0.000000,0.014001,0
1790547735.8630,-0.021850,-0.049672,0.000000,0.000000,-0.021850,0.000000,0.120000,0.000000,0.893765,-0.000000,0.000000,-0.000000,-0.000000,-0.000000,0.000000,0.014004,0
1790547735.8769,-0.011072,-0.049544,0.000000,0.000000,-0.011072,0.000000,0.120000,0.000000,0.923824,-0.000000,0.000000,0.000000,-0.000000,-0.000000,0.000000,0.013827,0
1790547735.8913,-0.011306,-0.052407,0.000000,-0.000000,-0.011306,0.000000,0.120000,0.000000,0.955053,-0.000000,0.000000,-0.000000,-0.000000,-0.000000,-0.000000,0.014365,0
1790547735.9052,-0.003110,-0.060513,0.000000,-0.000000,-0.003110,0.000000,0.120000,0.000000,0.985462,-0.000000,0.000000,0.000000,-0.000000,-0.000000,-0.000000,0.013988,0
1790547735.9191,0.011818,-0.068236,0.000000,-0.000000,0.011818,0.000000,0.120000,0.000000,0.015734,0.000000,0.000000,0.000000,-0.000000,-0.000000,-0.000000,0.013925,0
1790547735.9327,0.021124,-0.074140,0.000000,-0.000000,0.021124,0.000000,0.120000,0.000000,0.045251,0.000000,0.000000,0.000000,-0.000000,-0.000000,-0.000000,0.013578,0
1790547735.9462,0.028275,-0.078648,0.000000,-0.000000,0.028275,0.000000,0.120000,0.000000,0.074524,0.000000,0.000000,0.000000,-0.000000,-0.000000,-0.000000,0.013466,0
1790547735.9600,0.035617,-0.083127,0.000000,-0.000000,0.035617,0.000000,0.120000,0.000000,0.104754,0.000000,0.000000,0.000000,-0.000000,-0.000000,-0.000000,0.013906,0
1790547735.9740,0.044844,-0.089349,0.000000,-0.000000,0.044844,0.000000,0.120000,0.000000,0.134930,0.000000,0.000000,0.000000,-0.000000,-0.000000,-0.000000,0.013881,0
1790547735.9878,0.041934,-0.092805,0.000000,-0.000000,0.041934,0.000000,0.120000,0.000000,0.165071,0.000000,0.000000,-0.000000,-0.000000,-0.000000,-0.000000,0.013865,0
1790547736.0016,0.041840,-0.086824,0.000000,0.000000,0.041840,0.000000,0.120000,0.000000,0.195127,0.000000,0.000000,-0.000000,-0.000000,-0.000000,0.000000,0.013826,0
1790547736.0155,0.044442,-0.076615,0.000000,0.000000,0.044442,0.000000,0.120000,0.000000,0.225349,0.000000,0.000000,0.000000,-0.000000,-0.000000,0.000000,0.013902,0
1790547736.0294,0.042328,-0.066957,0.000000,0.000000,0.042328,0.000000,0.120000,0.000000,0.255490,0.000000,0.000000,-0.000000,-0.000000,-0.000000,0.000000,0.013865,0
1790547736.0432,0.034722,-0.053668,0.000000,0.000000,0.034722,0.000000,0.120000,0.000000,0.285445,0.000000,0.000000,-0.000000,-0.000000,-0.000000,0.000000,0.013780,0
1790547736.0571,0.024336,-0.042756,0.000000,0.000000,0.024336,0.000000,0.120000,0.000000,0.315713,0.000000,0.000000,-0.000000,-0.000000,-0.000000,0.000000,0.013923,0
1790547736.0710,0.025308,-0.045375,0.000000,-0.000000,0.025308,0.000000,0.120000,0.000000,0.345972,0.000000,0.000000,0.000000,-0.000000,-0.000000,-0.000000,0.013919,0
1790547736.0852,0.026510,-0.044663,0.000000,0.000000,0.026510,0.000000,0.120000,0.000000,0.376562,0.000000,0.000000,0.000000,-0.000000,-0.000000,0.000000,0.014071,0
1790547736.0994,0.021683,-0.046358,0.000000,-0.000000,0.021683,0.000000,0.120000,0.000000,0.407444,0.000000,0.000000,-0.000000,-0.000000,-0.000000,-0.000000,0.014206,0
1790547736.1138,0.019047,-0.051398,0.000000,-0.000000,0.019047,0.000000,0.120000,0.000000,0.438616,0.000000,0.000000,-0.000000,-0.000000,-0.000000,-0.000000,0.014339,0
1790547736.1283,0.008461,-0.059139,0.000000,-0.000000,0.008461,0.000000,0.120000,0.000000,0.469573,0.000000,0.000000,-0.000000,-0.000000,-0.000000,-0.000000,0.014240,0
1790547736.1428,-0.000643,-0.069489,0.000000,-0.000000,-0.000643,0.000000,0.120000,0.000000,0.501791,-0.000000,0.000000,-0.000000,-0.000000,-0.000000,-0.000000,0.014820,0
1790547736.1567,-0.011190,-0.078981,0.000000,-0.000000,-0.011190,0.000000,0.120000,0.000000,0.531889,-0.000000,0.000000,-0.000000,-0.000000,-0.000000,-0.000000,0.013845,0
1790547736.1702,-0.020696,-0.084146,0.000000,-0.000000,-0.020696,0.000000,0.120000,0.000000,0.561555,-0.000000,0.000000,-0.000000,-0.000000,-0.000000,-0.000000,0.013647,0
1790547736.1839,-0.026682,-0.090835,0.000000,-0.000000,-0.026682,0.000000,0.120000,0.000000,0.591168,-0.000000,0.000000,-0.000000,-0.000000,-0.000000,-0.000000,0.013622,0
1790547736.1978,-0.032228,-0.097886,0.000000,-0.000000,-0.032228,0.000000,0.120000,0.000000,0.621552,-0.000000,0.000000,-0.000000,-0.000000,-0.000000,-0.000000,0.013977,0
1790547736.2117,-0.028228,-0.104429,0.000000,-0.000000,-0.028228,0.000000,0.120000,0.000000,0.651665,-0.000000,0.000000,0.000000,-0.000000,-0.000000,-0.000000,0.013852,0
1790547736.2256,-0.022242,-0.103971,0.000000,0.000000,-0.022242,0.000000,0.120000,0.000000,0.681978,-0.000000,0.000000,0.000000,-0.000000,-0.000000,0.000000,0.013944,0
1790547736.2395,-0.019123,-0.100105,0.000000,0.000000,-0.019123,0.000000,0.120000,0.000000,0.712191,-0.000000,0.000000,0.000000,-0.000000,-0.000000,0.000000,0.013898,0
1790547736.2534,-0.016749,-0.091969,0.000000,0.000000,-0.016749,0.000000,0.120000,0.000000,0.742350,-0.000000,0.000000,0.000000,-0.000000,-0.000000,0.000000,0.013873,0
1790547736.2674,-0.009570,-0.080326,0.000000,0.000000,-0.009570,0.000000,0.120000,0.000000,0.772725,-0.000000,0.000000,0.000000,-0.000000,-0.000000,0.000000,0.013972,0
1790547736.2813,-0.000569,-0.066779,0.000000,0.000000,-0.000569,0.000000,0.120000,0.000000,0.803055,-0.000000,0.000000,0.000000,-0.000000,-0.000000,0.000000,0.013952,0
1790547736.2953,0.011821,-0.053662,0.000000,0.000000,0.011821,0.000000,0.120000,0.000000,0.833383,0.000000,0.000000,0.000000,-0.000000,-0.000000,0.000000,0.013951,0
1790547736.3092,0.003201,-0.056417,0.000000,-0.000000,0.003201,0.000000,0.120000,0.000000,0.863691,0.000000,0.000000,-0.000000,-0.000000,-0.000000,-0.000000,0.013942,0
1790547736.3231,-0.002674,-0.060010,0.000000,-0.000000,-0.002674,0.000000,0.120000,0.000000,0.893901,-0.000000,0.000000,-0.000000,-0.000000,-0.000000,-0.000000,0.013896,0
1790547736.3370,0.003680,-0.060088,0.000000,-0.000000,0.003680,0.000000,0.120000,0.000000,0.924221,0.000000,0.000000,0.000000,-0.000000,-0.000000,-0.000000,0.013947,0
1790547736.3510,0.007965,-0.061180,0.000000,-0.000000,0.007965,0.000000,0.120000,0.000000,0.954460,0.000000,0.000000,0.000000,-0.000000,-0.000000,-0.000000,0.013910,0
1790547736.3649,0.013632,-0.067602,0.000000,-0.000000,0.013632,0.000000,0.120000,0.000000,0.984783,0.000000,0.000000,0.000000,-0.000000,-0.000000,-0.000000,0.013948,0
1790547736.3791,0.024228,-0.074020,0.000000,-0.000000,0.024228,0.000000,0.120000,0.000000,0.015169,0.000000,0.000000,0.000000,-0.000000,-0.000000,-0.000000,0.013978,0
1790547736.3933,0.034079,-0.079621,0.000000,-0.000000,0.034079,0.000000,0.120000,0.000000,0.046095,0.000000,0.000000,0.000000,-0.000000,-0.000000,-0.000000,0.014226,0
1790547736.4074,0.036295,-0.083132,0.000000,-0.000000,0.036295,0.000000,0.120000,0.000000,0.076849,0.000000,0.000000,0.000000,-0.000000,-0.000000,-0.000000,0.014147,0
1790547736.4216,0.043297,-0.088359,0.000000,-0.000000,0.043297,0.000000,0.120000,0.000000,0.107880,0.000000,0.000000,0.000000,-0.000000,-0.000000,-0.000000,0.014274,0
1790547736.4357,0.048811,-0.095384,0.000000,-0.000000,0.048811,0.000000,0.120000,0.000000,0.138475,0.000000,0.000000,0.000000,-0.000000,-0.000000,-0.000000,0.014074,0
1790547736.4499,0.040212,-0.098773,0.000000,-0.000000,0.040212,0.000000,0.120000,0.000000,0.169438,0.000000,0.000000,-0.000000,-0.000000,-0.000000,-0.000000,0.014243,0
1790547736.4640,0.035714,-0.091148,0.000000,0.000000,0.035714,0.000000,0.120000,0.000000,0.200200,0.000000,0.000000,-0.000000,-0.000000,-0.000000,0.000000,0.014151,0
1790547736.4777,0.034979,-0.080289,0.000000,0.000000,0.034979,0.000000,0.120000,0.000000,0.230148,0.000000,0.000000,-0.000000,-0.000000,-0.000000,0.000000,0.013776,0
1790547736.4917,0.029138,-0.069814,0.000000,0.000000,0.029138,0.000000,0.120000,0.000000,0.260414,0.000000,0.000000,-0.000000,-0.000000,-0.000000,0.000000,0.013922,0
1790547736.5057,0.021383,-0.057730,0.000000,0.000000,0.021383,0.000000,0.120000,0.000000,0.290809,0.000000,0.000000,-0.000000,-0.000000,-0.000000,0.000000,0.013982,0
1790547736.5195,0.012839,-0.044203,0.000000,0.000000,0.012839,0.000000,0.120000,0.000000,0.320903,0.000000,0.000000,-0.000000,-0.000000,-0.000000,0.000000,0.013844,0
1790547736.5335,0.020118,-0.044303,0.000000,-0.000000,0.020118,0.000000,0.120000,0.000000,0.351209,0.000000,0.000000,0.000000,-0.000000,-0.000000,-0.000000,0.013941,0
1790547736.5474,0.023098,-0.041998,0.000000,0.000000,0.023098,0.000000,0.120000,0.000000,0.381553,0.000000,0.000000,0.000000,-0.000000,-0.000000,0.000000,0.013958,0
1790547736.5614,0.022420,-0.041297,0.000000,0.000000,0.022420,0.000000,0.120000,0.000000,0.411961,0.000000,0.000000,-0.000000,-0.000000,-0.000000,0.000000,0.013988,0
1790547736.5753,0.026736,-0.043068,0.000000,-0.000000,0.026736,0.000000,0.120000,0.000000,0.442266,0.000000,0.000000,0.000000,-0.000000,-0.000000,-0.000000,0.013940,0
1790547736.5891,0.018019,-0.048318,0.000000,-0.000000,0.018019,0.000000,0.120000,0.000000,0.472204,0.000000,0.000000,-0.000000,-0.000000,-0.000000,-0.000000,0.013772,0
1790547736.6030,0.004380,-0.057456,0.000000,-0.000000,0.004380,0.000000,0.120000,0.000000,0.502352,0.000000,0.000000,-0.000000,-0.000000,-0.000000,-0.000000,0.013868,0
1790547736.6166,-0.008884,-0.066140,0.000000,-0.000000,-0.008884,0.000000,0.120000,0.000000,0.531909,-0.000000,0.000000,-0.000000,-0.000000,-0.000000,-0.000000,0.013596,0
1790547736.6304,-0.021101,-0.072370,0.000000,-0.000000,-0.021101,0.000000,0.120000,0.000000,0.561695,-0.000000,0.000000,-0.000000,-0.000000,-0.000000,-0.000000,0.013701,0
1790547736.6443,-0.029045,-0.078092,0.000000,-0.000000,-0.029045,0.000000,0.120000,0.000000,0.591970,-0.000000,0.000000,-0.000000,-0.000000,-0.000000,-0.000000,0.013927,0
1790547736.6583,-0.027074,-0.083938,0.000000,-0.000000,-0.027074,0.000000,0.120000,0.000000,0.622634,-0.000000,0.000000,0.000000,-0.000000,-0.000000,-0.000000,0.014106,0
1790547736.6722,-0.021775,-0.085861,0.000000,-0.000000,-0.021775,0.000000,0.120000,0.000000,0.652846,-0.000000,0.000000,0.000000,-0.000000,-0.000000,-0.000000,0.013897,0
1790547736.6862,-0.018209,-0.086044,0.000000,-0.000000,-0.018209,0.000000,0.120000,0.000000,0.683177,-0.000000,0.000000,0.000000,-0.000000,-0.000000,-0.000000,0.013952,0
1790547736.7001,-0.015907,-0.083499,0.000000,0.000000,-0.015907,0.000000,0.120000,0.000000,0.713432,-0.000000,0.000000,0.000000,-0.000000,-0.000000,0.000000,0.013917,0
1790547736.7143,-0.014044,-0.077787,0.000000,0.000000,-0.014044,0.000000,0.120000,0.000000,0.744262,-0.000000,0.000000,0.000000,-0.000000,-0.000000,0.000000,0.014182,0
1790547736.7283,-0.008502,-0.067883,0.000000,0.000000,-0.008502,0.000000,0.120000,0.000000,0.774751,-0.000000,0.000000,0.000000,-0.000000,-0.000000,0.000000,0.014025,0
1790547736.7420,-0.002631,-0.054625,0.000000,0.000000,-0.002631,0.000000,0.120000,0.000000,0.804655,-0.000000,0.000000,0.000000,-0.000000,-0.000000,0.000000,0.013756,0
1790547736.7559,0.005362,-0.039128,0.000000,0.000000,0.005362,0.000000,0.120000,0.000000,0.834749,0.000000,0.000000,0.000000,-0.000000,-0.000000,0.000000,0.013844,0
1790547736.7698,-0.002910,-0.036917,0.000000,0.000000,-0.002910,0.000000,0.120000,0.000000,0.864995,-0.000000,0.000000,-0.000000,-0.000000,-0.000000,0.000000,0.013913,0
1790547736.7837,-0.005555,-0.040317,0.000000,-0.000000,-0.005555,0.000000,0.120000,0.000000,0.895216,-0.000000,0.000000,-0.000000,-0.000000,-0.000000,-0.000000,0.013901,0
1790547736.7976,0.000405,-0.044126,0.000000,-0.000000,0.000405,0.000000,0.120000,0.000000,0.925391,0.000000,0.000000,0.000000,-0.000000,-0.000000,-0.000000,0.013881,0
1790547736.8113,0.001139,-0.048663,0.000000,-0.000000,0.001139,0.000000,0.120000,0.000000,0.955343,0.000000,0.000000,0.000000,-0.000000,-0.000000,-0.000000,0.013777,0
1790547736.8253,0.011611,-0.056942,0.000000,-0.000000,0.011611,0.000000,0.120000,0.000000,0.985662,0.000000,0.000000,0.000000,-0.000000,-0.000000,-0.000000,0.013947,0
1790547736.8394,0.024277,-0.064335,0.000000,-0.000000,0.024277,0.000000,0.120000,0.000000,0.016163,0.000000,0.000000,0.000000,-0.000000,-0.000000,-0.000000,0.014030,0
1790547736.8529,0.029670,-0.070780,0.000000,-0.000000,0.029670,0.000000,0.120000,0.000000,0.045668,0.000000,0.000000,0.000000,-0.000000,-0.000000,-0.000000,0.013572,0
1790547736.8665,0.036152,-0.074573,0.000000,-0.000000,0.036152,0.000000,0.120000,0.000000,0.075157,0.000000,0.000000,0.000000,-0.000000,-0.000000,-0.000000,0.013565,0
1790547736.8804,0.042912,-0.080147,0.000000,-0.000000,0.042912,0.000000,0.120000,0.000000,0.105533,0.000000,0.000000,0.000000,-0.000000,-0.000000,-0.000000,0.013973,0
1790547736.8947,0.048244,-0.087074,0.000000,-0.000000,0.048244,0.000000,0.120000,0.000000,0.136301,0.000000,0.000000,0.000000,-0.000000,-0.000000,-0.000000,0.014153,0
1790547736.9088,0.038473,-0.085574,0.000000,0.000000,0.038473,0.000000,0.120000,0.000000,0.166923,0.000000,0.000000,-0.000000,-0.000000,-0.000000,0.000000,0.014086,0
1790547736.9227,0.037525,-0.076446,0.000000,0.000000,0.037525,0.000000,0.120000,0.000000,0.197195,0.000000,0.000000,-0.000000,-0.000000,-0.000000,0.000000,0.013925,0
1790547736.9365,0.034263,-0.065375,0.000000,0.000000,0.034263,0.000000,0.120000,0.000000,0.227518,0.000000,0.000000,-0.000000,-0.000000,-0.000000,0.000000,0.013948,0
1790547736.9505,0.029020,-0.054229,0.000000,0.000000,0.029020,0.000000,0.120000,0.000000,0.257781,0.000000,0.000000,-0.000000,-0.000000,-0.000000,0.000000,0.013921,0
1790547736.9643,0.020526,-0.044367,0.000000,0.000000,0.020526,0.000000,0.120000,0.000000,0.287815,0.000000,0.000000,-0.000000,-0.000000,-0.000000,0.000000,0.013815,0
1790547736.9782,0.011383,-0.034910,0.000000,0.000000,0.011383,0.000000,0.120000,0.000000,0.318045,0.000000,0.000000,-0.000000,-0.000000,-0.000000,0.000000,0.013906,0
1790547736.9920,0.015031,-0.035543,0.000000,-0.000000,0.015031,0.000000,0.120000,0.000000,0.348199,0.000000,0.000000,0.000000,-0.000000,-0.000000,-0.000000,0.013871,0
1790547737.0059,0.020224,-0.034359,0.000000,0.000000,0.020224,0.000000,0.120000,0.000000,0.378349,0.000000,0.000000,0.000000,-0.000000,-0.000000,0.000000,0.013869,0
1790547737.0200,0.019351,-0.037724,0.000000,-0.000000,0.019351,0.000000,0.120000,0.000000,0.408802,0.000000,0.000000,-0.000000,-0.000000,-0.000000,-0.000000,0.014008,0
1790547737.0339,0.015855,-0.043607,0.000000,-0.000000,0.015855,0.000000,0.120000,0.000000,0.438997,0.000000,0.000000,-0.000000,-0.000000,-0.000000,-0.000000,0.013890,0
1790547737.0479,0.005026,-0.049126,0.000000,-0.000000,0.005026,0.000000,0.120000,0.000000,0.469474,0.000000,0.000000,-0.000000,-0.000000,-0.000000,-0.000000,0.014019,0
1790547737.0618,-0.006863,-0.056222,0.000000,-0.000000,-0.006863,0.000000,0.120000,0.000000,0.499613,-0.000000,0.000000,-0.000000,-0.000000,-0.000000,-0.000000,0.013864,0
1790547737.0757,-0.018393,-0.064144,0.000000,-0.000000,-0.018393,0.000000,0.120000,0.000000,0.529996,-0.000000,0.000000,-0.000000,-0.000000,-0.000000,-0.000000,0.013976,0
1790547737.0894,-0.027868,-0.070412,0.000000,-0.000000,-0.027868,0.000000,0.120000,0.000000,0.559695,-0.000000,0.000000,-0.000000,-0.000000,-0.000000,-0.000000,0.013661,0
1790547737.1030,-0.033274,-0.076856,0.000000,-0.000000,-0.033274,0.000000,0.120000,0.000000,0.589399,-0.000000,0.000000,-0.000000,-0.000000,-0.000000,-0.000000,0.013664,0
1790547737.1170,-0.034561,-0.084810,0.000000,-0.000000,-0.034561,0.000000,0.120000,0.000000,0.619581,-0.000000,0.000000,-0.000000,-0.000000,-0.000000,-0.000000,0.013884,0
1790547737.1315,-0.028230,-0.089671,0.000000,-0.000000,-0.028230,0.000000,0.120000,0.000000,0.650608,-0.000000,0.000000,0.000000,-0.000000,-0.000000,-0.000000,0.014272,0
1790547737.1463,-0.021753,-0.088920,0.000000,0.000000,-0.021753,0.000000,0.120000,0.000000,0.683097,-0.000000,0.000000,0.000000,-0.000000,-0.000000,0.000000,0.014945,0
1790547737.1604,-0.016940,-0.084053,0.000000,0.000000,-0.016940,0.000000,0.120000,0.000000,0.713978,-0.000000,0.000000,0.000000,-0.000000,-0.000000,0.000000,0.014205,0
1790547737.1745,-0.013038,-0.077049,0.000000,0.000000,-0.013038,0.000000,0.120000,0.000000,0.744619,-0.000000,0.000000,0.000000,-0.000000,-0.000000,0.000000,0.014095,0
1790547737.1888,-0.004971,-0.066234,0.000000,0.000000,-0.004971,0.000000,0.120000,0.000000,0.775644,-0.000000,0.000000,0.000000,-0.000000,-0.000000,0.000000,0.014271,0
1790547737.2028,0.003961,-0.053006,0.000000,0.000000,0.003961,0.000000,0.120000,0.000000,0.806279,0.000000,0.000000,0.000000,-0.000000,-0.000000,0.000000,0.014092,0
1790547737.2168,0.015206,-0.039558,0.000000,0.000000,0.015206,0.000000,0.120000,0.000000,0.836754,0.000000,0.000000,0.000000,-0.000000,-0.000000,0.000000,0.014019,0
1790547737.2309,0.010464,-0.040132,0.000000,-0.000000,0.010464,0.000000,0.120000,0.000000,0.867314,0.000000,0.000000,-0.000000,-0.000000,-0.000000,-0.000000,0.014058,0
1790547737.2451,0.003917,-0.045807,0.000000,-0.000000,0.003917,0.000000,0.120000,0.000000,0.898187,0.000000,0.000000,-0.000000,-0.000000,-0.000000,-0.000000,0.014202,0
1790547737.2593,0.009559,-0.046036,0.000000,-0.000000,0.009559,0.000000,0.120000,0.000000,0.929011,0.000000,0.000000,0.000000,-0.000000,-0.000000,-0.000000,0.014179,0
1790547737.2734,0.017348,-0.047751,0.000000,-0.000000,0.017348,0.000000,0.120000,0.000000,0.959580,0.000000,0.000000,0.000000,-0.000000,-0.000000,-0.000000,0.014062,0
1790547737.2877,0.024589,-0.058233,0.000000,-0.000000,0.024589,0.000000,0.120000,0.000000,0.990641,0.000000,0.000000,0.000000,-0.000000,-0.000000,-0.000000,0.014288,0
1790547737.3017,0.040250,-0.069854,0.000000,-0.000000,0.040250,0.000000,0.120000,0.000000,0.021276,0.000000,0.000000,0.000000,-0.000000,-0.000000,-0.000000,0.014092,0
1790547737.3155,0.052607,-0.078116,0.000000,-0.000000,0.052607,0.000000,0.120000,0.000000,0.051181,0.000000,0.000000,0.000000,-0.000000,-0.000000,-0.000000,0.013756,0
1790547737.3293,0.057959,-0.084399,0.000000,-0.000000,0.057959,0.000000,0.120000,0.000000,0.081132,0.000000,0.000000,0.000000,-0.000000,-0.000000,-0.000000,0.013777,0
1790547737.3434,0.065776,-0.091718,0.000000,-0.000000,0.065776,0.000000,0.120000,0.000000,0.111899,0.000000,0.000000,0.000000,-0.000000,-0.000000,-0.000000,0.014153,0
1790547737.3572,0.057030,-0.098063,0.000000,-0.000000,0.057030,0.000000,0.120000,0.000000,0.141993,0.000000,0.000000,-0.000000,-0.000000,-0.000000,-0.000000,0.013843,0
1790547737.3710,0.053210,-0.095045,0.000000,0.000000,0.053210,0.000000,0.120000,0.000000,0.171979,0.000000,0.000000,-0.000000,-0.000000,-0.000000,0.000000,0.013793,0
1790547737.3854,0.056272,-0.086803,0.000000,0.000000,0.056272,0.000000,0.120000,0.000000,0.202301,0.000000,0.000000,0.000000,-0.000000,-0.000000,0.000000,0.013948,0
1790547737.3996,0.058058,-0.073345,0.000000,0.000000,0.058058,0.000000,0.120000,0.000000,0.233969,0.000000,0.000000,0.000000,-0.000000,-0.000000,0.000000,0.014568,0
1790547737.4135,0.053410,-0.056763,0.000000,0.000000,0.053410,0.000000,0.120000,0.000000,0.264346,0.000000,0.000000,-0.000000,-0.000000,-0.000000,0.000000,0.013973,0
1790547737.4275,0.042674,-0.044734,0.000000,0.000000,0.042674,0.000000,0.120000,0.000000,0.294711,0.000000,0.000000,-0.000000,-0.000000,-0.000000,0.000000,0.013968,0
1790547737.4414,0.032568,-0.032784,0.000000,0.000000,0.032568,0.000000,0.120000,0.000000,0.325062,0.000000,0.000000,-0.000000,-0.000000,-0.000000,0.000000,0.013962,0
1790547737.4553,0.036870,-0.033933,0.000000,-0.000000,0.036870,0.000000,0.120000,0.000000,0.355350,0.000000,0.000000,0.000000,-0.000000,-0.000000,-0.000000,0.013932,0
1790547737.4692,0.035857,-0.033667,0.000000,0.000000,0.035857,0.000000,0.120000,0.000000,0.385609,0.000000,0.000000,-0.000000,-0.000000,-0.000000,0.000000,0.013919,0
1790547737.4831,0.033013,-0.032806,0.000000,0.000000,0.033013,0.000000,0.120000,0.000000,0.415556,0.000000,0.000000,-0.000000,-0.000000,-0.000000,0.000000,0.013776,0
1790547737.4972,0.034317,-0.036043,0.000000,-0.000000,0.034317,0.000000,0.120000,0.000000,0.446219,0.000000,0.000000,0.000000,-0.000000,-0.000000,-0.000000,0.014105,0
1790547737.5112,0.027396,-0.040730,0.000000,-0.000000,0.027396,0.000000,0.120000,0.000000,0.476634,0.000000,0.000000,-0.000000,-0.000000,-0.000000,-0.000000,0.013991,0
1790547737.5250,0.018859,-0.049337,0.000000,-0.000000,0.018859,0.000000,0.120000,0.000000,0.506861,0.000000,0.000000,-0.000000,-0.000000,-0.000000,-0.000000,0.013904,0
1790547737.5387,0.008265,-0.057679,0.000000,-0.000000,0.008265,0.000000,0.120000,0.000000,0.536428,0.000000,0.000000,-0.000000,-0.000000,-0.000000,-0.000000,0.013601,0
1790547737.5535,-0.002354,-0.063136,0.000000,-0.000000,-0.002354,0.000000,0.120000,0.000000,0.567623,-0.000000,0.000000,-0.000000,-0.000000,-0.000000,-0.000000,0.014350,0
1790547737.5688,-0.008296,-0.070051,0.000000,-0.000000,-0.008296,0.000000,0.120000,0.000000,0.600361,-0.000000,0.000000,-0.000000,-0.000000,-0.000000,-0.000000,0.015059,0
1790547737.5835,-0.004949,-0.077260,0.000000,-0.000000,-0.004949,0.000000,0.120000,0.000000,0.633263,-0.000000,0.000000,0.000000,-0.000000,-0.000000,-0.000000,0.015135,0
1790547737.5984,0.002687,-0.078193,0.000000,-0.000000,0.002687,0.000000,0.120000,0.000000,0.665007,0.000000,0.000000,0.000000,-0.000000,-0.000000,-0.000000,0.014602,0
1790547737.6134,0.004640,-0.073170,0.000000,0.000000,0.004640,0.000000,0.120000,0.000000,0.698357,0.000000,0.000000,0.000000,-0.000000,-0.000000,0.000000,0.015341,0
1790547737.6274,0.005430,-0.064737,0.000000,0.000000,0.005430,0.000000,0.120000,0.000000,0.729276,0.000000,0.000000,0.000000,-0.000000,-0.000000,0.000000,0.014223,0
1790547737.6417,0.013218,-0.054919,0.000000,0.000000,0.013218,0.000000,0.120000,0.000000,0.759631,0.000000,0.000000,0.000000,-0.000000,-0.000000,0.000000,0.013963,0
1790547737.6558,0.020459,-0.044571,0.000000,0.000000,0.020459,0.000000,0.120000,0.000000,0.790836,0.000000,0.000000,0.000000,-0.000000,-0.000000,0.000000,0.014355,0
1790547737.6698,0.031637,-0.033826,0.000000,0.000000,0.031637,0.000000,0.120000,0.000000,0.821518,0.000000,0.000000,0.000000,-0.000000,-0.000000,0.000000,0.014114,0
1790547737.6838,0.029691,-0.031096,0.000000,0.000000,0.029691,0.000000,0.120000,0.000000,0.851936,0.000000,0.000000,-0.000000,-0.000000,-0.000000,0.000000,0.013992,0
1790547737.6978,0.026018,-0.032831,0.000000,-0.000000,0.026018,0.000000,0.120000,0.000000,0.882290,0.000000,0.000000,-0.000000,-0.000000,-0.000000,-0.000000,0.013963,0
1790547737.7117,0.028926,-0.033960,0.000000,-0.000000,0.028926,0.000000,0.120000,0.000000,0.912483,0.000000,0.000000,0.000000,-0.000000,-0.000000,-0.000000,0.013889,0
1790547737.7257,0.035577,-0.037149,0.000000,-0.000000,0.035577,0.000000,0.120000,0.000000,0.943001,0.000000,0.000000,0.000000,-0.000000,-0.000000,-0.000000,0.014038,0
1790547737.7396,0.042489,-0.046980,0.000000,-0.000000,0.042489,0.000000,0.120000,0.000000,0.973162,0.000000,0.000000,0.000000,-0.000000,-0.000000,-0.000000,0.013874,0
1790547737.7535,0.050743,-0.057693,0.000000,-0.000000,0.050743,0.000000,0.120000,0.000000,0.003466,0.000000,0.000000,0.000000,-0.000000,-0.000000,-0.000000,0.013940,0
1790547737.7670,0.064352,-0.064290,0.000000,-0.000000,0.064352,0.000000,0.120000,0.000000,0.032766,0.000000,0.000000,0.000000,-0.000000,-0.000000,-0.000000,0.013478,0
1790547737.7806,0.068482,-0.070613,0.000000,-0.000000,0.068482,0.000000,0.120000,0.000000,0.062303,0.000000,0.000000,0.000000,-0.000000,-0.000000,-0.000000,0.013587,0
1790547737.7941,0.075965,-0.078661,0.000000,-0.000000,0.075965,0.000000,0.120000,0.000000,0.091818,0.000000,0.000000,0.000000,-0.000000,-0.000000,-0.000000,0.013577,0
1790547737.8081,0.075545,-0.087740,0.000000,-0.000000,0.075545,0.000000,0.120000,0.000000,0.122115,0.000000,0.000000,-0.000000,-0.000000,-0.000000,-0.000000,0.013937,0
1790547737.8221,0.065773,-0.093384,0.000000,-0.000000,0.065773,0.000000,0.120000,0.000000,0.152481,0.000000,0.000000,-0.000000,-0.000000,-0.000000,-0.000000,0.013968,0
1790547737.8361,0.065817,-0.088785,0.000000,0.000000,0.065817,0.000000,0.120000,0.000000,0.183014,0.000000,0.000000,0.000000,-0.000000,-0.000000,0.000000,0.014045,0
1790547737.8500,0.066744,-0.079510,0.000000,0.000000,0.066744,0.000000,0.120000,0.000000,0.213341,0.000000,0.000000,0.000000,-0.000000,-0.000000,0.000000,0.013950,0
1790547737.8640,0.064680,-0.067341,0.000000,0.000000,0.064680,0.000000,0.120000,0.000000,0.243599,0.000000,0.000000,-0.000000,-0.000000,-0.000000,0.000000,0.013919,0
1790547737.8779,0.059294,-0.053197,0.000000,0.000000,0.059294,0.000000,0.120000,0.000000,0.273945,0.000000,0.000000,-0.000000,-0.000000,-0.000000,0.000000,0.013959,0
1790547737.8922,0.051371,-0.040336,0.000000,0.000000,0.051371,0.000000,0.120000,0.000000,0.304584,0.000000,0.000000,-0.000000,-0.000000,-0.000000,0.000000,0.014094,0
1790547737.9062,0.048964,-0.029291,0.000000,0.000000,0.048964,0.000000,0.120000,0.000000,0.335331,0.000000,0.000000,-0.000000,-0.000000,-0.000000,0.000000,0.014143,0
1790547737.9207,0.055522,-0.031461,0.000000,-0.000000,0.055522,0.000000,0.120000,0.000000,0.366379,0.000000,0.000000,0.000000,-0.000000,-0.000000,-0.000000,0.014282,0
1790547737.9351,0.053553,-0.029140,0.000000,0.000000,0.053553,0.000000,0.120000,0.000000,0.398187,0.000000,0.000000,-0.000000,-0.000000,-0.000000,0.000000,0.014632,0
1790547737.9492,0.051246,-0.025008,0.000000,0.000000,0.051246,0.000000,0.120000,0.000000,0.428770,0.000000,0.000000,-0.000000,-0.000000,-0.000000,0.000000,0.014068,0
1790547737.9633,0.049036,-0.027826,0.000000,-0.000000,0.049036,0.000000,0.120000,0.000000,0.459339,0.000000,0.000000,-0.000000,-0.000000,-0.000000,-0.000000,0.014062,0
1790547737.9775,0.041592,-0.031499,0.000000,-0.000000,0.041592,0.000000,0.120000,0.000000,0.490401,0.000000,0.000000,-0.000000,-0.000000,-0.000000,-0.000000,0.014288,0
1790547737.9916,0.030700,-0.037029,0.000000,-0.000000,0.030700,0.000000,0.120000,0.000000,0.520942,0.000000,0.000000,-0.000000,-0.000000,-0.000000,-0.000000,0.014049,0
1790547738.0053,0.021849,-0.042872,0.000000,-0.000000,0.021849,0.000000,0.120000,0.000000,0.550884,0.000000,0.000000,-0.000000,-0.000000,-0.000000,-0.000000,0.013774,0
1790547738.0189,0.014574,-0.047300,0.000000,-0.000000,0.014574,0.000000,0.120000,0.000000,0.580571,0.000000,0.000000,-0.000000,-0.000000,-0.000000,-0.000000,0.013656,0
1790547738.0329,0.008815,-0.052039,0.000000,-0.000000,0.008815,0.000000,0.120000,0.000000,0.610973,0.000000,0.000000,-0.000000,-0.000000,-0.000000,-0.000000,0.013985,0
1790547738.0470,0.002963,-0.055932,0.000000,-0.000000,0.002963,0.000000,0.120000,0.000000,0.641285,0.000000,0.000000,-0.000000,-0.000000,-0.000000,-0.000000,0.013944,0
1790547738.0610,0.001992,-0.057575,0.000000,-0.000000,0.001992,0.000000,0.120000,0.000000,0.671953,0.000000,0.000000,-0.000000,-0.000000,-0.000000,-0.000000,0.014107,0
1790547738.0752,0.010791,-0.055934,0.000000,0.000000,0.010791,0.000000,0.120000,0.000000,0.702750,0.000000,0.000000,0.000000,-0.000000,-0.000000,0.000000,0.014166,0
1790547738.0894,0.015727,-0.049380,0.000000,0.000000,0.015727,0.000000,0.120000,0.000000,0.733285,0.000000,0.000000,0.000000,-0.000000,-0.000000,0.000000,0.014046,0
1790547738.1036,0.019446,-0.040145,0.000000,0.000000,0.019446,0.000000,0.120000,0.000000,0.764264,0.000000,0.000000,0.000000,-0.000000,-0.000000,0.000000,0.014250,0
1790547738.1174,0.027525,-0.028966,0.000000,0.000000,0.027525,0.000000,0.120000,0.000000,0.794511,0.000000,0.000000,0.000000,-0.000000,-0.000000,0.000000,0.013914,0
1790547738.1314,0.034017,-0.020289,0.000000,0.000000,0.034017,0.000000,0.120000,0.000000,0.824906,0.000000,0.000000,0.000000,-0.000000,-0.000000,0.000000,0.013981,0
1790547738.1455,0.027455,-0.021101,0.000000,-0.000000,0.027455,0.000000,0.120000,0.000000,0.855305,0.000000,0.000000,-0.000000,-0.000000,-0.000000,-0.000000,0.013984,0
1790547738.1598,0.022183,-0.020775,0.000000,0.000000,0.022183,0.000000,0.120000,0.000000,0.886402,0.000000,0.000000,-0.000000,-0.000000,-0.000000,0.000000,0.014304,0
1790547738.1739,0.027586,-0.020839,0.000000,-0.000000,0.027586,0.000000,0.120000,0.000000,0.917166,0.000000,0.000000,0.000000,-0.000000,-0.000000,-0.000000,0.014151,0
1790547738.1878,0.031078,-0.023784,0.000000,-0.000000,0.031078,0.000000,0.120000,0.000000,0.947614,0.000000,0.000000,0.000000,-0.000000,-0.000000,-0.000000,0.014006,0
1790547738.2019,0.037402,-0.031956,0.000000,-0.000000,0.037402,0.000000,0.120000,0.000000,0.978044,0.000000,0.000000,0.000000,-0.000000,-0.000000,-0.000000,0.013998,0
1790547738.2158,0.049067,-0.039865,0.000000,-0.000000,0.049067,0.000000,0.120000,0.000000,0.008460,0.000000,0.000000,0.000000,-0.000000,-0.000000,-0.000000,0.013992,0
1790547738.2294,0.058423,-0.044891,0.000000,-0.000000,0.058423,0.000000,0.120000,0.000000,0.037951,0.000000,0.000000,0.000000,-0.000000,-0.000000,-0.000000,0.013566,0
1790547738.2430,0.061162,-0.049298,0.000000,-0.000000,0.061162,0.000000,0.120000,0.000000,0.067520,0.000000,0.000000,0.000000,-0.000000,-0.000000,-0.000000,0.013602,0
1790547738.2569,0.067128,-0.054158,0.000000,-0.000000,0.067128,0.000000,0.120000,0.000000,0.097885,0.000000,0.000000,0.000000,-0.000000,-0.000000,-0.000000,0.013968,0
1790547738.2708,0.073926,-0.061658,0.000000,-0.000000,0.073926,0.000000,0.120000,0.000000,0.128079,0.000000,0.000000,0.000000,-0.000000,-0.000000,-0.000000,0.013889,0
1790547738.2848,0.072875,-0.067769,0.000000,-0.000000,0.072875,0.000000,0.120000,0.000000,0.158288,0.000000,0.000000,-0.000000,-0.000000,-0.000000,-0.000000,0.013896,0
1790547738.2987,0.062623,-0.065369,0.000000,0.000000,0.062623,0.000000,0.120000,0.000000,0.188644,0.000000,0.000000,-0.000000,-0.000000,-0.000000,0.000000,0.013964,0
1790547738.3127,0.054719,-0.056122,0.000000,0.000000,0.054719,0.000000,0.120000,0.000000,0.219085,0.000000,0.000000,-0.000000,-0.000000,-0.000000,0.000000,0.014003,0
1790547738.3267,0.050984,-0.046621,0.000000,0.000000,0.050984,0.000000,0.120000,0.000000,0.249430,0.000000,0.000000,-0.000000,-0.000000,-0.000000,0.000000,0.013958,0
1790547738.3407,0.039871,-0.032792,0.000000,0.000000,0.039871,0.000000,0.120000,0.000000,0.279911,0.000000,0.000000,-0.000000,-0.000000,-0.000000,0.000000,0.014021,0
1790547738.3547,0.030619,-0.020494,0.000000,0.000000,0.030619,0.000000,0.120000,0.000000,0.310365,0.000000,0.000000,-0.000000,-0.000000,-0.000000,0.000000,0.014009,0
1790547738.3684,0.034774,-0.027424,0.000000,-0.000000,0.034774,0.000000,0.120000,0.000000,0.340280,0.000000,0.000000,0.000000,-0.000000,-0.000000,-0.000000,0.013761,0
1790547738.3823,0.033250,-0.030296,0.000000,-0.000000,0.033250,0.000000,0.120000,0.000000,0.370406,0.000000,0.000000,-0.000000,-0.000000,-0.000000,-0.000000,0.013858,0
1790547738.3965,0.031565,-0.030134,0.000000,0.000000,0.031565,0.000000,0.120000,0.000000,0.400677,0.000000,0.000000,-0.000000,-0.000000,-0.000000,0.000000,0.013925,0
1790547738.4109,0.034936,-0.035544,0.000000,-0.000000,0.034936,0.000000,0.120000,0.000000,0.432356,0.000000,0.000000,0.000000,-0.000000,-0.000000,-0.000000,0.014572,0
1790547738.4252,0.026827,-0.043961,0.000000,-0.000000,0.026827,0.000000,0.120000,0.000000,0.463604,0.000000,0.000000,-0.000000,-0.000000,-0.000000,-0.000000,0.014374,0
1790547738.4391,0.014567,-0.054541,0.000000,-0.000000,0.014567,0.000000,0.120000,0.000000,0.494001,0.000000,0.000000,-0.000000,-0.000000,-0.000000,-0.000000,0.013983,0
1790547738.4532,0.004655,-0.064006,0.000000,-0.000000,0.004655,0.000000,0.120000,0.000000,0.524355,0.000000,0.000000,-0.000000,-0.000000,-0.000000,-0.000000,0.013963,0
1790547738.4669,-0.007818,-0.070564,0.000000,-0.000000,-0.007818,0.000000,0.120000,0.000000,0.554204,-0.000000,0.000000,-0.000000,-0.000000,-0.000000,-0.000000,0.013731,0
1790547738.4805,-0.014072,-0.075776,0.000000,-0.000000,-0.014072,0.000000,0.120000,0.000000,0.583957,-0.000000,0.000000,-0.000000,-0.000000,-0.000000,-0.000000,0.013686,0
1790547738.4947,-0.016291,-0.081125,0.000000,-0.000000,-0.016291,0.000000,0.120000,0.000000,0.614498,-0.000000,0.000000,-0.000000,-0.000000,-0.000000,-0.000000,0.014049,0
1790547738.5087,-0.013978,-0.084310,0.000000,-0.000000,-0.013978,0.000000,0.120000,0.000000,0.645231,-0.000000,0.000000,0.000000,-0.000000,-0.000000,-0.000000,0.014137,0
1790547738.5229,-0.010336,-0.082150,0.000000,0.000000,-0.010336,0.000000,0.120000,0.000000,0.675970,-0.000000,0.000000,0.000000,-0.000000,-0.000000,0.000000,0.014140,0
1790547738.5370,-0.009056,-0.077999,0.000000,0.000000,-0.009056,0.000000,0.120000,0.000000,0.706523,-0.000000,0.000000,0.000000,-0.000000,-0.000000,0.000000,0.014054,0
1790547738.5511,-0.004886,-0.071621,0.000000,0.000000,-0.004886,0.000000,0.120000,0.000000,0.737429,-0.000000,0.000000,0.000000,-0.000000,-0.000000,0.000000,0.014217,0
1790547738.5651,0.000906,-0.061261,0.000000,0.000000,0.000906,0.000000,0.120000,0.000000,0.767956,0.000000,0.000000,0.000000,-0.000000,-0.000000,0.000000,0.014042,0
1790547738.5791,0.007072,-0.048433,0.000000,0.000000,0.007072,0.000000,0.120000,0.000000,0.798401,0.000000,0.000000,0.000000,-0.000000,-0.000000,0.000000,0.014005,0
1790547738.5932,0.017037,-0.034873,0.000000,0.000000,0.017037,0.000000,0.120000,0.000000,0.828771,0.000000,0.000000,0.000000,-0.000000,-0.000000,0.000000,0.013970,0
1790547738.6074,0.013430,-0.031667,0.000000,0.000000,0.013430,0.000000,0.120000,0.000000,0.859787,0.000000,0.000000,-0.000000,-0.000000,-0.000000,0.000000,0.014267,0
1790547738.6215,0.008403,-0.034373,0.000000,-0.000000,0.008403,0.000000,0.120000,0.000000,0.890411,0.000000,0.000000,-0.000000,-0.000000,-0.000000,-0.000000,0.014087,0
1790547738.6355,0.020289,-0.041101,0.000000,-0.000000,0.020289,0.000000,0.120000,0.000000,0.920817,0.000000,0.000000,0.000000,-0.000000,-0.000000,-0.000000,0.013987,0
1790547738.6499,0.017758,-0.045559,0.000000,-0.000000,0.017758,0.000000,0.120000,0.000000,0.951669,0.000000,0.000000,-0.000000,-0.000000,-0.000000,-0.000000,0.014192,0
1790547738.6639,0.023536,-0.053952,0.000000,-0.000000,0.023536,0.000000,0.120000,0.000000,0.982440,0.000000,0.000000,0.000000,-0.000000,-0.000000,-0.000000,0.014155,0
1790547738.6779,0.036338,-0.059515,0.000000,-0.000000,0.036338,0.000000,0.120000,0.000000,0.012938,0.000000,0.000000,0.000000,-0.000000,-0.000000,-0.000000,0.014029,0
1790547738.6916,0.043054,-0.065790,0.000000,-0.000000,0.043054,0.000000,0.120000,0.000000,0.042673,0.000000,0.000000,0.000000,-0.000000,-0.000000,-0.000000,0.013678,0
1790547738.7052,0.049607,-0.070932,0.000000,-0.000000,0.049607,0.000000,0.120000,0.000000,0.072407,0.000000,0.000000,0.000000,-0.000000,-0.000000,-0.000000,0.013678,0
1790547738.7193,0.057022,-0.076826,0.000000,-0.000000,0.057022,0.000000,0.120000,0.000000,0.102913,0.000000,0.000000,0.000000,-0.000000,-0.000000,-0.000000,0.014033,0
1790547738.7331,0.066052,-0.084684,0.000000,-0.000000,0.066052,0.000000,0.120000,0.000000,0.133065,0.000000,0.000000,0.000000,-0.000000,-0.000000,-0.000000,0.013870,0
1790547738.7471,0.060877,-0.088761,0.000000,-0.000000,0.060877,0.000000,0.120000,0.000000,0.163419,0.000000,0.000000,-0.000000,-0.000000,-0.000000,-0.000000,0.013963,0
1790547738.7610,0.056465,-0.080590,0.000000,0.000000,0.056465,0.000000,0.120000,0.000000,0.193712,0.000000,0.000000,-0.000000,-0.000000,-0.000000,0.000000,0.013935,0
1790547738.7749,0.056712,-0.069531,0.000000,0.000000,0.056712,0.000000,0.120000,0.000000,0.223785,0.000000,0.000000,0.000000,-0.000000,-0.000000,0.000000,0.013834,0
1790547738.7888,0.050967,-0.057765,0.000000,0.000000,0.050967,0.000000,0.120000,0.000000,0.254074,0.000000,0.000000,-0.000000,-0.000000,-0.000000,0.000000,0.013933,0
1790547738.8027,0.037281,-0.042994,0.000000,0.000000,0.037281,0.000000,0.120000,0.000000,0.284297,0.000000,0.000000,-0.000000,-0.000000,-0.000000,0.000000,0.013903,0
1790547738.8169,0.029662,-0.036500,0.000000,0.000000,0.029662,0.000000,0.120000,0.000000,0.314925,0.000000,0.000000,-0.000000,-0.000000,-0.000000,0.000000,0.014089,0
1790547738.8310,0.031893,-0.039342,0.000000,-0.000000,0.031893,0.000000,0.120000,0.000000,0.345773,0.000000,0.000000,0.000000,-0.000000,-0.000000,-0.000000,0.014190,0
1790547738.8449,0.029389,-0.040109,0.000000,-0.000000,0.029389,0.000000,0.120000,0.000000,0.375953,0.000000,0.000000,-0.000000,-0.000000,-0.000000,-0.000000,0.013883,0
1790547738.8589,0.029561,-0.043259,0.000000,-0.000000,0.029561,0.000000,0.120000,0.000000,0.406389,0.000000,0.000000,0.000000,-0.000000,-0.000000,-0.000000,0.014001,0
1790547738.8729,0.030823,-0.046704,0.000000,-0.000000,0.030823,0.000000,0.120000,0.000000,0.436897,0.000000,0.000000,0.000000,-0.000000,-0.000000,-0.000000,0.014033,0
1790547738.8867,0.019186,-0.052246,0.000000,-0.000000,0.019186,0.000000,0.120000,0.000000,0.466874,0.000000,0.000000,-0.000000,-0.000000,-0.000000,-0.000000,0.013790,0
1790547738.9009,0.008123,-0.060992,0.000000,-0.000000,0.008123,0.000000,0.120000,0.000000,0.497135,0.000000,0.000000,-0.000000,-0.000000,-0.000000,-0.000000,0.013920,0
1790547738.9151,-0.004214,-0.070151,0.000000,-0.000000,-0.004214,0.000000,0.120000,0.000000,0.528308,-0.000000,0.000000,-0.000000,-0.000000,-0.000000,-0.000000,0.014340,0
1790547738.9290,-0.014957,-0.075298,0.000000,-0.000000,-0.014957,0.000000,0.120000,0.000000,0.558719,-0.000000,0.000000,-0.000000,-0.000000,-0.000000,-0.000000,0.013989,0
1790547738.9427,-0.019646,-0.079876,0.000000,-0.000000,-0.019646,0.000000,0.120000,0.000000,0.588634,-0.000000,0.000000,-0.000000,-0.000000,-0.000000,-0.000000,0.013761,0
1790547738.9568,-0.017480,-0.086229,0.000000,-0.000000,-0.017480,0.000000,0.120000,0.000000,0.619192,-0.000000,0.000000,0.000000,-0.000000,-0.000000,-0.000000,0.014056,0
1790547738.9708,-0.014319,-0.087803,0.000000,-0.000000,-0.014319,0.000000,0.120000,0.000000,0.649547,-0.000000,0.000000,0.000000,-0.000000,-0.000000,-0.000000,0.013963,0
1790547738.9849,-0.010220,-0.087045,0.000000,0.000000,-0.010220,0.000000,0.120000,0.000000,0.680414,-0.000000,0.000000,0.000000,-0.000000,-0.000000,0.000000,0.014199,0
1790547738.9990,-0.005832,-0.082484,0.000000,0.000000,-0.005832,0.000000,0.120000,0.000000,0.710994,-0.000000,0.000000,0.000000,-0.000000,-0.000000,0.000000,0.014067,0
1790547739.0130,-0.002001,-0.073277,0.000000,0.000000,-0.002001,0.000000,0.120000,0.000000,0.741508,-0.000000,0.000000,0.000000,-0.000000,-0.000000,0.000000,0.014036,0
1790547739.0270,0.004347,-0.061894,0.000000,0.000000,0.004347,0.000000,0.120000,0.000000,0.772068,0.000000,0.000000,0.000000,-0.000000,-0.000000,0.000000,0.014058,0
1790547739.0410,0.011981,-0.047711,0.000000,0.000000,0.011981,0.000000,0.120000,0.000000,0.802133,0.000000,0.000000,0.000000,-0.000000,-0.000000,0.000000,0.013830,0
1790547739.0551,0.022179,-0.031577,0.000000,0.000000,0.022179,0.000000,0.120000,0.000000,0.833090,0.000000,0.000000,0.000000,-0.000000,-0.000000,0.000000,0.014240,0
1790547739.0692,0.016370,-0.029167,0.000000,0.000000,0.016370,0.000000,0.120000,0.000000,0.863561,0.000000,0.000000,-0.000000,-0.000000,-0.000000,0.000000,0.014017,0
1790547739.0833,0.010998,-0.034067,0.000000,-0.000000,0.010998,0.000000,0.120000,0.000000,0.894113,0.000000,0.000000,-0.000000,-0.000000,-0.000000,-0.000000,0.014054,0
1790547739.0976,0.021223,-0.038071,0.000000,-0.000000,0.021223,0.000000,0.120000,0.000000,0.925247,0.000000,0.000000,0.000000,-0.000000,-0.000000,-0.000000,0.014321,0
1790547739.1116,0.023487,-0.041759,0.000000,-0.000000,0.023487,0.000000,0.120000,0.000000,0.955692,0.000000,0.000000,0.000000,-0.000000,-0.000000,-0.000000,0.014005,0
1790547739.1255,0.032663,-0.050200,0.000000,-0.000000,0.032663,0.000000,0.120000,0.000000,0.985940,0.000000,0.000000,0.000000,-0.000000,-0.000000,-0.000000,0.013914,0
1790547739.1395,0.046487,-0.058559,0.000000,-0.000000,0.046487,0.000000,0.120000,0.000000,0.016391,0.000000,0.000000,0.000000,-0.000000,-0.000000,-0.000000,0.014007,0
1790547739.1535,0.055733,-0.066565,0.000000,-0.000000,0.055733,0.000000,0.120000,0.000000,0.046254,0.000000,0.000000,0.000000,-0.000000,-0.000000,-0.000000,0.013737,0
1790547739.1676,0.062895,-0.071414,0.000000,-0.000000,0.062895,0.000000,0.120000,0.000000,0.077061,0.000000,0.000000,0.000000,-0.000000,-0.000000,-0.000000,0.014171,0
1790547739.1817,0.071271,-0.078489,0.000000,-0.000000,0.071271,0.000000,0.120000,0.000000,0.108081,0.000000,0.000000,0.000000,-0.000000,-0.000000,-0.000000,0.014269,0
1790547739.1958,0.071318,-0.086547,0.000000,-0.000000,0.071318,0.000000,0.120000,0.000000,0.138706,0.000000,0.000000,0.000000,-0.000000,-0.000000,-0.000000,0.014088,0
1790547739.2100,0.057629,-0.085397,0.000000,0.000000,0.057629,0.000000,0.120000,0.000000,0.169680,0.000000,0.000000,-0.000000,-0.000000,-0.000000,0.000000,0.014248,0
1790547739.2240,0.053500,-0.075995,0.000000,0.000000,0.053500,0.000000,0.120000,0.000000,0.200222,0.000000,0.000000,-0.000000,-0.000000,-0.000000,0.000000,0.014049,0
1790547739.2379,0.047302,-0.067241,0.000000,0.000000,0.047302,0.000000,0.120000,0.000000,0.230454,0.000000,0.000000,-0.000000,-0.000000,-0.000000,0.000000,0.013907,0
1790547739.2520,0.040149,-0.056811,0.000000,0.000000,0.040149,0.000000,0.120000,0.000000,0.260836,0.000000,0.000000,-0.000000,-0.000000,-0.000000,0.000000,0.013976,0
1790547739.2662,0.028971,-0.047887,0.000000,0.000000,0.028971,0.000000,0.120000,0.000000,0.291796,0.000000,0.000000,-0.000000,-0.000000,-0.000000,0.000000,0.014241,0
1790547739.2802,0.023365,-0.040754,0.000000,0.000000,0.023365,0.000000,0.120000,0.000000,0.322418,0.000000,0.000000,-0.000000,-0.000000,-0.000000,0.000000,0.014086,0
1790547739.2942,0.027441,-0.041620,0.000000,-0.000000,0.027441,0.000000,0.120000,0.000000,0.352826,0.000000,0.000000,0.000000,-0.000000,-0.000000,-0.000000,0.013987,0
1790547739.3082,0.027871,-0.040752,0.000000,0.000000,0.027871,0.000000,0.120000,0.000000,0.383101,0.000000,0.000000,0.000000,-0.000000,-0.000000,0.000000,0.013927,0
1790547739.3225,0.024594,-0.043903,0.000000,-0.000000,0.024594,0.000000,0.120000,0.000000,0.414147,0.000000,0.000000,-0.000000,-0.000000,-0.000000,-0.000000,0.014281,0
1790547739.3366,0.016926,-0.052032,0.000000,-0.000000,0.016926,0.000000,0.120000,0.000000,0.444834,0.000000,0.000000,-0.000000,-0.000000,-0.000000,-0.000000,0.014116,0
1790547739.3506,0.005764,-0.061649,0.000000,-0.000000,0.005764,0.000000,0.120000,0.000000,0.475242,0.000000,0.000000,-0.000000,-0.000000,-0.000000,-0.000000,0.013987,0
1790547739.3646,-0.008355,-0.069512,0.000000,-0.000000,-0.008355,0.000000,0.120000,0.000000,0.505756,-0.000000,0.000000,-0.000000,-0.000000,-0.000000,-0.000000,0.014036,0
1790547739.3783,-0.022046,-0.078058,0.000000,-0.000000,-0.022046,0.000000,0.120000,0.000000,0.535580,-0.000000,0.000000,-0.000000,-0.000000,-0.000000,-0.000000,0.013719,0
1790547739.3921,-0.031843,-0.085621,0.000000,-0.000000,-0.031843,0.000000,0.120000,0.000000,0.565351,-0.000000,0.000000,-0.000000,-0.000000,-0.000000,-0.000000,0.013695,0
1790547739.4065,-0.038083,-0.092918,0.000000,-0.000000,-0.038083,0.000000,0.120000,0.000000,0.596217,-0.000000,0.000000,-0.000000,-0.000000,-0.000000,-0.000000,0.014198,0
1790547739.4208,-0.037859,-0.100136,0.000000,-0.000000,-0.037859,0.000000,0.120000,0.000000,0.627738,-0.000000,0.000000,0.000000,-0.000000,-0.000000,-0.000000,0.014500,0
1790547739.4349,-0.035432,-0.102827,0.000000,-0.000000,-0.035432,0.000000,0.120000,0.000000,0.658478,-0.000000,0.000000,0.000000,-0.000000,-0.000000,-0.000000,0.014141,0
1790547739.4487,-0.027969,-0.101953,0.000000,0.000000,-0.027969,0.000000,0.120000,0.000000,0.688629,-0.000000,0.000000,0.000000,-0.000000,-0.000000,0.000000,0.013870,0
1790547739.4627,-0.025245,-0.098503,0.000000,0.000000,-0.025245,0.000000,0.120000,0.000000,0.719104,-0.000000,0.000000,0.000000,-0.000000,-0.000000,0.000000,0.014018,0
1790547739.4766,-0.022779,-0.088698,0.000000,0.000000,-0.022779,0.000000,0.120000,0.000000,0.749195,-0.000000,0.000000,0.000000,-0.000000,-0.000000,0.000000,0.013842,0
1790547739.4909,-0.014797,-0.074684,0.000000,0.000000,-0.014797,0.000000,0.120000,0.000000,0.779900,-0.000000,0.000000,0.000000,-0.000000,-0.000000,0.000000,0.014124,0
1790547739.5053,-0.006969,-0.057793,0.000000,0.000000,-0.006969,0.000000,0.120000,0.000000,0.811655,-0.000000,0.000000,0.000000,-0.000000,-0.000000,0.000000,0.014607,0
1790547739.5194,0.006159,-0.040703,0.000000,0.000000,0.006159,0.000000,0.120000,0.000000,0.842176,0.000000,0.000000,0.000000,-0.000000,-0.000000,0.000000,0.014040,0
1790547739.5334,0.003852,-0.039304,0.000000,0.000000,0.003852,0.000000,0.120000,0.000000,0.872685,0.000000,0.000000,-0.000000,-0.000000,-0.000000,0.000000,0.014034,0
1790547739.5475,-0.003665,-0.044584,0.000000,-0.000000,-0.003665,0.000000,0.120000,0.000000,0.903545,-0.000000,0.000000,-0.000000,-0.000000,-0.000000,-0.000000,0.014195,0
1790547739.5616,0.011700,-0.043427,0.000000,0.000000,0.011700,0.000000,0.120000,0.000000,0.934008,0.000000,0.000000,0.000000,-0.000000,-0.000000,0.000000,0.014013,0
1790547739.5756,0.012410,-0.047407,0.000000,-0.000000,0.012410,0.000000,0.120000,0.000000,0.964402,0.000000,0.000000,0.000000,-0.000000,-0.000000,-0.000000,0.013981,0
1790547739.5897,0.022668,-0.054373,0.000000,-0.000000,0.022668,0.000000,0.120000,0.000000,0.994936,0.000000,0.000000,0.000000,-0.000000,-0.000000,-0.000000,0.014045,0
1790547739.6038,0.036995,-0.063172,0.000000,-0.000000,0.036995,0.000000,0.120000,0.000000,0.025810,0.000000,0.000000,0.000000,-0.000000,-0.000000,-0.000000,0.014202,0
1790547739.6176,0.043355,-0.071092,0.000000,-0.000000,0.043355,0.000000,0.120000,0.000000,0.055746,0.000000,0.000000,0.000000,-0.000000,-0.000000,-0.000000,0.013771,0
1790547739.6320,0.054158,-0.077306,0.000000,-0.000000,0.054158,0.000000,0.120000,0.000000,0.086187,0.000000,0.000000,0.000000,-0.000000,-0.000000,-0.000000,0.014003,0
1790547739.6472,0.062792,-0.084874,0.000000,-0.000000,0.062792,0.000000,0.120000,0.000000,0.119595,0.000000,0.000000,0.000000,-0.000000,-0.000000,-0.000000,0.015368,0
1790547739.6620,0.055139,-0.089635,0.000000,-0.000000,0.055139,0.000000,0.120000,0.000000,0.151591,0.000000,0.000000,-0.000000,-0.000000,-0.000000,-0.000000,0.014718,0
1790547739.6765,0.040888,-0.083919,0.000000,0.000000,0.040888,0.000000,0.120000,0.000000,0.183583,0.000000,0.000000,-0.000000,-0.000000,-0.000000,0.000000,0.014716,0
1790547739.6913,0.039448,-0.072493,0.000000,0.000000,0.039448,0.000000,0.120000,0.000000,0.215128,0.000000,0.000000,-0.000000,-0.000000,-0.000000,0.000000,0.014511,0
1790547739.7056,0.031420,-0.061724,0.000000,0.000000,0.031420,0.000000,0.120000,0.000000,0.246636,0.000000,0.000000,-0.000000,-0.000000,-0.000000,0.000000,0.014494,0
1790547739.7199,0.021758,-0.052671,0.000000,0.000000,0.021758,0.000000,0.120000,0.000000,0.277855,0.000000,0.000000,-0.000000,-0.000000,-0.000000,0.000000,0.014361,0
1790547739.7342,0.006263,-0.044832,0.000000,0.000000,0.006263,0.000000,0.120000,0.000000,0.308985,0.000000,0.000000,-0.000000,-0.000000,-0.000000,0.000000,0.014320,0
1790547739.7482,0.007498,-0.046823,0.000000,-0.000000,0.007498,0.000000,0.120000,0.000000,0.339822,0.000000,0.000000,0.000000,-0.000000,-0.000000,-0.000000,0.014185,0
1790547739.7621,0.009365,-0.044239,0.000000,0.000000,0.009365,0.000000,0.120000,0.000000,0.370051,0.000000,0.000000,0.000000,-0.000000,-0.000000,0.000000,0.013906,0
1790547739.7761,0.008631,-0.042332,0.000000,0.000000,0.008631,0.000000,0.120000,0.000000,0.400381,0.000000,0.000000,-0.000000,-0.000000,-0.000000,0.000000,0.013952,0
1790547739.7900,0.013369,-0.044492,0.000000,-0.000000,0.013369,0.000000,0.120000,0.000000,0.430550,0.000000,0.000000,0.000000,-0.000000,-0.000000,-0.000000,0.013877,0
1790547739.8038,0.006163,-0.049974,0.000000,-0.000000,0.006163,0.000000,0.120000,0.000000,0.460817,0.000000,0.000000,-0.000000,-0.000000,-0.000000,-0.000000,0.013923,0
1790547739.8178,-0.006859,-0.056445,0.000000,-0.000000,-0.006859,0.000000,0.120000,0.000000,0.490979,-0.000000,0.000000,-0.000000,-0.000000,-0.000000,-0.000000,0.013875,0
1790547739.8317,-0.018106,-0.067137,0.000000,-0.000000,-0.018106,0.000000,0.120000,0.000000,0.521120,-0.000000,0.000000,-0.000000,-0.000000,-0.000000,-0.000000,0.013865,0
1790547739.8454,-0.028433,-0.074580,0.000000,-0.000000,-0.028433,0.000000,0.120000,0.000000,0.550901,-0.000000,0.000000,-0.000000,-0.000000,-0.000000,-0.000000,0.013699,0
1790547739.8590,-0.034795,-0.080109,0.000000,-0.000000,-0.034795,0.000000,0.120000,0.000000,0.580639,-0.000000,0.000000,-0.000000,-0.000000,-0.000000,-0.000000,0.013680,0
1790547739.8730,-0.039901,-0.088370,0.000000,-0.000000,-0.039901,0.000000,0.120000,0.000000,0.611105,-0.000000,0.000000,-0.000000,-0.000000,-0.000000,-0.000000,0.014014,0
1790547739.8873,-0.038726,-0.093077,0.000000,-0.000000,-0.038726,0.000000,0.120000,0.000000,0.641530,-0.000000,0.000000,0.000000,-0.000000,-0.000000,-0.000000,0.013996,0
1790547739.9016,-0.034558,-0.093500,0.000000,-0.000000,-0.034558,0.000000,0.120000,0.000000,0.673172,-0.000000,0.000000,0.000000,-0.000000,-0.000000,-0.000000,0.014555,0
1790547739.9158,-0.027978,-0.091123,0.000000,0.000000,-0.027978,0.000000,0.120000,0.000000,0.703915,-0.000000,0.000000,0.000000,-0.000000,-0.000000,0.000000,0.014142,0
1790547739.9301,-0.029270,-0.083848,0.000000,0.000000,-0.029270,0.000000,0.120000,0.000000,0.735181,-0.000000,0.000000,-0.000000,-0.000000,-0.000000,0.000000,0.014382,0
1790547739.9442,-0.023925,-0.070457,0.000000,0.000000,-0.023925,0.000000,0.120000,0.000000,0.765794,-0.000000,0.000000,0.000000,-0.000000,-0.000000,0.000000,0.014082,0
1790547739.9583,-0.015102,-0.055919,0.000000,0.000000,-0.015102,0.000000,0.120000,0.000000,0.796205,-0.000000,0.000000,0.000000,-0.000000,-0.000000,0.000000,0.013989,0
1790547739.9724,-0.003013,-0.042499,0.000000,0.000000,-0.003013,0.000000,0.120000,0.000000,0.827143,-0.000000,0.000000,0.000000,-0.000000,-0.000000,0.000000,0.014231,0
1790547739.9865,0.000023,-0.040729,0.000000,0.000000,0.000023,0.000000,0.120000,0.000000,0.857760,0.000000,0.000000,0.000000,-0.000000,-0.000000,0.000000,0.014084,0
1790547740.0004,-0.001990,-0.045387,0.000000,-0.000000,-0.001990,0.000000,0.120000,0.000000,0.888117,-0.000000,0.000000,-0.000000,-0.000000,-0.000000,-0.000000,0.013964,0
1790547740.0144,0.003823,-0.045933,0.000000,-0.000000,0.003823,0.000000,0.120000,0.000000,0.918447,0.000000,0.000000,0.000000,-0.000000,-0.000000,-0.000000,0.013952,0
1790547740.0284,0.010591,-0.047969,0.000000,-0.000000,0.010591,0.000000,0.120000,0.000000,0.948714,0.000000,0.000000,0.000000,-0.000000,-0.000000,-0.000000,0.013923,0
1790547740.0425,0.017981,-0.056539,0.000000,-0.000000,0.017981,0.000000,0.120000,0.000000,0.979628,0.000000,0.000000,0.000000,-0.000000,-0.000000,-0.000000,0.014220,0
1790547740.0566,0.031632,-0.067902,0.000000,-0.000000,0.031632,0.000000,0.120000,0.000000,0.010177,0.000000,0.000000,0.000000,-0.000000,-0.000000,-0.000000,0.014053,0
1790547740.0702,0.043042,-0.076720,0.000000,-0.000000,0.043042,0.000000,0.120000,0.000000,0.039936,0.000000,0.000000,0.000000,-0.000000,-0.000000,-0.000000,0.013689,0
1790547740.0839,0.051731,-0.082736,0.000000,-0.000000,0.051731,0.000000,0.120000,0.000000,0.069636,0.000000,0.000000,0.000000,-0.000000,-0.000000,-0.000000,0.013662,0
1790547740.0979,0.056776,-0.089607,0.000000,-0.000000,0.056776,0.000000,0.120000,0.000000,0.099994,0.000000,0.000000,0.000000,-0.000000,-0.000000,-0.000000,0.013964,0
1790547740.1121,0.053382,-0.096689,0.000000,-0.000000,0.053382,0.000000,0.120000,0.000000,0.130440,0.000000,0.000000,-0.000000,-0.000000,-0.000000,-0.000000,0.014005,0
1790547740.1260,0.044838,-0.099741,0.000000,-0.000000,0.044838,0.000000,0.120000,0.000000,0.160941,0.000000,0.000000,-0.000000,-0.000000,-0.000000,-0.000000,0.014031,0
1790547740.1401,0.045132,-0.093310,0.000000,0.000000,0.045132,0.000000,0.120000,0.000000,0.191707,0.000000,0.000000,0.000000,-0.000000,-0.000000,0.000000,0.014152,0
1790547740.1540,0.045678,-0.085028,0.000000,0.000000,0.045678,0.000000,0.120000,0.000000,0.221962,0.000000,0.000000,0.000000,-0.000000,-0.000000,0.000000,0.013917,0
1790547740.1683,0.044088,-0.071568,0.000000,0.000000,0.044088,0.000000,0.120000,0.000000,0.252400,0.000000,0.000000,-0.000000,-0.000000,-0.000000,0.000000,0.014001,0
1790547740.1828,0.036510,-0.054137,0.000000,0.000000,0.036510,0.000000,0.120000,0.000000,0.284274,0.000000,0.000000,-0.000000,-0.000000,-0.000000,0.000000,0.014662,0
1790547740.1968,0.019936,-0.039595,0.000000,0.000000,0.019936,0.000000,0.120000,0.000000,0.314920,0.000000,0.000000,-0.000000,-0.000000,-0.000000,0.000000,0.014097,0
1790547740.2110,0.020522,-0.041743,0.000000,-0.000000,0.020522,0.000000,0.120000,0.000000,0.345626,0.000000,0.000000,0.000000,-0.000000,-0.000000,-0.000000,0.014124,0
1790547740.2251,0.018796,-0.047333,0.000000,-0.000000,0.018796,0.000000,0.120000,0.000000,0.376575,0.000000,0.000000,-0.000000,-0.000000,-0.000000,-0.000000,0.014237,0
1790547740.2390,0.015053,-0.048005,0.000000,-0.000000,0.015053,0.000000,0.120000,0.000000,0.406687,0.000000,0.000000,-0.000000,-0.000000,-0.000000,-0.000000,0.013851,0
1790547740.2529,0.012128,-0.050584,0.000000,-0.000000,0.012128,0.000000,0.120000,0.000000,0.436907,0.000000,0.000000,-0.000000,-0.000000,-0.000000,-0.000000,0.013901,0
1790547740.2668,0.010262,-0.057160,0.000000,-0.000000,0.010262,0.000000,0.120000,0.000000,0.467110,0.000000,0.000000,-0.000000,-0.000000,-0.000000,-0.000000,0.013893,0
1790547740.2808,-0.001889,-0.066415,0.000000,-0.000000,-0.001889,0.000000,0.120000,0.000000,0.497486,-0.000000,0.000000,-0.000000,-0.000000,-0.000000,-0.000000,0.013973,0
1790547740.2950,-0.012166,-0.077059,0.000000,-0.000000,-0.012166,0.000000,0.120000,0.000000,0.528398,-0.000000,0.000000,-0.000000,-0.000000,-0.000000,-0.000000,0.014220,0
1790547740.3088,-0.023377,-0.084716,0.000000,-0.000000,-0.023377,0.000000,0.120000,0.000000,0.558376,-0.000000,0.000000,-0.000000,-0.000000,-0.000000,-0.000000,0.013790,0
1790547740.3226,-0.032006,-0.091330,0.000000,-0.000000,-0.032006,0.000000,0.120000,0.000000,0.588395,-0.000000,0.000000,-0.000000,-0.000000,-0.000000,-0.000000,0.013809,0
1790547740.3367,-0.039375,-0.098135,0.000000,-0.000000,-0.039375,0.000000,0.120000,0.000000,0.619045,-0.000000,0.000000,-0.000000,-0.000000,-0.000000,-0.000000,0.014099,0
1790547740.3507,-0.035929,-0.103732,0.000000,-0.000000,-0.035929,0.000000,0.120000,0.000000,0.649430,-0.000000,0.000000,0.000000,-0.000000,-0.000000,-0.000000,0.013977,0
1790547740.3649,-0.028951,-0.104739,0.000000,-0.000000,-0.028951,0.000000,0.120000,0.000000,0.680201,-0.000000,0.000000,0.000000,-0.000000,-0.000000,-0.000000,0.014154,0
1790547740.3789,-0.024024,-0.100463,0.000000,0.000000,-0.024024,0.000000,0.120000,0.000000,0.710875,-0.000000,0.000000,0.000000,-0.000000,-0.000000,0.000000,0.014110,0
1790547740.3929,-0.023311,-0.092650,0.000000,0.000000,-0.023311,0.000000,0.120000,0.000000,0.741312,-0.000000,0.000000,0.000000,-0.000000,-0.000000,0.000000,0.014001,0
1790547740.4070,-0.015563,-0.079767,0.000000,0.000000,-0.015563,0.000000,0.120000,0.000000,0.771741,-0.000000,0.000000,0.000000,-0.000000,-0.000000,0.000000,0.013997,0
1790547740.4213,-0.007071,-0.065019,0.000000,0.000000,-0.007071,0.000000,0.120000,0.000000,0.802583,-0.000000,0.000000,0.000000,-0.000000,-0.000000,0.000000,0.014187,0
1790547740.4355,0.003787,-0.052072,0.000000,0.000000,0.003787,0.000000,0.120000,0.000000,0.833732,0.000000,0.000000,0.000000,-0.000000,-0.000000,0.000000,0.014329,0
1790547740.4496,0.002827,-0.052866,0.000000,-0.000000,0.002827,0.000000,0.120000,0.000000,0.864343,0.000000,0.000000,-0.000000,-0.000000,-0.000000,-0.000000,0.014081,0
1790547740.4637,-0.003581,-0.057772,0.000000,-0.000000,-0.003581,0.000000,0.120000,0.000000,0.895191,-0.000000,0.000000,-0.000000,-0.000000,-0.000000,-0.000000,0.014190,0
1790547740.4776,0.002599,-0.058489,0.000000,-0.000000,0.002599,0.000000,0.120000,0.000000,0.925503,0.000000,0.000000,0.000000,-0.000000,-0.000000,-0.000000,0.013943,0
1790547740.4917,0.001799,-0.061179,0.000000,-0.000000,0.001799,0.000000,0.120000,0.000000,0.955931,0.000000,0.000000,-0.000000,-0.000000,-0.000000,-0.000000,0.013997,0
1790547740.5056,0.009275,-0.068428,0.000000,-0.000000,0.009275,0.000000,0.120000,0.000000,0.986357,0.000000,0.000000,0.000000,-0.000000,-0.000000,-0.000000,0.013996,0
1790547740.5195,0.021439,-0.077308,0.000000,-0.000000,0.021439,0.000000,0.120000,0.000000,0.016370,0.000000,0.000000,0.000000,-0.000000,-0.000000,-0.000000,0.013806,0
1790547740.5332,0.028675,-0.083887,0.000000,-0.000000,0.028675,0.000000,0.120000,0.000000,0.046142,0.000000,0.000000,0.000000,-0.000000,-0.000000,-0.000000,0.013695,0
1790547740.5468,0.034999,-0.088024,0.000000,-0.000000,0.034999,0.000000,0.120000,0.000000,0.075886,0.000000,0.000000,0.000000,-0.000000,-0.000000,-0.000000,0.013682,0
1790547740.5609,0.041765,-0.093417,0.000000,-0.000000,0.041765,0.000000,0.120000,0.000000,0.106383,0.000000,0.000000,0.000000,-0.000000,-0.000000,-0.000000,0.014029,0
1790547740.5751,0.049651,-0.099612,0.000000,-0.000000,0.049651,0.000000,0.120000,0.000000,0.137396,0.000000,0.000000,0.000000,-0.000000,-0.000000,-0.000000,0.014266,0
1790547740.5890,0.043780,-0.102596,0.000000,-0.000000,0.043780,0.000000,0.120000,0.000000,0.167674,0.000000,0.000000,-0.000000,-0.000000,-0.000000,-0.000000,0.013928,0
1790547740.6031,0.042545,-0.096231,0.000000,0.000000,0.042545,0.000000,0.120000,0.000000,0.197947,0.000000,0.000000,-0.000000,-0.000000,-0.000000,0.000000,0.013926,0
1790547740.6172,0.043580,-0.084549,0.000000,0.000000,0.043580,0.000000,0.120000,0.000000,0.228752,0.000000,0.000000,0.000000,-0.000000,-0.000000,0.000000,0.014170,0
1790547740.6314,0.041672,-0.073514,0.000000,0.000000,0.041672,0.000000,0.120000,0.000000,0.259708,0.000000,0.000000,-0.000000,-0.000000,-0.000000,0.000000,0.014240,0
1790547740.6453,0.034859,-0.056031,0.000000,0.000000,0.034859,0.000000,0.120000,0.000000,0.289981,0.000000,0.000000,-0.000000,-0.000000,-0.000000,0.000000,0.013926,0
1790547740.6593,0.022804,-0.042869,0.000000,0.000000,0.022804,0.000000,0.120000,0.000000,0.320333,0.000000,0.000000,-0.000000,-0.000000,-0.000000,0.000000,0.013962,0
1790547740.6737,0.023118,-0.041111,0.000000,0.000000,0.023118,0.000000,0.120000,0.000000,0.351089,0.000000,0.000000,0.000000,-0.000000,-0.000000,0.000000,0.014148,0
1790547740.6882,0.025811,-0.040793,0.000000,0.000000,0.025811,0.000000,0.120000,0.000000,0.382722,0.000000,0.000000,0.000000,-0.000000,-0.000000,0.000000,0.014551,0
1790547740.7025,0.022538,-0.040108,0.000000,0.000000,0.022538,0.000000,0.120000,0.000000,0.414074,0.000000,0.000000,-0.000000,-0.000000,-0.000000,0.000000,0.014422,0
1790547740.7165,0.026446,-0.043094,0.000000,-0.000000,0.026446,0.000000,0.120000,0.000000,0.444757,0.000000,0.000000,0.000000,-0.000000,-0.000000,-0.000000,0.014115,0
1790547740.7305,0.019904,-0.048236,0.000000,-0.000000,0.019904,0.000000,0.120000,0.000000,0.475117,0.000000,0.000000,-0.000000,-0.000000,-0.000000,-0.000000,0.013966,0
1790547740.7446,0.006352,-0.057019,0.000000,-0.000000,0.006352,0.000000,0.120000,0.000000,0.505595,0.000000,0.000000,-0.000000,-0.000000,-0.000000,-0.000000,0.014019,0
1790547740.7582,-0.006173,-0.065026,0.000000,-0.000000,-0.006173,0.000000,0.120000,0.000000,0.535338,-0.000000,0.000000,-0.000000,-0.000000,-0.000000,-0.000000,0.013682,0
1790547740.7720,-0.019071,-0.071022,0.000000,-0.000000,-0.019071,0.000000,0.120000,0.000000,0.565087,-0.000000,0.000000,-0.000000,-0.000000,-0.000000,-0.000000,0.013685,0
1790547740.7858,-0.026690,-0.076492,0.000000,-0.000000,-0.026690,0.000000,0.120000,0.000000,0.595119,-0.000000,0.000000,-0.000000,-0.000000,-0.000000,-0.000000,0.013814,0
1790547740.7999,-0.027155,-0.080169,0.000000,-0.000000,-0.027155,0.000000,0.120000,0.000000,0.626078,-0.000000,0.000000,-0.000000,-0.000000,-0.000000,-0.000000,0.014241,0
1790547740.8139,-0.022326,-0.081665,0.000000,-0.000000,-0.022326,0.000000,0.120000,0.000000,0.656601,-0.000000,0.000000,0.000000,-0.000000,-0.000000,-0.000000,0.014040,0
1790547740.8283,-0.015875,-0.078459,0.000000,0.000000,-0.015875,0.000000,0.120000,0.000000,0.687565,-0.000000,0.000000,0.000000,-0.000000,-0.000000,0.000000,0.014243,0
1790547740.8428,-0.011576,-0.074499,0.000000,0.000000,-0.011576,0.000000,0.120000,0.000000,0.718909,-0.000000,0.000000,0.000000,-0.000000,-0.000000,0.000000,0.014418,0
1790547740.8569,-0.006298,-0.067256,0.000000,0.000000,-0.006298,0.000000,0.120000,0.000000,0.749869,-0.000000,0.000000,0.000000,-0.000000,-0.000000,0.000000,0.014242,0
1790547740.8708,0.000377,-0.056304,0.000000,0.000000,0.000377,0.000000,0.120000,0.000000,0.780053,0.000000,0.000000,0.000000,-0.000000,-0.000000,0.000000,0.013884,0
1790547740.8847,0.008201,-0.043524,0.000000,0.000000,0.008201,0.000000,0.120000,0.000000,0.810445,0.000000,0.000000,0.000000,-0.000000,-0.000000,0.000000,0.013981,0
1790547740.8987,0.014839,-0.031964,0.000000,0.000000,0.014839,0.000000,0.120000,0.000000,0.840850,0.000000,0.000000,0.000000,-0.000000,-0.000000,0.000000,0.013986,0
1790547740.9127,0.007281,-0.034167,0.000000,-0.000000,0.007281,0.000000,0.120000,0.000000,0.871252,0.000000,0.000000,-0.000000,-0.000000,-0.000000,-0.000000,0.013985,0
1790547740.9268,0.009442,-0.039317,0.000000,-0.000000,0.009442,0.000000,0.120000,0.000000,0.901444,0.000000,0.000000,0.000000,-0.000000,-0.000000,-0.000000,0.013888,0
1790547740.9409,0.016473,-0.042019,0.000000,-0.000000,0.016473,0.000000,0.120000,0.000000,0.932335,0.000000,0.000000,0.000000,-0.000000,-0.000000,-0.000000,0.014210,0
1790547740.9548,0.018595,-0.048165,0.000000,-0.000000,0.018595,0.000000,0.120000,0.000000,0.962780,0.000000,0.000000,0.000000,-0.000000,-0.000000,-0.000000,0.014005,0
1790547740.9688,0.030380,-0.057684,0.000000,-0.000000,0.030380,0.000000,0.120000,0.000000,0.993101,0.000000,0.000000,0.000000,-0.000000,-0.000000,-0.000000,0.013947,0
1790547740.9826,0.041092,-0.066254,0.000000,-0.000000,0.041092,0.000000,0.120000,0.000000,0.023294,0.000000,0.000000,0.000000,-0.000000,-0.000000,-0.000000,0.013889,0
1790547740.9962,0.047297,-0.073183,0.000000,-0.000000,0.047297,0.000000,0.120000,0.000000,0.052826,0.000000,0.000000,0.000000,-0.000000,-0.000000,-0.000000,0.013585,0
1790547741.0098,0.051216,-0.076462,0.000000,-0.000000,0.051216,0.000000,0.120000,0.000000,0.082347,0.000000,0.000000,0.000000,-0.000000,-0.000000,-0.000000,0.013580,0
1790547741.0236,0.059343,-0.083512,0.000000,-0.000000,0.059343,0.000000,0.120000,0.000000,0.112449,0.000000,0.000000,0.000000,-0.000000,-0.000000,-0.000000,0.013847,0
1790547741.0374,0.051724,-0.093110,0.000000,-0.000000,0.051724,0.000000,0.120000,0.000000,0.142478,0.000000,0.000000,-0.000000,-0.000000,-0.000000,-0.000000,0.013813,0
1790547741.0513,0.040017,-0.092465,0.000000,0.000000,0.040017,0.000000,0.120000,0.000000,0.172757,0.000000,0.000000,-0.000000,-0.000000,-0.000000,0.000000,0.013928,0
1790547741.0653,0.039858,-0.083923,0.000000,0.000000,0.039858,0.000000,0.120000,0.000000,0.203021,0.000000,0.000000,-0.000000,-0.000000,-0.000000,0.000000,0.013921,0
1790547741.0790,0.038983,-0.074459,0.000000,0.000000,0.038983,0.000000,0.120000,0.000000,0.232962,0.000000,0.000000,-0.000000,-0.000000,-0.000000,0.000000,0.013773,0
1790547741.0930,0.029366,-0.060887,0.000000,0.000000,0.029366,0.000000,0.120000,0.000000,0.263243,0.000000,0.000000,-0.000000,-0.000000,-0.000000,0.000000,0.013929,0
1790547741.1069,0.016238,-0.046916,0.000000,0.000000,0.016238,0.000000,0.120000,0.000000,0.293596,0.000000,0.000000,-0.000000,-0.000000,-0.000000,0.000000,0.013963,0
1790547741.1214,0.013393,-0.040434,0.000000,0.000000,0.013393,0.000000,0.120000,0.000000,0.324669,0.000000,0.000000,-0.000000,-0.000000,-0.000000,0.000000,0.014293,0
1790547741.1352,0.019486,-0.041417,0.000000,-0.000000,0.019486,0.000000,0.120000,0.000000,0.355034,0.000000,0.000000,0.000000,-0.000000,-0.000000,-0.000000,0.013968,0
1790547741.1491,0.022674,-0.037582,0.000000,0.000000,0.022674,0.000000,0.120000,0.000000,0.385296,0.000000,0.000000,0.000000,-0.000000,-0.000000,0.000000,0.013921,0
1790547741.1630,0.018085,-0.039910,0.000000,-0.000000,0.018085,0.000000,0.120000,0.000000,0.415569,0.000000,0.000000,-0.000000,-0.000000,-0.000000,-0.000000,0.013926,0
1790547741.1773,0.009671,-0.046663,0.000000,-0.000000,0.009671,0.000000,0.120000,0.000000,0.446022,0.000000,0.000000,-0.000000,-0.000000,-0.000000,-0.000000,0.014008,0
1790547741.1920,-0.003611,-0.054464,0.000000,-0.000000,-0.003611,0.000000,0.120000,0.000000,0.478052,-0.000000,0.000000,-0.000000,-0.000000,-0.000000,-0.000000,0.014734,0
1790547741.2061,-0.015359,-0.064885,0.000000,-0.000000,-0.015359,0.000000,0.120000,0.000000,0.508849,-0.000000,0.000000,-0.000000,-0.000000,-0.000000,-0.000000,0.014167,0
1790547741.2198,-0.027561,-0.075241,0.000000,-0.000000,-0.027561,0.000000,0.120000,0.000000,0.538929,-0.000000,0.000000,-0.000000,-0.000000,-0.000000,-0.000000,0.013837,0
1790547741.2334,-0.037278,-0.080944,0.000000,-0.000000,-0.037278,0.000000,0.120000,0.000000,0.568590,-0.000000,0.000000,-0.000000,-0.000000,-0.000000,-0.000000,0.013644,0
1790547741.2472,-0.044287,-0.086577,0.000000,-0.000000,-0.044287,0.000000,0.120000,0.000000,0.598600,-0.000000,0.000000,-0.000000,-0.000000,-0.000000,-0.000000,0.013805,0
1790547741.2611,-0.041543,-0.093942,0.000000,-0.000000,-0.041543,0.000000,0.120000,0.000000,0.628842,-0.000000,0.000000,0.000000,-0.000000,-0.000000,-0.000000,0.013911,0
1790547741.2750,-0.035815,-0.096516,0.000000,-0.000000,-0.035815,0.000000,0.120000,0.000000,0.659049,-0.000000,0.000000,0.000000,-0.000000,-0.000000,-0.000000,0.013895,0
1790547741.2889,-0.031852,-0.096182,0.000000,0.000000,-0.031852,0.000000,0.120000,0.000000,0.689235,-0.000000,0.000000,0.000000,-0.000000,-0.000000,0.000000,0.013885,0
1790547741.3029,-0.029246,-0.090182,0.000000,0.000000,-0.029246,0.000000,0.120000,0.000000,0.719467,-0.000000,0.000000,0.000000,-0.000000,-0.000000,0.000000,0.013907,0
1790547741.3169,-0.030303,-0.077818,0.000000,0.000000,-0.030303,0.000000,0.120000,0.000000,0.749822,-0.000000,0.000000,-0.000000,-0.000000,-0.000000,0.000000,0.013963,0
1790547741.3309,-0.024464,-0.061055,0.000000,0.000000,-0.024464,0.000000,0.120000,0.000000,0.780312,-0.000000,0.000000,0.000000,-0.000000,-0.000000,0.000000,0.014025,0
1790547741.3449,-0.016538,-0.045627,0.000000,0.000000,-0.016538,0.000000,0.120000,0.000000,0.810808,-0.000000,0.000000,0.000000,-0.000000,-0.000000,0.000000,0.014028,0
1790547741.3587,-0.003508,-0.031431,0.000000,0.000000,-0.003508,0.000000,0.120000,0.000000,0.840797,-0.000000,0.000000,0.000000,-0.000000,-0.000000,0.000000,0.013795,0
1790547741.3726,-0.005950,-0.034277,0.000000,-0.000000,-0.005950,0.000000,0.120000,0.000000,0.871019,-0.000000,0.000000,-0.000000,-0.000000,-0.000000,-0.000000,0.013902,0
1790547741.3864,-0.006105,-0.044214,0.000000,-0.000000,-0.006105,0.000000,0.120000,0.000000,0.901219,-0.000000,0.000000,-0.000000,-0.000000,-0.000000,-0.000000,0.013892,0
1790547741.4002,-0.000518,-0.045429,0.000000,-0.000000,-0.000518,0.000000,0.120000,0.000000,0.931167,-0.000000,0.000000,0.000000,-0.000000,-0.000000,-0.000000,0.013776,0
1790547741.4142,0.000443,-0.049754,0.000000,-0.000000,0.000443,0.000000,0.120000,0.000000,0.961426,0.000000,0.000000,0.000000,-0.000000,-0.000000,-0.000000,0.013919,0
1790547741.4285,0.008413,-0.056534,0.000000,-0.000000,0.008413,0.000000,0.120000,0.000000,0.991718,0.000000,0.000000,0.000000,-0.000000,-0.000000,-0.000000,0.013934,0
1790547741.4432,0.019805,-0.063525,0.000000,-0.000000,0.019805,0.000000,0.120000,0.000000,0.024172,0.000000,0.000000,0.000000,-0.000000,-0.000000,-0.000000,0.014929,0
1790547741.4570,0.025130,-0.070533,0.000000,-0.000000,0.025130,0.000000,0.120000,0.000000,0.054318,0.000000,0.000000,0.000000,-0.000000,-0.000000,-0.000000,0.013867,0
1790547741.4708,0.032878,-0.074900,0.000000,-0.000000,0.032878,0.000000,0.120000,0.000000,0.084264,0.000000,0.000000,0.000000,-0.000000,-0.000000,-0.000000,0.013775,0
1790547741.4849,0.041538,-0.081850,0.000000,-0.000000,0.041538,0.000000,0.120000,0.000000,0.115089,0.000000,0.000000,0.000000,-0.000000,-0.000000,-0.000000,0.014179,0
1790547741.4990,0.046490,-0.090473,0.000000,-0.000000,0.046490,0.000000,0.120000,0.000000,0.145827,0.000000,0.000000,0.000000,-0.000000,-0.000000,-0.000000,0.014139,0
1790547741.5130,0.033695,-0.091986,0.000000,-0.000000,0.033695,0.000000,0.120000,0.000000,0.176162,0.000000,0.000000,-0.000000,-0.000000,-0.000000,-0.000000,0.013954,0
1790547741.5272,0.029069,-0.084568,0.000000,0.000000,0.029069,0.000000,0.120000,0.000000,0.206724,0.000000,0.000000,-0.000000,-0.000000,-0.000000,0.000000,0.014059,0
1790547741.5415,0.025523,-0.074801,0.000000,0.000000,0.025523,0.000000,0.120000,0.000000,0.238226,0.000000,0.000000,-0.000000,-0.000000,-0.000000,0.000000,0.014491,0
1790547741.5554,0.020934,-0.063740,0.000000,0.000000,0.020934,0.000000,0.120000,0.000000,0.268545,0.000000,0.000000,-0.000000,-0.000000,-0.000000,0.000000,0.013947,0
1790547741.5695,0.015724,-0.052481,0.000000,0.000000,0.015724,0.000000,0.120000,0.000000,0.299076,0.000000,0.000000,-0.000000,-0.000000,-0.000000,0.000000,0.014044,0
1790547741.5833,0.008030,-0.041009,0.000000,0.000000,0.008030,0.000000,0.120000,0.000000,0.329137,0.000000,0.000000,-0.000000,-0.000000,-0.000000,0.000000,0.013828,0
1790547741.5971,0.013132,-0.038917,0.000000,0.000000,0.013132,0.000000,0.120000,0.000000,0.359231,0.000000,0.000000,0.000000,-0.000000,-0.000000,0.000000,0.013843,0
1790547741.6111,0.014508,-0.041110,0.000000,-0.000000,0.014508,0.000000,0.120000,0.000000,0.389527,0.000000,0.000000,0.000000,-0.000000,-0.000000,-0.000000,0.013936,0
1790547741.6249,0.012620,-0.044591,0.000000,-0.000000,0.012620,0.000000,0.120000,0.000000,0.419540,0.000000,0.000000,-0.000000,-0.000000,-0.000000,-0.000000,0.013806,0
1790547741.6388,0.007539,-0.048955,0.000000,-0.000000,0.007539,0.000000,0.120000,0.000000,0.449800,0.000000,0.000000,-0.000000,-0.000000,-0.000000,-0.000000,0.013920,0
1790547741.6527,-0.002106,-0.054751,0.000000,-0.000000,-0.002106,0.000000,0.120000,0.000000,0.480051,-0.000000,0.000000,-0.000000,-0.000000,-0.000000,-0.000000,0.013916,0
1790547741.6667,-0.011789,-0.063990,0.000000,-0.000000,-0.011789,0.000000,0.120000,0.000000,0.510374,-0.000000,0.000000,-0.000000,-0.000000,-0.000000,-0.000000,0.013948,0
1790547741.6807,-0.024639,-0.073481,0.000000,-0.000000,-0.024639,0.000000,0.120000,0.000000,0.540315,-0.000000,0.000000,-0.000000,-0.000000,-0.000000,-0.000000,0.013773,0
1790547741.6950,-0.036162,-0.081357,0.000000,-0.000000,-0.036162,0.000000,0.120000,0.000000,0.571572,-0.000000,0.000000,-0.000000,-0.000000,-0.000000,-0.000000,0.014378,0
1790547741.7093,-0.045210,-0.089584,0.000000,-0.000000,-0.045210,0.000000,0.120000,0.000000,0.602517,-0.000000,0.000000,-0.000000,-0.000000,-0.000000,-0.000000,0.014235,0
1790547741.7249,-0.042679,-0.097635,0.000000,-0.000000,-0.042679,0.000000,0.120000,0.000000,0.636025,-0.000000,0.000000,0.000000,-0.000000,-0.000000,-0.000000,0.015414,0
1790547741.7393,-0.033990,-0.100628,0.000000,-0.000000,-0.033990,0.000000,0.120000,0.000000,0.667781,-0.000000,0.000000,0.000000,-0.000000,-0.000000,-0.000000,0.014608,0
1790547741.7537,-0.027313,-0.098246,0.000000,0.000000,-0.027313,0.000000,0.120000,0.000000,0.699104,-0.000000,0.000000,0.000000,-0.000000,-0.000000,0.000000,0.014409,0
1790547741.7683,-0.024596,-0.091955,0.000000,0.000000,-0.024596,0.000000,0.120000,0.000000,0.730195,-0.000000,0.000000,0.000000,-0.000000,-0.000000,0.000000,0.014302,0
1790547741.7831,-0.018236,-0.080332,0.000000,0.000000,-0.018236,0.000000,0.120000,0.000000,0.763171,-0.000000,0.000000,0.000000,-0.000000,-0.000000,0.000000,0.015169,0
1790547741.7969,-0.013928,-0.066125,0.000000,0.000000,-0.013928,0.000000,0.120000,0.000000,0.793313,-0.000000,0.000000,0.000000,-0.000000,-0.000000,0.000000,0.013865,0
1790547741.8106,-0.006096,-0.050174,0.000000,0.000000,-0.006096,0.000000,0.120000,0.000000,0.823246,-0.000000,0.000000,0.000000,-0.000000,-0.000000,0.000000,0.013769,0
1790547741.8247,-0.003775,-0.041303,0.000000,0.000000,-0.003775,0.000000,0.120000,0.000000,0.853581,-0.000000,0.000000,0.000000,-0.000000,-0.000000,0.000000,0.013954,0
1790547741.8387,-0.013217,-0.041990,0.000000,-0.000000,-0.013217,0.000000,0.120000,0.000000,0.884216,-0.000000,0.000000,-0.000000,-0.000000,-0.000000,-0.000000,0.014092,0
1790547741.8527,-0.006993,-0.046266,0.000000,-0.000000,-0.006993,0.000000,0.120000,0.000000,0.914581,-0.000000,0.000000,0.000000,-0.000000,-0.000000,-0.000000,0.013968,0
1790547741.8666,-0.004726,-0.049702,0.000000,-0.000000,-0.004726,0.000000,0.120000,0.000000,0.945042,-0.000000,0.000000,0.000000,-0.000000,-0.000000,-0.000000,0.014012,0
1790547741.8805,0.000308,-0.055731,0.000000,-0.000000,0.000308,0.000000,0.120000,0.000000,0.975340,0.000000,0.000000,0.000000,-0.000000,-0.000000,-0.000000,0.013937,0
1790547741.8945,0.009825,-0.063274,0.000000,-0.000000,0.009825,0.000000,0.120000,0.000000,0.005639,0.000000,0.000000,0.000000,-0.000000,-0.000000,-0.000000,0.013937,0
1790547741.9080,0.021936,-0.070154,0.000000,-0.000000,0.021936,0.000000,0.120000,0.000000,0.035061,0.000000,0.000000,0.000000,-0.000000,-0.000000,-0.000000,0.013534,0
1790547741.9215,0.030389,-0.076384,0.000000,-0.000000,0.030389,0.000000,0.120000,0.000000,0.064496,0.000000,0.000000,0.000000,-0.000000,-0.000000,-0.000000,0.013540,0
1790547741.9354,0.036041,-0.080858,0.000000,-0.000000,0.036041,0.000000,0.120000,0.000000,0.093940,0.000000,0.000000,0.000000,-0.000000,-0.000000,-0.000000,0.013545,0
1790547741.9494,0.044568,-0.087276,0.000000,-0.000000,0.044568,0.000000,0.120000,0.000000,0.124954,0.000000,0.000000,0.000000,-0.000000,-0.000000,-0.000000,0.014266,0
1790547741.9634,0.039357,-0.094959,0.000000,-0.000000,0.039357,0.000000,0.120000,0.000000,0.155400,0.000000,0.000000,-0.000000,-0.000000,-0.000000,-0.000000,0.014005,0
1790547741.9773,0.032885,-0.091393,0.000000,0.000000,0.032885,0.000000,0.120000,0.000000,0.185766,0.000000,0.000000,-0.000000,-0.000000,-0.000000,0.000000,0.013968,0
1790547741.9913,0.034569,-0.083299,0.000000,0.000000,0.034569,0.000000,0.120000,0.000000,0.216039,0.000000,0.000000,0.000000,-0.000000,-0.000000,0.000000,0.013926,0
1790547742.0050,0.033867,-0.073538,0.000000,0.000000,0.033867,0.000000,0.120000,0.000000,0.246015,0.000000,0.000000,-0.000000,-0.000000,-0.000000,0.000000,0.013789,0
1790547742.0190,0.026548,-0.062604,0.000000,0.000000,0.026548,0.000000,0.120000,0.000000,0.276297,0.000000,0.000000,-0.000000,-0.000000,-0.000000,0.000000,0.013930,0
1790547742.0329,0.019688,-0.051325,0.000000,0.000000,0.019688,0.000000,0.120000,0.000000,0.306484,0.000000,0.000000,-0.000000,-0.000000,-0.000000,0.000000,0.013886,0
1790547742.0467,0.021345,-0.043502,0.000000,0.000000,0.021345,0.000000,0.120000,0.000000,0.336623,0.000000,0.000000,0.000000,-0.000000,-0.000000,0.000000,0.013864,0
1790547742.0605,0.027564,-0.046597,0.000000,-0.000000,0.027564,0.000000,0.120000,0.000000,0.366583,0.000000,0.000000,0.000000,-0.000000,-0.000000,-0.000000,0.013782,0
1790547742.0744,0.026218,-0.046659,0.000000,-0.000000,0.026218,0.000000,0.120000,0.000000,0.396800,0.000000,0.000000,-0.000000,-0.000000,-0.000000,-0.000000,0.013900,0
1790547742.0883,0.027883,-0.046230,0.000000,0.000000,0.027883,0.000000,0.120000,0.000000,0.427017,0.000000,0.000000,0.000000,-0.000000,-0.000000,0.000000,0.013900,0
1790547742.1022,0.029635,-0.051371,0.000000,-0.000000,0.029635,0.000000,0.120000,0.000000,0.457270,0.000000,0.000000,0.000000,-0.000000,-0.000000,-0.000000,0.013916,0
1790547742.1161,0.020686,-0.056572,0.000000,-0.000000,0.020686,0.000000,0.120000,0.000000,0.487408,0.000000,0.000000,-0.000000,-0.000000,-0.000000,-0.000000,0.013864,0
1790547742.1301,0.011573,-0.064819,0.000000,-0.000000,0.011573,0.000000,0.120000,0.000000,0.517768,0.000000,0.000000,-0.000000,-0.000000,-0.000000,-0.000000,0.013966,0
1790547742.1437,0.004240,-0.071966,0.000000,-0.000000,0.004240,0.000000,0.120000,0.000000,0.547310,0.000000,0.000000,-0.000000,-0.000000,-0.000000,-0.000000,0.013590,0
1790547742.1572,-0.004824,-0.075716,0.000000,-0.000000,-0.004824,0.000000,0.120000,0.000000,0.576890,-0.000000,0.000000,-0.000000,-0.000000,-0.000000,-0.000000,0.013607,0
1790547742.1711,-0.011821,-0.080895,0.000000,-0.000000,-0.011821,0.000000,0.120000,0.000000,0.607090,-0.000000,0.000000,-0.000000,-0.000000,-0.000000,-0.000000,0.013892,0
1790547742.1854,-0.022078,-0.087217,0.000000,-0.000000,-0.022078,0.000000,0.120000,0.000000,0.637602,-0.000000,0.000000,-0.000000,-0.000000,-0.000000,-0.000000,0.014035,0
1790547742.1998,-0.016962,-0.091514,0.000000,-0.000000,-0.016962,0.000000,0.120000,0.000000,0.669086,-0.000000,0.000000,0.000000,-0.000000,-0.000000,-0.000000,0.014483,0
1790547742.2136,-0.006609,-0.088320,0.000000,0.000000,-0.006609,0.000000,0.120000,0.000000,0.699371,-0.000000,0.000000,0.000000,-0.000000,-0.000000,0.000000,0.013931,0
1790547742.2275,-0.002081,-0.078681,0.000000,0.000000,-0.002081,0.000000,0.120000,0.000000,0.729528,-0.000000,0.000000,0.000000,-0.000000,-0.000000,0.000000,0.013872,0
1790547742.2414,0.000562,-0.068519,0.000000,0.000000,0.000562,0.000000,0.120000,0.000000,0.759800,0.000000,0.000000,0.000000,-0.000000,-0.000000,0.000000,0.013925,0
1790547742.2555,0.010549,-0.057283,0.000000,0.000000,0.010549,0.000000,0.120000,0.000000,0.790294,0.000000,0.000000,0.000000,-0.000000,-0.000000,0.000000,0.014027,0
1790547742.2696,0.018514,-0.044137,0.000000,0.000000,0.018514,0.000000,0.120000,0.000000,0.820796,0.000000,0.000000,0.000000,-0.000000,-0.000000,0.000000,0.014031,0
1790547742.2831,0.015668,-0.042187,0.000000,0.000000,0.015668,0.000000,0.120000,0.000000,0.850779,0.000000,0.000000,-0.000000,-0.000000,-0.000000,0.000000,0.013792,0
1790547742.2961,0.008208,-0.045435,0.000000,-0.000000,0.008208,0.000000,0.120000,0.000000,0.879124,0.000000,0.000000,-0.000000,-0.000000,-0.000000,-0.000000,0.013039,0
1790547742.3091,0.007399,-0.045259,0.000000,0.000000,0.007399,0.000000,0.120000,0.000000,0.907402,0.000000,0.000000,-0.000000,-0.000000,-0.000000,0.000000,0.013008,0
1790547742.3225,0.012499,-0.044558,0.000000,0.000000,0.012499,0.000000,0.120000,0.000000,0.936036,0.000000,0.000000,0.000000,-0.000000,-0.000000,0.000000,0.013172,0
1790547742.3365,0.016008,-0.049476,0.000000,-0.000000,0.016008,0.000000,0.120000,0.000000,0.966394,0.000000,0.000000,0.000000,-0.000000,-0.000000,-0.000000,0.013964,0
1790547742.3504,0.024362,-0.059121,0.000000,-0.000000,0.024362,0.000000,0.120000,0.000000,0.996782,0.000000,0.000000,0.000000,-0.000000,-0.000000,-0.000000,0.013979,0
1790547742.3643,0.035278,-0.066841,0.000000,-0.000000,0.035278,0.000000,0.120000,0.000000,0.026936,0.000000,0.000000,0.000000,-0.000000,-0.000000,-0.000000,0.013871,0
1790547742.3778,0.041752,-0.072261,0.000000,-0.000000,0.041752,0.000000,0.120000,0.000000,0.056336,0.000000,0.000000,0.000000,-0.000000,-0.000000,-0.000000,0.013524,0
1790547742.3913,0.046695,-0.076581,0.000000,-0.000000,0.046695,0.000000,0.120000,0.000000,0.085744,0.000000,0.000000,0.000000,-0.000000,-0.000000,-0.000000,0.013528,0
1790547742.4052,0.054735,-0.082219,0.000000,-0.000000,0.054735,0.000000,0.120000,0.000000,0.115986,0.000000,0.000000,0.000000,-0.000000,-0.000000,-0.000000,0.013911,0
1790547742.4191,0.064456,-0.089146,0.000000,-0.000000,0.064456,0.000000,0.120000,0.000000,0.146021,0.000000,0.000000,0.000000,-0.000000,-0.000000,-0.000000,0.013816,0
1790547742.4329,0.061013,-0.091085,0.000000,-0.000000,0.061013,0.000000,0.120000,0.000000,0.176183,0.000000,0.000000,-0.000000,-0.000000,-0.000000,-0.000000,0.013875,0
1790547742.4473,0.056119,-0.082548,0.000000,0.000000,0.056119,0.000000,0.120000,0.000000,0.207004,0.000000,0.000000,-0.000000,-0.000000,-0.000000,0.000000,0.014178,0
1790547742.4612,0.054003,-0.070717,0.000000,0.000000,0.054003,0.000000,0.120000,0.000000,0.237570,0.000000,0.000000,-0.000000,-0.000000,-0.000000,0.000000,0.014060,0
1790547742.4751,0.052399,-0.059597,0.000000,0.000000,0.052399,0.000000,0.120000,0.000000,0.267777,0.000000,0.000000,-0.000000,-0.000000,-0.000000,0.000000,0.013895,0
1790547742.4890,0.046243,-0.047925,0.000000,0.000000,0.046243,0.000000,0.120000,0.000000,0.298038,0.000000,0.000000,-0.000000,-0.000000,-0.000000,0.000000,0.013920,0
1790547742.5030,0.047379,-0.039279,0.000000,0.000000,0.047379,0.000000,0.120000,0.000000,0.328430,0.000000,0.000000,0.000000,-0.000000,-0.000000,0.000000,0.013980,0
1790547742.5169,0.052675,-0.040028,0.000000,-0.000000,0.052675,0.000000,0.120000,0.000000,0.358773,0.000000,0.000000,0.000000,-0.000000,-0.000000,-0.000000,0.013958,0
1790547742.5309,0.047352,-0.042501,0.000000,-0.000000,0.047352,0.000000,0.120000,0.000000,0.389028,0.000000,0.000000,-0.000000,-0.000000,-0.000000,-0.000000,0.013917,0
1790547742.5449,0.044702,-0.044682,0.000000,-0.000000,0.044702,0.000000,0.120000,0.000000,0.419480,0.000000,0.000000,-0.000000,-0.000000,-0.000000,-0.000000,0.014008,0
1790547742.5589,0.046075,-0.049280,0.000000,-0.000000,0.046075,0.000000,0.120000,0.000000,0.449856,0.000000,0.000000,0.000000,-0.000000,-0.000000,-0.000000,0.013973,0
1790547742.5728,0.039609,-0.053437,0.000000,-0.000000,0.039609,0.000000,0.120000,0.000000,0.479953,0.000000,0.000000,-0.000000,-0.000000,-0.000000,-0.000000,0.013844,0
1790547742.5868,0.032189,-0.061004,0.000000,-0.000000,0.032189,0.000000,0.120000,0.000000,0.510604,0.000000,0.000000,-0.000000,-0.000000,-0.000000,-0.000000,0.014100,0
1790547742.6004,0.021792,-0.067203,0.000000,-0.000000,0.021792,0.000000,0.120000,0.000000,0.540180,0.000000,0.000000,-0.000000,-0.000000,-0.000000,-0.000000,0.013605,0
1790547742.6140,0.010720,-0.072199,0.000000,-0.000000,0.010720,0.000000,0.120000,0.000000,0.569828,0.000000,0.000000,-0.000000,-0.000000,-0.000000,-0.000000,0.013638,0
1790547742.6280,0.000445,-0.077960,0.000000,-0.000000,0.000445,0.000000,0.120000,0.000000,0.600238,0.000000,0.000000,-0.000000,-0.000000,-0.000000,-0.000000,0.013988,0
1790547742.6419,-0.006882,-0.084906,0.000000,-0.000000,-0.006882,0.000000,0.120000,0.000000,0.630500,-0.000000,0.000000,-0.000000,-0.000000,-0.000000,-0.000000,0.013921,0
1790547742.6559,-0.011646,-0.090027,0.000000,-0.000000,-0.011646,0.000000,0.120000,0.000000,0.660739,-0.000000,0.000000,-0.000000,-0.000000,-0.000000,-0.000000,0.013910,0
1790547742.6697,-0.002568,-0.093501,0.000000,-0.000000,-0.002568,0.000000,0.120000,0.000000,0.690852,-0.000000,0.000000,0.000000,-0.000000,-0.000000,-0.000000,0.013852,0
1790547742.6837,0.004628,-0.087880,0.000000,0.000000,0.004628,0.000000,0.120000,0.000000,0.721113,0.000000,0.000000,0.000000,-0.000000,-0.000000,0.000000,0.013920,0
1790547742.6981,0.006188,-0.078428,0.000000,0.000000,0.006188,0.000000,0.120000,0.000000,0.752166,0.000000,0.000000,0.000000,-0.000000,-0.000000,0.000000,0.014284,0
1790547742.7124,0.011452,-0.066215,0.000000,0.000000,0.011452,0.000000,0.120000,0.000000,0.783627,0.000000,0.000000,0.000000,-0.000000,-0.000000,0.000000,0.014472,0
1790547742.7264,0.021413,-0.052425,0.000000,0.000000,0.021413,0.000000,0.120000,0.000000,0.813944,0.000000,0.000000,0.000000,-0.000000,-0.000000,0.000000,0.013946,0
1790547742.7403,0.018037,-0.049676,0.000000,0.000000,0.018037,0.000000,0.120000,0.000000,0.844499,0.000000,0.000000,-0.000000,-0.000000,-0.000000,0.000000,0.014055,0
1790547742.7544,0.014642,-0.050924,0.000000,-0.000000,0.014642,0.000000,0.120000,0.000000,0.874868,0.000000,0.000000,-0.000000,-0.000000,-0.000000,-0.000000,0.013970,0
1790547742.7683,0.017743,-0.051791,0.000000,-0.000000,0.017743,0.000000,0.120000,0.000000,0.905240,0.000000,0.000000,0.000000,-0.000000,-0.000000,-0.000000,0.013971,0
1790547742.7821,0.018243,-0.053062,0.000000,-0.000000,0.018243,0.000000,0.120000,0.000000,0.935234,0.000000,0.000000,0.000000,-0.000000,-0.000000,-0.000000,0.013797,0
1790547742.7961,0.020377,-0.057226,0.000000,-0.000000,0.020377,0.000000,0.120000,0.000000,0.965579,0.000000,0.000000,0.000000,-0.000000,-0.000000,-0.000000,0.013959,0
1790547742.8100,0.030546,-0.064627,0.000000,-0.000000,0.030546,0.000000,0.120000,0.000000,0.995941,0.000000,0.000000,0.000000,-0.000000,-0.000000,-0.000000,0.013967,0
1790547742.8241,0.037980,-0.072898,0.000000,-0.000000,0.037980,0.000000,0.120000,0.000000,0.026244,0.000000,0.000000,0.000000,-0.000000,-0.000000,-0.000000,0.013939,0
1790547742.8377,0.045823,-0.079924,0.000000,-0.000000,0.045823,0.000000,0.120000,0.000000,0.055964,0.000000,0.000000,0.000000,-0.000000,-0.000000,-0.000000,0.013671,0
1790547742.8514,0.048960,-0.083126,0.000000,-0.000000,0.048960,0.000000,0.120000,0.000000,0.085794,0.000000,0.000000,0.000000,-0.000000,-0.000000,-0.000000,0.013722,0
1790547742.8654,0.055417,-0.089058,0.000000,-0.000000,0.055417,0.000000,0.120000,0.000000,0.116186,0.000000,0.000000,0.000000,-0.000000,-0.000000,-0.000000,0.013980,0
1790547742.8793,0.064127,-0.096178,0.000000,-0.000000,0.064127,0.000000,0.120000,0.000000,0.146527,0.000000,0.000000,0.000000,-0.000000,-0.000000,-0.000000,0.013957,0
1790547742.8932,0.058474,-0.099980,0.000000,-0.000000,0.058474,0.000000,0.120000,0.000000,0.176798,0.000000,0.000000,-0.000000,-0.000000,-0.000000,-0.000000,0.013924,0
1790547742.9070,0.052403,-0.094524,0.000000,0.000000,0.052403,0.000000,0.120000,0.000000,0.206955,0.000000,0.000000,-0.000000,-0.000000,-0.000000,0.000000,0.013872,0
1790547742.9210,0.050333,-0.085281,0.000000,0.000000,0.050333,0.000000,0.120000,0.000000,0.237090,0.000000,0.000000,-0.000000,-0.000000,-0.000000,0.000000,0.013862,0
1790547742.9349,0.043080,-0.077668,0.000000,0.000000,0.043080,0.000000,0.120000,0.000000,0.267430,0.000000,0.000000,-0.000000,-0.000000,-0.000000,0.000000,0.013957,0
1790547742.9491,0.034826,-0.065743,0.000000,0.000000,0.034826,0.000000,0.120000,0.000000,0.297596,0.000000,0.000000,-0.000000,-0.000000,-0.000000,0.000000,0.013876,0
1790547742.9632,0.031843,-0.053608,0.000000,0.000000,0.031843,0.000000,0.120000,0.000000,0.328829,0.000000,0.000000,-0.000000,-0.000000,-0.000000,0.000000,0.014368,0
1790547742.9770,0.038126,-0.052466,0.000000,0.000000,0.038126,0.000000,0.120000,0.000000,0.358886,0.000000,0.000000,0.000000,-0.000000,-0.000000,0.000000,0.013826,0
1790547742.9909,0.036787,-0.053477,0.000000,-0.000000,0.036787,0.000000,0.120000,0.000000,0.389116,0.000000,0.000000,-0.000000,-0.000000,-0.000000,-0.000000,0.013906,0
1790547743.0047,0.037131,-0.054593,0.000000,-0.000000,0.037131,0.000000,0.120000,0.000000,0.419081,0.000000,0.000000,0.000000,-0.000000,-0.000000,-0.000000,0.013784,0
1790547743.0186,0.033952,-0.059040,0.000000,-0.000000,0.033952,0.000000,0.120000,0.000000,0.449318,0.000000,0.000000,-0.000000,-0.000000,-0.000000,-0.000000,0.013909,0
1790547743.0326,0.023060,-0.064046,0.000000,-0.000000,0.023060,0.000000,0.120000,0.000000,0.479654,0.000000,0.000000,-0.000000,-0.000000,-0.000000,-0.000000,0.013954,0
1790547743.0464,0.012736,-0.072990,0.000000,-0.000000,0.012736,0.000000,0.120000,0.000000,0.509907,0.000000,0.000000,-0.000000,-0.000000,-0.000000,-0.000000,0.013917,0
1790547743.0600,0.003397,-0.080663,0.000000,-0.000000,0.003397,0.000000,0.120000,0.000000,0.539369,0.000000,0.000000,-0.000000,-0.000000,-0.000000,-0.000000,0.013552,0
1790547743.0736,-0.005351,-0.084162,0.000000,-0.000000,-0.005351,0.000000,0.120000,0.000000,0.568870,-0.000000,0.000000,-0.000000,-0.000000,-0.000000,-0.000000,0.013570,0
1790547743.0875,-0.012865,-0.089157,0.000000,-0.000000,-0.012865,0.000000,0.120000,0.000000,0.599074,-0.000000,0.000000,-0.000000,-0.000000,-0.000000,-0.000000,0.013894,0
1790547743.1014,-0.020265,-0.094849,0.000000,-0.000000,-0.020265,0.000000,0.120000,0.000000,0.629368,-0.000000,0.000000,-0.000000,-0.000000,-0.000000,-0.000000,0.013935,0
1790547743.1153,-0.014739,-0.100720,0.000000,-0.000000,-0.014739,0.000000,0.120000,0.000000,0.659617,-0.000000,0.000000,0.000000,-0.000000,-0.000000,-0.000000,0.013915,0
1790547743.1293,-0.003856,-0.096870,0.000000,0.000000,-0.003856,0.000000,0.120000,0.000000,0.689988,-0.000000,0.000000,0.000000,-0.000000,-0.000000,0.000000,0.013971,0
1790547743.1432,-0.000188,-0.089271,0.000000,0.000000,-0.000188,0.000000,0.120000,0.000000,0.720378,-0.000000,0.000000,0.000000,-0.000000,-0.000000,0.000000,0.013979,0
1790547743.1571,0.003365,-0.080069,0.000000,0.000000,0.003365,0.000000,0.120000,0.000000,0.750369,0.000000,0.000000,0.000000,-0.000000,-0.000000,0.000000,0.013796,0
1790547743.1709,0.014820,-0.068452,0.000000,0.000000,0.014820,0.000000,0.120000,0.000000,0.780464,0.000000,0.000000,0.000000,-0.000000,-0.000000,0.000000,0.013844,0
1790547743.1849,0.024125,-0.054806,0.000000,0.000000,0.024125,0.000000,0.120000,0.000000,0.810787,0.000000,0.000000,0.000000,-0.000000,-0.000000,0.000000,0.013949,0
1790547743.1994,0.025695,-0.049173,0.000000,0.000000,0.025695,0.000000,0.120000,0.000000,0.841733,0.000000,0.000000,0.000000,-0.000000,-0.000000,0.000000,0.014235,0
1790547743.2138,0.021396,-0.052822,0.000000,-0.000000,0.021396,0.000000,0.120000,0.000000,0.873466,0.000000,0.000000,-0.000000,-0.000000,-0.000000,-0.000000,0.014597,0
1790547743.2279,0.026822,-0.056358,0.000000,-0.000000,0.026822,0.000000,0.120000,0.000000,0.903995,0.000000,0.000000,0.000000,-0.000000,-0.000000,-0.000000,0.014043,0
1790547743.2418,0.029791,-0.057868,0.000000,-0.000000,0.029791,0.000000,0.120000,0.000000,0.934464,0.000000,0.000000,0.000000,-0.000000,-0.000000,-0.000000,0.014016,0
1790547743.2558,0.036025,-0.063820,0.000000,-0.000000,0.036025,0.000000,0.120000,0.000000,0.964841,0.000000,0.000000,0.000000,-0.000000,-0.000000,-0.000000,0.013973,0
1790547743.2696,0.046697,-0.073701,0.000000,-0.000000,0.046697,0.000000,0.120000,0.000000,0.994995,0.000000,0.000000,0.000000,-0.000000,-0.000000,-0.000000,0.013871,0
1790547743.2836,0.056661,-0.082976,0.000000,-0.000000,0.056661,0.000000,0.120000,0.000000,0.025318,0.000000,0.000000,0.000000,-0.000000,-0.000000,-0.000000,0.013949,0
1790547743.2972,0.062895,-0.087721,0.000000,-0.000000,0.062895,0.000000,0.120000,0.000000,0.054926,0.000000,0.000000,0.000000,-0.000000,-0.000000,-0.000000,0.013620,0
1790547743.3107,0.065921,-0.091430,0.000000,-0.000000,0.065921,0.000000,0.120000,0.000000,0.084348,0.000000,0.000000,0.000000,-0.000000,-0.000000,-0.000000,0.013534,0
1790547743.3248,0.073864,-0.098560,0.000000,-0.000000,0.073864,0.000000,0.120000,0.000000,0.114845,0.000000,0.000000,0.000000,-0.000000,-0.000000,-0.000000,0.014029,0
1790547743.3388,0.075786,-0.108036,0.000000,-0.000000,0.075786,0.000000,0.120000,0.000000,0.145310,0.000000,0.000000,0.000000,-0.000000,-0.000000,-0.000000,0.014014,0
1790547743.3527,0.064562,-0.109550,0.000000,-0.000000,0.064562,0.000000,0.120000,0.000000,0.175614,0.000000,0.000000,-0.000000,-0.000000,-0.000000,-0.000000,0.013940,0
1790547743.3666,0.058516,-0.101444,0.000000,0.000000,0.058516,0.000000,0.120000,0.000000,0.205786,0.000000,0.000000,-0.000000,-0.000000,-0.000000,0.000000,0.013879,0
1790547743.3806,0.055496,-0.092656,0.000000,0.000000,0.055496,0.000000,0.120000,0.000000,0.236289,0.000000,0.000000,-0.000000,-0.000000,-0.000000,0.000000,0.014031,0
1790547743.3945,0.049209,-0.083125,0.000000,0.000000,0.049209,0.000000,0.120000,0.000000,0.266407,0.000000,0.000000,-0.000000,-0.000000,-0.000000,0.000000,0.013855,0
1790547743.4084,0.042877,-0.069447,0.000000,0.000000,0.042877,0.000000,0.120000,0.000000,0.296734,0.000000,0.000000,-0.000000,-0.000000,-0.000000,0.000000,0.013950,0
1790547743.4222,0.036841,-0.058601,0.000000,0.000000,0.036841,0.000000,0.120000,0.000000,0.326765,0.000000,0.000000,-0.000000,-0.000000,-0.000000,0.000000,0.013814,0
1790547743.4360,0.043619,-0.058297,0.000000,0.000000,0.043619,0.000000,0.120000,0.000000,0.356936,0.000000,0.000000,0.000000,-0.000000,-0.000000,0.000000,0.013879,0
1790547743.4502,0.042143,-0.059230,0.000000,-0.000000,0.042143,0.000000,0.120000,0.000000,0.387104,0.000000,0.000000,-0.000000,-0.000000,-0.000000,-0.000000,0.013877,0
1790547743.4643,0.039931,-0.060749,0.000000,-0.000000,0.039931,0.000000,0.120000,0.000000,0.418129,0.000000,0.000000,-0.000000,-0.000000,-0.000000,-0.000000,0.014271,0
1790547743.4782,0.038527,-0.065411,0.000000,-0.000000,0.038527,0.000000,0.120000,0.000000,0.448448,0.000000,0.000000,-0.000000,-0.000000,-0.000000,-0.000000,0.013947,0
1790547743.4922,0.028626,-0.069366,0.000000,-0.000000,0.028626,0.000000,0.120000,0.000000,0.478814,0.000000,0.000000,-0.000000,-0.000000,-0.000000,-0.000000,0.013968,0
1790547743.5061,0.016868,-0.078487,0.000000,-0.000000,0.016868,0.000000,0.120000,0.000000,0.509003,0.000000,0.000000,-0.000000,-0.000000,-0.000000,-0.000000,0.013887,0
1790547743.5197,0.005071,-0.085542,0.000000,-0.000000,0.005071,0.000000,0.120000,0.000000,0.538633,0.000000,0.000000,-0.000000,-0.000000,-0.000000,-0.000000,0.013630,0
1790547743.5332,-0.005871,-0.090346,0.000000,-0.000000,-0.005871,0.000000,0.120000,0.000000,0.568026,-0.000000,0.000000,-0.000000,-0.000000,-0.000000,-0.000000,0.013521,0
1790547743.5471,-0.013834,-0.097494,0.000000,-0.000000,-0.013834,0.000000,0.120000,0.000000,0.598320,-0.000000,0.000000,-0.000000,-0.000000,-0.000000,-0.000000,0.013935,0
1790547743.5610,-0.022354,-0.105226,0.000000,-0.000000,-0.022354,0.000000,0.120000,0.000000,0.628537,-0.000000,0.000000,-0.000000,-0.000000,-0.000000,-0.000000,0.013900,0
1790547743.5749,-0.016375,-0.110373,0.000000,-0.000000,-0.016375,0.000000,0.120000,0.000000,0.658578,-0.000000,0.000000,0.000000,-0.000000,-0.000000,-0.000000,0.013819,0
1790547743.5889,-0.005361,-0.106696,0.000000,0.000000,-0.005361,0.000000,0.120000,0.000000,0.688975,-0.000000,0.000000,0.000000,-0.000000,-0.000000,0.000000,0.013983,0
1790547743.6028,-0.003546,-0.099298,0.000000,0.000000,-0.003546,0.000000,0.120000,0.000000,0.719344,-0.000000,0.000000,0.000000,-0.000000,-0.000000,0.000000,0.013970,0
1790547743.6168,-0.000096,-0.088661,0.000000,0.000000,-0.000096,0.000000,0.120000,0.000000,0.749706,-0.000000,0.000000,0.000000,-0.000000,-0.000000,0.000000,0.013967,0
1790547743.6308,0.007340,-0.075089,0.000000,0.000000,0.007340,0.000000,0.120000,0.000000,0.780098,0.000000,0.000000,0.000000,-0.000000,-0.000000,0.000000,0.013980,0
1790547743.6448,0.017335,-0.061752,0.000000,0.000000,0.017335,0.000000,0.120000,0.000000,0.810513,0.000000,0.000000,0.000000,-0.000000,-0.000000,0.000000,0.013991,0
1790547743.6587,0.017899,-0.057114,0.000000,0.000000,0.017899,0.000000,0.120000,0.000000,0.840843,0.000000,0.000000,0.000000,-0.000000,-0.000000,0.000000,0.013952,0
1790547743.6725,0.010808,-0.059300,0.000000,-0.000000,0.010808,0.000000,0.120000,0.000000,0.870869,0.000000,0.000000,-0.000000,-0.000000,-0.000000,-0.000000,0.013812,0
1790547743.6864,0.012700,-0.059330,0.000000,-0.000000,0.012700,0.000000,0.120000,0.000000,0.901194,0.000000,0.000000,0.000000,-0.000000,-0.000000,-0.000000,0.013949,0
1790547743.7008,0.013676,-0.057318,0.000000,0.000000,0.013676,0.000000,0.120000,0.000000,0.931681,0.000000,0.000000,0.000000,-0.000000,-0.000000,0.000000,0.014024,0
1790547743.7154,0.019858,-0.060853,0.000000,-0.000000,0.019858,0.000000,0.120000,0.000000,0.963842,0.000000,0.000000,0.000000,-0.000000,-0.000000,-0.000000,0.014794,0
1790547743.7293,0.029547,-0.069649,0.000000,-0.000000,0.029547,0.000000,0.120000,0.000000,0.994194,0.000000,0.000000,0.000000,-0.000000,-0.000000,-0.000000,0.013962,0
1790547743.7432,0.040537,-0.080297,0.000000,-0.000000,0.040537,0.000000,0.120000,0.000000,0.024570,0.000000,0.000000,0.000000,-0.000000,-0.000000,-0.000000,0.013973,0
1790547743.7569,0.050517,-0.087520,0.000000,-0.000000,0.050517,0.000000,0.120000,0.000000,0.054291,0.000000,0.000000,0.000000,-0.000000,-0.000000,-0.000000,0.013672,0
1790547743.7705,0.054603,-0.091009,0.000000,-0.000000,0.054603,0.000000,0.120000,0.000000,0.083861,0.000000,0.000000,0.000000,-0.000000,-0.000000,-0.000000,0.013602,0
1790547743.7844,0.060638,-0.095508,0.000000,-0.000000,0.060638,0.000000,0.120000,0.000000,0.114199,0.000000,0.000000,0.000000,-0.000000,-0.000000,-0.000000,0.013955,0
1790547743.7990,0.055674,-0.102780,0.000000,-0.000000,0.055674,0.000000,0.120000,0.000000,0.144538,0.000000,0.000000,-0.000000,-0.000000,-0.000000,-0.000000,0.013956,0
1790547743.8138,0.048417,-0.100360,0.000000,0.000000,0.048417,0.000000,0.120000,0.000000,0.177485,0.000000,0.000000,-0.000000,-0.000000,-0.000000,0.000000,0.015156,0
1790547743.8281,0.047847,-0.092982,0.000000,0.000000,0.047847,0.000000,0.120000,0.000000,0.208652,0.000000,0.000000,-0.000000,-0.000000,-0.000000,0.000000,0.014337,0
1790547743.8424,0.045062,-0.082647,0.000000,0.000000,0.045062,0.000000,0.120000,0.000000,0.239677,0.000000,0.000000,-0.000000,-0.000000,-0.000000,0.000000,0.014271,0
1790547743.8571,0.035564,-0.069405,0.000000,0.000000,0.035564,0.000000,0.120000,0.000000,0.270830,0.000000,0.000000,-0.000000,-0.000000,-0.000000,0.000000,0.014330,0
1790547743.8718,0.026336,-0.058440,0.000000,0.000000,0.026336,0.000000,0.120000,0.000000,0.303903,0.000000,0.000000,-0.000000,-0.000000,-0.000000,0.000000,0.015214,0
1790547743.8855,0.027528,-0.059165,0.000000,-0.000000,0.027528,0.000000,0.120000,0.000000,0.333730,0.000000,0.000000,0.000000,-0.000000,-0.000000,-0.000000,0.013720,0
1790547743.8991,0.028634,-0.060587,0.000000,-0.000000,0.028634,0.000000,0.120000,0.000000,0.363309,0.000000,0.000000,0.000000,-0.000000,-0.000000,-0.000000,0.013606,0
1790547743.9131,0.028863,-0.059647,0.000000,0.000000,0.028863,0.000000,0.120000,0.000000,0.393939,0.000000,0.000000,0.000000,-0.000000,-0.000000,0.000000,0.014090,0
1790547743.9270,0.030297,-0.060460,0.000000,-0.000000,0.030297,0.000000,0.120000,0.000000,0.424099,0.000000,0.000000,0.000000,-0.000000,-0.000000,-0.000000,0.013874,0
1790547743.9411,0.034047,-0.065090,0.000000,-0.000000,0.034047,0.000000,0.120000,0.000000,0.454632,0.000000,0.000000,0.000000,-0.000000,-0.000000,-0.000000,0.014045,0
1790547743.9553,0.027123,-0.069057,0.000000,-0.000000,0.027123,0.000000,0.120000,0.000000,0.485212,0.000000,0.000000,-0.000000,-0.000000,-0.000000,-0.000000,0.014067,0
1790547743.9696,0.018246,-0.075679,0.000000,-0.000000,0.018246,0.000000,0.120000,0.000000,0.516509,0.000000,0.000000,-0.000000,-0.000000,-0.000000,-0.000000,0.014397,0
1790547743.9830,0.006128,-0.081387,0.000000,-0.000000,0.006128,0.000000,0.120000,0.000000,0.545941,0.000000,0.000000,-0.000000,-0.000000,-0.000000,-0.000000,0.013539,0
1790547743.9970,-0.005821,-0.085531,0.000000,-0.000000,-0.005821,0.000000,0.120000,0.000000,0.575884,-0.000000,0.000000,-0.000000,-0.000000,-0.000000,-0.000000,0.013773,0
1790547744.0113,-0.013076,-0.090741,0.000000,-0.000000,-0.013076,0.000000,0.120000,0.000000,0.607372,-0.000000,0.000000,-0.000000,-0.000000,-0.000000,-0.000000,0.014485,0
1790547744.0254,-0.018821,-0.098828,0.000000,-0.000000,-0.018821,0.000000,0.120000,0.000000,0.637954,-0.000000,0.000000,-0.000000,-0.000000,-0.000000,-0.000000,0.014068,0
1790547744.0394,-0.015020,-0.101005,0.000000,-0.000000,-0.015020,0.000000,0.120000,0.000000,0.668375,-0.000000,0.000000,0.000000,-0.000000,-0.000000,-0.000000,0.013994,0
1790547744.0536,-0.008699,-0.095502,0.000000,0.000000,-0.008699,0.000000,0.120000,0.000000,0.699189,-0.000000,0.000000,0.000000,-0.000000,-0.000000,0.000000,0.014174,0
1790547744.0677,-0.005358,-0.088971,0.000000,0.000000,-0.005358,0.000000,0.120000,0.000000,0.729833,-0.000000,0.000000,0.000000,-0.000000,-0.000000,0.000000,0.014096,0
1790547744.0817,-0.000406,-0.081272,0.000000,0.000000,-0.000406,0.000000,0.120000,0.000000,0.760325,-0.000000,0.000000,0.000000,-0.000000,-0.000000,0.000000,0.014027,0
1790547744.0958,0.008323,-0.070097,0.000000,0.000000,0.008323,0.000000,0.120000,0.000000,0.790767,0.000000,0.000000,0.000000,-0.000000,-0.000000,0.000000,0.014003,0
1790547744.1099,0.013889,-0.056905,0.000000,0.000000,0.013889,0.000000,0.120000,0.000000,0.821677,0.000000,0.000000,0.000000,-0.000000,-0.000000,0.000000,0.014219,0
1790547744.1240,0.007463,-0.055265,0.000000,0.000000,0.007463,0.000000,0.120000,0.000000,0.852266,0.000000,0.000000,-0.000000,-0.000000,-0.000000,0.000000,0.014071,0
1790547744.1381,0.004120,-0.059877,0.000000,-0.000000,0.004120,0.000000,0.120000,0.000000,0.882972,0.000000,0.000000,-0.000000,-0.000000,-0.000000,-0.000000,0.014125,0
1790547744.1520,0.016536,-0.063308,0.000000,-0.000000,0.016536,0.000000,0.120000,0.000000,0.913305,0.000000,0.000000,0.000000,-0.000000,-0.000000,-0.000000,0.013953,0
1790547744.1660,0.016267,-0.070131,0.000000,-0.000000,0.016267,0.000000,0.120000,0.000000,0.943587,0.000000,0.000000,-0.000000,-0.000000,-0.000000,-0.000000,0.013930,0
1790547744.1799,0.022167,-0.078320,0.000000,-0.000000,0.022167,0.000000,0.120000,0.000000,0.973926,0.000000,0.000000,0.000000,-0.000000,-0.000000,-0.000000,0.013956,0
1790547744.1939,0.036242,-0.088364,0.000000,-0.000000,0.036242,0.000000,0.120000,0.000000,0.004352,0.000000,0.000000,0.000000,-0.000000,-0.000000,-0.000000,0.013996,0
1790547744.2082,0.046459,-0.098162,0.000000,-0.000000,0.046459,0.000000,0.120000,0.000000,0.034574,0.000000,0.000000,0.000000,-0.000000,-0.000000,-0.000000,0.013902,0
1790547744.2224,0.053558,-0.105898,0.000000,-0.000000,0.053558,0.000000,0.120000,0.000000,0.065975,0.000000,0.000000,0.000000,-0.000000,-0.000000,-0.000000,0.014445,0
1790547744.2366,0.062569,-0.113692,0.000000,-0.000000,0.062569,0.000000,0.120000,0.000000,0.097004,0.000000,0.000000,0.000000,-0.000000,-0.000000,-0.000000,0.014273,0
1790547744.2507,0.061378,-0.124463,0.000000,-0.000000,0.061378,0.000000,0.120000,0.000000,0.127493,0.000000,0.000000,-0.000000,-0.000000,-0.000000,-0.000000,0.014025,0
1790547744.2648,0.057445,-0.124311,0.000000,0.000000,0.057445,0.000000,0.120000,0.000000,0.158359,0.000000,0.000000,-0.000000,-0.000000,-0.000000,0.000000,0.014198,0
1790547744.2789,0.058810,-0.116651,0.000000,0.000000,0.058810,0.000000,0.120000,0.000000,0.189146,0.000000,0.000000,0.000000,-0.000000,-0.000000,0.000000,0.014162,0
1790547744.2929,0.062256,-0.107426,0.000000,0.000000,0.062256,0.000000,0.120000,0.000000,0.219341,0.000000,0.000000,0.000000,-0.000000,-0.000000,0.000000,0.013890,0
1790547744.3069,0.060466,-0.093964,0.000000,0.000000,0.060466,0.000000,0.120000,0.000000,0.249875,0.000000,0.000000,-0.000000,-0.000000,-0.000000,0.000000,0.014045,0
1790547744.3208,0.058476,-0.078517,0.000000,0.000000,0.058476,0.000000,0.120000,0.000000,0.280163,0.000000,0.000000,-0.000000,-0.000000,-0.000000,0.000000,0.013932,0
1790547744.3349,0.050396,-0.064486,0.000000,0.000000,0.050396,0.000000,0.120000,0.000000,0.310778,0.000000,0.000000,-0.000000,-0.000000,-0.000000,0.000000,0.014083,0
1790547744.3487,0.041602,-0.049951,0.000000,0.000000,0.041602,0.000000,0.120000,0.000000,0.340858,0.000000,0.000000,-0.000000,-0.000000,-0.000000,0.000000,0.013837,0
1790547744.3627,0.044091,-0.046996,0.000000,0.000000,0.044091,0.000000,0.120000,0.000000,0.371237,0.000000,0.000000,0.000000,-0.000000,-0.000000,0.000000,0.013974,0
1790547744.3766,0.044694,-0.051961,0.000000,-0.000000,0.044694,0.000000,0.120000,0.000000,0.401529,0.000000,0.000000,0.000000,-0.000000,-0.000000,-0.000000,0.013934,0
1790547744.3904,0.037586,-0.049877,0.000000,0.000000,0.037586,0.000000,0.120000,0.000000,0.431705,0.000000,0.000000,-0.000000,-0.000000,-0.000000,0.000000,0.013881,0
1790547744.4044,0.035258,-0.047935,0.000000,0.000000,0.035258,0.000000,0.120000,0.000000,0.461937,0.000000,0.000000,-0.000000,-0.000000,-0.000000,0.000000,0.013907,0
1790547744.4183,0.030348,-0.050067,0.000000,-0.000000,0.030348,0.000000,0.120000,0.000000,0.492241,0.000000,0.000000,-0.000000,-0.000000,-0.000000,-0.000000,0.013940,0
1790547744.4323,0.017796,-0.055345,0.000000,-0.000000,0.017796,0.000000,0.120000,0.000000,0.522598,0.000000,0.000000,-0.000000,-0.000000,-0.000000,-0.000000,0.013964,0
1790547744.4458,0.008146,-0.063226,0.000000,-0.000000,0.008146,0.000000,0.120000,0.000000,0.552028,0.000000,0.000000,-0.000000,-0.000000,-0.000000,-0.000000,0.013538,0
1790547744.4598,0.001083,-0.067375,0.000000,-0.000000,0.001083,0.000000,0.120000,0.000000,0.581577,0.000000,0.000000,-0.000000,-0.000000,-0.000000,-0.000000,0.013593,0
1790547744.4742,-0.004042,-0.071277,0.000000,-0.000000,-0.004042,0.000000,0.120000,0.000000,0.613565,-0.000000,0.000000,-0.000000,-0.000000,-0.000000,-0.000000,0.014714,0
1790547744.4884,-0.010864,-0.075830,0.000000,-0.000000,-0.010864,0.000000,0.120000,0.000000,0.644263,-0.000000,0.000000,-0.000000,-0.000000,-0.000000,-0.000000,0.014121,0
1790547744.5025,-0.009926,-0.078036,0.000000,-0.000000,-0.009926,0.000000,0.120000,0.000000,0.675192,-0.000000,0.000000,0.000000,-0.000000,-0.000000,-0.000000,0.014227,0
1790547744.5165,-0.001093,-0.076270,0.000000,0.000000,-0.001093,0.000000,0.120000,0.000000,0.705587,-0.000000,0.000000,0.000000,-0.000000,-0.000000,0.000000,0.013982,0
1790547744.5306,0.002633,-0.069113,0.000000,0.000000,0.002633,0.000000,0.120000,0.000000,0.736134,0.000000,0.000000,0.000000,-0.000000,-0.000000,0.000000,0.014052,0
1790547744.5444,0.006612,-0.062860,0.000000,0.000000,0.006612,0.000000,0.120000,0.000000,0.766251,0.000000,0.000000,0.000000,-0.000000,-0.000000,0.000000,0.013854,0
1790547744.5583,0.009219,-0.053347,0.000000,0.000000,0.009219,0.000000,0.120000,0.000000,0.796485,0.000000,0.000000,0.000000,-0.000000,-0.000000,0.000000,0.013908,0
1790547744.5722,0.013858,-0.042267,0.000000,0.000000,0.013858,0.000000,0.120000,0.000000,0.826925,0.000000,0.000000,0.000000,-0.000000,-0.000000,0.000000,0.014003,0
1790547744.5861,0.008261,-0.038434,0.000000,0.000000,0.008261,0.000000,0.120000,0.000000,0.856981,0.000000,0.000000,-0.000000,-0.000000,-0.000000,0.000000,0.013826,0
1790547744.6001,0.013602,-0.039021,0.000000,-0.000000,0.013602,0.000000,0.120000,0.000000,0.887322,0.000000,0.000000,0.000000,-0.000000,-0.000000,-0.000000,0.013957,0
1790547744.6145,0.017231,-0.041629,0.000000,-0.000000,0.017231,0.000000,0.120000,0.000000,0.918282,0.000000,0.000000,0.000000,-0.000000,-0.000000,-0.000000,0.014242,0
1790547744.6287,0.016271,-0.047905,0.000000,-0.000000,0.016271,0.000000,0.120000,0.000000,0.949514,0.000000,0.000000,-0.000000,-0.000000,-0.000000,-0.000000,0.014367,0
1790547744.6428,0.025791,-0.055448,0.000000,-0.000000,0.025791,0.000000,0.120000,0.000000,0.980153,0.000000,0.000000,0.000000,-0.000000,-0.000000,-0.000000,0.014094,0
1790547744.6569,0.034875,-0.063478,0.000000,-0.000000,0.034875,0.000000,0.120000,0.000000,0.010649,0.000000,0.000000,0.000000,-0.000000,-0.000000,-0.000000,0.014028,0
1790547744.6705,0.041460,-0.071344,0.000000,-0.000000,0.041460,0.000000,0.120000,0.000000,0.040407,0.000000,0.000000,0.000000,-0.000000,-0.000000,-0.000000,0.013689,0
1790547744.6842,0.049936,-0.077589,0.000000,-0.000000,0.049936,0.000000,0.120000,0.000000,0.070203,0.000000,0.000000,0.000000,-0.000000,-0.000000,-0.000000,0.013706,0
1790547744.6983,0.059634,-0.085610,0.000000,-0.000000,0.059634,0.000000,0.120000,0.000000,0.100738,0.000000,0.000000,0.000000,-0.000000,-0.000000,-0.000000,0.014046,0
1790547744.7126,0.064546,-0.094649,0.000000,-0.000000,0.064546,0.000000,0.120000,0.000000,0.131787,0.000000,0.000000,0.000000,-0.000000,-0.000000,-0.000000,0.014282,0
1790547744.7271,0.050033,-0.093301,0.000000,0.000000,0.050033,0.000000,0.120000,0.000000,0.162929,0.000000,0.000000,-0.000000,-0.000000,-0.000000,0.000000,0.014325,0
1790547744.7415,0.047939,-0.085917,0.000000,0.000000,0.047939,0.000000,0.120000,0.000000,0.194628,0.000000,0.000000,-0.000000,-0.000000,-0.000000,0.000000,0.014581,0
1790547744.7554,0.044803,-0.078696,0.000000,0.000000,0.044803,0.000000,0.120000,0.000000,0.224983,0.000000,0.000000,-0.000000,-0.000000,-0.000000,0.000000,0.013964,0
1790547744.7694,0.037542,-0.069229,0.000000,0.000000,0.037542,0.000000,0.120000,0.000000,0.255393,0.000000,0.000000,-0.000000,-0.000000,-0.000000,0.000000,0.013988,0
1790547744.7835,0.028843,-0.059758,0.000000,0.000000,0.028843,0.000000,0.120000,0.000000,0.286064,0.000000,0.000000,-0.000000,-0.000000,-0.000000,0.000000,0.014109,0
1790547744.7976,0.018639,-0.050323,0.000000,0.000000,0.018639,0.000000,0.120000,0.000000,0.316670,0.000000,0.000000,-0.000000,-0.000000,-0.000000,0.000000,0.014079,0
1790547744.8115,0.021377,-0.050761,0.000000,-0.000000,0.021377,0.000000,0.120000,0.000000,0.347043,0.000000,0.000000,0.000000,-0.000000,-0.000000,-0.000000,0.013972,0
1790547744.8256,0.022402,-0.050296,0.000000,0.000000,0.022402,0.000000,0.120000,0.000000,0.377377,0.000000,0.000000,0.000000,-0.000000,-0.000000,0.000000,0.013954,0
1790547744.8398,0.018544,-0.051908,0.000000,-0.000000,0.018544,0.000000,0.120000,0.000000,0.408361,0.000000,0.000000,-0.000000,-0.000000,-0.000000,-0.000000,0.014253,0
1790547744.8539,0.015786,-0.057561,0.000000,-0.000000,0.015786,0.000000,0.120000,0.000000,0.439116,0.000000,0.000000,-0.000000,-0.000000,-0.000000,-0.000000,0.014148,0
1790547744.8679,0.006977,-0.066560,0.000000,-0.000000,0.006977,0.000000,0.120000,0.000000,0.469477,0.000000,0.000000,-0.000000,-0.000000,-0.000000,-0.000000,0.013966,0
1790547744.8819,-0.006016,-0.075096,0.000000,-0.000000,-0.006016,0.000000,0.120000,0.000000,0.499860,-0.000000,0.000000,-0.000000,-0.000000,-0.000000,-0.000000,0.013976,0
1790547744.8962,-0.019738,-0.083833,0.000000,-0.000000,-0.019738,0.000000,0.120000,0.000000,0.530934,-0.000000,0.000000,-0.000000,-0.000000,-0.000000,-0.000000,0.014294,0
1790547744.9099,-0.028052,-0.089935,0.000000,-0.000000,-0.028052,0.000000,0.120000,0.000000,0.560796,-0.000000,0.000000,-0.000000,-0.000000,-0.000000,-0.000000,0.013737,0
1790547744.9236,-0.032166,-0.096305,0.000000,-0.000000,-0.032166,0.000000,0.120000,0.000000,0.590525,-0.000000,0.000000,-0.000000,-0.000000,-0.000000,-0.000000,0.013675,0
1790547744.9376,-0.034846,-0.102616,0.000000,-0.000000,-0.034846,0.000000,0.120000,0.000000,0.620964,-0.000000,0.000000,-0.000000,-0.000000,-0.000000,-0.000000,0.014002,0
1790547744.9516,-0.031119,-0.107752,0.000000,-0.000000,-0.031119,0.000000,0.120000,0.000000,0.651504,-0.000000,0.000000,0.000000,-0.000000,-0.000000,-0.000000,0.014049,0
1790547744.9658,-0.027666,-0.107273,0.000000,0.000000,-0.027666,0.000000,0.120000,0.000000,0.681692,-0.000000,0.000000,0.000000,-0.000000,-0.000000,0.000000,0.013886,0
1790547744.9800,-0.024156,-0.100820,0.000000,0.000000,-0.024156,0.000000,0.120000,0.000000,0.713161,-0.000000,0.000000,0.000000,-0.000000,-0.000000,0.000000,0.014476,0
1790547744.9940,-0.022850,-0.090491,0.000000,0.000000,-0.022850,0.000000,0.120000,0.000000,0.743601,-0.000000,0.000000,0.000000,-0.000000,-0.000000,0.000000,0.014002,0
1790547745.0079,-0.017111,-0.078285,0.000000,0.000000,-0.017111,0.000000,0.120000,0.000000,0.773883,-0.000000,0.000000,0.000000,-0.000000,-0.000000,0.000000,0.013930,0
1790547745.0219,-0.014642,-0.064432,0.000000,0.000000,-0.014642,0.000000,0.120000,0.000000,0.804319,-0.000000,0.000000,0.000000,-0.000000,-0.000000,0.000000,0.014001,0
1790547745.0359,-0.010391,-0.049742,0.000000,0.000000,-0.010391,0.000000,0.120000,0.000000,0.834732,-0.000000,0.000000,0.000000,-0.000000,-0.000000,0.000000,0.013990,0
1790547745.0499,-0.015487,-0.041908,0.000000,0.000000,-0.015487,0.000000,0.120000,0.000000,0.865073,-0.000000,0.000000,-0.000000,-0.000000,-0.000000,0.000000,0.013957,0
1790547745.0638,-0.011626,-0.040892,0.000000,0.000000,-0.011626,0.000000,0.120000,0.000000,0.895404,-0.000000,0.000000,0.000000,-0.000000,-0.000000,0.000000,0.013952,0
1790547745.0777,-0.012771,-0.043525,0.000000,-0.000000,-0.012771,0.000000,0.120000,0.000000,0.925637,-0.000000,0.000000,-0.000000,-0.000000,-0.000000,-0.000000,0.013907,0
1790547745.0918,-0.015600,-0.046343,0.000000,-0.000000,-0.015600,0.000000,0.120000,0.000000,0.955875,-0.000000,0.000000,-0.000000,-0.000000,-0.000000,-0.000000,0.013910,0
1790547745.1061,-0.010060,-0.047303,0.000000,-0.000000,-0.010060,0.000000,0.120000,0.000000,0.987016,-0.000000,0.000000,0.000000,-0.000000,-0.000000,-0.000000,0.014325,0
1790547745.1202,-0.008300,-0.052025,0.000000,-0.000000,-0.008300,0.000000,0.120000,0.000000,0.018018,-0.000000,0.000000,0.000000,-0.000000,-0.000000,-0.000000,0.014261,0
1790547745.1339,0.000196,-0.057908,0.000000,-0.000000,0.000196,0.000000,0.120000,0.000000,0.047721,0.000000,0.000000,0.000000,-0.000000,-0.000000,-0.000000,0.013664,0
1790547745.1475,0.012232,-0.062132,0.000000,-0.000000,0.012232,0.000000,0.120000,0.000000,0.077440,0.000000,0.000000,0.000000,-0.000000,-0.000000,-0.000000,0.013671,0
1790547745.1615,0.017106,-0.066157,0.000000,-0.000000,0.017106,0.000000,0.120000,0.000000,0.107811,0.000000,0.000000,0.000000,-0.000000,-0.000000,-0.000000,0.013970,0
1790547745.1753,0.026486,-0.070129,0.000000,-0.000000,0.026486,0.000000,0.120000,0.000000,0.137794,0.000000,0.000000,0.000000,-0.000000,-0.000000,-0.000000,0.013792,0
1790547745.1892,0.015861,-0.071547,0.000000,-0.000000,0.015861,0.000000,0.119771,0.000000,0.168016,0.000000,0.000000,-0.000000,-0.000000,-0.000000,-0.000000,0.013902,0
1790547745.2031,0.010694,-0.065526,0.000000,0.000000,0.010694,0.000000,0.119085,0.000000,0.198306,0.000000,0.000000,-0.000000,-0.000000,-0.000000,0.000000,0.013933,0
1790547745.2175,0.009024,-0.056898,0.000000,0.000000,0.009024,0.000000,0.117927,0.000000,0.229010,0.000000,0.000000,-0.000000,-0.000000,-0.000000,0.000000,0.014124,0
1790547745.2318,0.005027,-0.048968,0.000000,0.000000,0.005027,0.000000,0.116270,0.000000,0.260429,0.000000,0.000000,-0.000000,-0.000000,-0.000000,0.000000,0.014453,0
1790547745.2459,-0.002537,-0.039077,0.000000,0.000000,-0.002537,0.000000,0.114211,0.000000,0.291032,-0.000000,0.000000,-0.000000,-0.000000,-0.000000,0.000000,0.014078,0
1790547745.2599,-0.007890,-0.035006,0.000000,0.000000,-0.007890,0.000000,0.111735,0.000000,0.321547,-0.000000,0.000000,-0.000000,-0.000000,-0.000000,0.000000,0.014037,0
1790547745.2739,0.000587,-0.036544,0.000000,-0.000000,0.000587,0.000000,0.108864,0.000000,0.351996,0.000000,0.000000,0.000000,-0.000000,-0.000000,-0.000000,0.014007,0
1790547745.2878,0.003923,-0.036214,0.000000,0.000000,0.003923,0.000000,0.105627,0.000000,0.382335,0.000000,0.000000,0.000000,-0.000000,-0.000000,0.000000,0.013956,0
1790547745.3018,0.003581,-0.038221,0.000000,-0.000000,0.003581,0.000000,0.102033,0.000000,0.412727,0.000000,0.000000,-0.000000,-0.000000,-0.000000,-0.000000,0.013980,0
1790547745.3157,0.003164,-0.041920,0.000000,-0.000000,0.003164,0.000000,0.098144,0.000000,0.442901,0.000000,0.000000,-0.000000,-0.000000,-0.000000,-0.000000,0.013880,0
1790547745.3298,-0.004094,-0.048306,0.000000,-0.000000,-0.004094,0.000000,0.093900,0.000000,0.473532,-0.000000,0.000000,-0.000000,-0.000000,-0.000000,-0.000000,0.014090,0
1790547745.3438,-0.012010,-0.057823,0.000000,-0.000000,-0.012010,0.000000,0.089410,0.000000,0.504029,-0.000000,0.000000,-0.000000,-0.000000,-0.000000,-0.000000,0.014029,0
1790547745.3573,-0.023616,-0.066861,0.000000,-0.000000,-0.023616,0.000000,0.084865,0.000000,0.533428,-0.000000,0.000000,-0.000000,-0.000000,-0.000000,-0.000000,0.013524,0
1790547745.3709,-0.033279,-0.073468,0.000000,-0.000000,-0.033279,0.000000,0.080111,0.000000,0.563015,-0.000000,0.000000,-0.000000,-0.000000,-0.000000,-0.000000,0.013610,0
1790547745.3845,-0.039329,-0.078223,0.000000,-0.000000,-0.039329,0.000000,0.075212,0.000000,0.592585,-0.000000,0.000000,-0.000000,-0.000000,-0.000000,-0.000000,0.013602,0
1790547745.3984,-0.041873,-0.084056,0.000000,-0.000000,-0.041873,0.000000,0.070078,0.000000,0.622879,-0.000000,0.000000,-0.000000,-0.000000,-0.000000,-0.000000,0.013935,0
1790547745.4123,-0.038743,-0.089631,0.000000,-0.000000,-0.038743,0.000000,0.064874,0.000000,0.653134,-0.000000,0.000000,0.000000,-0.000000,-0.000000,-0.000000,0.013917,0
1790547745.4263,-0.033977,-0.089415,0.000000,0.000000,-0.033977,0.000000,0.059623,0.000000,0.683445,-0.000000,0.000000,0.000000,-0.000000,-0.000000,0.000000,0.013943,0
1790547745.4401,-0.029433,-0.085515,0.000000,0.000000,-0.029433,0.000000,0.054409,0.000000,0.713559,-0.000000,0.000000,0.000000,-0.000000,-0.000000,0.000000,0.013852,0
1790547745.4541,-0.025859,-0.075776,0.000000,0.000000,-0.025859,0.000000,0.049199,0.000000,0.743900,-0.000000,0.000000,0.000000,-0.000000,-0.000000,0.000000,0.013957,0
1790547745.4683,-0.020240,-0.061637,0.000000,0.000000,-0.020240,0.000000,0.044064,0.000000,0.774285,-0.000000,0.000000,0.000000,-0.000000,-0.000000,0.000000,0.013977,0
1790547745.4825,-0.010933,-0.046407,0.000000,0.000000,-0.010933,0.000000,0.038911,0.000000,0.805535,-0.000000,0.000000,0.000000,-0.000000,-0.000000,0.000000,0.014375,0
1790547745.4965,-0.010067,-0.043650,0.000000,0.000000,-0.010067,0.000000,0.034072,0.000000,0.835883,-0.000000,0.000000,0.000000,-0.000000,-0.000000,0.000000,0.013960,0
1790547745.5105,-0.012444,-0.046781,0.000000,-0.000000,-0.012444,0.000000,0.029398,0.000000,0.866453,-0.000000,0.000000,-0.000000,-0.000000,-0.000000,-0.000000,0.014062,0
1790547745.5244,-0.007319,-0.048758,0.000000,-0.000000,-0.007319,0.000000,0.025007,0.000000,0.896716,-0.000000,0.000000,0.000000,-0.000000,-0.000000,-0.000000,0.013921,0
1790547745.5384,-0.006524,-0.049873,0.000000,-0.000000,-0.006524,0.000000,0.020864,0.000000,0.927122,-0.000000,0.000000,0.000000,-0.000000,-0.000000,-0.000000,0.013987,0
1790547745.5523,-0.002127,-0.054133,0.000000,-0.000000,-0.002127,0.000000,0.017042,0.000000,0.957371,-0.000000,0.000000,0.000000,-0.000000,-0.000000,-0.000000,0.013915,0
1790547745.5662,0.007665,-0.063451,0.000000,-0.000000,0.007665,0.000000,0.013547,0.000000,0.987642,0.000000,0.000000,0.000000,-0.000000,-0.000000,-0.000000,0.013924,0
1790547745.5801,0.018622,-0.072030,0.000000,-0.000000,0.018622,0.000000,0.010406,0.000000,0.017914,0.000000,0.000000,0.000000,-0.000000,-0.000000,-0.000000,0.013926,0
1790547745.5938,0.026377,-0.077580,0.000000,-0.000000,0.026377,0.000000,0.007703,0.000000,0.047496,0.000000,0.000000,0.000000,-0.000000,-0.000000,-0.000000,0.013608,0
1790547745.6074,0.031997,-0.082594,0.000000,-0.000000,0.031997,0.000000,0.005373,0.000000,0.077215,0.000000,0.000000,0.000000,-0.000000,-0.000000,-0.000000,0.013671,0
1790547745.6214,0.039176,-0.089697,0.000000,-0.000000,0.039176,0.000000,0.003407,0.000000,0.107598,0.000000,0.000000,0.000000,-0.000000,-0.000000,-0.000000,0.013976,0
1790547745.6353,0.043584,-0.098048,0.000000,-0.000000,0.043584,0.000000,0.001881,0.000000,0.137886,0.000000,0.000000,0.000000,-0.000000,-0.000000,-0.000000,0.013932,0
1790547745.6493,0.031281,-0.096452,0.000000,0.000000,0.031281,0.000000,0.000800,0.000000,0.168175,0.000000,0.000000,-0.000000,-0.000000,-0.000000,0.000000,0.013933,0
1790547745.6633,0.031404,-0.087347,0.000000,0.000000,0.031404,0.000000,0.000169,0.000000,0.198766,0.000000,0.000000,0.000000,-0.000000,-0.000000,0.000000,0.014072,0
1790547745.6773,0.032052,-0.079109,0.000000,0.000000,0.032052,0.000000,0.000000,0.000000,0.229154,0.000000,0.000000,0.000000,-0.000000,-0.000000,0.000000,0.013978,0
