t,imu_roll,imu_pitch,pid_roll,pid_pitch,roll_meas,banked_roll,eff_lin,eff_ang,phase,p_roll,i_roll,d_roll,p_pitch,i_pitch,d_pitch,dt,ik_clamped
1790549082.6174,-0.012269,-0.015697,-0.003803,-0.004866,-0.012269,0.000000,0.000000,-0.000000,0.000079,-0.003681,-0.000123,0.000000,-0.004709,-0.000157,0.000000,0.010000,0
1790549082.6316,-0.022872,-0.020174,-0.007339,-0.006522,-0.022872,-0.000000,0.000284,-0.001183,0.033748,-0.006862,-0.000477,-0.000000,-0.006052,-0.000469,-0.000000,0.015488,0
1790549082.6454,-0.023170,-0.022435,-0.007750,-0.007512,-0.023170,-0.000000,0.001021,-0.004252,0.063984,-0.006951,-0.000799,-0.000000,-0.006730,-0.000781,-0.000000,0.013908,0
1790549082.6592,-0.025655,-0.021836,-0.008848,-0.007632,-0.025657,-0.000002,0.002190,-0.009124,0.093839,-0.007696,-0.001152,-0.000000,-0.006551,-0.001081,0.000000,0.013733,0
1790549082.6733,-0.024704,-0.021688,-0.008913,-0.007896,-0.024711,-0.000006,0.003850,-0.016041,0.124694,-0.007411,-0.001502,0.000000,-0.006506,-0.001389,0.000000,0.014194,0
1790549082.6872,-0.024641,-0.021335,-0.009240,-0.008088,-0.024656,-0.000015,0.005925,-0.024686,0.155130,-0.007392,-0.001847,0.000000,-0.006401,-0.001688,0.000000,0.014000,0
1790549082.7018,-0.025126,-0.020668,-0.009739,-0.008180,-0.025156,-0.000030,0.008438,-0.035158,0.185792,-0.007538,-0.002202,-0.000000,-0.006201,-0.001979,0.000000,0.014105,0
1790549082.7164,-0.026965,-0.018881,-0.010690,-0.007923,-0.027022,-0.000056,0.011507,-0.047946,0.217940,-0.008090,-0.002600,-0.000000,-0.005664,-0.002259,0.000000,0.014788,0
1790549082.7307,-0.030725,-0.014735,-0.012261,-0.006892,-0.030819,-0.000094,0.014904,-0.062102,0.249302,-0.009217,-0.003044,-0.000000,-0.004420,-0.002471,0.000000,0.014427,0
1790549082.7448,-0.034935,-0.008867,-0.014018,-0.005257,-0.035082,-0.000147,0.018595,-0.077478,0.280049,-0.010481,-0.003538,-0.000000,-0.002660,-0.002597,0.000000,0.014143,0
1790549082.7589,-0.036328,-0.004988,-0.014950,-0.004164,-0.036545,-0.000217,0.022615,-0.094230,0.310819,-0.010898,-0.004052,-0.000000,-0.001496,-0.002667,0.000000,0.014154,0
1790549082.7731,-0.041422,-0.003644,-0.017064,-0.003812,-0.041730,-0.000308,0.026924,-0.112183,0.341539,-0.012427,-0.004637,-0.000000,-0.001093,-0.002719,0.000000,0.014132,0
1790549082.7871,-0.050157,-0.007515,-0.020391,-0.005079,-0.050578,-0.000421,0.031477,-0.131153,0.372152,-0.015047,-0.005344,-0.000000,-0.002255,-0.002825,-0.000000,0.014082,0
1790549082.8011,-0.043534,-0.006421,-0.019014,-0.004841,-0.044092,-0.000557,0.036228,-0.150950,0.402610,-0.013060,-0.005953,0.000000,-0.001926,-0.002914,0.000000,0.014011,0
1790549082.8150,-0.035971,-0.009947,-0.017246,-0.006037,-0.036690,-0.000719,0.041139,-0.171414,0.432922,-0.010791,-0.006455,0.000000,-0.002984,-0.003053,-0.000000,0.013943,0
1790549082.8290,-0.032094,-0.016858,-0.016532,-0.008346,-0.033001,-0.000907,0.046205,-0.192522,0.463291,-0.009628,-0.006903,0.000000,-0.005058,-0.003289,-0.000000,0.013970,0
1790549082.8429,-0.031854,-0.022485,-0.016904,-0.010348,-0.032975,-0.001121,0.051371,-0.214045,0.493624,-0.009556,-0.007348,0.000000,-0.006746,-0.003602,-0.000000,0.013953,0
1790549082.8569,-0.033541,-0.026315,-0.017878,-0.011864,-0.034902,-0.001361,0.056598,-0.235825,0.523929,-0.010062,-0.007815,-0.000000,-0.007895,-0.003969,-0.000000,0.013941,0
1790549082.8706,-0.035315,-0.025335,-0.018892,-0.011916,-0.036935,-0.001619,0.061744,-0.257267,0.553616,-0.010595,-0.008298,-0.000000,-0.007601,-0.004315,0.000000,0.013656,0
1790549082.8842,-0.032604,-0.020929,-0.018524,-0.010880,-0.034504,-0.001900,0.066878,-0.278660,0.583308,-0.009781,-0.008743,0.000000,-0.006279,-0.004601,0.000000,0.013658,0
1790549082.8981,-0.033896,-0.018456,-0.019383,-0.010395,-0.036101,-0.002205,0.072055,-0.300227,0.613546,-0.010169,-0.009214,-0.000000,-0.005537,-0.004858,0.000000,0.013909,0
1790549082.9121,-0.035668,-0.016240,-0.020413,-0.009957,-0.038197,-0.002529,0.077163,-0.321514,0.643931,-0.010700,-0.009713,-0.000000,-0.004872,-0.005085,0.000000,0.013977,0
1790549082.9260,-0.037562,-0.013396,-0.021504,-0.009290,-0.040426,-0.002864,0.082116,-0.342152,0.674172,-0.011269,-0.010236,-0.000000,-0.004019,-0.005271,0.000000,0.013911,0
1790549082.9402,-0.029943,-0.007463,-0.019640,-0.007615,-0.033154,-0.003212,0.086958,-0.362326,0.704782,-0.008983,-0.010657,0.000000,-0.002239,-0.005376,0.000000,0.014081,0
1790549082.9546,-0.023074,0.002224,-0.017905,-0.004678,-0.026638,-0.003564,0.091605,-0.381686,0.735500,-0.006922,-0.010983,0.000000,0.000667,-0.005345,0.000000,0.014130,0
1790549082.9689,-0.021209,0.000762,-0.017656,-0.005105,-0.025136,-0.003927,0.096154,-0.400643,0.767314,-0.006363,-0.011294,0.000000,0.000228,-0.005334,-0.000000,0.014635,0
1790549082.9830,-0.017651,0.001813,-0.016836,-0.004764,-0.021918,-0.004267,0.100226,-0.417609,0.797788,-0.005295,-0.011541,0.000000,0.000544,-0.005308,0.000000,0.014018,0
1790549082.9969,-0.012355,0.009152,-0.015421,-0.002434,-0.016948,-0.004594,0.103996,-0.433318,0.828349,-0.003706,-0.011715,0.000000,0.002746,-0.005180,0.000000,0.014058,0
1790549083.0109,-0.009208,0.016662,-0.014606,0.000052,-0.014107,-0.004899,0.107399,-0.447495,0.858675,-0.002762,-0.011843,0.000000,0.004999,-0.004947,0.000000,0.013950,0
1790549083.0248,-0.010426,0.025116,-0.015116,0.002938,-0.015606,-0.005180,0.110438,-0.460157,0.889006,-0.003128,-0.011989,-0.000000,0.007535,-0.004597,0.000000,0.013952,0
1790549083.0388,-0.011339,0.025021,-0.015548,0.003258,-0.016770,-0.005431,0.113081,-0.471171,0.919238,-0.003402,-0.012146,-0.000000,0.007506,-0.004249,-0.000000,0.013907,0
1790549083.0528,-0.012185,0.022828,-0.015973,0.002921,-0.017836,-0.005651,0.115342,-0.480592,0.949805,-0.003656,-0.012318,-0.000000,0.006849,-0.003928,-0.000000,0.014061,0
1790549083.0667,-0.014653,0.025166,-0.016917,0.003972,-0.020482,-0.005829,0.117154,-0.488142,0.980045,-0.004396,-0.012521,-0.000000,0.007550,-0.003578,0.000000,0.013911,0
1790549083.0807,-0.024554,0.030445,-0.020231,0.005982,-0.030522,-0.005968,0.118536,-0.493900,0.010449,-0.007366,-0.012865,-0.000000,0.009133,-0.003152,0.000000,0.013986,0
1790549083.0942,-0.028341,0.035394,-0.021749,0.007944,-0.034400,-0.006059,0.119441,-0.497672,0.039783,-0.008502,-0.013247,-0.000000,0.010618,-0.002674,0.000000,0.013494,0
1790549083.1078,-0.033781,0.038019,-0.023842,0.009250,-0.039889,-0.006108,0.119922,-0.499676,0.069406,-0.010134,-0.013708,-0.000000,0.011406,-0.002156,0.000000,0.013627,0
1790549083.1218,-0.041056,0.040934,-0.026599,0.010697,-0.047172,-0.006116,0.120000,-0.500000,0.099821,-0.012317,-0.014282,-0.000000,0.012280,-0.001584,0.000000,0.013991,0
1790549083.1359,-0.047801,0.045734,-0.029288,0.012773,-0.053917,-0.006116,0.120000,-0.500000,0.130093,-0.014340,-0.014948,-0.000000,0.013720,-0.000947,0.000000,0.013925,0
1790549083.1500,-0.046233,0.044071,-0.029473,0.012900,-0.052349,-0.006116,0.120000,-0.500000,0.160924,-0.013870,-0.015603,0.000000,0.013221,-0.000322,-0.000000,0.014183,0
1790549083.1639,-0.045369,0.039474,-0.029846,0.012070,-0.051486,-0.006116,0.120000,-0.500000,0.191196,-0.013611,-0.016235,0.000000,0.011842,0.000228,-0.000000,0.013925,0
1790549083.1778,-0.046092,0.034115,-0.030706,0.010939,-0.052208,-0.006116,0.120000,-0.500000,0.221561,-0.013828,-0.016879,-0.000000,0.010234,0.000705,-0.000000,0.013968,0
1790549083.1917,-0.045029,0.025326,-0.031014,0.008655,-0.051145,-0.006116,0.120000,-0.500000,0.251818,-0.013509,-0.017506,0.000000,0.007598,0.001057,-0.000000,0.013918,0
1790549083.2061,-0.038717,0.015514,-0.029662,0.005928,-0.044833,-0.006116,0.120000,-0.500000,0.282231,-0.011615,-0.018047,0.000000,0.004654,0.001274,-0.000000,0.013990,0
1790549083.2210,-0.034622,0.008588,-0.028953,0.003979,-0.040738,-0.006116,0.120000,-0.500000,0.314834,-0.010386,-0.018566,0.000000,0.002576,0.001403,-0.000000,0.014997,0
1790549083.2351,-0.032619,0.010306,-0.028819,0.004642,-0.038735,-0.006116,0.120000,-0.500000,0.345930,-0.009786,-0.019033,0.000000,0.003092,0.001550,0.000000,0.014304,0
1790549083.2494,-0.037973,0.012829,-0.030966,0.005582,-0.044090,-0.006116,0.120000,-0.500000,0.376925,-0.011392,-0.019574,-0.000000,0.003849,0.001733,0.000000,0.014257,0
1790549083.2636,-0.045231,0.011941,-0.033788,0.005485,-0.051347,-0.006116,0.120000,-0.500000,0.407867,-0.013569,-0.020218,-0.000000,0.003582,0.001903,-0.000000,0.014234,0
1790549083.2774,-0.040222,0.006790,-0.032846,0.004035,-0.046338,-0.006116,0.120000,-0.500000,0.438176,-0.012067,-0.020779,0.000000,0.002037,0.001998,-0.000000,0.013942,0
1790549083.2905,-0.036673,-0.000874,-0.032264,0.001724,-0.042789,-0.006116,0.120000,-0.500000,0.466832,-0.011002,-0.021262,0.000000,-0.000262,0.001986,-0.000000,0.013182,0
1790549083.3036,-0.038491,-0.008703,-0.033312,-0.000738,-0.044607,-0.006116,0.120000,-0.500000,0.495194,-0.011547,-0.021765,-0.000000,-0.002611,0.001873,-0.000000,0.013047,0
1790549083.3171,-0.041450,-0.018470,-0.034756,-0.003916,-0.047566,-0.006116,0.120000,-0.500000,0.524397,-0.012435,-0.022321,-0.000000,-0.005541,0.001625,-0.000000,0.013433,0
1790549083.3309,-0.041060,-0.025936,-0.035202,-0.006512,-0.047176,-0.006116,0.120000,-0.500000,0.554190,-0.012318,-0.022884,0.000000,-0.007781,0.001269,-0.000000,0.013705,0
1790549083.3447,-0.039620,-0.031236,-0.035314,-0.008531,-0.045736,-0.006116,0.120000,-0.500000,0.584048,-0.011886,-0.023428,0.000000,-0.009371,0.000840,-0.000000,0.013735,0
1790549083.3588,-0.038013,-0.036741,-0.035371,-0.010703,-0.044129,-0.006116,0.120000,-0.500000,0.614862,-0.011404,-0.023967,0.000000,-0.011022,0.000319,-0.000000,0.014175,0
1790549083.3727,-0.037192,-0.042050,-0.035645,-0.012883,-0.043308,-0.006116,0.120000,-0.500000,0.645251,-0.011158,-0.024487,0.000000,-0.012615,-0.000268,-0.000000,0.013979,0
1790549083.3867,-0.031033,-0.044824,-0.034231,-0.014342,-0.037149,-0.006116,0.120000,-0.500000,0.675644,-0.009310,-0.024921,0.000000,-0.013447,-0.000895,-0.000000,0.013981,0
1790549083.4006,-0.018644,-0.039329,-0.030773,-0.013239,-0.024761,-0.006116,0.120000,-0.500000,0.705798,-0.005593,-0.025180,0.000000,-0.011799,-0.001441,0.000000,0.013871,0
1790549083.4147,-0.014021,-0.031801,-0.029583,-0.011428,-0.020137,-0.006116,0.120000,-0.500000,0.736388,-0.004206,-0.025377,0.000000,-0.009540,-0.001888,0.000000,0.014071,0
1790549083.4286,-0.013420,-0.019326,-0.029591,-0.007957,-0.019536,-0.006116,0.120000,-0.500000,0.766868,-0.004026,-0.025565,0.000000,-0.005798,-0.002159,0.000000,0.014021,0
1790549083.4425,-0.008310,-0.004761,-0.028173,-0.003654,-0.014426,-0.006116,0.120000,-0.500000,0.797056,-0.002493,-0.025680,0.000000,-0.001428,-0.002225,0.000000,0.013886,0
1790549083.4566,-0.005443,0.006512,-0.027389,-0.000181,-0.011559,-0.006116,0.120000,-0.500000,0.827488,-0.001633,-0.025757,0.000000,0.001953,-0.002134,0.000000,0.013999,0
1790549083.4711,-0.005949,0.004609,-0.027627,-0.000685,-0.012065,-0.006116,0.120000,-0.500000,0.858729,-0.001785,-0.025842,-0.000000,0.001383,-0.002068,-0.000000,0.014371,0
1790549083.4851,-0.006989,0.002247,-0.028038,-0.001362,-0.013105,-0.006116,0.120000,-0.500000,0.889521,-0.002097,-0.025941,-0.000000,0.000674,-0.002036,-0.000000,0.014164,0
1790549083.4992,-0.009011,-0.000791,-0.028771,-0.002284,-0.015127,-0.006116,0.120000,-0.500000,0.920065,-0.002703,-0.026068,-0.000000,-0.000237,-0.002047,-0.000000,0.014050,0
1790549083.5132,-0.018601,-0.000955,-0.031907,-0.002347,-0.024718,-0.006116,0.120000,-0.500000,0.950348,-0.005580,-0.026327,-0.000000,-0.000286,-0.002060,-0.000000,0.013931,0
1790549083.5273,-0.020686,-0.003675,-0.032827,-0.003215,-0.026802,-0.006116,0.120000,-0.500000,0.981300,-0.006206,-0.026621,-0.000000,-0.001103,-0.002113,-0.000000,0.014238,0
1790549083.5414,-0.022065,-0.007166,-0.033552,-0.004364,-0.028181,-0.006116,0.120000,-0.500000,0.011923,-0.006619,-0.026932,-0.000000,-0.002150,-0.002214,-0.000000,0.014086,0
1790549083.5550,-0.021000,-0.011584,-0.033518,-0.005847,-0.027116,-0.006116,0.120000,-0.500000,0.041534,-0.006300,-0.027218,0.000000,-0.003475,-0.002371,-0.000000,0.013621,0
1790549083.5686,-0.018132,-0.015259,-0.032905,-0.007157,-0.024248,-0.006116,0.120000,-0.500000,0.071165,-0.005440,-0.027465,0.000000,-0.004578,-0.002579,-0.000000,0.013630,0
1790549083.5826,-0.017048,-0.018167,-0.032818,-0.008284,-0.023164,-0.006116,0.120000,-0.500000,0.101585,-0.005114,-0.027704,0.000000,-0.005450,-0.002834,-0.000000,0.013993,0
1790549083.5965,-0.017011,-0.018986,-0.033043,-0.008793,-0.023127,-0.006116,0.120000,-0.500000,0.131713,-0.005103,-0.027940,0.000000,-0.005696,-0.003097,-0.000000,0.013859,0
1790549083.6105,-0.016789,-0.021369,-0.033211,-0.009806,-0.022905,-0.006116,0.120000,-0.500000,0.162093,-0.005037,-0.028174,0.000000,-0.006411,-0.003395,-0.000000,0.013974,0
1790549083.6246,-0.016047,-0.023329,-0.033215,-0.010723,-0.022163,-0.006116,0.120000,-0.500000,0.192748,-0.004814,-0.028401,0.000000,-0.006999,-0.003724,-0.000000,0.014101,0
1790549083.6387,-0.017243,-0.025825,-0.033816,-0.011836,-0.023360,-0.006116,0.120000,-0.500000,0.223357,-0.005173,-0.028643,-0.000000,-0.007748,-0.004088,-0.000000,0.014080,0
1790549083.6528,-0.021401,-0.027379,-0.035364,-0.012687,-0.027517,-0.006116,0.120000,-0.500000,0.253919,-0.006420,-0.028944,-0.000000,-0.008214,-0.004473,-0.000000,0.014059,0
1790549083.6669,-0.024894,-0.025076,-0.036762,-0.012348,-0.031010,-0.006116,0.120000,-0.500000,0.284435,-0.007468,-0.029294,-0.000000,-0.007523,-0.004825,0.000000,0.014037,0
1790549083.6825,-0.025226,-0.023460,-0.037246,-0.012220,-0.031343,-0.006116,0.120000,-0.500000,0.317538,-0.007568,-0.029678,-0.000000,-0.007038,-0.005182,0.000000,0.015228,0
1790549083.6971,-0.024743,-0.025278,-0.037469,-0.013142,-0.030860,-0.006116,0.120000,-0.500000,0.349904,-0.007423,-0.030046,0.000000,-0.007583,-0.005559,-0.000000,0.014888,0
1790549083.7120,-0.038734,-0.031917,-0.042240,-0.015607,-0.044850,-0.006116,0.120000,-0.500000,0.382120,-0.011620,-0.030620,-0.000000,-0.009575,-0.006032,-0.000000,0.014820,0
1790549083.7265,-0.041059,-0.041639,-0.043536,-0.019130,-0.047176,-0.006116,0.120000,-0.500000,0.413804,-0.012318,-0.031219,-0.000000,-0.012492,-0.006638,-0.000000,0.014574,0
1790549083.7418,-0.040381,-0.054216,-0.043952,-0.023734,-0.046497,-0.006116,0.120000,-0.500000,0.447113,-0.012114,-0.031837,0.000000,-0.016265,-0.007469,-0.000000,0.015322,0
1790549083.7558,-0.045400,-0.060359,-0.046086,-0.026412,-0.051516,-0.006116,0.120000,-0.500000,0.477205,-0.013620,-0.032466,-0.000000,-0.018108,-0.008305,-0.000000,0.013843,0
1790549083.7695,-0.050667,-0.068825,-0.048378,-0.029919,-0.056783,-0.006116,0.120000,-0.500000,0.507761,-0.015200,-0.033178,-0.000000,-0.020647,-0.009272,-0.000000,0.014055,0
1790549083.7831,-0.054131,-0.076515,-0.050153,-0.033267,-0.060247,-0.006116,0.120000,-0.500000,0.537332,-0.016239,-0.033914,-0.000000,-0.022954,-0.010313,-0.000000,0.013603,0
1790549083.7968,-0.062108,-0.083220,-0.053400,-0.036422,-0.068224,-0.006116,0.120000,-0.500000,0.567207,-0.018632,-0.034768,-0.000000,-0.024966,-0.011456,-0.000000,0.013743,0
1790549083.8109,-0.065485,-0.091662,-0.055334,-0.040244,-0.071602,-0.006116,0.120000,-0.500000,0.597783,-0.019646,-0.035689,-0.000000,-0.027498,-0.012746,-0.000000,0.014065,0
1790549083.8248,-0.060425,-0.096592,-0.054657,-0.043068,-0.066541,-0.006116,0.120000,-0.500000,0.628036,-0.018127,-0.036530,0.000000,-0.028978,-0.014090,-0.000000,0.013916,0
1790549083.8387,-0.050344,-0.091865,-0.052332,-0.042926,-0.056460,-0.006116,0.120000,-0.500000,0.658234,-0.015103,-0.037229,0.000000,-0.027560,-0.015366,0.000000,0.013891,0
1790549083.8526,-0.050560,-0.082708,-0.053102,-0.041332,-0.056676,-0.006116,0.120000,-0.500000,0.688547,-0.015168,-0.037934,-0.000000,-0.024812,-0.016519,0.000000,0.013944,0
1790549083.8665,-0.047447,-0.070935,-0.052829,-0.038787,-0.053564,-0.006116,0.120000,-0.500000,0.718809,-0.014234,-0.038595,0.000000,-0.021281,-0.017507,0.000000,0.013921,0
1790549083.8804,-0.038412,-0.055387,-0.050651,-0.034891,-0.044528,-0.006116,0.120000,-0.500000,0.748950,-0.011524,-0.039127,0.000000,-0.016616,-0.018275,0.000000,0.013865,0
1790549083.8944,-0.024146,-0.030298,-0.046709,-0.027788,-0.030262,-0.006116,0.120000,-0.500000,0.779402,-0.007244,-0.039465,0.000000,-0.009089,-0.018699,0.000000,0.014008,0
1790549083.9084,-0.011440,0.001784,-0.043057,-0.018139,-0.017556,-0.006116,0.120000,-0.500000,0.809800,-0.003432,-0.039625,0.000000,0.000535,-0.018674,0.000000,0.013983,0
1790549083.9226,0.000539,0.027780,-0.039456,-0.009947,-0.005577,-0.006116,0.120000,-0.500000,0.840539,0.000162,-0.039618,0.000000,0.008334,-0.018281,0.000000,0.014140,0
1790549083.9368,-0.007408,0.022597,-0.041944,-0.011185,-0.013524,-0.006116,0.120000,-0.500000,0.871087,-0.002222,-0.039722,-0.000000,0.006779,-0.017964,-0.000000,0.014052,0
1790549083.9508,0.003889,0.017973,-0.038500,-0.012317,-0.002227,-0.006116,0.120000,-0.500000,0.901955,0.001167,-0.039667,0.000000,0.005392,-0.017709,-0.000000,0.014199,0
1790549083.9651,-0.003730,0.017337,-0.040838,-0.012263,-0.009846,-0.006116,0.120000,-0.500000,0.932594,-0.001119,-0.039719,-0.000000,0.005201,-0.017464,-0.000000,0.014094,0
1790549083.9792,-0.005393,0.017617,-0.041414,-0.011927,-0.011509,-0.006116,0.120000,-0.500000,0.963675,-0.001618,-0.039796,-0.000000,0.005285,-0.017212,0.000000,0.014297,0
1790549083.9932,-0.002336,0.011188,-0.040530,-0.013700,-0.008452,-0.006116,0.120000,-0.500000,0.994046,-0.000701,-0.039829,0.000000,0.003356,-0.017056,-0.000000,0.013971,0
1790549084.0071,-0.005874,0.007357,-0.041673,-0.014746,-0.011990,-0.006116,0.120000,-0.500000,0.024417,-0.001762,-0.039911,-0.000000,0.002207,-0.016953,-0.000000,0.013971,0
1790549084.0208,-0.009410,0.006893,-0.042863,-0.014791,-0.015527,-0.006116,0.120000,-0.500000,0.054105,-0.002823,-0.040039,-0.000000,0.002068,-0.016859,-0.000000,0.013657,0
1790549084.0344,-0.010173,0.005938,-0.043230,-0.014996,-0.016289,-0.006116,0.120000,-0.500000,0.083810,-0.003052,-0.040178,-0.000000,0.001782,-0.016778,-0.000000,0.013664,0
1790549084.0485,-0.013383,0.005587,-0.044381,-0.015023,-0.019499,-0.006116,0.120000,-0.500000,0.114296,-0.004015,-0.040366,-0.000000,0.001676,-0.016700,-0.000000,0.014024,0
1790549084.0624,-0.015529,0.003180,-0.045241,-0.015701,-0.021645,-0.006116,0.120000,-0.500000,0.144524,-0.004659,-0.040582,-0.000000,0.000954,-0.016655,-0.000000,0.013905,0
1790549084.0764,-0.019426,0.004375,-0.046682,-0.015282,-0.025542,-0.006116,0.120000,-0.500000,0.175034,-0.005828,-0.040855,-0.000000,0.001313,-0.016594,0.000000,0.014034,0
1790549084.0904,-0.020065,0.003130,-0.047155,-0.015611,-0.026181,-0.006116,0.120000,-0.500000,0.205456,-0.006019,-0.041135,-0.000000,0.000939,-0.016550,-0.000000,0.013994,0
1790549084.1043,-0.018657,0.000255,-0.046992,-0.016470,-0.024773,-0.006116,0.120000,-0.500000,0.235616,-0.005597,-0.041394,0.000000,0.000077,-0.016547,-0.000000,0.013874,0
1790549084.1183,-0.017743,-0.002589,-0.046966,-0.017360,-0.023859,-0.006116,0.120000,-0.500000,0.266151,-0.005323,-0.041644,0.000000,-0.000777,-0.016583,-0.000000,0.014046,0
1790549084.1324,-0.021797,-0.001497,-0.048485,-0.017053,-0.027913,-0.006116,0.120000,-0.500000,0.296301,-0.006539,-0.041946,-0.000000,-0.000449,-0.016604,0.000000,0.013869,0
1790549084.1468,-0.023139,0.002631,-0.049222,-0.015776,-0.029255,-0.006116,0.120000,-0.500000,0.327749,-0.006942,-0.042281,-0.000000,0.000789,-0.016566,0.000000,0.014466,0
1790549084.1607,-0.021748,-0.001729,-0.049110,-0.017109,-0.027864,-0.006116,0.120000,-0.500000,0.358207,-0.006524,-0.042585,0.000000,-0.000519,-0.016590,-0.000000,0.014011,0
1790549084.1748,-0.025566,-0.008235,-0.050615,-0.019176,-0.031682,-0.006116,0.120000,-0.500000,0.388790,-0.007670,-0.042945,-0.000000,-0.002471,-0.016706,-0.000000,0.014069,0
1790549084.1887,-0.033491,-0.015780,-0.053460,-0.021660,-0.039607,-0.006116,0.120000,-0.500000,0.419176,-0.010047,-0.043413,-0.000000,-0.004734,-0.016926,-0.000000,0.013978,0
1790549084.2027,-0.035711,-0.024502,-0.054627,-0.024620,-0.041827,-0.006116,0.120000,-0.500000,0.449628,-0.010713,-0.043913,-0.000000,-0.007351,-0.017270,-0.000000,0.014008,0
1790549084.2170,-0.038957,-0.031928,-0.056149,-0.027297,-0.045073,-0.006116,0.120000,-0.500000,0.480221,-0.011687,-0.044462,-0.000000,-0.009578,-0.017719,-0.000000,0.014073,0
1790549084.2313,-0.048239,-0.041030,-0.059628,-0.030619,-0.054355,-0.006116,0.120000,-0.500000,0.511536,-0.014472,-0.045156,-0.000000,-0.012309,-0.018310,-0.000000,0.014405,0
1790549084.2450,-0.055685,-0.048743,-0.062626,-0.033602,-0.061801,-0.006116,0.120000,-0.500000,0.541361,-0.016706,-0.045920,-0.000000,-0.014623,-0.018979,-0.000000,0.013719,0
1790549084.2587,-0.061193,-0.057816,-0.065120,-0.037119,-0.067309,-0.006116,0.120000,-0.500000,0.571254,-0.018358,-0.046762,-0.000000,-0.017345,-0.019774,-0.000000,0.013751,0
1790549084.2727,-0.064374,-0.065936,-0.066977,-0.040479,-0.070490,-0.006116,0.120000,-0.500000,0.601741,-0.019312,-0.047665,-0.000000,-0.019781,-0.020698,-0.000000,0.014024,0
1790549084.2866,-0.059621,-0.071338,-0.066379,-0.043091,-0.065738,-0.006116,0.120000,-0.500000,0.631938,-0.017886,-0.048493,0.000000,-0.021401,-0.021689,-0.000000,0.013890,0
1790549084.3006,-0.049044,-0.072734,-0.063893,-0.044529,-0.055160,-0.006116,0.120000,-0.500000,0.662414,-0.014713,-0.049180,0.000000,-0.021820,-0.022709,-0.000000,0.014019,0
1790549084.3146,-0.047695,-0.069266,-0.064158,-0.044460,-0.053811,-0.006116,0.120000,-0.500000,0.692893,-0.014309,-0.049849,0.000000,-0.020780,-0.023680,0.000000,0.014021,0
1790549084.3285,-0.043787,-0.061260,-0.063591,-0.042906,-0.049903,-0.006116,0.120000,-0.500000,0.722993,-0.013136,-0.050455,0.000000,-0.018378,-0.024528,0.000000,0.013846,0
1790549084.3426,-0.030138,-0.045666,-0.059920,-0.038869,-0.036254,-0.006116,0.120000,-0.500000,0.753511,-0.009041,-0.050878,0.000000,-0.013700,-0.025169,0.000000,0.014038,0
1790549084.3566,-0.017031,-0.026179,-0.056227,-0.033392,-0.023147,-0.006116,0.120000,-0.500000,0.784103,-0.005109,-0.051118,0.000000,-0.007854,-0.025538,0.000000,0.014072,0
1790549084.3706,-0.002805,-0.002853,-0.051999,-0.026434,-0.008921,-0.006116,0.120000,-0.500000,0.814513,-0.000842,-0.051157,0.000000,-0.000856,-0.025578,0.000000,0.013988,0
1790549084.3845,0.007495,0.018783,-0.048805,-0.019681,0.001379,-0.006116,0.120000,-0.500000,0.844767,0.002248,-0.051053,0.000000,0.005635,-0.025316,0.000000,0.013917,0
1790549084.3985,-0.003889,0.017539,-0.052274,-0.019809,-0.010005,-0.006116,0.120000,-0.500000,0.875218,-0.001167,-0.051107,-0.000000,0.005262,-0.025071,-0.000000,0.014008,0
1790549084.4124,-0.002448,0.013242,-0.051876,-0.020914,-0.008564,-0.006116,0.120000,-0.500000,0.905458,-0.000734,-0.051141,0.000000,0.003973,-0.024886,-0.000000,0.013910,0
1790549084.4263,-0.012974,0.018917,-0.055215,-0.018948,-0.019090,-0.006116,0.120000,-0.500000,0.935764,-0.003892,-0.051322,-0.000000,0.005675,-0.024623,0.000000,0.013941,0
1790549084.4402,-0.018721,0.019457,-0.057198,-0.018516,-0.024837,-0.006116,0.120000,-0.500000,0.965923,-0.005616,-0.051582,-0.000000,0.005837,-0.024353,0.000000,0.013873,0
1790549084.4542,-0.013659,0.011560,-0.055871,-0.020723,-0.019775,-0.006116,0.120000,-0.500000,0.996311,-0.004098,-0.051773,0.000000,0.003468,-0.024191,-0.000000,0.013979,0
1790549084.4684,-0.004643,0.004198,-0.053231,-0.022873,-0.010759,-0.006116,0.120000,-0.500000,0.026633,-0.001393,-0.051838,0.000000,0.001260,-0.024133,-0.000000,0.013948,0
1790549084.4825,0.000788,-0.000050,-0.051590,-0.024148,-0.005329,-0.006116,0.120000,-0.500000,0.057599,0.000236,-0.051827,0.000000,-0.000015,-0.024133,-0.000000,0.014245,0
1790549084.4962,0.006751,-0.008363,-0.049709,-0.026757,0.000635,-0.006116,0.120000,-0.500000,0.087437,0.002025,-0.051734,0.000000,-0.002509,-0.024248,-0.000000,0.013725,0
1790549084.5102,0.013437,-0.017941,-0.047514,-0.029883,0.007321,-0.006116,0.120000,-0.500000,0.118052,0.004031,-0.051545,0.000000,-0.005382,-0.024501,-0.000000,0.014083,0
1790549084.5243,0.016044,-0.024337,-0.046507,-0.032143,0.009928,-0.006116,0.120000,-0.500000,0.148511,0.004813,-0.051320,0.000000,-0.007301,-0.024842,-0.000000,0.014011,0
1790549084.5383,0.010644,-0.029585,-0.047977,-0.034134,0.004528,-0.006116,0.120000,-0.500000,0.179140,0.003193,-0.051170,-0.000000,-0.008875,-0.025259,-0.000000,0.014089,0
1790549084.5524,0.006728,-0.029515,-0.049057,-0.034527,0.000611,-0.006116,0.120000,-0.500000,0.209592,0.002018,-0.051076,-0.000000,-0.008854,-0.025672,0.000000,0.014008,0
1790549084.5664,0.004543,-0.025871,-0.049649,-0.033799,-0.001573,-0.006116,0.120000,-0.500000,0.240290,0.001363,-0.051011,-0.000000,-0.007761,-0.026037,0.000000,0.014121,0
1790549084.5805,-0.001878,-0.020247,-0.051601,-0.032396,-0.007994,-0.006116,0.120000,-0.500000,0.270875,-0.000563,-0.051038,-0.000000,-0.006074,-0.026322,0.000000,0.014069,0
1790549084.5945,-0.007260,-0.013239,-0.053318,-0.030480,-0.013376,-0.006116,0.120000,-0.500000,0.301436,-0.002178,-0.051140,-0.000000,-0.003972,-0.026508,0.000000,0.014058,0
1790549084.6085,-0.014883,-0.004723,-0.055812,-0.027991,-0.021000,-0.006116,0.120000,-0.500000,0.331690,-0.004465,-0.051347,-0.000000,-0.001417,-0.026574,0.000000,0.013917,0
1790549084.6225,-0.018084,-0.006543,-0.057026,-0.028629,-0.024201,-0.006116,0.120000,-0.500000,0.362198,-0.005425,-0.051601,-0.000000,-0.001963,-0.026666,-0.000000,0.014034,0
1790549084.6364,-0.024149,-0.009146,-0.059182,-0.029537,-0.030265,-0.006116,0.120000,-0.500000,0.392447,-0.007245,-0.051937,-0.000000,-0.002744,-0.026793,-0.000000,0.013915,0
1790549084.6505,-0.028418,-0.011504,-0.060862,-0.030406,-0.034534,-0.006116,0.120000,-0.500000,0.422996,-0.008525,-0.052336,-0.000000,-0.003451,-0.026955,-0.000000,0.014052,0
1790549084.6646,-0.030984,-0.018148,-0.062066,-0.032654,-0.037100,-0.006116,0.120000,-0.500000,0.453499,-0.009295,-0.052771,-0.000000,-0.005445,-0.027209,-0.000000,0.014032,0
1790549084.6785,-0.034935,-0.024888,-0.063742,-0.035025,-0.041052,-0.006116,0.120000,-0.500000,0.483999,-0.010481,-0.053261,-0.000000,-0.007466,-0.027559,-0.000000,0.014030,0
1790549084.6926,-0.046435,-0.033219,-0.067841,-0.037989,-0.052551,-0.006116,0.120000,-0.500000,0.514410,-0.013930,-0.053911,-0.000000,-0.009966,-0.028023,-0.000000,0.013989,0
1790549084.7061,-0.054426,-0.041525,-0.070980,-0.041047,-0.060542,-0.006116,0.120000,-0.500000,0.544042,-0.016328,-0.054653,-0.000000,-0.012457,-0.028589,-0.000000,0.013631,0
1790549084.7202,-0.060217,-0.051461,-0.073548,-0.044737,-0.066333,-0.006116,0.120000,-0.500000,0.574012,-0.018065,-0.055483,-0.000000,-0.015438,-0.029299,-0.000000,0.013786,0
1790549084.7348,-0.062150,-0.058790,-0.075041,-0.047800,-0.068266,-0.006116,0.120000,-0.500000,0.605958,-0.018645,-0.056396,-0.000000,-0.017637,-0.030163,-0.000000,0.014695,0
1790549084.7490,-0.055141,-0.062023,-0.073726,-0.049655,-0.061257,-0.006116,0.120000,-0.500000,0.636996,-0.016542,-0.057183,0.000000,-0.018607,-0.031048,-0.000000,0.014277,0
1790549084.7631,-0.046354,-0.061642,-0.071748,-0.050416,-0.052470,-0.006116,0.120000,-0.500000,0.667854,-0.013906,-0.057841,0.000000,-0.018493,-0.031923,0.000000,0.014195,0
1790549084.7771,-0.041051,-0.055333,-0.070729,-0.049295,-0.047167,-0.006116,0.120000,-0.500000,0.698183,-0.012315,-0.058414,0.000000,-0.016600,-0.032695,0.000000,0.013951,0
1790549084.7911,-0.037014,-0.044656,-0.070039,-0.046720,-0.043130,-0.006116,0.120000,-0.500000,0.728745,-0.011104,-0.058934,0.000000,-0.013397,-0.033323,0.000000,0.014059,0
1790549084.8051,-0.028387,-0.027368,-0.067849,-0.041918,-0.034503,-0.006116,0.120000,-0.500000,0.759276,-0.008516,-0.059333,0.000000,-0.008210,-0.033707,0.000000,0.014044,0
1790549084.8191,-0.013894,-0.003676,-0.063695,-0.034861,-0.020010,-0.006116,0.120000,-0.500000,0.789573,-0.004168,-0.059527,0.000000,-0.001103,-0.033759,0.000000,0.013937,0
1790549084.8331,0.003749,0.024404,-0.058349,-0.026096,-0.002367,-0.006116,0.120000,-0.500000,0.820016,0.001125,-0.059474,0.000000,0.007321,-0.033417,0.000000,0.014004,0
1790549084.8470,-0.009839,0.032945,-0.062562,-0.023077,-0.015955,-0.006116,0.120000,-0.500000,0.850137,-0.002952,-0.059611,-0.000000,0.009883,-0.032960,0.000000,0.013856,0
1790549084.8609,-0.010336,0.022375,-0.062855,-0.025936,-0.016452,-0.006116,0.120000,-0.500000,0.880415,-0.003101,-0.059754,-0.000000,0.006713,-0.032649,-0.000000,0.013928,0
1790549084.8749,-0.010574,0.021951,-0.063074,-0.025757,-0.016690,-0.006116,0.120000,-0.500000,0.910754,-0.003172,-0.059902,-0.000000,0.006585,-0.032342,-0.000000,0.013956,0
1790549084.8888,-0.018727,0.024771,-0.065782,-0.024565,-0.024843,-0.006116,0.120000,-0.500000,0.941140,-0.005618,-0.060164,-0.000000,0.007431,-0.031996,0.000000,0.013978,0
1790549084.9030,-0.018619,0.026947,-0.066011,-0.023533,-0.024735,-0.006116,0.120000,-0.500000,0.971692,-0.005586,-0.060425,0.000000,0.008084,-0.031617,0.000000,0.014054,0
1790549084.9171,-0.016389,0.025033,-0.065575,-0.023752,-0.022505,-0.006116,0.120000,-0.500000,0.002552,-0.004917,-0.060658,0.000000,0.007510,-0.031262,-0.000000,0.014195,0
1790549084.9308,-0.012974,0.019595,-0.064728,-0.025115,-0.019090,-0.006116,0.120000,-0.500000,0.032369,-0.003892,-0.060836,0.000000,0.005879,-0.030993,-0.000000,0.013716,0
1790549084.9446,-0.012100,0.017060,-0.064632,-0.025641,-0.018216,-0.006116,0.120000,-0.500000,0.062239,-0.003630,-0.061002,0.000000,0.005118,-0.030759,-0.000000,0.013740,0
1790549084.9582,-0.009082,0.013708,-0.063850,-0.026460,-0.015198,-0.006116,0.120000,-0.500000,0.091818,-0.002724,-0.061126,0.000000,0.004112,-0.030572,-0.000000,0.013606,0
1790549084.9723,-0.008763,0.010785,-0.063877,-0.027186,-0.014879,-0.006116,0.120000,-0.500000,0.122195,-0.002629,-0.061248,0.000000,0.003236,-0.030422,-0.000000,0.013973,0
1790549084.9867,-0.007769,0.007259,-0.063692,-0.028139,-0.013885,-0.006116,0.120000,-0.500000,0.153710,-0.002331,-0.061361,0.000000,0.002178,-0.030316,-0.000000,0.014497,0
1790549085.0008,-0.007257,0.000762,-0.063640,-0.030077,-0.013373,-0.006116,0.120000,-0.500000,0.184371,-0.002177,-0.061463,0.000000,0.000229,-0.030306,-0.000000,0.014104,0
1790549085.0147,-0.009447,-0.005484,-0.064430,-0.032028,-0.015563,-0.006116,0.120000,-0.500000,0.214781,-0.002834,-0.061595,-0.000000,-0.001645,-0.030382,-0.000000,0.013988,0
1790549085.0289,-0.010421,-0.006773,-0.064869,-0.032510,-0.016537,-0.006116,0.120000,-0.500000,0.245531,-0.003126,-0.061743,-0.000000,-0.002032,-0.030478,-0.000000,0.014145,0
1790549085.0430,-0.015016,-0.006144,-0.066459,-0.032408,-0.021132,-0.006116,0.120000,-0.500000,0.276202,-0.004505,-0.061955,-0.000000,-0.001843,-0.030565,0.000000,0.014109,0
1790549085.0570,-0.018597,-0.005471,-0.067795,-0.032283,-0.024713,-0.006116,0.120000,-0.500000,0.306785,-0.005579,-0.062216,-0.000000,-0.001641,-0.030642,0.000000,0.014068,0
1790549085.0710,-0.016535,-0.011123,-0.067408,-0.034134,-0.022651,-0.006116,0.120000,-0.500000,0.337178,-0.004960,-0.062447,0.000000,-0.003337,-0.030797,-0.000000,0.013981,0
1790549085.0850,-0.020336,-0.019590,-0.068832,-0.036948,-0.026452,-0.006116,0.120000,-0.500000,0.367484,-0.006101,-0.062731,-0.000000,-0.005877,-0.031071,-0.000000,0.013941,0
1790549085.0989,-0.025188,-0.028068,-0.070641,-0.039884,-0.031304,-0.006116,0.120000,-0.500000,0.397963,-0.007556,-0.063084,-0.000000,-0.008420,-0.031464,-0.000000,0.014020,0
1790549085.1128,-0.024767,-0.035162,-0.070858,-0.042500,-0.030883,-0.006116,0.120000,-0.500000,0.428100,-0.007430,-0.063427,0.000000,-0.010549,-0.031951,-0.000000,0.013863,0
1790549085.1268,-0.028013,-0.043679,-0.072223,-0.045666,-0.034129,-0.006116,0.120000,-0.500000,0.458487,-0.008404,-0.063819,-0.000000,-0.013104,-0.032562,-0.000000,0.013978,0
1790549085.1409,-0.041898,-0.051467,-0.076976,-0.048725,-0.048014,-0.006116,0.120000,-0.500000,0.489003,-0.012569,-0.064407,-0.000000,-0.015440,-0.033285,-0.000000,0.014037,0
1790549085.1549,-0.055081,-0.059237,-0.081706,-0.051889,-0.061197,-0.006116,0.120000,-0.500000,0.519584,-0.016524,-0.065182,-0.000000,-0.017771,-0.034118,-0.000000,0.014068,0
1790549085.1686,-0.064004,-0.068407,-0.085256,-0.055573,-0.070120,-0.006116,0.120000,-0.500000,0.549223,-0.019201,-0.066055,-0.000000,-0.020522,-0.035050,-0.000000,0.013634,0
1790549085.1822,-0.072022,-0.076822,-0.088646,-0.059148,-0.078138,-0.006116,0.120000,-0.500000,0.578951,-0.021607,-0.067040,-0.000000,-0.023047,-0.036101,-0.000000,0.013675,0
1790549085.1963,-0.070370,-0.084678,-0.089142,-0.062697,-0.076486,-0.006116,0.120000,-0.500000,0.609575,-0.021111,-0.068031,0.000000,-0.025403,-0.037294,-0.000000,0.014087,0
1790549085.2103,-0.066024,-0.085941,-0.088765,-0.064282,-0.072140,-0.006116,0.120000,-0.500000,0.640079,-0.019807,-0.068957,0.000000,-0.025782,-0.038500,-0.000000,0.014032,0
1790549085.2248,-0.060755,-0.083426,-0.088045,-0.064710,-0.066871,-0.006116,0.120000,-0.500000,0.670878,-0.018226,-0.069818,0.000000,-0.025028,-0.039682,0.000000,0.014168,0
1790549085.2394,-0.057224,-0.075919,-0.087813,-0.063556,-0.063340,-0.006116,0.120000,-0.500000,0.702333,-0.017167,-0.070646,0.000000,-0.022776,-0.040780,0.000000,0.014469,0
1790549085.2537,-0.046777,-0.060536,-0.085363,-0.059826,-0.052894,-0.006116,0.120000,-0.500000,0.734104,-0.014033,-0.071330,0.000000,-0.018161,-0.041665,0.000000,0.014615,0
1790549085.2677,-0.029897,-0.038769,-0.080719,-0.053841,-0.036013,-0.006116,0.120000,-0.500000,0.764678,-0.008969,-0.071750,0.000000,-0.011631,-0.042210,0.000000,0.014064,0
1790549085.2819,-0.014142,-0.013386,-0.076193,-0.046416,-0.020258,-0.006116,0.120000,-0.500000,0.795493,-0.004243,-0.071951,0.000000,-0.004016,-0.042400,0.000000,0.014175,0
1790549085.2959,0.005051,0.015662,-0.070364,-0.037481,-0.001065,-0.006116,0.120000,-0.500000,0.826043,0.001515,-0.071880,0.000000,0.004699,-0.042180,0.000000,0.014053,0
1790549085.3098,0.010482,0.036184,-0.068589,-0.030819,0.004366,-0.006116,0.120000,-0.500000,0.856403,0.003145,-0.071733,0.000000,0.010855,-0.041675,0.000000,0.013965,0
1790549085.3238,-0.006329,0.040197,-0.073720,-0.029057,-0.012445,-0.006116,0.120000,-0.500000,0.886583,-0.001899,-0.071821,-0.000000,0.012059,-0.041116,0.000000,0.013883,0
1790549085.3379,0.003013,0.041286,-0.070875,-0.028150,-0.003103,-0.006116,0.120000,-0.500000,0.917142,0.000904,-0.071779,0.000000,0.012386,-0.040536,0.000000,0.014057,0
1790549085.3520,-0.004067,0.042876,-0.073057,-0.027066,-0.010184,-0.006116,0.120000,-0.500000,0.947916,-0.001220,-0.071836,-0.000000,0.012863,-0.039929,0.000000,0.014156,0
1790549085.3659,-0.000414,0.045081,-0.071966,-0.025777,-0.006530,-0.006116,0.120000,-0.500000,0.978198,-0.000124,-0.071842,0.000000,0.013524,-0.039301,0.000000,0.013930,0
1790549085.3799,0.005398,0.041905,-0.070147,-0.026142,-0.000718,-0.006116,0.120000,-0.500000,0.008669,0.001620,-0.071766,0.000000,0.012572,-0.038714,-0.000000,0.014017,0
1790549085.3936,0.009203,0.034722,-0.068879,-0.027822,0.003087,-0.006116,0.120000,-0.500000,0.038425,0.002761,-0.071640,0.000000,0.010417,-0.038239,-0.000000,0.013688,0
1790549085.4072,0.013949,0.028704,-0.067265,-0.029235,0.007833,-0.006116,0.120000,-0.500000,0.068107,0.004185,-0.071450,0.000000,0.008611,-0.037847,-0.000000,0.013654,0
1790549085.4211,0.016661,0.022963,-0.066219,-0.030637,0.010545,-0.006116,0.120000,-0.500000,0.098433,0.004998,-0.071218,0.000000,0.006889,-0.037526,-0.000000,0.013950,0
1790549085.4351,0.015250,0.017612,-0.066432,-0.032000,0.009134,-0.006116,0.120000,-0.500000,0.128419,0.004575,-0.071007,-0.000000,0.005284,-0.037283,-0.000000,0.013794,0
1790549085.4493,0.017948,0.012999,-0.065366,-0.033198,0.011832,-0.006116,0.120000,-0.500000,0.159479,0.005384,-0.070751,0.000000,0.003900,-0.037098,-0.000000,0.014287,0
1790549085.4634,0.015442,0.011346,-0.065900,-0.033533,0.009326,-0.006116,0.120000,-0.500000,0.190188,0.004633,-0.070533,-0.000000,0.003404,-0.036937,-0.000000,0.014126,0
1790549085.4778,0.010994,0.010720,-0.067078,-0.033569,0.004877,-0.006116,0.120000,-0.500000,0.221108,0.003298,-0.070376,-0.000000,0.003216,-0.036785,-0.000000,0.014223,0
1790549085.4919,0.012257,0.008947,-0.066525,-0.033974,0.006141,-0.006116,0.120000,-0.500000,0.251962,0.003677,-0.070202,0.000000,0.002684,-0.036658,-0.000000,0.014193,0
1790549085.5060,0.007680,0.008715,-0.067790,-0.033920,0.001564,-0.006116,0.120000,-0.500000,0.282717,0.002304,-0.070094,-0.000000,0.002615,-0.036535,-0.000000,0.014147,0
1790549085.5201,0.000336,0.008985,-0.069988,-0.033712,-0.005781,-0.006116,0.120000,-0.500000,0.313400,0.000101,-0.070089,-0.000000,0.002696,-0.036408,0.000000,0.014114,0
1790549085.5340,-0.001488,0.001849,-0.070556,-0.035827,-0.007604,-0.006116,0.120000,-0.500000,0.343721,-0.000446,-0.070110,-0.000000,0.000555,-0.036382,-0.000000,0.013948,0
1790549085.5481,-0.008078,-0.008477,-0.072646,-0.039044,-0.014194,-0.006116,0.120000,-0.500000,0.374098,-0.002423,-0.070223,-0.000000,-0.002543,-0.036500,-0.000000,0.013974,0
1790549085.5621,-0.013633,-0.014501,-0.074505,-0.041056,-0.019749,-0.006116,0.120000,-0.500000,0.404830,-0.004090,-0.070415,-0.000000,-0.004350,-0.036705,-0.000000,0.014137,0
1790549085.5762,-0.015677,-0.022103,-0.075339,-0.043647,-0.021794,-0.006116,0.120000,-0.500000,0.435361,-0.004703,-0.070635,-0.000000,-0.006631,-0.037016,-0.000000,0.014044,0
1790549085.5901,-0.021415,-0.029776,-0.077358,-0.046364,-0.027531,-0.006116,0.120000,-0.500000,0.465659,-0.006425,-0.070934,-0.000000,-0.008933,-0.037431,-0.000000,0.013937,0
1790549085.6041,-0.036332,-0.037587,-0.082342,-0.049233,-0.042449,-0.006116,0.120000,-0.500000,0.496070,-0.010900,-0.071442,-0.000000,-0.011276,-0.037957,-0.000000,0.013989,0
1790549085.6181,-0.050117,-0.046240,-0.087178,-0.052475,-0.056233,-0.006116,0.120000,-0.500000,0.526460,-0.015035,-0.072143,-0.000000,-0.013872,-0.038603,-0.000000,0.013979,0
1790549085.6317,-0.056645,-0.056725,-0.089910,-0.056395,-0.062761,-0.006116,0.120000,-0.500000,0.556151,-0.016993,-0.072916,-0.000000,-0.017018,-0.039378,-0.000000,0.013658,0
1790549085.6453,-0.062478,-0.066463,-0.092509,-0.060220,-0.068595,-0.006116,0.120000,-0.500000,0.585706,-0.018744,-0.073766,-0.000000,-0.019939,-0.040281,-0.000000,0.013595,0
1790549085.6596,-0.061136,-0.071543,-0.092973,-0.062758,-0.067252,-0.006116,0.120000,-0.500000,0.616516,-0.018341,-0.074632,0.000000,-0.021463,-0.041295,-0.000000,0.014173,0
1790549085.6738,-0.054267,-0.069704,-0.091685,-0.063198,-0.060383,-0.006116,0.120000,-0.500000,0.647449,-0.016280,-0.075404,0.000000,-0.020911,-0.042287,0.000000,0.014229,0
1790549085.6879,-0.047845,-0.064448,-0.090433,-0.062531,-0.053961,-0.006116,0.120000,-0.500000,0.678120,-0.014353,-0.076080,0.000000,-0.019334,-0.043196,0.000000,0.014109,0
1790549085.7018,-0.042051,-0.054822,-0.089282,-0.060408,-0.048167,-0.006116,0.120000,-0.500000,0.708461,-0.012615,-0.076666,0.000000,-0.016447,-0.043962,0.000000,0.013957,0
1790549085.7158,-0.031959,-0.037488,-0.086702,-0.055733,-0.038075,-0.006116,0.120000,-0.500000,0.738937,-0.009588,-0.077114,0.000000,-0.011246,-0.044487,0.000000,0.014019,0
1790549085.7301,-0.015657,-0.013147,-0.082032,-0.048617,-0.021773,-0.006116,0.120000,-0.500000,0.769610,-0.004697,-0.077335,0.000000,-0.003944,-0.044673,0.000000,0.014110,0
1790549085.7445,0.000614,0.016352,-0.077142,-0.039531,-0.005502,-0.006116,0.120000,-0.500000,0.801051,0.000184,-0.077326,0.000000,0.004906,-0.044436,0.000000,0.014463,0
1790549085.7590,0.014058,0.040822,-0.072912,-0.031617,0.007942,-0.006116,0.120000,-0.500000,0.831530,0.004217,-0.077129,0.000000,0.012247,-0.043864,0.000000,0.014020,0
1790549085.7741,-0.004100,0.024528,-0.078423,-0.036125,-0.010216,-0.006116,0.120000,-0.500000,0.865221,-0.001230,-0.077193,-0.000000,0.007358,-0.043484,-0.000000,0.015498,0
1790549085.7892,0.011423,0.020168,-0.073596,-0.037134,0.005307,-0.006116,0.120000,-0.500000,0.897486,0.003427,-0.077023,0.000000,0.006050,-0.043184,-0.000000,0.014842,0
1790549085.8037,0.004415,0.020316,-0.075634,-0.036789,-0.001701,-0.006116,0.120000,-0.500000,0.929651,0.001324,-0.076958,-0.000000,0.006095,-0.042884,0.000000,0.014796,0
1790549085.8185,0.008055,0.017570,-0.074426,-0.037361,0.001939,-0.006116,0.120000,-0.500000,0.960774,0.002417,-0.076843,0.000000,0.005271,-0.042632,-0.000000,0.014317,0
1790549085.8329,0.012642,0.015250,-0.072861,-0.037829,0.006526,-0.006116,0.120000,-0.500000,0.993251,0.003793,-0.076654,0.000000,0.004575,-0.042404,-0.000000,0.014940,0
1790549085.8468,0.021254,0.012047,-0.069979,-0.038621,0.015138,-0.006116,0.120000,-0.500000,0.023769,0.006376,-0.076355,0.000000,0.003614,-0.042235,-0.000000,0.014038,0
1790549085.8605,0.021099,0.010151,-0.069739,-0.039052,0.014983,-0.006116,0.120000,-0.500000,0.053292,0.006330,-0.076069,-0.000000,0.003045,-0.042097,-0.000000,0.013581,0
1790549085.8742,0.029187,0.007531,-0.066911,-0.039734,0.023071,-0.006116,0.120000,-0.500000,0.083234,0.008756,-0.075667,0.000000,0.002259,-0.041994,-0.000000,0.013773,0
1790549085.8882,0.025209,0.006212,-0.067751,-0.040043,0.019093,-0.006116,0.120000,-0.500000,0.113713,0.007563,-0.075314,-0.000000,0.001864,-0.041907,-0.000000,0.014020,0
1790549085.9022,0.023936,0.004671,-0.067798,-0.040440,0.017820,-0.006116,0.120000,-0.500000,0.144118,0.007181,-0.074979,-0.000000,0.001401,-0.041841,-0.000000,0.013986,0
1790549085.9162,0.020745,0.003370,-0.068465,-0.040783,0.014629,-0.006116,0.120000,-0.500000,0.174492,0.006224,-0.074689,-0.000000,0.001011,-0.041794,-0.000000,0.013972,0
1790549085.9301,0.016976,0.001615,-0.069359,-0.041287,0.010859,-0.006116,0.120000,-0.500000,0.204872,0.005093,-0.074452,-0.000000,0.000484,-0.041772,-0.000000,0.013974,0
1790549085.9442,0.010890,0.001061,-0.071032,-0.041438,0.004774,-0.006116,0.120000,-0.500000,0.235348,0.003267,-0.074299,-0.000000,0.000318,-0.041757,-0.000000,0.014019,0
1790549085.9581,0.008030,0.001391,-0.071778,-0.041320,0.001914,-0.006116,0.120000,-0.500000,0.265686,0.002409,-0.074187,-0.000000,0.000417,-0.041737,0.000000,0.013956,0
1790549085.9721,0.003968,0.002799,-0.072941,-0.040858,-0.002148,-0.006116,0.120000,-0.500000,0.296168,0.001190,-0.074131,-0.000000,0.000840,-0.041698,0.000000,0.014022,0
1790549085.9864,-0.000586,0.001870,-0.074315,-0.041111,-0.006702,-0.006116,0.120000,-0.500000,0.326815,-0.000176,-0.074140,-0.000000,0.000561,-0.041672,-0.000000,0.014097,0
1790549086.0006,-0.004245,-0.007057,-0.075474,-0.043890,-0.010361,-0.006116,0.120000,-0.500000,0.357868,-0.001273,-0.074200,-0.000000,-0.002117,-0.041773,-0.000000,0.014285,0
1790549086.0147,-0.014403,-0.017895,-0.078725,-0.047394,-0.020520,-0.006116,0.120000,-0.500000,0.388595,-0.004321,-0.074404,-0.000000,-0.005369,-0.042025,-0.000000,0.014134,0
1790549086.0285,-0.018759,-0.026531,-0.080291,-0.050352,-0.024875,-0.006116,0.120000,-0.500000,0.418712,-0.005628,-0.074664,-0.000000,-0.007959,-0.042393,-0.000000,0.013854,0
1790549086.0424,-0.022049,-0.036187,-0.081586,-0.053753,-0.028166,-0.006116,0.120000,-0.500000,0.448991,-0.006615,-0.074971,-0.000000,-0.010856,-0.042897,-0.000000,0.013928,0
1790549086.0564,-0.033691,-0.045851,-0.085551,-0.057296,-0.039807,-0.006116,0.120000,-0.500000,0.479487,-0.010107,-0.075443,-0.000000,-0.013755,-0.043540,-0.000000,0.014028,0
1790549086.0704,-0.050149,-0.055253,-0.091186,-0.060885,-0.056265,-0.006116,0.120000,-0.500000,0.509733,-0.015045,-0.076141,-0.000000,-0.016576,-0.044309,-0.000000,0.013913,0
1790549086.0840,-0.064503,-0.064993,-0.096373,-0.064694,-0.070619,-0.006116,0.120000,-0.500000,0.539418,-0.019351,-0.077022,-0.000000,-0.019498,-0.045196,-0.000000,0.013655,0
1790549086.0977,-0.074104,-0.073064,-0.100266,-0.068114,-0.080220,-0.006116,0.120000,-0.500000,0.569140,-0.022231,-0.078035,-0.000000,-0.021919,-0.046195,-0.000000,0.013672,0
1790549086.1118,-0.076688,-0.081477,-0.102117,-0.071781,-0.082804,-0.006116,0.120000,-0.500000,0.599638,-0.023006,-0.079111,-0.000000,-0.024443,-0.047338,-0.000000,0.014029,0
1790549086.1259,-0.070686,-0.082921,-0.101311,-0.073382,-0.076802,-0.006116,0.120000,-0.500000,0.630226,-0.021206,-0.080106,0.000000,-0.024876,-0.048505,-0.000000,0.014071,0
1790549086.1399,-0.065960,-0.078684,-0.100817,-0.073212,-0.072076,-0.006116,0.120000,-0.500000,0.660662,-0.019788,-0.081029,0.000000,-0.023605,-0.049607,0.000000,0.014000,0
1790549086.1540,-0.059226,-0.074581,-0.099634,-0.073036,-0.065343,-0.006116,0.120000,-0.500000,0.691400,-0.017768,-0.081866,0.000000,-0.022374,-0.050661,0.000000,0.014139,0
1790549086.1680,-0.052221,-0.063828,-0.098266,-0.070706,-0.058337,-0.006116,0.120000,-0.500000,0.721936,-0.015666,-0.082600,0.000000,-0.019148,-0.051558,0.000000,0.014047,0
1790549086.1818,-0.041792,-0.048218,-0.095717,-0.066692,-0.047908,-0.006116,0.120000,-0.500000,0.752072,-0.012537,-0.083179,0.000000,-0.014466,-0.052226,0.000000,0.013863,0
1790549086.1958,-0.019416,-0.024142,-0.089275,-0.059806,-0.025532,-0.006116,0.120000,-0.500000,0.782417,-0.005825,-0.083450,0.000000,-0.007243,-0.052563,0.000000,0.013959,0
1790549086.2099,0.003671,0.006233,-0.082297,-0.050606,-0.002445,-0.006116,0.120000,-0.500000,0.812964,0.001101,-0.083399,0.000000,0.001870,-0.052476,0.000000,0.014052,0
1790549086.2238,0.000750,0.023544,-0.083163,-0.045085,-0.005367,-0.006116,0.120000,-0.500000,0.843220,0.000225,-0.083388,-0.000000,0.007063,-0.052148,0.000000,0.013918,0
1790549086.2382,-0.007011,0.021858,-0.085591,-0.045281,-0.013127,-0.006116,0.120000,-0.500000,0.874046,-0.002103,-0.083488,-0.000000,0.006557,-0.051838,-0.000000,0.014180,0
1790549086.2525,0.020518,0.015317,-0.077035,-0.047021,0.014402,-0.006116,0.120000,-0.500000,0.905508,0.006156,-0.083191,0.000000,0.004595,-0.051616,-0.000000,0.014472,0
1790549086.2665,0.022803,0.010025,-0.076030,-0.048468,0.016686,-0.006116,0.120000,-0.500000,0.935976,0.006841,-0.082871,0.000000,0.003007,-0.051476,-0.000000,0.014015,0
1790549086.2805,0.028699,0.006033,-0.073858,-0.049581,0.022582,-0.006116,0.120000,-0.500000,0.966573,0.008610,-0.082467,0.000000,0.001810,-0.051391,-0.000000,0.014075,0
1790549086.2945,0.039979,-0.000236,-0.069916,-0.051465,0.033863,-0.006116,0.120000,-0.500000,0.996873,0.011994,-0.081910,0.000000,-0.000071,-0.051394,-0.000000,0.013938,0
1790549086.3084,0.042598,-0.004999,-0.068536,-0.052964,0.036482,-0.006116,0.120000,-0.500000,0.027224,0.012780,-0.081315,0.000000,-0.001500,-0.051464,-0.000000,0.013962,0
1790549086.3221,0.042995,-0.005376,-0.067827,-0.053151,0.036879,-0.006116,0.120000,-0.500000,0.057026,0.012898,-0.080726,0.000000,-0.001613,-0.051538,-0.000000,0.013709,0
1790549086.3358,0.044776,-0.007011,-0.066681,-0.053737,0.038660,-0.006116,0.120000,-0.500000,0.086744,0.013433,-0.080114,0.000000,-0.002103,-0.051634,-0.000000,0.013670,0
1790549086.3499,0.048490,-0.010764,-0.064889,-0.055013,0.042373,-0.006116,0.120000,-0.500000,0.117143,0.014547,-0.079436,0.000000,-0.003229,-0.051784,-0.000000,0.013984,0
1790549086.3639,0.046720,-0.012527,-0.064760,-0.055719,0.040604,-0.006116,0.120000,-0.500000,0.147844,0.014016,-0.078776,-0.000000,-0.003758,-0.051961,-0.000000,0.014122,0
1790549086.3779,0.039670,-0.010579,-0.066319,-0.055283,0.033554,-0.006116,0.120000,-0.500000,0.178309,0.011901,-0.078220,-0.000000,-0.003174,-0.052109,0.000000,0.014014,0
1790549086.3919,0.030893,-0.006580,-0.068519,-0.054176,0.024777,-0.006116,0.120000,-0.500000,0.208783,0.009268,-0.077787,-0.000000,-0.001974,-0.052202,0.000000,0.014018,0
1790549086.4060,0.028817,-0.003156,-0.068738,-0.053193,0.022701,-0.006116,0.120000,-0.500000,0.239264,0.008645,-0.077383,-0.000000,-0.000947,-0.052246,0.000000,0.014021,0
1790549086.4201,0.026198,-0.001878,-0.069152,-0.052836,0.020082,-0.006116,0.120000,-0.500000,0.270050,0.007859,-0.077012,-0.000000,-0.000564,-0.052272,0.000000,0.014162,0
1790549086.4340,0.020979,0.004290,-0.070427,-0.050926,0.014863,-0.006116,0.120000,-0.500000,0.300193,0.006294,-0.076721,-0.000000,0.001287,-0.052213,0.000000,0.013866,0
1790549086.4481,0.016154,0.010465,-0.071647,-0.048926,0.010038,-0.006116,0.120000,-0.500000,0.330767,0.004846,-0.076494,-0.000000,0.003139,-0.052066,0.000000,0.014064,0
1790549086.4622,0.018645,0.008912,-0.070637,-0.049266,0.012529,-0.006116,0.120000,-0.500000,0.361485,0.005593,-0.076230,0.000000,0.002674,-0.051940,-0.000000,0.014130,0
1790549086.4762,0.009550,0.007910,-0.073231,-0.049456,0.003434,-0.006116,0.120000,-0.500000,0.392054,0.002865,-0.076096,-0.000000,0.002373,-0.051829,-0.000000,0.014062,0
1790549086.4907,0.001480,0.006269,-0.075631,-0.049860,-0.004636,-0.006116,0.120000,-0.500000,0.422443,0.000444,-0.076075,-0.000000,0.001881,-0.051741,-0.000000,0.013979,0
1790549086.5050,0.000025,0.004051,-0.076067,-0.050466,-0.006091,-0.006116,0.120000,-0.500000,0.454424,0.000007,-0.076075,-0.000000,0.001215,-0.051681,-0.000000,0.014711,0
1790549086.5190,-0.001049,-0.000651,-0.076404,-0.051886,-0.007165,-0.006116,0.120000,-0.500000,0.484896,-0.000315,-0.076090,-0.000000,-0.000195,-0.051691,-0.000000,0.014017,0
1790549086.5330,-0.003824,-0.006327,-0.077290,-0.053677,-0.009940,-0.006116,0.120000,-0.500000,0.515334,-0.001147,-0.076143,-0.000000,-0.001898,-0.051779,-0.000000,0.014002,0
1790549086.5466,-0.010595,-0.012803,-0.079466,-0.055794,-0.016711,-0.006116,0.120000,-0.500000,0.544909,-0.003178,-0.076287,-0.000000,-0.003841,-0.051953,-0.000000,0.013605,0
1790549086.5603,-0.017379,-0.020512,-0.081739,-0.058388,-0.023495,-0.006116,0.120000,-0.500000,0.574726,-0.005214,-0.076526,-0.000000,-0.006154,-0.052235,-0.000000,0.013716,0
1790549086.5743,-0.024390,-0.027331,-0.084185,-0.060818,-0.030506,-0.006116,0.120000,-0.500000,0.605233,-0.007317,-0.076868,-0.000000,-0.008199,-0.052618,-0.000000,0.014033,0
1790549086.5882,-0.020639,-0.033082,-0.083346,-0.063001,-0.026755,-0.006116,0.120000,-0.500000,0.635377,-0.006192,-0.077154,0.000000,-0.009925,-0.053077,-0.000000,0.013866,0
1790549086.6021,-0.010849,-0.029149,-0.080561,-0.062230,-0.016965,-0.006116,0.120000,-0.500000,0.665815,-0.003255,-0.077306,0.000000,-0.008745,-0.053485,0.000000,0.014001,0
1790549086.6161,-0.001972,-0.023342,-0.077925,-0.060814,-0.008088,-0.006116,0.120000,-0.500000,0.696191,-0.000592,-0.077334,0.000000,-0.007003,-0.053811,0.000000,0.013973,0
1790549086.6301,0.005255,-0.014871,-0.075684,-0.058481,-0.000861,-0.006116,0.120000,-0.500000,0.726647,0.001576,-0.077260,0.000000,-0.004461,-0.054019,0.000000,0.014010,0
1790549086.6441,0.015112,-0.002370,-0.072515,-0.054764,0.008996,-0.006116,0.120000,-0.500000,0.757005,0.004534,-0.077049,0.000000,-0.000711,-0.054053,0.000000,0.013965,0
1790549086.6581,0.026779,0.014835,-0.068644,-0.049396,0.020663,-0.006116,0.120000,-0.500000,0.787168,0.008034,-0.076677,0.000000,0.004450,-0.053847,0.000000,0.013875,0
1790549086.6721,0.030201,0.029105,-0.067191,-0.044705,0.024085,-0.006116,0.120000,-0.500000,0.817847,0.009060,-0.076251,0.000000,0.008731,-0.053436,0.000000,0.014112,0
1790549086.6862,0.020439,0.029000,-0.069833,-0.044329,0.014323,-0.006116,0.120000,-0.500000,0.848337,0.006132,-0.075964,-0.000000,0.008700,-0.053029,-0.000000,0.014025,0
1790549086.7001,0.025715,0.029270,-0.067890,-0.043838,0.019599,-0.006116,0.120000,-0.500000,0.878782,0.007715,-0.075604,0.000000,0.008781,-0.052619,0.000000,0.014005,0
1790549086.7141,0.031573,0.029935,-0.065692,-0.043221,0.025457,-0.006116,0.120000,-0.500000,0.909136,0.009472,-0.075164,0.000000,0.008980,-0.052201,0.000000,0.013963,0
1790549086.7281,0.026211,0.029871,-0.066933,-0.042822,0.020095,-0.006116,0.120000,-0.500000,0.939585,0.007863,-0.074796,-0.000000,0.008961,-0.051783,-0.000000,0.014007,0
1790549086.7425,0.025196,0.025478,-0.066882,-0.043780,0.019080,-0.006116,0.120000,-0.500000,0.970299,0.007559,-0.074440,-0.000000,0.007643,-0.051423,-0.000000,0.014128,0
1790549086.7568,0.028585,0.021167,-0.065452,-0.044767,0.022469,-0.006116,0.120000,-0.500000,0.001730,0.008576,-0.074027,0.000000,0.006350,-0.051117,-0.000000,0.014458,0
1790549086.7704,0.023871,0.017810,-0.066539,-0.045530,0.017755,-0.006116,0.120000,-0.500000,0.031526,0.007161,-0.073700,-0.000000,0.005343,-0.050873,-0.000000,0.013706,0
1790549086.7841,0.022521,0.014483,-0.066635,-0.046330,0.016405,-0.006116,0.120000,-0.500000,0.061304,0.006756,-0.073391,-0.000000,0.004345,-0.050675,-0.000000,0.013698,0
1790549086.7978,0.024938,0.010297,-0.065570,-0.047445,0.018822,-0.006116,0.120000,-0.500000,0.090980,0.007481,-0.073051,0.000000,0.003089,-0.050534,-0.000000,0.013651,0
1790549086.8117,0.026907,0.004231,-0.064603,-0.049206,0.020790,-0.006116,0.120000,-0.500000,0.121342,0.008072,-0.072675,0.000000,0.001269,-0.050475,-0.000000,0.013967,0
1790549086.8256,0.025386,0.000144,-0.064707,-0.050430,0.019270,-0.006116,0.120000,-0.500000,0.151557,0.007616,-0.072322,-0.000000,0.000043,-0.050473,-0.000000,0.013899,0
1790549086.8394,0.028166,-0.005987,-0.063483,-0.052352,0.022050,-0.006116,0.120000,-0.500000,0.181632,0.008450,-0.071933,0.000000,-0.001796,-0.050556,-0.000000,0.013835,0
1790549086.8534,0.021154,-0.009788,-0.065291,-0.053629,0.015038,-0.006116,0.120000,-0.500000,0.212013,0.006346,-0.071637,-0.000000,-0.002936,-0.050692,-0.000000,0.013975,0
1790549086.8675,0.019029,-0.008399,-0.065662,-0.053330,0.012913,-0.006116,0.120000,-0.500000,0.242503,0.005709,-0.071370,-0.000000,-0.002520,-0.050810,0.000000,0.014025,0
1790549086.8815,0.012263,-0.005951,-0.067519,-0.052679,0.006147,-0.006116,0.120000,-0.500000,0.273092,0.003679,-0.071198,-0.000000,-0.001785,-0.050894,0.000000,0.014071,0
1790549086.8955,0.006830,-0.007509,-0.069053,-0.053252,0.000714,-0.006116,0.120000,-0.500000,0.303553,0.002049,-0.071102,-0.000000,-0.002253,-0.050999,-0.000000,0.014012,0
1790549086.9095,0.005593,-0.010529,-0.069346,-0.054305,-0.000523,-0.006116,0.120000,-0.500000,0.333977,0.001678,-0.071024,-0.000000,-0.003159,-0.051147,-0.000000,0.013995,0
1790549086.9235,-0.001662,-0.015333,-0.071545,-0.055961,-0.007778,-0.006116,0.120000,-0.500000,0.364384,-0.000499,-0.071047,-0.000000,-0.004600,-0.051361,-0.000000,0.013987,0
1790549086.9374,-0.009409,-0.023786,-0.074000,-0.058828,-0.015525,-0.006116,0.120000,-0.500000,0.394626,-0.002823,-0.071178,-0.000000,-0.007136,-0.051692,-0.000000,0.013911,0
1790549086.9515,-0.012755,-0.032327,-0.075183,-0.061844,-0.018871,-0.006116,0.120000,-0.500000,0.425162,-0.003826,-0.071357,-0.000000,-0.009698,-0.052146,-0.000000,0.014046,0
1790549086.9655,-0.017633,-0.035547,-0.076895,-0.063309,-0.023749,-0.006116,0.120000,-0.500000,0.455682,-0.005290,-0.071605,-0.000000,-0.010664,-0.052645,-0.000000,0.014040,0
1790549086.9795,-0.025050,-0.039229,-0.079471,-0.064964,-0.031166,-0.006116,0.120000,-0.500000,0.486184,-0.007515,-0.071956,-0.000000,-0.011769,-0.053195,-0.000000,0.014031,0
1790549086.9937,-0.032101,-0.044411,-0.082031,-0.067135,-0.038217,-0.006116,0.120000,-0.500000,0.516326,-0.009630,-0.072401,-0.000000,-0.013323,-0.053811,-0.000000,0.013865,0
1790549087.0077,-0.041624,-0.050555,-0.085475,-0.069690,-0.047740,-0.006116,0.120000,-0.500000,0.546961,-0.012487,-0.072988,-0.000000,-0.015166,-0.054524,-0.000000,0.014092,0
1790549087.0214,-0.048661,-0.058420,-0.088259,-0.072858,-0.054777,-0.006116,0.120000,-0.500000,0.577042,-0.014598,-0.073661,-0.000000,-0.017526,-0.055332,-0.000000,0.013837,0
1790549087.0354,-0.051252,-0.066222,-0.089757,-0.076130,-0.057368,-0.006116,0.120000,-0.500000,0.607608,-0.015376,-0.074382,-0.000000,-0.019867,-0.056263,-0.000000,0.014060,0
1790549087.0493,-0.045715,-0.066935,-0.088732,-0.077276,-0.051831,-0.006116,0.120000,-0.500000,0.637874,-0.013714,-0.075018,0.000000,-0.020081,-0.057195,-0.000000,0.013922,0
1790549087.0633,-0.037347,-0.063648,-0.086746,-0.077182,-0.043463,-0.006116,0.120000,-0.500000,0.668347,-0.011204,-0.075542,0.000000,-0.019094,-0.058087,0.000000,0.014017,0
1790549087.0773,-0.029444,-0.056722,-0.084787,-0.075897,-0.035560,-0.006116,0.120000,-0.500000,0.698767,-0.008833,-0.075954,0.000000,-0.017016,-0.058881,0.000000,0.013994,0
1790549087.0913,-0.021310,-0.043709,-0.082645,-0.072605,-0.027426,-0.006116,0.120000,-0.500000,0.729172,-0.006393,-0.076252,0.000000,-0.013113,-0.059492,0.000000,0.013986,0
1790549087.1051,-0.006294,-0.024773,-0.078227,-0.067266,-0.012410,-0.006116,0.120000,-0.500000,0.759176,-0.001888,-0.076339,0.000000,-0.007432,-0.059834,0.000000,0.013802,0
1790549087.1191,0.010569,0.001186,-0.073020,-0.059462,0.004452,-0.006116,0.120000,-0.500000,0.789574,0.003171,-0.076191,0.000000,0.000356,-0.059818,0.000000,0.013983,0
1790549087.1330,0.023213,0.028838,-0.068902,-0.050763,0.017097,-0.006116,0.120000,-0.500000,0.819984,0.006964,-0.075866,0.000000,0.008651,-0.059414,0.000000,0.013989,0
1790549087.1470,0.009671,0.030158,-0.072831,-0.049949,0.003555,-0.006116,0.120000,-0.500000,0.850133,0.002901,-0.075732,-0.000000,0.009047,-0.058996,0.000000,0.013868,0
1790549087.1610,0.014102,0.024760,-0.071303,-0.051220,0.007986,-0.006116,0.120000,-0.500000,0.880683,0.004231,-0.075534,0.000000,0.007428,-0.058648,-0.000000,0.014053,0
1790549087.1751,0.015471,0.024530,-0.070675,-0.050945,0.009355,-0.006116,0.120000,-0.500000,0.911180,0.004641,-0.075317,0.000000,0.007359,-0.058304,-0.000000,0.014029,0
1790549087.1891,0.004432,0.026527,-0.073925,-0.049973,-0.001684,-0.006116,0.120000,-0.500000,0.941725,0.001330,-0.075254,-0.000000,0.007958,-0.057931,0.000000,0.014051,0
1790549087.2030,0.008305,0.025884,-0.072648,-0.049807,0.002189,-0.006116,0.120000,-0.500000,0.971881,0.002492,-0.075139,0.000000,0.007765,-0.057572,-0.000000,0.013872,0
1790549087.2171,0.009427,0.023158,-0.072178,-0.050298,0.003311,-0.006116,0.120000,-0.500000,0.002507,0.002828,-0.075006,0.000000,0.006947,-0.057246,-0.000000,0.014088,0
1790549087.2307,0.009878,0.021983,-0.071908,-0.050351,0.003762,-0.006116,0.120000,-0.500000,0.032157,0.002963,-0.074872,0.000000,0.006595,-0.056946,-0.000000,0.013639,0
1790549087.2448,0.010700,0.022610,-0.071513,-0.049850,0.004584,-0.006116,0.120000,-0.500000,0.062256,0.003210,-0.074724,0.000000,0.006783,-0.056633,0.000000,0.013845,0
1790549087.2587,0.009048,0.022239,-0.071882,-0.049648,0.002932,-0.006116,0.120000,-0.500000,0.092852,0.002715,-0.074596,-0.000000,0.006672,-0.056320,-0.000000,0.014074,0
1790549087.2727,0.006413,0.022660,-0.072582,-0.049204,0.000297,-0.006116,0.120000,-0.500000,0.123408,0.001924,-0.074506,-0.000000,0.006798,-0.056002,0.000000,0.014056,0
1790549087.2868,0.007312,0.021953,-0.072210,-0.049107,0.001195,-0.006116,0.120000,-0.500000,0.154020,0.002193,-0.074403,0.000000,0.006586,-0.055692,-0.000000,0.014081,0
1790549087.3007,0.013775,0.013524,-0.070078,-0.051447,0.007659,-0.006116,0.120000,-0.500000,0.184346,0.004133,-0.074211,0.000000,0.004057,-0.055504,-0.000000,0.013950,0
1790549087.3147,0.017578,0.004861,-0.068691,-0.053977,0.011462,-0.006116,0.120000,-0.500000,0.214786,0.005273,-0.073965,0.000000,0.001458,-0.055436,-0.000000,0.014002,0
1790549087.3287,0.010807,0.002551,-0.070572,-0.054635,0.004690,-0.006116,0.120000,-0.500000,0.245214,0.003242,-0.073814,-0.000000,0.000765,-0.055400,-0.000000,0.013997,0
1790549087.3429,0.005691,0.005628,-0.072026,-0.053632,-0.000426,-0.006116,0.120000,-0.500000,0.275910,0.001707,-0.073733,-0.000000,0.001689,-0.055320,0.000000,0.014120,0
1790549087.3570,0.001082,0.004298,-0.073393,-0.053970,-0.005034,-0.006116,0.120000,-0.500000,0.306742,0.000325,-0.073718,-0.000000,0.001289,-0.055260,-0.000000,0.014183,0
1790549087.3710,-0.005564,0.001358,-0.075465,-0.054833,-0.011680,-0.006116,0.120000,-0.500000,0.337177,-0.001669,-0.073796,-0.000000,0.000408,-0.055241,-0.000000,0.014000,0
1790549087.3850,-0.011941,-0.003644,-0.077544,-0.056385,-0.018057,-0.006116,0.120000,-0.500000,0.367502,-0.003582,-0.073962,-0.000000,-0.001093,-0.055291,-0.000000,0.013950,0
1790549087.3990,-0.018202,-0.012744,-0.079678,-0.059293,-0.024318,-0.006116,0.120000,-0.500000,0.397945,-0.005461,-0.074217,-0.000000,-0.003823,-0.055470,-0.000000,0.014004,0
1790549087.4129,-0.022701,-0.022892,-0.081345,-0.062658,-0.028818,-0.006116,0.120000,-0.500000,0.428384,-0.006810,-0.074535,-0.000000,-0.006868,-0.055790,-0.000000,0.014002,0
1790549087.4269,-0.024150,-0.029609,-0.082117,-0.065087,-0.030266,-0.006116,0.120000,-0.500000,0.458740,-0.007245,-0.074872,-0.000000,-0.008883,-0.056204,-0.000000,0.013964,0
1790549087.4408,-0.031285,-0.033532,-0.084691,-0.066727,-0.037401,-0.006116,0.120000,-0.500000,0.488809,-0.009386,-0.075305,-0.000000,-0.010059,-0.056668,-0.000000,0.013832,0
1790549087.4547,-0.037360,-0.039810,-0.087035,-0.069166,-0.043476,-0.006116,0.120000,-0.500000,0.519167,-0.011208,-0.075827,-0.000000,-0.011943,-0.057224,-0.000000,0.013964,0
1790549087.4683,-0.043850,-0.046433,-0.089580,-0.071786,-0.049966,-0.006116,0.120000,-0.500000,0.548800,-0.013155,-0.076424,-0.000000,-0.013930,-0.057856,-0.000000,0.013632,0
1790549087.4819,-0.051056,-0.054570,-0.092430,-0.074964,-0.057172,-0.006116,0.120000,-0.500000,0.578128,-0.015317,-0.077113,-0.000000,-0.016371,-0.058593,-0.000000,0.013490,0
1790549087.4961,-0.054567,-0.063945,-0.094250,-0.078674,-0.060683,-0.006116,0.120000,-0.500000,0.608660,-0.016370,-0.077880,-0.000000,-0.019184,-0.059491,-0.000000,0.014045,0
1790549087.5104,-0.050837,-0.065663,-0.093866,-0.080139,-0.056953,-0.006116,0.120000,-0.500000,0.640086,-0.015251,-0.078615,0.000000,-0.019699,-0.060440,-0.000000,0.014456,0
1790549087.5244,-0.041670,-0.063779,-0.091700,-0.080468,-0.047787,-0.006116,0.120000,-0.500000,0.670581,-0.012501,-0.079199,0.000000,-0.019134,-0.061335,0.000000,0.014028,0
1790549087.5384,-0.035485,-0.059929,-0.090344,-0.080156,-0.041601,-0.006116,0.120000,-0.500000,0.701145,-0.010646,-0.079698,0.000000,-0.017979,-0.062177,0.000000,0.014060,0
1790549087.5527,-0.028417,-0.048703,-0.088621,-0.077470,-0.034534,-0.006116,0.120000,-0.500000,0.731591,-0.008525,-0.080096,0.000000,-0.014611,-0.062859,0.000000,0.014005,0
1790549087.5672,-0.016626,-0.029808,-0.085328,-0.072240,-0.022742,-0.006116,0.120000,-0.500000,0.763540,-0.004988,-0.080340,0.000000,-0.008942,-0.063297,0.000000,0.014696,0
1790549087.5815,0.005131,-0.002562,-0.078728,-0.064103,-0.000985,-0.006116,0.120000,-0.500000,0.794538,0.001539,-0.080267,0.000000,-0.000769,-0.063334,0.000000,0.014259,0
1790549087.5957,0.022463,0.029130,-0.073207,-0.054179,0.016347,-0.006116,0.120000,-0.500000,0.825604,0.006739,-0.079946,0.000000,0.008739,-0.062918,0.000000,0.014290,0
1790549087.6098,-0.000686,0.038792,-0.080162,-0.050734,-0.006802,-0.006116,0.120000,-0.500000,0.856195,-0.000206,-0.079956,-0.000000,0.011638,-0.062372,0.000000,0.014072,0
1790549087.6241,0.012703,0.030546,-0.075964,-0.052774,0.006587,-0.006116,0.120000,-0.500000,0.887099,0.003811,-0.079775,0.000000,0.009164,-0.061938,-0.000000,0.014216,0
1790549087.6383,0.012052,0.031946,-0.075987,-0.051897,0.005936,-0.006116,0.120000,-0.500000,0.918182,0.003616,-0.079603,-0.000000,0.009584,-0.061481,0.000000,0.014298,0
1790549087.6524,0.004936,0.029037,-0.078053,-0.052360,-0.001181,-0.006116,0.120000,-0.500000,0.948822,0.001481,-0.079533,-0.000000,0.008711,-0.061072,-0.000000,0.014094,0
1790549087.6665,0.009596,0.029945,-0.076519,-0.051666,0.003480,-0.006116,0.120000,-0.500000,0.979492,0.002879,-0.079398,0.000000,0.008983,-0.060649,0.000000,0.014108,0
1790549087.6805,0.009908,0.027846,-0.076286,-0.051904,0.003792,-0.006116,0.120000,-0.500000,0.010048,0.002972,-0.079259,0.000000,0.008354,-0.060258,-0.000000,0.014056,0
1790549087.6941,0.008702,0.027704,-0.076530,-0.051570,0.002586,-0.006116,0.120000,-0.500000,0.039555,0.002611,-0.079141,-0.000000,0.008311,-0.059882,-0.000000,0.013573,0
1790549087.7078,0.010427,0.028778,-0.075870,-0.050855,0.004311,-0.006116,0.120000,-0.500000,0.069237,0.003128,-0.078998,0.000000,0.008634,-0.059489,0.000000,0.013654,0
1790549087.7218,0.011058,0.028585,-0.075526,-0.050512,0.004942,-0.006116,0.120000,-0.500000,0.099748,0.003317,-0.078843,0.000000,0.008576,-0.059087,-0.000000,0.014035,0
1790549087.7357,0.009219,0.028608,-0.075950,-0.050109,0.003103,-0.006116,0.120000,-0.500000,0.129851,0.002766,-0.078715,-0.000000,0.008582,-0.058691,0.000000,0.013848,0
1790549087.7500,0.009200,0.029138,-0.075825,-0.049538,0.003084,-0.006116,0.120000,-0.500000,0.160557,0.002760,-0.078585,-0.000000,0.008741,-0.058280,0.000000,0.014125,0
1790549087.7646,0.014430,0.018914,-0.074043,-0.052326,0.008314,-0.006116,0.120000,-0.500000,0.192713,0.004329,-0.078372,0.000000,0.005674,-0.058000,-0.000000,0.014791,0
1790549087.7787,0.021847,0.008293,-0.071510,-0.055396,0.015731,-0.006116,0.120000,-0.500000,0.223290,0.006554,-0.078065,0.000000,0.002488,-0.057883,-0.000000,0.014066,0
1790549087.7927,0.018455,0.001432,-0.072268,-0.057434,0.012339,-0.006116,0.120000,-0.500000,0.253887,0.005537,-0.077805,-0.000000,0.000430,-0.057863,-0.000000,0.014074,0
1790549087.8066,0.009975,0.003645,-0.074674,-0.056719,0.003859,-0.006116,0.120000,-0.500000,0.284135,0.002992,-0.077666,-0.000000,0.001094,-0.057812,0.000000,0.013914,0
1790549087.8206,0.005741,0.006346,-0.075863,-0.055820,-0.000375,-0.006116,0.120000,-0.500000,0.314631,0.001722,-0.077586,-0.000000,0.001904,-0.057723,0.000000,0.014028,0
1790549087.8348,0.000285,0.002181,-0.077496,-0.057038,-0.005831,-0.006116,0.120000,-0.500000,0.345328,0.000086,-0.077582,-0.000000,0.000654,-0.057693,-0.000000,0.014121,0
1790549087.8497,-0.007427,-0.001224,-0.079917,-0.058077,-0.013543,-0.006116,0.120000,-0.500000,0.376842,-0.002228,-0.077689,-0.000000,-0.000367,-0.057710,-0.000000,0.014496,0
1790549087.8651,-0.014185,-0.010214,-0.082158,-0.060928,-0.020301,-0.006116,0.120000,-0.500000,0.409521,-0.004255,-0.077902,-0.000000,-0.003064,-0.057864,-0.000000,0.015032,0
1790549087.8800,-0.018384,-0.022048,-0.083700,-0.064817,-0.024500,-0.006116,0.120000,-0.500000,0.442938,-0.005515,-0.078185,-0.000000,-0.006615,-0.058203,-0.000000,0.015372,0
1790549087.8953,-0.023278,-0.029322,-0.085519,-0.067441,-0.029394,-0.006116,0.120000,-0.500000,0.475673,-0.006983,-0.078536,-0.000000,-0.008797,-0.058644,-0.000000,0.015058,0
1790549087.9106,-0.033124,-0.036246,-0.088989,-0.070083,-0.039240,-0.006116,0.120000,-0.500000,0.509548,-0.009937,-0.079052,-0.000000,-0.010874,-0.059209,-0.000000,0.015582,0
1790549087.9248,-0.038858,-0.044324,-0.091259,-0.073133,-0.044974,-0.006116,0.120000,-0.500000,0.540294,-0.011657,-0.079601,-0.000000,-0.013297,-0.059836,-0.000000,0.014143,0
1790549087.9382,-0.047754,-0.051347,-0.094580,-0.075942,-0.053870,-0.006116,0.120000,-0.500000,0.570018,-0.014326,-0.080254,-0.000000,-0.015404,-0.060538,-0.000000,0.013673,0
1790549087.9522,-0.055671,-0.060213,-0.097738,-0.079448,-0.061787,-0.006116,0.120000,-0.500000,0.600565,-0.016701,-0.081036,-0.000000,-0.018064,-0.061384,-0.000000,0.014052,0
1790549087.9663,-0.055801,-0.067116,-0.098564,-0.082466,-0.061917,-0.006116,0.120000,-0.500000,0.631245,-0.016740,-0.081824,-0.000000,-0.020135,-0.062331,-0.000000,0.014113,0
1790549087.9802,-0.048270,-0.065573,-0.096978,-0.082918,-0.054386,-0.006116,0.120000,-0.500000,0.661558,-0.014481,-0.082497,0.000000,-0.019672,-0.063246,0.000000,0.013944,0
1790549087.9942,-0.044354,-0.061608,-0.096423,-0.082589,-0.050470,-0.006116,0.120000,-0.500000,0.691927,-0.013306,-0.083117,0.000000,-0.018482,-0.064106,0.000000,0.013970,0
1790549088.0089,-0.039364,-0.051917,-0.095495,-0.080432,-0.045480,-0.006116,0.120000,-0.500000,0.723352,-0.011809,-0.083686,0.000000,-0.015575,-0.064857,0.000000,0.014455,0
1790549088.0232,-0.028455,-0.035725,-0.092636,-0.076094,-0.034571,-0.006116,0.120000,-0.500000,0.754999,-0.008537,-0.084100,0.000000,-0.010717,-0.065377,0.000000,0.014558,0
1790549088.0374,-0.007428,-0.012290,-0.086433,-0.069238,-0.013544,-0.006116,0.120000,-0.500000,0.785702,-0.002228,-0.084205,0.000000,-0.003687,-0.065551,0.000000,0.014123,0
1790549088.0516,0.016508,0.017185,-0.079018,-0.060151,0.010392,-0.006116,0.120000,-0.500000,0.816596,0.004953,-0.083970,0.000000,0.005155,-0.065306,0.000000,0.014211,0
1790549088.0655,0.012778,0.035629,-0.079959,-0.054121,0.006662,-0.006116,0.120000,-0.500000,0.846885,0.003833,-0.083792,-0.000000,0.010689,-0.064810,0.000000,0.013933,0
1790549088.0795,0.001419,0.028622,-0.083347,-0.055822,-0.004697,-0.006116,0.120000,-0.500000,0.877361,0.000426,-0.083772,-0.000000,0.008587,-0.064409,-0.000000,0.014019,0
1790549088.0934,0.007045,0.024085,-0.081561,-0.056848,0.000929,-0.006116,0.120000,-0.500000,0.907620,0.002113,-0.083674,0.000000,0.007225,-0.064073,-0.000000,0.013919,0
1790549088.1073,0.000071,0.019851,-0.083652,-0.057842,-0.006045,-0.006116,0.120000,-0.500000,0.937905,0.000021,-0.083673,-0.000000,0.005955,-0.063797,-0.000000,0.013931,0
1790549088.1212,0.002808,0.019960,-0.082792,-0.057533,-0.003308,-0.006116,0.120000,-0.500000,0.967989,0.000842,-0.083634,0.000000,0.005988,-0.063521,0.000000,0.013839,0
1790549088.1352,0.010932,0.017960,-0.080202,-0.057881,0.004816,-0.006116,0.120000,-0.500000,0.998410,0.003280,-0.083481,0.000000,0.005388,-0.063269,-0.000000,0.013994,0
1790549088.1500,0.009361,0.014472,-0.080537,-0.058717,0.003245,-0.006116,0.120000,-0.500000,0.030023,0.002808,-0.083345,-0.000000,0.004342,-0.063059,-0.000000,0.014542,0
1790549088.1636,0.013351,0.012583,-0.079155,-0.059109,0.007235,-0.006116,0.120000,-0.500000,0.060203,0.004005,-0.083160,0.000000,0.003775,-0.062884,-0.000000,0.013883,0
1790549088.1769,0.016889,0.009725,-0.077870,-0.059838,0.010772,-0.006116,0.120000,-0.500000,0.089001,0.005067,-0.082936,0.000000,0.002917,-0.062755,-0.000000,0.013247,0
1790549088.1911,0.018333,0.005542,-0.077176,-0.061014,0.012217,-0.006116,0.120000,-0.500000,0.119921,0.005500,-0.082675,0.000000,0.001663,-0.062677,-0.000000,0.014223,0
1790549088.2051,0.017300,0.003706,-0.077243,-0.061513,0.011184,-0.006116,0.120000,-0.500000,0.150419,0.005190,-0.082433,-0.000000,0.001112,-0.062625,-0.000000,0.014029,0
1790549088.2191,0.010519,0.000856,-0.079130,-0.062356,0.004403,-0.006116,0.120000,-0.500000,0.180906,0.003156,-0.082285,-0.000000,0.000257,-0.062613,-0.000000,0.014024,0
1790549088.2332,0.004426,-0.001445,-0.080896,-0.063066,-0.001690,-0.006116,0.120000,-0.500000,0.211235,0.001328,-0.082223,-0.000000,-0.000433,-0.062633,-0.000000,0.013952,0
1790549088.2473,0.003101,-0.003081,-0.081249,-0.063601,-0.003015,-0.006116,0.120000,-0.500000,0.242122,0.000930,-0.082179,-0.000000,-0.000924,-0.062676,-0.000000,0.014208,0
1790549088.2619,-0.000785,-0.003703,-0.082426,-0.063840,-0.006901,-0.006116,0.120000,-0.500000,0.273135,-0.000236,-0.082191,-0.000000,-0.001111,-0.062729,-0.000000,0.014266,0
1790549088.2764,-0.005458,-0.001495,-0.083908,-0.063200,-0.011575,-0.006116,0.120000,-0.500000,0.304981,-0.001638,-0.082271,-0.000000,-0.000449,-0.062751,0.000000,0.014649,0
1790549088.2905,-0.007581,-0.002662,-0.084653,-0.063588,-0.013697,-0.006116,0.120000,-0.500000,0.336031,-0.002274,-0.082379,-0.000000,-0.000799,-0.062789,-0.000000,0.014283,0
1790549088.3045,-0.008355,-0.007474,-0.085002,-0.065136,-0.014471,-0.006116,0.120000,-0.500000,0.366451,-0.002507,-0.082496,-0.000000,-0.002242,-0.062894,-0.000000,0.013993,0
1790549088.3186,-0.016593,-0.010617,-0.087707,-0.066228,-0.022709,-0.006116,0.120000,-0.500000,0.397039,-0.004978,-0.082729,-0.000000,-0.003185,-0.063043,-0.000000,0.014070,0
1790549088.3326,-0.021147,-0.017786,-0.089371,-0.068630,-0.027263,-0.006116,0.120000,-0.500000,0.427662,-0.006344,-0.083027,-0.000000,-0.005336,-0.063294,-0.000000,0.014086,0
1790549088.3466,-0.021023,-0.022394,-0.089627,-0.070324,-0.027139,-0.006116,0.120000,-0.500000,0.457948,-0.006307,-0.083320,0.000000,-0.006718,-0.063606,-0.000000,0.013932,0
1790549088.3606,-0.026417,-0.026417,-0.091616,-0.071902,-0.032533,-0.006116,0.120000,-0.500000,0.488464,-0.007925,-0.083691,-0.000000,-0.007925,-0.063977,-0.000000,0.014037,0
1790549088.3745,-0.035776,-0.032339,-0.094921,-0.074128,-0.041892,-0.006116,0.120000,-0.500000,0.518697,-0.010733,-0.084188,-0.000000,-0.009702,-0.064426,-0.000000,0.013907,0
1790549088.3882,-0.046092,-0.038942,-0.098648,-0.076642,-0.052208,-0.006116,0.120000,-0.500000,0.548485,-0.013828,-0.084820,-0.000000,-0.011683,-0.064960,-0.000000,0.013702,0
1790549088.4018,-0.057770,-0.045602,-0.102935,-0.079260,-0.063886,-0.006116,0.120000,-0.500000,0.578005,-0.017331,-0.085604,-0.000000,-0.013681,-0.065579,-0.000000,0.013579,0
1790549088.4158,-0.060604,-0.053295,-0.104636,-0.082316,-0.066720,-0.006116,0.120000,-0.500000,0.608527,-0.018181,-0.086455,-0.000000,-0.015988,-0.066327,-0.000000,0.014040,0
1790549088.4297,-0.053550,-0.055491,-0.103266,-0.083747,-0.059666,-0.006116,0.120000,-0.500000,0.638789,-0.016065,-0.087201,0.000000,-0.016647,-0.067100,-0.000000,0.013921,0
1790549088.4437,-0.047135,-0.054231,-0.102000,-0.084127,-0.053251,-0.006116,0.120000,-0.500000,0.669179,-0.014141,-0.087860,0.000000,-0.016269,-0.067858,0.000000,0.013979,0
1790549088.4576,-0.040157,-0.051789,-0.100467,-0.084117,-0.046273,-0.006116,0.120000,-0.500000,0.699482,-0.012047,-0.088419,0.000000,-0.015537,-0.068580,0.000000,0.013939,0
1790549088.4715,-0.029052,-0.048149,-0.097538,-0.083693,-0.035168,-0.006116,0.120000,-0.500000,0.729644,-0.008716,-0.088823,0.000000,-0.014445,-0.069248,0.000000,0.013874,0
1790549088.4855,-0.015919,-0.038966,-0.093820,-0.081482,-0.022035,-0.006116,0.120000,-0.500000,0.759990,-0.004776,-0.089045,0.000000,-0.011690,-0.069792,0.000000,0.013959,0
1790549088.4994,0.000303,-0.023458,-0.088950,-0.077157,-0.005813,-0.006116,0.120000,-0.500000,0.790355,0.000091,-0.089041,0.000000,-0.007037,-0.070120,0.000000,0.013968,0
1790549088.5138,0.013179,-0.001945,-0.084904,-0.070730,0.007063,-0.006116,0.120000,-0.500000,0.820454,0.003954,-0.088858,0.000000,-0.000583,-0.070146,0.000000,0.013845,0
1790549088.5286,0.010945,0.013029,-0.085409,-0.066041,0.004829,-0.006116,0.120000,-0.500000,0.853353,0.003284,-0.088692,-0.000000,0.003909,-0.069949,0.000000,0.015134,0
1790549088.5429,0.001512,0.016799,-0.088217,-0.064671,-0.004604,-0.006116,0.120000,-0.500000,0.884220,0.000454,-0.088671,-0.000000,0.005040,-0.069711,0.000000,0.014199,0
1790549088.5571,0.007346,0.024093,-0.086361,-0.062134,0.001229,-0.006116,0.120000,-0.500000,0.915688,0.002204,-0.088565,0.000000,0.007228,-0.069362,0.000000,0.014475,0
1790549088.5713,0.004505,0.026725,-0.087150,-0.060970,-0.001611,-0.006116,0.120000,-0.500000,0.946182,0.001352,-0.088501,-0.000000,0.008017,-0.068987,0.000000,0.014027,0
1790549088.5855,0.012284,0.022415,-0.084640,-0.061941,0.006168,-0.006116,0.120000,-0.500000,0.977353,0.003685,-0.088325,0.000000,0.006724,-0.068666,-0.000000,0.014339,0
1790549088.5996,0.025822,0.016398,-0.080214,-0.063515,0.019706,-0.006116,0.120000,-0.500000,0.008017,0.007747,-0.087961,0.000000,0.004919,-0.068434,-0.000000,0.014105,0
1790549088.6134,0.029947,0.012581,-0.078565,-0.064487,0.023831,-0.006116,0.120000,-0.500000,0.037914,0.008984,-0.087549,0.000000,0.003774,-0.068261,-0.000000,0.013753,0
1790549088.6271,0.037662,0.008513,-0.075732,-0.065591,0.031546,-0.006116,0.120000,-0.500000,0.067820,0.011299,-0.087031,0.000000,0.002554,-0.068144,-0.000000,0.013757,0
1790549088.6412,0.045224,0.002194,-0.072829,-0.067455,0.039108,-0.006116,0.120000,-0.500000,0.098348,0.013567,-0.086396,0.000000,0.000658,-0.068114,-0.000000,0.014043,0
1790549088.6555,0.049237,-0.005426,-0.070925,-0.069818,0.043120,-0.006116,0.120000,-0.500000,0.129245,0.014771,-0.085696,0.000000,-0.001628,-0.068191,-0.000000,0.014213,0
1790549088.6697,0.047372,-0.010820,-0.070808,-0.071591,0.041255,-0.006116,0.120000,-0.500000,0.160311,0.014211,-0.085019,-0.000000,-0.003246,-0.068345,-0.000000,0.014291,0
1790549088.6838,0.038881,-0.011428,-0.072808,-0.071934,0.032765,-0.006116,0.120000,-0.500000,0.190874,0.011664,-0.084473,-0.000000,-0.003429,-0.068506,-0.000000,0.014059,0
1790549088.6980,0.028947,-0.004843,-0.075375,-0.070028,0.022831,-0.006116,0.120000,-0.500000,0.221934,0.008684,-0.084059,-0.000000,-0.001453,-0.068575,0.000000,0.014287,0
1790549088.7120,0.023441,-0.000866,-0.076698,-0.068847,0.017325,-0.006116,0.120000,-0.500000,0.252371,0.007032,-0.083731,-0.000000,-0.000260,-0.068587,0.000000,0.014001,0
1790549088.7260,0.016666,0.003978,-0.078498,-0.067338,0.010550,-0.006116,0.120000,-0.500000,0.282830,0.005000,-0.083497,-0.000000,0.001193,-0.068531,0.000000,0.014011,0
1790549088.7400,0.019466,0.006455,-0.077385,-0.066505,0.013350,-0.006116,0.120000,-0.500000,0.313301,0.005840,-0.083224,0.000000,0.001936,-0.068441,0.000000,0.014017,0
1790549088.7541,0.020232,0.005347,-0.076872,-0.066762,0.014115,-0.006116,0.120000,-0.500000,0.343758,0.006069,-0.082941,0.000000,0.001604,-0.068366,-0.000000,0.014010,0
1790549088.7685,0.012333,0.002332,-0.079066,-0.067633,0.006216,-0.006116,0.120000,-0.500000,0.374634,0.003700,-0.082766,-0.000000,0.000700,-0.068333,-0.000000,0.014203,0
1790549088.7830,0.006042,-0.003184,-0.080865,-0.069334,-0.000074,-0.006116,0.120000,-0.500000,0.406311,0.001813,-0.082678,-0.000000,-0.000955,-0.068379,-0.000000,0.014571,0
1790549088.7971,0.001842,-0.007569,-0.082099,-0.070758,-0.004274,-0.006116,0.120000,-0.500000,0.437219,0.000553,-0.082652,-0.000000,-0.002271,-0.068487,-0.000000,0.014218,0
1790549088.8110,-0.003230,-0.012773,-0.083666,-0.072497,-0.009346,-0.006116,0.120000,-0.500000,0.467592,-0.000969,-0.082697,-0.000000,-0.003832,-0.068665,-0.000000,0.013972,0
1790549088.8251,-0.008268,-0.019218,-0.085294,-0.074702,-0.014384,-0.006116,0.120000,-0.500000,0.498209,-0.002480,-0.082813,-0.000000,-0.005766,-0.068936,-0.000000,0.014084,0
1790549088.8391,-0.018575,-0.026105,-0.088646,-0.077133,-0.024691,-0.006116,0.120000,-0.500000,0.528674,-0.005573,-0.083074,-0.000000,-0.007831,-0.069302,-0.000000,0.014014,0
1790549088.8527,-0.029954,-0.033046,-0.092467,-0.079666,-0.036070,-0.006116,0.120000,-0.500000,0.558258,-0.008986,-0.083481,-0.000000,-0.009914,-0.069752,-0.000000,0.013608,0
1790549088.8664,-0.035549,-0.038749,-0.094633,-0.081907,-0.041665,-0.006116,0.120000,-0.500000,0.588038,-0.010665,-0.083968,-0.000000,-0.011625,-0.070282,-0.000000,0.013699,0
1790549088.8804,-0.032744,-0.042563,-0.094250,-0.083648,-0.038860,-0.006116,0.120000,-0.500000,0.618489,-0.009823,-0.084427,0.000000,-0.012769,-0.070879,-0.000000,0.014007,0
1790549088.8943,-0.022283,-0.044224,-0.091421,-0.084760,-0.028399,-0.006116,0.120000,-0.500000,0.648683,-0.006685,-0.084736,0.000000,-0.013267,-0.071493,-0.000000,0.013889,0
1790549088.9083,-0.015970,-0.043502,-0.089751,-0.085153,-0.022086,-0.006116,0.120000,-0.500000,0.679140,-0.004791,-0.084960,0.000000,-0.013051,-0.072102,0.000000,0.014010,0
1790549088.9223,-0.008849,-0.039020,-0.087739,-0.084356,-0.014965,-0.006116,0.120000,-0.500000,0.709632,-0.002655,-0.085084,0.000000,-0.011706,-0.072650,0.000000,0.014026,0
1790549088.9363,0.000157,-0.029847,-0.085035,-0.082021,-0.005959,-0.006116,0.120000,-0.500000,0.740048,0.000047,-0.085082,0.000000,-0.008954,-0.073067,0.000000,0.013991,0
1790549088.9504,0.013728,-0.014358,-0.080770,-0.077577,0.007612,-0.006116,0.120000,-0.500000,0.770621,0.004118,-0.084889,0.000000,-0.004307,-0.073269,0.000000,0.014064,0
1790549088.9643,0.028689,0.007121,-0.075883,-0.071034,0.022572,-0.006116,0.120000,-0.500000,0.800845,0.008607,-0.084490,0.000000,0.002136,-0.073170,0.000000,0.013903,0
1790549088.9783,0.045152,0.033038,-0.070310,-0.062795,0.039036,-0.006116,0.120000,-0.500000,0.831373,0.013546,-0.083856,0.000000,0.009911,-0.072706,0.000000,0.014043,0
1790549088.9923,0.028374,0.038418,-0.074947,-0.060643,0.022258,-0.006116,0.120000,-0.500000,0.861788,0.008512,-0.083459,-0.000000,0.011525,-0.072169,0.000000,0.013991,0
1790549089.0063,0.040249,0.034151,-0.070820,-0.061445,0.034133,-0.006116,0.120000,-0.500000,0.892256,0.012075,-0.082895,0.000000,0.010245,-0.071690,-0.000000,0.014015,0
1790549089.0206,0.035921,0.031293,-0.071616,-0.061865,0.029805,-0.006116,0.120000,-0.500000,0.922642,0.010776,-0.082393,-0.000000,0.009388,-0.071253,-0.000000,0.013978,0
1790549089.0348,0.023531,0.028434,-0.074995,-0.062314,0.017415,-0.006116,0.120000,-0.500000,0.953857,0.007059,-0.082055,-0.000000,0.008530,-0.070844,-0.000000,0.014359,0
1790549089.0488,0.027459,0.026123,-0.073430,-0.062639,0.021343,-0.006116,0.120000,-0.500000,0.984520,0.008238,-0.081668,0.000000,0.007837,-0.070476,-0.000000,0.014105,0
1790549089.0629,0.035071,0.020985,-0.070653,-0.063885,0.028955,-0.006116,0.120000,-0.500000,0.015085,0.010521,-0.081174,0.000000,0.006296,-0.070181,-0.000000,0.014060,0
1790549089.0764,0.038279,0.015485,-0.069170,-0.065325,0.032163,-0.006116,0.120000,-0.500000,0.044647,0.011484,-0.080654,0.000000,0.004646,-0.069970,-0.000000,0.013598,0
1790549089.0901,0.042041,0.012400,-0.067466,-0.066081,0.035925,-0.006116,0.120000,-0.500000,0.074391,0.012612,-0.080079,0.000000,0.003720,-0.069801,-0.000000,0.013682,0
1790549089.1041,0.042935,0.008857,-0.066598,-0.067020,0.036819,-0.006116,0.120000,-0.500000,0.104800,0.012881,-0.079478,0.000000,0.002657,-0.069677,-0.000000,0.013988,0
1790549089.1180,0.044742,0.004605,-0.065435,-0.068231,0.038626,-0.006116,0.120000,-0.500000,0.134961,0.013423,-0.078857,0.000000,0.001382,-0.069613,-0.000000,0.013874,0
1790549089.1320,0.038857,0.000999,-0.066656,-0.069299,0.032741,-0.006116,0.120000,-0.500000,0.165406,0.011657,-0.078313,-0.000000,0.000300,-0.069599,-0.000000,0.014005,0
1790549089.1460,0.034135,0.000047,-0.067598,-0.069584,0.028019,-0.006116,0.120000,-0.500000,0.195672,0.010240,-0.077838,-0.000000,0.000014,-0.069598,-0.000000,0.013922,0
1790549089.1599,0.029207,0.002729,-0.068666,-0.068741,0.023091,-0.006116,0.120000,-0.500000,0.226173,0.008762,-0.077428,-0.000000,0.000819,-0.069560,0.000000,0.014030,0
1790549089.1739,0.021549,0.004258,-0.070662,-0.068223,0.015432,-0.006116,0.120000,-0.500000,0.256585,0.006465,-0.077127,-0.000000,0.001277,-0.069500,0.000000,0.013990,0
1790549089.1878,0.019410,0.005898,-0.071035,-0.067649,0.013294,-0.006116,0.120000,-0.500000,0.286715,0.005823,-0.076858,-0.000000,0.001769,-0.069419,0.000000,0.013860,0
1790549089.2018,0.018029,0.006188,-0.071196,-0.067475,0.011913,-0.006116,0.120000,-0.500000,0.317196,0.005409,-0.076605,-0.000000,0.001856,-0.069332,0.000000,0.014021,0
1790549089.2157,0.012567,0.003708,-0.072660,-0.068168,0.006451,-0.006116,0.120000,-0.500000,0.347360,0.003770,-0.076431,-0.000000,0.001112,-0.069280,-0.000000,0.013875,0
1790549089.2295,0.007713,0.000706,-0.074010,-0.069059,0.001597,-0.006116,0.120000,-0.500000,0.377491,0.002314,-0.076324,-0.000000,0.000212,-0.069271,-0.000000,0.013860,0
1790549089.2434,0.002758,-0.007369,-0.075458,-0.071584,-0.003358,-0.006116,0.120000,-0.500000,0.407659,0.000827,-0.076285,-0.000000,-0.002211,-0.069373,-0.000000,0.013877,0
1790549089.2574,0.002637,-0.018544,-0.075457,-0.075196,-0.003479,-0.006116,0.120000,-0.500000,0.438146,0.000791,-0.076248,-0.000000,-0.005563,-0.069633,-0.000000,0.014024,0
1790549089.2720,-0.006024,-0.027644,-0.078141,-0.078318,-0.012140,-0.006116,0.120000,-0.500000,0.468950,-0.001807,-0.076334,-0.000000,-0.008293,-0.070025,-0.000000,0.014170,0
1790549089.2867,-0.019918,-0.035936,-0.082608,-0.081345,-0.026034,-0.006116,0.120000,-0.500000,0.501568,-0.005975,-0.076633,-0.000000,-0.010781,-0.070564,-0.000000,0.015004,0
1790549089.3004,-0.029559,-0.043590,-0.085907,-0.084240,-0.035675,-0.006116,0.120000,-0.500000,0.531438,-0.008868,-0.077039,-0.000000,-0.013077,-0.071163,-0.000000,0.013740,0
1790549089.3141,-0.039395,-0.051709,-0.089400,-0.087388,-0.045512,-0.006116,0.120000,-0.500000,0.561395,-0.011819,-0.077582,-0.000000,-0.015513,-0.071875,-0.000000,0.013780,0
1790549089.3278,-0.042252,-0.060695,-0.090835,-0.090914,-0.048368,-0.006116,0.120000,-0.500000,0.591124,-0.012676,-0.078159,-0.000000,-0.018208,-0.072705,-0.000000,0.013675,0
1790549089.3420,-0.040321,-0.066892,-0.090823,-0.093715,-0.046438,-0.006116,0.120000,-0.500000,0.621722,-0.012096,-0.078727,0.000000,-0.020068,-0.073647,-0.000000,0.014075,0
1790549089.3560,-0.033102,-0.070128,-0.089125,-0.095676,-0.039218,-0.006116,0.120000,-0.500000,0.652439,-0.009931,-0.079195,0.000000,-0.021038,-0.074638,-0.000000,0.014130,0
1790549089.3700,-0.025993,-0.069335,-0.087354,-0.096403,-0.032109,-0.006116,0.120000,-0.500000,0.682675,-0.007798,-0.079556,0.000000,-0.020801,-0.075602,0.000000,0.013908,0
1790549089.3839,-0.019418,-0.063026,-0.085653,-0.095390,-0.025534,-0.006116,0.120000,-0.500000,0.713016,-0.005825,-0.079827,0.000000,-0.018908,-0.076482,0.000000,0.013957,0
1790549089.3979,-0.006871,-0.047811,-0.081985,-0.091494,-0.012987,-0.006116,0.120000,-0.500000,0.743435,-0.002061,-0.079923,0.000000,-0.014343,-0.077151,0.000000,0.013993,0
1790549089.4118,0.008337,-0.027119,-0.077306,-0.085665,0.002220,-0.006116,0.120000,-0.500000,0.773765,0.002501,-0.079807,0.000000,-0.008136,-0.077529,0.000000,0.013952,0
1790549089.4258,0.021152,-0.001027,-0.073166,-0.077852,0.015036,-0.006116,0.120000,-0.500000,0.804091,0.006346,-0.079512,0.000000,-0.000308,-0.077544,0.000000,0.013950,0
1790549089.4398,0.036532,0.028801,-0.068041,-0.068500,0.030416,-0.006116,0.120000,-0.500000,0.834550,0.010960,-0.079000,0.000000,0.008640,-0.077140,0.000000,0.014011,0
1790549089.4538,0.020484,0.034995,-0.072569,-0.066152,0.014367,-0.006116,0.120000,-0.500000,0.864942,0.006145,-0.078714,-0.000000,0.010499,-0.076651,0.000000,0.013980,0
1790549089.4677,0.018344,0.024802,-0.072955,-0.068864,0.012228,-0.006116,0.120000,-0.500000,0.895266,0.005503,-0.078458,-0.000000,0.007441,-0.076305,-0.000000,0.013949,0
1790549089.4816,0.018728,0.024701,-0.072580,-0.068553,0.012612,-0.006116,0.120000,-0.500000,0.925342,0.005618,-0.078199,0.000000,0.007410,-0.075963,-0.000000,0.013835,0
1790549089.4956,0.007958,0.032434,-0.075700,-0.065779,0.001842,-0.006116,0.120000,-0.500000,0.955783,0.002387,-0.078087,-0.000000,0.009730,-0.075509,0.000000,0.014003,0
1790549089.5095,0.006769,0.035621,-0.075962,-0.064325,0.000653,-0.006116,0.120000,-0.500000,0.986180,0.002031,-0.077993,-0.000000,0.010686,-0.075011,0.000000,0.013983,0
1790549089.5238,0.008928,0.033559,-0.075190,-0.064476,0.002812,-0.006116,0.120000,-0.500000,0.016427,0.002678,-0.077869,0.000000,0.010068,-0.074544,-0.000000,0.013914,0
1790549089.5378,0.013626,0.032296,-0.073588,-0.064397,0.007510,-0.006116,0.120000,-0.500000,0.047234,0.004088,-0.077675,0.000000,0.009689,-0.074086,-0.000000,0.014171,0
1790549089.5518,0.016061,0.032829,-0.072633,-0.063779,0.009945,-0.006116,0.120000,-0.500000,0.077609,0.004818,-0.077451,0.000000,0.009849,-0.073628,0.000000,0.013972,0
1790549089.5658,0.015340,0.033477,-0.072632,-0.063111,0.009224,-0.006116,0.120000,-0.500000,0.108379,0.004602,-0.077234,-0.000000,0.010043,-0.073154,0.000000,0.014154,0
1790549089.5797,0.013935,0.034287,-0.072860,-0.062390,0.007819,-0.006116,0.120000,-0.500000,0.138631,0.004180,-0.077040,-0.000000,0.010286,-0.072677,0.000000,0.013916,0
1790549089.5938,0.015365,0.031963,-0.072213,-0.062636,0.009249,-0.006116,0.120000,-0.500000,0.169323,0.004610,-0.076823,0.000000,0.009589,-0.072225,-0.000000,0.014118,0
1790549089.6077,0.012273,0.027763,-0.072970,-0.063509,0.006157,-0.006116,0.120000,-0.500000,0.199650,0.003682,-0.076652,-0.000000,0.008329,-0.071838,-0.000000,0.013951,0
1790549089.6218,0.013477,0.018926,-0.072419,-0.065895,0.007361,-0.006116,0.120000,-0.500000,0.230164,0.004043,-0.076463,0.000000,0.005678,-0.071572,-0.000000,0.014036,0
1790549089.6358,0.010902,0.014366,-0.073040,-0.067062,0.004786,-0.006116,0.120000,-0.500000,0.260495,0.003271,-0.076311,-0.000000,0.004310,-0.071372,-0.000000,0.013952,0
1790549089.6497,0.006055,0.015668,-0.074410,-0.066453,-0.000061,-0.006116,0.120000,-0.500000,0.290769,0.001816,-0.076226,-0.000000,0.004700,-0.071154,0.000000,0.013926,0
1790549089.6639,0.003011,0.012619,-0.075280,-0.067189,-0.003105,-0.006116,0.120000,-0.500000,0.321538,0.000903,-0.076184,-0.000000,0.003786,-0.070975,-0.000000,0.014153,0
1790549089.6780,-0.000430,0.006819,-0.076319,-0.068833,-0.006546,-0.006116,0.120000,-0.500000,0.352211,-0.000129,-0.076190,-0.000000,0.002046,-0.070879,-0.000000,0.014110,0
1790549089.6920,-0.008694,-0.002463,-0.078921,-0.071653,-0.014810,-0.006116,0.120000,-0.500000,0.382867,-0.002608,-0.076312,-0.000000,-0.000739,-0.070914,-0.000000,0.014102,0
1790549089.7059,-0.015663,-0.014548,-0.081229,-0.075480,-0.021779,-0.006116,0.120000,-0.500000,0.413098,-0.004699,-0.076530,-0.000000,-0.004365,-0.071116,-0.000000,0.013906,0
1790549089.7200,-0.021869,-0.024386,-0.083397,-0.078773,-0.027986,-0.006116,0.120000,-0.500000,0.443544,-0.006561,-0.076836,-0.000000,-0.007316,-0.071457,-0.000000,0.014005,0
1790549089.7339,-0.031208,-0.029643,-0.086633,-0.080763,-0.037324,-0.006116,0.120000,-0.500000,0.473815,-0.009362,-0.077271,-0.000000,-0.008893,-0.071870,-0.000000,0.013925,0
1790549089.7480,-0.041399,-0.036528,-0.090274,-0.083343,-0.047515,-0.006116,0.120000,-0.500000,0.504426,-0.012420,-0.077854,-0.000000,-0.010958,-0.072385,-0.000000,0.014081,0
1790549089.7617,-0.050444,-0.043388,-0.093678,-0.085995,-0.056560,-0.006116,0.120000,-0.500000,0.534208,-0.015133,-0.078545,-0.000000,-0.013016,-0.072979,-0.000000,0.013700,0
1790549089.7759,-0.057974,-0.052935,-0.096742,-0.089594,-0.064090,-0.006116,0.120000,-0.500000,0.564397,-0.017392,-0.079350,-0.000000,-0.015880,-0.073714,-0.000000,0.013887,0
1790549089.7901,-0.061316,-0.064779,-0.098627,-0.094080,-0.067432,-0.006116,0.120000,-0.500000,0.595681,-0.018395,-0.080232,-0.000000,-0.019434,-0.074646,-0.000000,0.014391,0
1790549089.8042,-0.058181,-0.070713,-0.098516,-0.096868,-0.064297,-0.006116,0.120000,-0.500000,0.626656,-0.017454,-0.081061,0.000000,-0.021214,-0.075654,-0.000000,0.014249,0
1790549089.8182,-0.050826,-0.073734,-0.097020,-0.098805,-0.056942,-0.006116,0.120000,-0.500000,0.657069,-0.015248,-0.081772,0.000000,-0.022120,-0.076685,-0.000000,0.013990,0
1790549089.8321,-0.042346,-0.072692,-0.095066,-0.099505,-0.048462,-0.006116,0.120000,-0.500000,0.687335,-0.012704,-0.082362,0.000000,-0.021808,-0.077697,0.000000,0.013922,0
1790549089.8461,-0.033461,-0.064804,-0.092870,-0.098048,-0.039577,-0.006116,0.120000,-0.500000,0.717829,-0.010038,-0.082831,0.000000,-0.019441,-0.078606,0.000000,0.014027,0
1790549089.8600,-0.017694,-0.051120,-0.088386,-0.094653,-0.023810,-0.006116,0.120000,-0.500000,0.748048,-0.005308,-0.083077,0.000000,-0.015336,-0.079317,0.000000,0.013901,0
1790549089.8739,0.003485,-0.029561,-0.081983,-0.088597,-0.002631,-0.006116,0.120000,-0.500000,0.778328,0.001046,-0.083029,0.000000,-0.008868,-0.079729,0.000000,0.013929,0
1790549089.8881,0.019250,-0.002458,-0.076982,-0.080501,0.013134,-0.006116,0.120000,-0.500000,0.809012,0.005775,-0.082757,0.000000,-0.000738,-0.079764,0.000000,0.014115,0
1790549089.9021,0.035080,0.027416,-0.071741,-0.071155,0.028964,-0.006116,0.120000,-0.500000,0.839477,0.010524,-0.082265,0.000000,0.008225,-0.079379,0.000000,0.014014,0
1790549089.9162,0.022510,0.030262,-0.075194,-0.069872,0.016394,-0.006116,0.120000,-0.500000,0.870240,0.006753,-0.081947,-0.000000,0.009079,-0.078951,0.000000,0.014151,0
1790549089.9309,0.033408,0.027303,-0.071453,-0.070375,0.027291,-0.006116,0.120000,-0.500000,0.900920,0.010022,-0.081475,0.000000,0.008191,-0.078566,-0.000000,0.014112,0
1790549089.9463,0.022473,0.025704,-0.074377,-0.070446,0.016357,-0.006116,0.120000,-0.500000,0.935467,0.006742,-0.081118,-0.000000,0.007711,-0.078157,-0.000000,0.015892,0
1790549089.9610,0.016836,0.026209,-0.075823,-0.069914,0.010720,-0.006116,0.120000,-0.500000,0.967019,0.005051,-0.080874,-0.000000,0.007863,-0.077777,0.000000,0.014514,0
1790549089.9756,0.017516,0.023287,-0.075363,-0.070450,0.011400,-0.006116,0.120000,-0.500000,0.998837,0.005255,-0.080618,0.000000,0.006986,-0.077436,-0.000000,0.014637,0
1790549089.9911,0.018253,0.018079,-0.074865,-0.071738,0.012137,-0.006116,0.120000,-0.500000,0.031774,0.005476,-0.080341,0.000000,0.005424,-0.077162,-0.000000,0.015151,0
1790549090.0048,0.023792,0.014777,-0.072865,-0.072519,0.017676,-0.006116,0.120000,-0.500000,0.062698,0.007138,-0.080003,0.000000,0.004433,-0.076952,-0.000000,0.014225,0
1790549090.0187,0.030029,0.013460,-0.070579,-0.072728,0.023913,-0.006116,0.120000,-0.500000,0.092764,0.009009,-0.079587,0.000000,0.004038,-0.076766,-0.000000,0.013831,0
1790549090.0333,0.031084,0.010998,-0.069809,-0.073306,0.024968,-0.006116,0.120000,-0.500000,0.124435,0.009325,-0.079134,0.000000,0.003299,-0.076606,-0.000000,0.014569,0
1790549090.0473,0.029316,0.008492,-0.069924,-0.073938,0.023199,-0.006116,0.120000,-0.500000,0.155256,0.008795,-0.078719,-0.000000,0.002547,-0.076485,-0.000000,0.014178,0
1790549090.0614,0.019525,0.011717,-0.072587,-0.072806,0.013409,-0.006116,0.120000,-0.500000,0.185734,0.005858,-0.078445,-0.000000,0.003515,-0.076321,0.000000,0.014020,0
1790549090.0754,0.013894,0.015960,-0.074081,-0.071308,0.007778,-0.006116,0.120000,-0.500000,0.216323,0.004168,-0.078250,-0.000000,0.004788,-0.076096,0.000000,0.014071,0
1790549090.0893,0.007118,0.019459,-0.076015,-0.069988,0.001002,-0.006116,0.120000,-0.500000,0.246575,0.002135,-0.078151,-0.000000,0.005838,-0.075826,0.000000,0.013916,0
1790549090.1033,0.001571,0.022883,-0.077657,-0.068640,-0.004545,-0.006116,0.120000,-0.500000,0.277032,0.000471,-0.078129,-0.000000,0.006865,-0.075505,0.000000,0.014010,0
1790549090.1172,-0.001601,0.027768,-0.078631,-0.066790,-0.007717,-0.006116,0.120000,-0.500000,0.307159,-0.000480,-0.078151,-0.000000,0.008331,-0.075120,0.000000,0.013858,0
1790549090.1311,-0.007352,0.031459,-0.080459,-0.065244,-0.013468,-0.006116,0.120000,-0.500000,0.337436,-0.002206,-0.078253,-0.000000,0.009438,-0.074682,0.000000,0.013927,0
1790549090.1451,-0.003516,0.026363,-0.079357,-0.066406,-0.009632,-0.006116,0.120000,-0.500000,0.367695,-0.001055,-0.078302,0.000000,0.007909,-0.074315,-0.000000,0.013919,0
1790549090.1591,-0.009529,0.021916,-0.081295,-0.067431,-0.015645,-0.006116,0.120000,-0.500000,0.398370,-0.002859,-0.078436,-0.000000,0.006575,-0.074006,-0.000000,0.014110,0
1790549090.1731,-0.012271,0.018495,-0.082288,-0.068200,-0.018387,-0.006116,0.120000,-0.500000,0.428598,-0.003681,-0.078607,-0.000000,0.005548,-0.073749,-0.000000,0.013905,0
1790549090.1872,-0.013419,0.012789,-0.082822,-0.069732,-0.019536,-0.006116,0.120000,-0.500000,0.459228,-0.004026,-0.078796,-0.000000,0.003837,-0.073568,-0.000000,0.014090,0
1790549090.2011,-0.017125,0.006208,-0.084172,-0.071620,-0.023242,-0.006116,0.120000,-0.500000,0.489505,-0.005138,-0.079035,-0.000000,0.001862,-0.073482,-0.000000,0.013928,0
1790549090.2151,-0.028403,-0.000842,-0.087954,-0.073747,-0.034519,-0.006116,0.120000,-0.500000,0.520037,-0.008521,-0.079434,-0.000000,-0.000253,-0.073494,-0.000000,0.014045,0
1790549090.2288,-0.038653,-0.008300,-0.091558,-0.076097,-0.044769,-0.006116,0.120000,-0.500000,0.549765,-0.011596,-0.079962,-0.000000,-0.002490,-0.073607,-0.000000,0.013674,0
1790549090.2423,-0.046361,-0.016305,-0.094501,-0.078721,-0.052477,-0.006116,0.120000,-0.500000,0.579328,-0.013908,-0.080593,-0.000000,-0.004892,-0.073829,-0.000000,0.013599,0
1790549090.2567,-0.044726,-0.022559,-0.094634,-0.080911,-0.050842,-0.006116,0.120000,-0.500000,0.609625,-0.013418,-0.081216,0.000000,-0.006768,-0.074143,-0.000000,0.013937,0
1790549090.2711,-0.037160,-0.022156,-0.092907,-0.081114,-0.043276,-0.006116,0.120000,-0.500000,0.641397,-0.011148,-0.081759,0.000000,-0.006647,-0.074467,0.000000,0.014615,0
1790549090.2853,-0.026118,-0.021463,-0.089964,-0.081210,-0.032234,-0.006116,0.120000,-0.500000,0.672178,-0.007835,-0.082129,0.000000,-0.006439,-0.074771,0.000000,0.014159,0
1790549090.2997,-0.015257,-0.019412,-0.086928,-0.080877,-0.021373,-0.006116,0.120000,-0.500000,0.703757,-0.004577,-0.082351,0.000000,-0.005823,-0.075053,0.000000,0.014526,0
1790549090.3137,-0.006347,-0.015907,-0.084344,-0.080049,-0.012463,-0.006116,0.120000,-0.500000,0.734336,-0.001904,-0.082440,0.000000,-0.004772,-0.075277,0.000000,0.014066,0
1790549090.3277,0.003248,-0.009178,-0.081420,-0.078158,-0.002868,-0.006116,0.120000,-0.500000,0.764655,0.000975,-0.082394,0.000000,-0.002753,-0.075405,0.000000,0.013947,0
1790549090.3418,0.014849,0.004407,-0.077731,-0.074021,0.008733,-0.006116,0.120000,-0.500000,0.795235,0.004455,-0.082186,0.000000,0.001322,-0.075343,0.000000,0.014067,0
1790549090.3557,0.027051,0.023387,-0.073692,-0.068000,0.020935,-0.006116,0.120000,-0.500000,0.825638,0.008115,-0.081807,0.000000,0.007016,-0.075016,0.000000,0.013985,0
1790549090.3696,0.021587,0.026023,-0.075030,-0.066846,0.015471,-0.006116,0.120000,-0.500000,0.855951,0.006476,-0.081506,-0.000000,0.007807,-0.074653,0.000000,0.013944,0
1790549090.3835,0.021221,0.020143,-0.074845,-0.068330,0.015105,-0.006116,0.120000,-0.500000,0.886133,0.006366,-0.081212,-0.000000,0.006043,-0.074373,-0.000000,0.013884,0
1790549090.3975,0.024175,0.023277,-0.073621,-0.067065,0.018059,-0.006116,0.120000,-0.500000,0.916511,0.007253,-0.080874,0.000000,0.006983,-0.074048,0.000000,0.013974,0
1790549090.4115,0.011433,0.019242,-0.077284,-0.068006,0.005317,-0.006116,0.120000,-0.500000,0.946911,0.003430,-0.080714,-0.000000,0.005772,-0.073779,-0.000000,0.013984,0
1790549090.4254,0.013381,0.014722,-0.076513,-0.069157,0.007265,-0.006116,0.120000,-0.500000,0.977254,0.004014,-0.080527,0.000000,0.004417,-0.073573,-0.000000,0.013958,0
1790549090.4393,0.020476,0.008596,-0.074100,-0.070875,0.014360,-0.006116,0.120000,-0.500000,0.007395,0.006143,-0.080243,0.000000,0.002579,-0.073454,-0.000000,0.013865,0
1790549090.4529,0.025177,0.003434,-0.072347,-0.072377,0.019061,-0.006116,0.120000,-0.500000,0.036983,0.007553,-0.079901,0.000000,0.001030,-0.073407,-0.000000,0.013610,0
1790549090.4665,0.030670,-0.001478,-0.070282,-0.073871,0.024554,-0.006116,0.120000,-0.500000,0.066587,0.009201,-0.079483,0.000000,-0.000443,-0.073428,-0.000000,0.013618,0
1790549090.4805,0.037180,-0.009642,-0.067810,-0.076455,0.031064,-0.006116,0.120000,-0.500000,0.096942,0.011154,-0.078964,0.000000,-0.002892,-0.073562,-0.000000,0.013963,0
1790549090.4944,0.047135,-0.020765,-0.064169,-0.080080,0.041019,-0.006116,0.120000,-0.500000,0.127130,0.014140,-0.078309,0.000000,-0.006230,-0.073851,-0.000000,0.013887,0
1790549090.5088,0.041298,-0.027168,-0.065331,-0.082388,0.035182,-0.006116,0.120000,-0.500000,0.158123,0.012389,-0.077720,-0.000000,-0.008151,-0.074238,-0.000000,0.014256,0
1790549090.5231,0.035781,-0.024947,-0.066469,-0.082083,0.029664,-0.006116,0.120000,-0.500000,0.189528,0.010734,-0.077204,-0.000000,-0.007484,-0.074598,0.000000,0.014446,0
1790549090.5376,0.027694,-0.019477,-0.068505,-0.080716,0.021578,-0.006116,0.120000,-0.500000,0.220135,0.008308,-0.076814,-0.000000,-0.005843,-0.074873,0.000000,0.014079,0
1790549090.5522,0.017615,-0.015583,-0.071268,-0.079779,0.011498,-0.006116,0.120000,-0.500000,0.252399,0.005284,-0.076552,-0.000000,-0.004675,-0.075104,0.000000,0.014841,0
1790549090.5664,0.014268,-0.003782,-0.072068,-0.076293,0.008152,-0.006116,0.120000,-0.500000,0.283480,0.004280,-0.076348,-0.000000,-0.001135,-0.075158,0.000000,0.014297,0
1790549090.5808,0.015179,0.000958,-0.071575,-0.074857,0.009063,-0.006116,0.120000,-0.500000,0.314833,0.004554,-0.076129,0.000000,0.000288,-0.075144,0.000000,0.014423,0
1790549090.5948,0.014424,-0.004323,-0.071600,-0.076502,0.008308,-0.006116,0.120000,-0.500000,0.345331,0.004327,-0.075927,-0.000000,-0.001297,-0.075205,-0.000000,0.014029,0
1790549090.6088,0.005978,-0.004067,-0.074050,-0.076482,-0.000138,-0.006116,0.120000,-0.500000,0.375872,0.001793,-0.075843,-0.000000,-0.001220,-0.075262,0.000000,0.014049,0
1790549090.6229,0.000541,-0.003593,-0.075673,-0.076390,-0.005575,-0.006116,0.120000,-0.500000,0.406398,0.000162,-0.075835,-0.000000,-0.001078,-0.075312,0.000000,0.014042,0
1790549090.6367,0.001155,-0.005875,-0.075473,-0.077157,-0.004962,-0.006116,0.120000,-0.500000,0.436587,0.000346,-0.075819,0.000000,-0.001763,-0.075394,-0.000000,0.013887,0
1790549090.6507,-0.007256,-0.010038,-0.078097,-0.078545,-0.013372,-0.006116,0.120000,-0.500000,0.466900,-0.002177,-0.075921,-0.000000,-0.003011,-0.075534,-0.000000,0.013944,0
1790549090.6649,-0.016865,-0.014795,-0.081219,-0.080182,-0.022981,-0.006116,0.120000,-0.500000,0.497741,-0.005060,-0.076160,-0.000000,-0.004439,-0.075744,-0.000000,0.014187,0
1790549090.6789,-0.026154,-0.021882,-0.084373,-0.082615,-0.032271,-0.006116,0.120000,-0.500000,0.528221,-0.007846,-0.076526,-0.000000,-0.006565,-0.076051,-0.000000,0.014021,0
1790549090.6926,-0.035463,-0.029228,-0.087651,-0.085219,-0.041579,-0.006116,0.120000,-0.500000,0.558011,-0.010639,-0.077012,-0.000000,-0.008768,-0.076451,-0.000000,0.013703,0
1790549090.7062,-0.039155,-0.034025,-0.089293,-0.087123,-0.045271,-0.006116,0.120000,-0.500000,0.587650,-0.011746,-0.077546,-0.000000,-0.010208,-0.076915,-0.000000,0.013634,0
1790549090.7202,-0.037856,-0.037209,-0.089432,-0.088598,-0.043972,-0.006116,0.120000,-0.500000,0.618049,-0.011357,-0.078076,0.000000,-0.011163,-0.077435,-0.000000,0.013983,0
1790549090.7341,-0.031495,-0.037869,-0.087965,-0.089326,-0.037612,-0.006116,0.120000,-0.500000,0.648462,-0.009449,-0.078516,0.000000,-0.011361,-0.077965,-0.000000,0.013990,0
1790549090.7487,-0.022809,-0.036876,-0.085685,-0.089555,-0.028925,-0.006116,0.120000,-0.500000,0.679530,-0.006843,-0.078842,0.000000,-0.011063,-0.078492,0.000000,0.014291,0
1790549090.7630,-0.015493,-0.032173,-0.083712,-0.088605,-0.021609,-0.006116,0.120000,-0.500000,0.710704,-0.004648,-0.079064,0.000000,-0.009652,-0.078953,0.000000,0.014340,0
1790549090.7771,-0.005581,-0.020961,-0.080818,-0.085540,-0.011697,-0.006116,0.120000,-0.500000,0.741682,-0.001674,-0.079144,0.000000,-0.006288,-0.079252,0.000000,0.014250,0
1790549090.7916,0.007164,-0.002196,-0.076893,-0.079942,0.001048,-0.006116,0.120000,-0.500000,0.772380,0.002149,-0.079043,0.000000,-0.000659,-0.079283,0.000000,0.014121,0
1790549090.8059,0.020673,0.022239,-0.072540,-0.072288,0.014557,-0.006116,0.120000,-0.500000,0.803995,0.006202,-0.078742,0.000000,0.006672,-0.078960,0.000000,0.014543,0
1790549090.8201,0.022485,0.039951,-0.071677,-0.066407,0.016369,-0.006116,0.120000,-0.500000,0.834889,0.006746,-0.078423,0.000000,0.011985,-0.078392,0.000000,0.014211,0
1790549090.8341,0.026290,0.031718,-0.070163,-0.068428,0.020174,-0.006116,0.120000,-0.500000,0.865667,0.007887,-0.078050,0.000000,0.009515,-0.077943,-0.000000,0.014158,0
1790549090.8481,0.039874,0.031217,-0.065528,-0.068139,0.033758,-0.006116,0.120000,-0.500000,0.896185,0.011962,-0.077491,0.000000,0.009365,-0.077505,-0.000000,0.014038,0
1790549090.8621,0.039434,0.024536,-0.065108,-0.069800,0.033318,-0.006116,0.120000,-0.500000,0.926604,0.011830,-0.076939,-0.000000,0.007361,-0.077161,-0.000000,0.013993,0
1790549090.8761,0.041986,0.024087,-0.063757,-0.069599,0.035870,-0.006116,0.120000,-0.500000,0.956951,0.012596,-0.076353,0.000000,0.007226,-0.076825,-0.000000,0.013959,0
1790549090.8899,0.042302,0.023349,-0.063076,-0.069497,0.036186,-0.006116,0.120000,-0.500000,0.987044,0.012691,-0.075767,0.000000,0.007005,-0.076502,-0.000000,0.013843,0
1790549090.9039,0.039071,0.023547,-0.063501,-0.069109,0.032955,-0.006116,0.120000,-0.500000,0.017346,0.011721,-0.075222,-0.000000,0.007064,-0.076174,0.000000,0.013939,0
1790549090.9175,0.039710,0.025508,-0.062769,-0.068174,0.033593,-0.006116,0.120000,-0.500000,0.046947,0.011913,-0.074682,0.000000,0.007652,-0.075826,0.000000,0.013616,0
1790549090.9311,0.039999,0.025983,-0.062137,-0.067678,0.033883,-0.006116,0.120000,-0.500000,0.076552,0.012000,-0.074137,0.000000,0.007795,-0.075473,0.000000,0.013618,0
1790549090.9451,0.039168,0.024930,-0.061840,-0.067645,0.033052,-0.006116,0.120000,-0.500000,0.106907,0.011750,-0.073590,-0.000000,0.007479,-0.075124,-0.000000,0.013963,0
1790549090.9590,0.035891,0.026069,-0.062323,-0.066941,0.029775,-0.006116,0.120000,-0.500000,0.137168,0.010767,-0.073091,-0.000000,0.007821,-0.074762,0.000000,0.013920,0
1790549090.9730,0.038357,0.020320,-0.061045,-0.068380,0.032240,-0.006116,0.120000,-0.500000,0.167680,0.011507,-0.072552,0.000000,0.006096,-0.074476,-0.000000,0.014035,0
1790549090.9869,0.041891,0.010803,-0.059402,-0.071085,0.035775,-0.006116,0.120000,-0.500000,0.197930,0.012567,-0.071969,0.000000,0.003241,-0.074326,-0.000000,0.013915,0
1790549091.0009,0.041972,0.006249,-0.058791,-0.072364,0.035856,-0.006116,0.120000,-0.500000,0.228320,0.012592,-0.071383,0.000000,0.001875,-0.074239,-0.000000,0.013979,0
1790549091.0149,0.031791,0.008075,-0.061401,-0.071703,0.025674,-0.006116,0.120000,-0.500000,0.258711,0.009537,-0.070938,-0.000000,0.002423,-0.074126,0.000000,0.013980,0
1790549091.0288,0.028840,0.010452,-0.061884,-0.070844,0.022723,-0.006116,0.120000,-0.500000,0.289043,0.008652,-0.070536,-0.000000,0.003135,-0.073980,0.000000,0.013953,0
1790549091.0430,0.025113,0.007467,-0.062654,-0.071636,0.018997,-0.006116,0.120000,-0.500000,0.319145,0.007534,-0.070188,-0.000000,0.002240,-0.073877,-0.000000,0.013847,0
1790549091.0571,0.018961,0.007195,-0.064228,-0.071615,0.012845,-0.006116,0.120000,-0.500000,0.350296,0.005688,-0.069916,-0.000000,0.002159,-0.073773,-0.000000,0.014330,0
1790549091.0710,0.015052,0.001377,-0.065191,-0.073341,0.008936,-0.006116,0.120000,-0.500000,0.380515,0.004516,-0.069707,-0.000000,0.000413,-0.073754,-0.000000,0.013901,0
1790549091.0850,0.010132,-0.006651,-0.066525,-0.075843,0.004016,-0.006116,0.120000,-0.500000,0.411052,0.003040,-0.069565,-0.000000,-0.001995,-0.073848,-0.000000,0.014047,0
1790549091.0989,0.005422,-0.014271,-0.067862,-0.078328,-0.000694,-0.006116,0.120000,-0.500000,0.441310,0.001627,-0.069489,-0.000000,-0.004281,-0.074046,-0.000000,0.013919,0
1790549091.1129,0.004242,-0.019797,-0.068157,-0.080262,-0.001874,-0.006116,0.120000,-0.500000,0.471747,0.001273,-0.069430,-0.000000,-0.005939,-0.074324,-0.000000,0.014001,0
1790549091.1269,-0.004405,-0.025661,-0.070813,-0.082382,-0.010522,-0.006116,0.120000,-0.500000,0.502231,-0.001322,-0.069492,-0.000000,-0.007698,-0.074683,-0.000000,0.014023,0
1790549091.1407,-0.014531,-0.034810,-0.074049,-0.085601,-0.020647,-0.006116,0.120000,-0.500000,0.531854,-0.004359,-0.069690,-0.000000,-0.010443,-0.075158,-0.000000,0.013626,0
1790549091.1546,-0.025102,-0.041948,-0.077572,-0.088330,-0.031218,-0.006116,0.120000,-0.500000,0.562302,-0.007531,-0.070041,-0.000000,-0.012584,-0.075745,-0.000000,0.014006,0
1790549091.1684,-0.029261,-0.047657,-0.079224,-0.090702,-0.035378,-0.006116,0.120000,-0.500000,0.592382,-0.008778,-0.070446,-0.000000,-0.014297,-0.076405,-0.000000,0.013837,0
1790549091.1826,-0.029989,-0.052378,-0.079865,-0.092855,-0.036105,-0.006116,0.120000,-0.500000,0.622986,-0.008997,-0.070868,-0.000000,-0.015713,-0.077142,-0.000000,0.014078,0
1790549091.1968,-0.027176,-0.051406,-0.079409,-0.093298,-0.033293,-0.006116,0.120000,-0.500000,0.654027,-0.008153,-0.071256,0.000000,-0.015422,-0.077876,0.000000,0.014279,0
1790549091.2109,-0.021880,-0.046611,-0.078130,-0.092519,-0.027996,-0.006116,0.120000,-0.500000,0.684810,-0.006564,-0.071566,0.000000,-0.013983,-0.078536,0.000000,0.014160,0
1790549091.2251,-0.015171,-0.038298,-0.076331,-0.090564,-0.021287,-0.006116,0.120000,-0.500000,0.715405,-0.004551,-0.071780,0.000000,-0.011489,-0.079075,0.000000,0.014074,0
1790549091.2393,-0.003566,-0.021951,-0.072900,-0.085973,-0.009682,-0.006116,0.120000,-0.500000,0.746394,-0.001070,-0.071830,0.000000,-0.006585,-0.079388,0.000000,0.014255,0
1790549091.2534,0.014372,0.000349,-0.067315,-0.079278,0.008256,-0.006116,0.120000,-0.500000,0.777247,0.004312,-0.071626,0.000000,0.000105,-0.079383,0.000000,0.014193,0
1790549091.2674,0.029541,0.026530,-0.062351,-0.071053,0.023425,-0.006116,0.120000,-0.500000,0.807610,0.008862,-0.071214,0.000000,0.007959,-0.079012,0.000000,0.013967,0
1790549091.2812,0.016334,0.036531,-0.066087,-0.067547,0.010218,-0.006116,0.120000,-0.500000,0.837746,0.004900,-0.070987,-0.000000,0.010959,-0.078506,0.000000,0.013863,0
1790549091.2958,0.018817,0.036624,-0.065074,-0.066997,0.012701,-0.006116,0.120000,-0.500000,0.868733,0.005645,-0.070719,0.000000,0.010987,-0.077984,0.000000,0.014254,0
1790549091.3100,0.028264,0.037980,-0.061834,-0.066045,0.022148,-0.006116,0.120000,-0.500000,0.899920,0.008479,-0.070314,0.000000,0.011394,-0.077439,0.000000,0.014346,0
1790549091.3240,0.020794,0.042165,-0.063781,-0.064193,0.014678,-0.006116,0.120000,-0.500000,0.930660,0.006238,-0.070020,-0.000000,0.012650,-0.076843,0.000000,0.014141,0
1790549091.3379,0.020460,0.041760,-0.063597,-0.063735,0.014344,-0.006116,0.120000,-0.500000,0.960853,0.006138,-0.069736,-0.000000,0.012528,-0.076263,-0.000000,0.013889,0
1790549091.3520,0.028217,0.038842,-0.060875,-0.064066,0.022101,-0.006116,0.120000,-0.500000,0.991296,0.008465,-0.069340,0.000000,0.011653,-0.075719,-0.000000,0.014004,0
1790549091.3660,0.033198,0.035266,-0.058913,-0.064642,0.027082,-0.006116,0.120000,-0.500000,0.021915,0.009959,-0.068873,0.000000,0.010580,-0.075222,-0.000000,0.014085,0
1790549091.3797,0.031811,0.034818,-0.058895,-0.064301,0.025695,-0.006116,0.120000,-0.500000,0.051634,0.009543,-0.068438,-0.000000,0.010445,-0.074746,-0.000000,0.013671,0
1790549091.3933,0.032801,0.035009,-0.058150,-0.063765,0.026684,-0.006116,0.120000,-0.500000,0.081336,0.009840,-0.067990,0.000000,0.010503,-0.074268,0.000000,0.013663,0
1790549091.4072,0.032096,0.033351,-0.057913,-0.063797,0.025980,-0.006116,0.120000,-0.500000,0.111673,0.009629,-0.067542,-0.000000,0.010005,-0.073803,-0.000000,0.013955,0
1790549091.4212,0.029100,0.031577,-0.058406,-0.063889,0.022984,-0.006116,0.120000,-0.500000,0.141993,0.008730,-0.067136,-0.000000,0.009473,-0.073362,-0.000000,0.013947,0
1790549091.4351,0.027881,0.030318,-0.058384,-0.063845,0.021765,-0.006116,0.120000,-0.500000,0.172238,0.008364,-0.066748,-0.000000,0.009095,-0.072940,-0.000000,0.013913,0
1790549091.4490,0.025776,0.025587,-0.058659,-0.064910,0.019660,-0.006116,0.120000,-0.500000,0.202315,0.007733,-0.066391,-0.000000,0.007676,-0.072586,-0.000000,0.013835,0
1790549091.4630,0.024797,0.020129,-0.058604,-0.066265,0.018681,-0.006116,0.120000,-0.500000,0.232893,0.007439,-0.066043,-0.000000,0.006039,-0.072303,-0.000000,0.014066,0
1790549091.4770,0.022831,0.019100,-0.058874,-0.066306,0.016715,-0.006116,0.120000,-0.500000,0.263330,0.006849,-0.065723,-0.000000,0.005730,-0.072036,-0.000000,0.014001,0
1790549091.4908,0.019434,0.020561,-0.059624,-0.065583,0.013318,-0.006116,0.120000,-0.500000,0.293385,0.005830,-0.065454,-0.000000,0.006168,-0.071751,0.000000,0.013825,0
1790549091.5048,0.014898,0.018058,-0.060777,-0.066082,0.008782,-0.006116,0.120000,-0.500000,0.323714,0.004469,-0.065247,-0.000000,0.005417,-0.071500,-0.000000,0.013951,0
1790549091.5187,0.012615,0.013617,-0.061287,-0.067226,0.006499,-0.006116,0.120000,-0.500000,0.353831,0.003785,-0.065072,-0.000000,0.004085,-0.071311,-0.000000,0.013854,0
1790549091.5327,0.012625,0.007670,-0.061107,-0.068902,0.006508,-0.006116,0.120000,-0.500000,0.384351,0.003787,-0.064894,0.000000,0.002301,-0.071203,-0.000000,0.014039,0
1790549091.5473,0.006191,0.000831,-0.062948,-0.070942,0.000075,-0.006116,0.120000,-0.500000,0.415539,0.001857,-0.064806,-0.000000,0.000249,-0.071191,-0.000000,0.014347,0
1790549091.5614,0.003647,-0.004996,-0.063659,-0.072762,-0.002469,-0.006116,0.120000,-0.500000,0.446641,0.001094,-0.064753,-0.000000,-0.001499,-0.071263,-0.000000,0.014307,0
1790549091.5754,-0.000907,-0.009976,-0.065038,-0.074396,-0.007024,-0.006116,0.120000,-0.500000,0.477189,-0.000272,-0.064766,-0.000000,-0.002993,-0.071403,-0.000000,0.014052,0
1790549091.5895,-0.011815,-0.016244,-0.068477,-0.076505,-0.017931,-0.006116,0.120000,-0.500000,0.507809,-0.003544,-0.064933,-0.000000,-0.004873,-0.071632,-0.000000,0.014085,0
1790549091.6031,-0.022902,-0.024049,-0.072114,-0.079173,-0.029018,-0.006116,0.120000,-0.500000,0.537293,-0.006871,-0.065243,-0.000000,-0.007215,-0.071958,-0.000000,0.013563,0
1790549091.6167,-0.032935,-0.030771,-0.075571,-0.081607,-0.039051,-0.006116,0.120000,-0.500000,0.566835,-0.009880,-0.065691,-0.000000,-0.009231,-0.072376,-0.000000,0.013589,0
1790549091.6307,-0.036427,-0.040879,-0.077131,-0.085214,-0.042543,-0.006116,0.120000,-0.500000,0.597364,-0.010928,-0.066202,-0.000000,-0.012264,-0.072950,-0.000000,0.014043,0
1790549091.6448,-0.035637,-0.045576,-0.077395,-0.087264,-0.041754,-0.006116,0.120000,-0.500000,0.627946,-0.010691,-0.066704,0.000000,-0.013673,-0.073591,-0.000000,0.014068,0
1790549091.6589,-0.029465,-0.045896,-0.075955,-0.088002,-0.035581,-0.006116,0.120000,-0.500000,0.658334,-0.008839,-0.067116,0.000000,-0.013769,-0.074233,-0.000000,0.013978,0
1790549091.6728,-0.022898,-0.042919,-0.074307,-0.087712,-0.029014,-0.006116,0.120000,-0.500000,0.688911,-0.006869,-0.067438,0.000000,-0.012876,-0.074837,0.000000,0.014065,0
1790549091.6868,-0.018715,-0.034970,-0.073313,-0.085815,-0.024831,-0.006116,0.120000,-0.500000,0.719205,-0.005614,-0.067698,0.000000,-0.010491,-0.075324,0.000000,0.013936,0
1790549091.7008,-0.009310,-0.018382,-0.070623,-0.081098,-0.015426,-0.006116,0.120000,-0.500000,0.749834,-0.002793,-0.067830,0.000000,-0.005515,-0.075583,0.000000,0.014089,0
1790549091.7147,0.008531,0.004833,-0.065152,-0.074066,0.002414,-0.006116,0.120000,-0.500000,0.779984,0.002559,-0.067711,0.000000,0.001450,-0.075516,0.000000,0.013869,0
1790549091.7288,0.027317,0.033798,-0.059132,-0.064901,0.021201,-0.006116,0.120000,-0.500000,0.810566,0.008195,-0.067327,0.000000,0.010139,-0.075040,0.000000,0.014068,0
1790549091.7429,0.015653,0.041822,-0.062411,-0.061905,0.009537,-0.006116,0.120000,-0.500000,0.841170,0.004696,-0.067107,-0.000000,0.012547,-0.074452,0.000000,0.014078,0
1790549091.7569,0.009952,0.033324,-0.063981,-0.063986,0.003836,-0.006116,0.120000,-0.500000,0.871707,0.002986,-0.066967,-0.000000,0.009997,-0.073984,-0.000000,0.014047,0
1790549091.7709,0.020537,0.034278,-0.060519,-0.063222,0.014421,-0.006116,0.120000,-0.500000,0.902014,0.006161,-0.066681,0.000000,0.010283,-0.073506,0.000000,0.013941,0
1790549091.7849,0.011889,0.034050,-0.062946,-0.062811,0.005773,-0.006116,0.120000,-0.500000,0.932637,0.003567,-0.066513,-0.000000,0.010215,-0.073026,-0.000000,0.014086,0
1790549091.7993,0.016617,0.032975,-0.061295,-0.062672,0.010501,-0.006116,0.120000,-0.500000,0.963080,0.004985,-0.066280,0.000000,0.009893,-0.072564,-0.000000,0.014004,0
1790549091.8141,0.019294,0.031125,-0.060204,-0.062762,0.013178,-0.006116,0.120000,-0.500000,0.995559,0.005788,-0.065992,0.000000,0.009338,-0.072099,-0.000000,0.014940,0
1790549091.8283,0.016921,0.029729,-0.060672,-0.062751,0.010805,-0.006116,0.120000,-0.500000,0.026939,0.005076,-0.065748,-0.000000,0.008919,-0.071670,-0.000000,0.014435,0
1790549091.8421,0.020796,0.029684,-0.059223,-0.062357,0.014680,-0.006116,0.120000,-0.500000,0.056819,0.006239,-0.065462,0.000000,0.008905,-0.071262,-0.000000,0.013745,0
1790549091.8559,0.022202,0.028982,-0.058495,-0.062167,0.016086,-0.006116,0.120000,-0.500000,0.086838,0.006661,-0.065155,0.000000,0.008695,-0.070862,-0.000000,0.013809,0
1790549091.8699,0.018762,0.028799,-0.059264,-0.061819,0.012646,-0.006116,0.120000,-0.500000,0.117280,0.005629,-0.064893,-0.000000,0.008640,-0.070459,-0.000000,0.014003,0
1790549091.8841,0.014915,0.030826,-0.060207,-0.060773,0.008799,-0.006116,0.120000,-0.500000,0.148121,0.004474,-0.064681,-0.000000,0.009248,-0.070021,0.000000,0.014187,0
1790549091.8983,0.012700,0.030532,-0.060690,-0.060427,0.006583,-0.006116,0.120000,-0.500000,0.179096,0.003810,-0.064500,-0.000000,0.009159,-0.069586,-0.000000,0.014249,0
1790549091.9124,0.017535,0.020185,-0.058994,-0.063248,0.011419,-0.006116,0.120000,-0.500000,0.209563,0.005260,-0.064254,0.000000,0.006055,-0.069303,-0.000000,0.014015,0
1790549091.9267,0.015997,0.012931,-0.059226,-0.065239,0.009881,-0.006116,0.120000,-0.500000,0.240692,0.004799,-0.064025,-0.000000,0.003879,-0.069118,-0.000000,0.014319,0
1790549091.9409,0.007550,0.013710,-0.061653,-0.064811,0.001434,-0.006116,0.120000,-0.500000,0.271525,0.002265,-0.063918,-0.000000,0.004113,-0.068924,0.000000,0.014183,0
1790549091.9549,0.002621,0.015610,-0.063095,-0.064022,-0.003495,-0.006116,0.120000,-0.500000,0.302020,0.000786,-0.063882,-0.000000,0.004683,-0.068705,0.000000,0.014028,0
1790549091.9688,0.000922,0.010191,-0.063592,-0.065505,-0.005195,-0.006116,0.120000,-0.500000,0.332336,0.000276,-0.063869,-0.000000,0.003057,-0.068563,-0.000000,0.013945,0
1790549091.9828,-0.002516,0.005772,-0.064659,-0.066750,-0.008632,-0.006116,0.120000,-0.500000,0.362876,-0.000755,-0.063904,-0.000000,0.001732,-0.068482,-0.000000,0.014048,0
1790549091.9968,-0.006737,-0.002386,-0.066019,-0.069231,-0.012853,-0.006116,0.120000,-0.500000,0.393324,-0.002021,-0.063998,-0.000000,-0.000716,-0.068515,-0.000000,0.014006,0
1790549092.0111,-0.010824,-0.013310,-0.067396,-0.072693,-0.016941,-0.006116,0.120000,-0.500000,0.423524,-0.003247,-0.064149,-0.000000,-0.003993,-0.068700,-0.000000,0.013892,0
1790549092.0270,-0.015001,-0.022676,-0.068886,-0.075860,-0.021117,-0.006116,0.120000,-0.500000,0.457814,-0.004500,-0.064385,-0.000000,-0.006803,-0.069058,-0.000000,0.015774,0
1790549092.0416,-0.022011,-0.027317,-0.071315,-0.077658,-0.028127,-0.006116,0.120000,-0.500000,0.490096,-0.006603,-0.064712,-0.000000,-0.008195,-0.069463,-0.000000,0.014850,0
1790549092.0567,-0.030898,-0.034423,-0.074447,-0.080308,-0.037014,-0.006116,0.120000,-0.500000,0.522833,-0.009270,-0.065178,-0.000000,-0.010327,-0.069982,-0.000000,0.015059,0
1790549092.0710,-0.039144,-0.040518,-0.077472,-0.082707,-0.045261,-0.006116,0.120000,-0.500000,0.553432,-0.011743,-0.065728,-0.000000,-0.012155,-0.070552,-0.000000,0.014076,0
1790549092.0853,-0.046695,-0.049739,-0.080424,-0.086205,-0.052811,-0.006116,0.120000,-0.500000,0.585398,-0.014008,-0.066415,-0.000000,-0.014922,-0.071283,-0.000000,0.014704,0
1790549092.0993,-0.049637,-0.059819,-0.082008,-0.090074,-0.055753,-0.006116,0.120000,-0.500000,0.616118,-0.014891,-0.067117,-0.000000,-0.017946,-0.072129,-0.000000,0.014131,0
1790549092.1132,-0.045664,-0.063400,-0.081447,-0.092025,-0.051780,-0.006116,0.120000,-0.500000,0.646171,-0.013699,-0.067748,0.000000,-0.019020,-0.073005,-0.000000,0.013824,0
1790549092.1273,-0.038029,-0.061708,-0.079692,-0.092386,-0.044145,-0.006116,0.120000,-0.500000,0.676781,-0.011409,-0.068283,0.000000,-0.018512,-0.073874,0.000000,0.014081,0
1790549092.1413,-0.031219,-0.055160,-0.078088,-0.091198,-0.037335,-0.006116,0.120000,-0.500000,0.707347,-0.009366,-0.068722,0.000000,-0.016548,-0.074649,0.000000,0.014060,0
1790549092.1554,-0.022624,-0.039924,-0.075827,-0.087188,-0.028740,-0.006116,0.120000,-0.500000,0.737908,-0.006787,-0.069040,0.000000,-0.011977,-0.075211,0.000000,0.014058,0
1790549092.1694,-0.004171,-0.019874,-0.070350,-0.081452,-0.010287,-0.006116,0.120000,-0.500000,0.768467,-0.001251,-0.069099,0.000000,-0.005962,-0.075490,0.000000,0.014057,0
1790549092.1833,0.017465,0.006303,-0.063617,-0.073511,0.011349,-0.006116,0.120000,-0.500000,0.798703,0.005239,-0.068856,0.000000,0.001891,-0.075402,0.000000,0.013909,0
1790549092.1973,0.029107,0.033953,-0.059716,-0.064741,0.022991,-0.006116,0.120000,-0.500000,0.829144,0.008732,-0.068448,0.000000,0.010186,-0.074927,0.000000,0.014003,0
1790549092.2112,0.014079,0.037361,-0.064029,-0.063200,0.007963,-0.006116,0.120000,-0.500000,0.859310,0.004224,-0.068253,-0.000000,0.011208,-0.074409,0.000000,0.013876,0
1790549092.2251,0.020872,0.034676,-0.061700,-0.063522,0.014756,-0.006116,0.120000,-0.500000,0.889647,0.006262,-0.067962,0.000000,0.010403,-0.073925,-0.000000,0.013955,0
1790549092.2391,0.031198,0.036877,-0.058167,-0.062347,0.025082,-0.006116,0.120000,-0.500000,0.919999,0.009359,-0.067526,0.000000,0.011063,-0.073410,0.000000,0.013962,0
1790549092.2530,0.027649,0.040636,-0.058847,-0.060655,0.021533,-0.006116,0.120000,-0.500000,0.950187,0.008295,-0.067142,-0.000000,0.012191,-0.072845,0.000000,0.013886,0
1790549092.2671,0.029534,0.037003,-0.057867,-0.061224,0.023418,-0.006116,0.120000,-0.500000,0.980767,0.008860,-0.066727,0.000000,0.011101,-0.072325,-0.000000,0.014067,0
1790549092.2811,0.037566,0.031803,-0.054929,-0.062338,0.031450,-0.006116,0.120000,-0.500000,0.011298,0.011270,-0.066199,0.000000,0.009541,-0.071878,-0.000000,0.014044,0
1790549092.2946,0.037849,0.027909,-0.054333,-0.063129,0.031733,-0.006116,0.120000,-0.500000,0.040652,0.011355,-0.065688,0.000000,0.008373,-0.071501,-0.000000,0.013503,0
1790549092.3087,0.040321,0.027059,-0.053034,-0.063009,0.034205,-0.006116,0.120000,-0.500000,0.070731,0.012096,-0.065130,0.000000,0.008118,-0.071127,-0.000000,0.013836,0
1790549092.3232,0.041045,0.025648,-0.052217,-0.063058,0.034929,-0.006116,0.120000,-0.500000,0.102503,0.012314,-0.064530,0.000000,0.007694,-0.070752,-0.000000,0.014615,0
1790549092.3373,0.039074,0.024374,-0.052257,-0.063096,0.032957,-0.006116,0.120000,-0.500000,0.133152,0.011722,-0.063979,-0.000000,0.007312,-0.070409,-0.000000,0.014098,0
1790549092.3517,0.035667,0.024973,-0.052767,-0.062558,0.029551,-0.006116,0.120000,-0.500000,0.164373,0.010700,-0.063467,-0.000000,0.007492,-0.070050,0.000000,0.014362,0
1790549092.3657,0.033145,0.021410,-0.053056,-0.063325,0.027029,-0.006116,0.120000,-0.500000,0.195052,0.009944,-0.062999,-0.000000,0.006423,-0.069748,-0.000000,0.014112,0
1790549092.3797,0.032665,0.015682,-0.052742,-0.064823,0.026549,-0.006116,0.120000,-0.500000,0.225566,0.009799,-0.062541,-0.000000,0.004705,-0.069528,-0.000000,0.014037,0
1790549092.3937,0.028213,0.015479,-0.053681,-0.064666,0.022097,-0.006116,0.120000,-0.500000,0.256103,0.008464,-0.062145,-0.000000,0.004644,-0.069310,-0.000000,0.014047,0
1790549092.4075,0.021473,0.019035,-0.055406,-0.063336,0.015357,-0.006116,0.120000,-0.500000,0.286190,0.006442,-0.061847,-0.000000,0.005711,-0.069047,0.000000,0.013840,0
1790549092.4214,0.016203,0.017551,-0.056761,-0.063537,0.010087,-0.006116,0.120000,-0.500000,0.316445,0.004861,-0.061622,-0.000000,0.005265,-0.068803,-0.000000,0.013917,0
1790549092.4354,0.014202,0.012623,-0.057163,-0.064839,0.008086,-0.006116,0.120000,-0.500000,0.346806,0.004261,-0.061424,-0.000000,0.003787,-0.068626,-0.000000,0.013966,0
1790549092.4494,0.007132,0.004347,-0.059184,-0.067261,0.001016,-0.006116,0.120000,-0.500000,0.377212,0.002140,-0.061324,-0.000000,0.001304,-0.068565,-0.000000,0.013987,0
1790549092.4633,0.000214,-0.005055,-0.061257,-0.070153,-0.005902,-0.006116,0.120000,-0.500000,0.407554,0.000064,-0.061321,-0.000000,-0.001517,-0.068636,-0.000000,0.013958,0
1790549092.4772,-0.002039,-0.012018,-0.061961,-0.072408,-0.008155,-0.006116,0.120000,-0.500000,0.437636,-0.000612,-0.061349,-0.000000,-0.003605,-0.068802,-0.000000,0.013837,0
1790549092.4912,-0.007691,-0.016432,-0.063764,-0.073961,-0.013807,-0.006116,0.120000,-0.500000,0.468003,-0.002307,-0.061457,-0.000000,-0.004930,-0.069032,-0.000000,0.013969,0
1790549092.5051,-0.018401,-0.021710,-0.067234,-0.075848,-0.024518,-0.006116,0.120000,-0.500000,0.498360,-0.005520,-0.061714,-0.000000,-0.006513,-0.069335,-0.000000,0.013964,0
1790549092.5190,-0.026648,-0.026584,-0.070077,-0.077679,-0.032764,-0.006116,0.120000,-0.500000,0.528492,-0.007994,-0.062083,-0.000000,-0.007975,-0.069703,-0.000000,0.013861,0
1790549092.5327,-0.034554,-0.033064,-0.072922,-0.080075,-0.040670,-0.006116,0.120000,-0.500000,0.558250,-0.010366,-0.062556,-0.000000,-0.009919,-0.070156,-0.000000,0.013688,0
1790549092.5464,-0.040633,-0.040999,-0.075301,-0.083016,-0.046749,-0.006116,0.120000,-0.500000,0.587954,-0.012190,-0.063111,-0.000000,-0.012300,-0.070716,-0.000000,0.013664,0
1790549092.5608,-0.041822,-0.047926,-0.076249,-0.085772,-0.047938,-0.006116,0.120000,-0.500000,0.618703,-0.012547,-0.063703,-0.000000,-0.014378,-0.071394,-0.000000,0.014144,0
1790549092.5750,-0.035491,-0.047413,-0.074863,-0.086303,-0.041607,-0.006116,0.120000,-0.500000,0.650125,-0.010647,-0.064216,0.000000,-0.014224,-0.072079,0.000000,0.014454,0
1790549092.5891,-0.028338,-0.045303,-0.073118,-0.086312,-0.034454,-0.006116,0.120000,-0.500000,0.680890,-0.008501,-0.064617,0.000000,-0.013591,-0.072721,0.000000,0.014152,0
1790549092.6033,-0.021788,-0.039597,-0.071462,-0.085161,-0.027904,-0.006116,0.120000,-0.500000,0.711700,-0.006536,-0.064925,0.000000,-0.011879,-0.073282,0.000000,0.014173,0
1790549092.6174,-0.010790,-0.027162,-0.068314,-0.081813,-0.016906,-0.006116,0.120000,-0.500000,0.742326,-0.003237,-0.065077,0.000000,-0.008149,-0.073664,0.000000,0.014088,0
1790549092.6313,0.004079,-0.008743,-0.063797,-0.076409,-0.002038,-0.006116,0.120000,-0.500000,0.772585,0.001224,-0.065021,0.000000,-0.002623,-0.073786,0.000000,0.013919,0
1790549092.6453,0.016137,0.015563,-0.059953,-0.068898,0.010021,-0.006116,0.120000,-0.500000,0.803122,0.004841,-0.064794,0.000000,0.004669,-0.073568,0.000000,0.014047,0
1790549092.6596,0.020159,0.036971,-0.058461,-0.061953,0.014042,-0.006116,0.120000,-0.500000,0.833885,0.006048,-0.064509,0.000000,0.011091,-0.073044,0.000000,0.014151,0
1790549092.6736,0.010409,0.037909,-0.061240,-0.061141,0.004293,-0.006116,0.120000,-0.500000,0.864328,0.003123,-0.064363,-0.000000,0.011373,-0.072513,0.000000,0.014004,0
1790549092.6874,0.026422,0.039193,-0.056067,-0.060208,0.020306,-0.006116,0.120000,-0.500000,0.894683,0.007927,-0.063994,0.000000,0.011758,-0.071966,0.000000,0.013963,0
1790549092.7013,0.030619,0.037429,-0.054384,-0.060219,0.024503,-0.006116,0.120000,-0.500000,0.924824,0.009186,-0.063569,0.000000,0.011229,-0.071447,-0.000000,0.013865,0
1790549092.7152,0.025251,0.034008,-0.055642,-0.060771,0.019135,-0.006116,0.120000,-0.500000,0.955096,0.007575,-0.063218,-0.000000,0.010202,-0.070974,-0.000000,0.013925,0
1790549092.7291,0.030892,0.032402,-0.053520,-0.060802,0.024776,-0.006116,0.120000,-0.500000,0.985362,0.009268,-0.062788,0.000000,0.009720,-0.070523,-0.000000,0.013923,0
1790549092.7432,0.029893,0.027140,-0.053402,-0.062001,0.023776,-0.006116,0.120000,-0.500000,0.015793,0.008968,-0.062369,-0.000000,0.008142,-0.070143,-0.000000,0.013998,0
1790549092.7571,0.033922,0.025866,-0.051721,-0.062023,0.027805,-0.006116,0.120000,-0.500000,0.046035,0.010176,-0.061897,0.000000,0.007760,-0.069783,-0.000000,0.013911,0
1790549092.7708,0.035452,0.025315,-0.050776,-0.061841,0.029336,-0.006116,0.120000,-0.500000,0.075832,0.010636,-0.061412,0.000000,0.007594,-0.069436,-0.000000,0.013707,0
1790549092.7848,0.034505,0.023874,-0.050577,-0.061939,0.028389,-0.006116,0.120000,-0.500000,0.106275,0.010352,-0.060928,-0.000000,0.007162,-0.069102,-0.000000,0.014004,0
1790549092.7988,0.033998,0.021413,-0.050254,-0.062379,0.027882,-0.006116,0.120000,-0.500000,0.136635,0.010200,-0.060454,-0.000000,0.006424,-0.068803,-0.000000,0.013966,0
1790549092.8130,0.032090,0.020084,-0.050378,-0.062496,0.025974,-0.006116,0.120000,-0.500000,0.167046,0.009627,-0.060005,-0.000000,0.006025,-0.068522,-0.000000,0.013989,0
1790549092.8273,0.028367,0.018028,-0.051085,-0.062853,0.022251,-0.006116,0.120000,-0.500000,0.198429,0.008510,-0.059595,-0.000000,0.005408,-0.068261,-0.000000,0.014436,0
1790549092.8414,0.027846,0.011172,-0.050846,-0.064751,0.021729,-0.006116,0.120000,-0.500000,0.229313,0.008354,-0.059199,-0.000000,0.003352,-0.068103,-0.000000,0.014207,0
1790549092.8552,0.027136,0.009765,-0.050682,-0.065038,0.021020,-0.006116,0.120000,-0.500000,0.259486,0.008141,-0.058823,-0.000000,0.002930,-0.067967,-0.000000,0.013880,0
1790549092.8691,0.022997,0.015693,-0.051604,-0.063041,0.016880,-0.006116,0.120000,-0.500000,0.289736,0.006899,-0.058503,-0.000000,0.004708,-0.067749,0.000000,0.013915,0
1790549092.8830,0.016044,0.018796,-0.053468,-0.061850,0.009928,-0.006116,0.120000,-0.500000,0.319797,0.004813,-0.058281,-0.000000,0.005639,-0.067489,0.000000,0.013828,0
1790549092.8970,0.018210,0.016081,-0.052563,-0.062439,0.012094,-0.006116,0.120000,-0.500000,0.350245,0.005463,-0.058026,0.000000,0.004824,-0.067264,-0.000000,0.014006,0
1790549092.9110,0.012635,0.010484,-0.054059,-0.063972,0.006519,-0.006116,0.120000,-0.500000,0.380622,0.003791,-0.057849,-0.000000,0.003145,-0.067117,-0.000000,0.013973,0
1790549092.9249,0.000765,0.004114,-0.057609,-0.065826,-0.005351,-0.006116,0.120000,-0.500000,0.410852,0.000230,-0.057839,-0.000000,0.001234,-0.067060,-0.000000,0.013906,0
1790549092.9389,-0.000010,0.000336,-0.057842,-0.066954,-0.006126,-0.006116,0.120000,-0.500000,0.441252,-0.000003,-0.057839,-0.000000,0.000101,-0.067055,-0.000000,0.013984,0
1790549092.9530,-0.003954,-0.002981,-0.059081,-0.067992,-0.010070,-0.006116,0.120000,-0.500000,0.471877,-0.001186,-0.057895,-0.000000,-0.000894,-0.067097,-0.000000,0.014087,0
1790549092.9669,-0.013055,-0.008623,-0.061993,-0.069804,-0.019171,-0.006116,0.120000,-0.500000,0.502185,-0.003916,-0.058077,-0.000000,-0.002587,-0.067217,-0.000000,0.013942,0
1790549092.9806,-0.021117,-0.013498,-0.064700,-0.071451,-0.027233,-0.006116,0.120000,-0.500000,0.531815,-0.006335,-0.058364,-0.000000,-0.004049,-0.067401,-0.000000,0.013630,0
1790549092.9942,-0.030439,-0.019842,-0.067913,-0.073626,-0.036555,-0.006116,0.120000,-0.500000,0.561588,-0.009132,-0.058781,-0.000000,-0.005953,-0.067673,-0.000000,0.013696,0
1790549093.0079,-0.036608,-0.026946,-0.070262,-0.076124,-0.042724,-0.006116,0.120000,-0.500000,0.591181,-0.010982,-0.059280,-0.000000,-0.008084,-0.068040,-0.000000,0.013613,0
1790549093.0220,-0.036140,-0.032533,-0.070628,-0.078256,-0.042256,-0.006116,0.120000,-0.500000,0.621667,-0.010842,-0.059786,0.000000,-0.009760,-0.068496,-0.000000,0.014023,0
1790549093.0360,-0.030433,-0.030247,-0.069347,-0.077998,-0.036549,-0.006116,0.120000,-0.500000,0.652444,-0.009130,-0.060217,0.000000,-0.009074,-0.068924,0.000000,0.014158,0
1790549093.0501,-0.026545,-0.027657,-0.068554,-0.077610,-0.032661,-0.006116,0.120000,-0.500000,0.683005,-0.007963,-0.060590,0.000000,-0.008297,-0.069313,0.000000,0.014058,0
1790549093.0644,-0.016599,-0.022766,-0.065803,-0.076462,-0.022715,-0.006116,0.120000,-0.500000,0.713481,-0.004980,-0.060823,0.000000,-0.006830,-0.069632,0.000000,0.014019,0
1790549093.0786,-0.004355,-0.010549,-0.062192,-0.072949,-0.010471,-0.006116,0.120000,-0.500000,0.744831,-0.001306,-0.060886,0.000000,-0.003165,-0.069784,0.000000,0.014421,0
1790549093.0925,0.010755,0.007966,-0.057510,-0.067284,0.004638,-0.006116,0.120000,-0.500000,0.775138,0.003226,-0.060736,0.000000,0.002390,-0.069673,0.000000,0.013941,0
1790549093.1066,0.024318,0.030112,-0.053099,-0.060216,0.018201,-0.006116,0.120000,-0.500000,0.805695,0.007295,-0.060394,0.000000,0.009034,-0.069250,0.000000,0.014056,0
1790549093.1206,0.019589,0.038295,-0.054242,-0.057224,0.013473,-0.006116,0.120000,-0.500000,0.836229,0.005877,-0.060119,-0.000000,0.011488,-0.068712,0.000000,0.014046,0
1790549093.1345,0.014687,0.039334,-0.055508,-0.056365,0.008571,-0.006116,0.120000,-0.500000,0.866485,0.004406,-0.059915,-0.000000,0.011800,-0.068165,0.000000,0.013918,0
1790549093.1486,0.028846,0.044674,-0.050855,-0.054135,0.022730,-0.006116,0.120000,-0.500000,0.897035,0.008654,-0.059509,0.000000,0.013402,-0.067537,0.000000,0.014053,0
1790549093.1627,0.023678,0.046180,-0.052072,-0.053032,0.017562,-0.006116,0.120000,-0.500000,0.927663,0.007103,-0.059176,-0.000000,0.013854,-0.066886,0.000000,0.014089,0
1790549093.1766,0.020542,0.041239,-0.052726,-0.053939,0.014426,-0.006116,0.120000,-0.500000,0.958001,0.006163,-0.058889,-0.000000,0.012372,-0.066311,-0.000000,0.013956,0
1790549093.1906,0.029578,0.038875,-0.049602,-0.054105,0.023462,-0.006116,0.120000,-0.500000,0.988396,0.008873,-0.058475,0.000000,0.011663,-0.065767,-0.000000,0.013981,0
1790549093.2045,0.030528,0.037093,-0.048890,-0.054121,0.024412,-0.006116,0.120000,-0.500000,0.018789,0.009159,-0.058049,0.000000,0.011128,-0.065249,-0.000000,0.013981,0
1790549093.2182,0.029260,0.037276,-0.048871,-0.053557,0.023144,-0.006116,0.120000,-0.500000,0.048443,0.008778,-0.057649,-0.000000,0.011183,-0.064740,0.000000,0.013641,0
1790549093.2318,0.031372,0.036936,-0.047811,-0.053157,0.025256,-0.006116,0.120000,-0.500000,0.078049,0.009412,-0.057222,0.000000,0.011081,-0.064237,-0.000000,0.013619,0
1790549093.2459,0.032476,0.032696,-0.047024,-0.053970,0.026360,-0.006116,0.120000,-0.500000,0.108526,0.009743,-0.056767,0.000000,0.009809,-0.063779,-0.000000,0.014019,0
1790549093.2598,0.033738,0.027450,-0.046175,-0.055161,0.027622,-0.006116,0.120000,-0.500000,0.138867,0.010121,-0.056296,0.000000,0.008235,-0.063396,-0.000000,0.013957,0
1790549093.2738,0.031370,0.026288,-0.046446,-0.055141,0.025253,-0.006116,0.120000,-0.500000,0.169325,0.009411,-0.055857,-0.000000,0.007886,-0.063027,-0.000000,0.014010,0
1790549093.2878,0.030267,0.023005,-0.046353,-0.055804,0.024151,-0.006116,0.120000,-0.500000,0.199729,0.009080,-0.055433,-0.000000,0.006901,-0.062706,-0.000000,0.013986,0
1790549093.3016,0.026314,0.020543,-0.047175,-0.056258,0.020221,-0.006093,0.119773,-0.499054,0.229831,0.007894,-0.055069,-0.000000,0.006163,-0.062421,-0.000000,0.013847,0
1790549093.3160,0.022718,0.021826,-0.047931,-0.055563,0.016696,-0.006022,0.119070,-0.496126,0.260718,0.006815,-0.054746,-0.000000,0.006548,-0.062111,0.000000,0.014208,0
1790549093.3302,0.020368,0.022284,-0.048344,-0.055107,0.014465,-0.005902,0.117885,-0.491186,0.291877,0.006110,-0.054454,-0.000000,0.006685,-0.061792,0.000000,0.014333,0
1790549093.3443,0.015682,0.018875,-0.049529,-0.055864,0.009941,-0.005742,0.116267,-0.484446,0.322419,0.004705,-0.054234,-0.000000,0.005663,-0.061527,-0.000000,0.014050,0
1790549093.3584,0.007090,0.012914,-0.052007,-0.057470,0.001551,-0.005539,0.114196,-0.475816,0.353168,0.002127,-0.054134,-0.000000,0.003874,-0.061344,-0.000000,0.014144,0
1790549093.3723,-0.000311,0.003756,-0.054231,-0.060165,-0.005614,-0.005302,0.111731,-0.465544,0.383534,-0.000093,-0.054138,-0.000000,0.001127,-0.061291,-0.000000,0.013969,0
1790549093.3863,-0.006134,-0.005192,-0.056064,-0.062922,-0.011167,-0.005033,0.108858,-0.453576,0.413990,-0.001840,-0.054224,-0.000000,-0.001558,-0.061364,-0.000000,0.014009,0
1790549093.4003,-0.009337,-0.012236,-0.057155,-0.065206,-0.014075,-0.004738,0.105614,-0.440059,0.444386,-0.002801,-0.054354,-0.000000,-0.003671,-0.061535,-0.000000,0.013982,0
1790549093.4143,-0.019158,-0.016809,-0.060370,-0.066813,-0.023579,-0.004420,0.102017,-0.425070,0.474793,-0.005748,-0.054622,-0.000000,-0.005043,-0.061770,-0.000000,0.013987,0
1790549093.4282,-0.030238,-0.022893,-0.064114,-0.068957,-0.034327,-0.004089,0.098120,-0.408833,0.505015,-0.009071,-0.055043,-0.000000,-0.006868,-0.062089,-0.000000,0.013902,0
1790549093.4419,-0.041088,-0.029206,-0.067929,-0.071249,-0.044842,-0.003754,0.094015,-0.391729,0.534660,-0.012326,-0.055603,-0.000000,-0.008762,-0.062487,-0.000000,0.013637,0
1790549093.4555,-0.047649,-0.037363,-0.070549,-0.074206,-0.051063,-0.003414,0.089653,-0.373554,0.564354,-0.014295,-0.056254,-0.000000,-0.011209,-0.062997,-0.000000,0.013659,0
1790549093.4691,-0.049289,-0.046747,-0.071712,-0.077658,-0.052364,-0.003075,0.085086,-0.354527,0.593962,-0.014787,-0.056925,-0.000000,-0.014024,-0.063634,-0.000000,0.013620,0
1790549093.4831,-0.046305,-0.047977,-0.071464,-0.078697,-0.049038,-0.002733,0.080210,-0.334207,0.624344,-0.013892,-0.057572,0.000000,-0.014393,-0.064304,-0.000000,0.013976,0
1790549093.4970,-0.040981,-0.045992,-0.070437,-0.078743,-0.043382,-0.002402,0.075194,-0.313310,0.654625,-0.012294,-0.058143,0.000000,-0.013798,-0.064945,0.000000,0.013929,0
1790549093.5110,-0.033777,-0.041870,-0.068748,-0.078091,-0.035861,-0.002084,0.070047,-0.291861,0.685000,-0.010133,-0.058615,0.000000,-0.012561,-0.065530,0.000000,0.013973,0
1790549093.5249,-0.022593,-0.031350,-0.065707,-0.075370,-0.024379,-0.001786,0.064853,-0.270223,0.715190,-0.006778,-0.058929,0.000000,-0.009405,-0.065965,0.000000,0.013887,0
1790549093.5389,-0.008838,-0.014860,-0.061704,-0.070631,-0.010346,-0.001508,0.059591,-0.248294,0.745568,-0.002651,-0.059052,0.000000,-0.004458,-0.066173,0.000000,0.013974,0
1790549093.5529,0.006302,0.006658,-0.057073,-0.064082,0.005049,-0.001253,0.054312,-0.226302,0.776054,0.001891,-0.058964,0.000000,0.001997,-0.066080,0.000000,0.014023,0
1790549093.5671,0.020993,0.029673,-0.052375,-0.056766,0.019967,-0.001025,0.049128,-0.204701,0.806248,0.006298,-0.058672,0.000000,0.008902,-0.065668,0.000000,0.013889,0
1790549093.5815,0.022327,0.038709,-0.051647,-0.053487,0.021514,-0.000813,0.043743,-0.182264,0.838138,0.006698,-0.058345,0.000000,0.011613,-0.065100,0.000000,0.014669,0
1790549093.5957,0.016828,0.034148,-0.053058,-0.054372,0.016193,-0.000635,0.038679,-0.161163,0.868901,0.005048,-0.058107,-0.000000,0.010244,-0.064617,-0.000000,0.014151,0
1790549093.6098,0.036249,0.033866,-0.046719,-0.053978,0.035764,-0.000485,0.033785,-0.140771,0.899653,0.010875,-0.057594,0.000000,0.010160,-0.064137,-0.000000,0.014146,0
1790549093.6240,0.036443,0.031251,-0.046145,-0.054319,0.036084,-0.000359,0.029088,-0.121201,0.930469,0.010933,-0.057077,0.000000,0.009375,-0.063694,-0.000000,0.014175,0
1790549093.6379,0.040212,0.024813,-0.044453,-0.055905,0.039952,-0.000259,0.024706,-0.102942,0.960789,0.012063,-0.056517,0.000000,0.007444,-0.063348,-0.000000,0.013947,0
1790549093.6520,0.051560,0.017880,-0.040328,-0.057734,0.051380,-0.000180,0.020588,-0.085782,0.991165,0.015468,-0.055796,0.000000,0.005364,-0.063099,-0.000000,0.013973,0
1790549093.6662,0.055798,0.009194,-0.038259,-0.060209,0.055679,-0.000118,0.016688,-0.069535,0.022242,0.016739,-0.054998,0.000000,0.002758,-0.062967,-0.000000,0.014295,0
1790549093.6798,0.060969,0.004532,-0.035875,-0.061546,0.060893,-0.000075,0.013290,-0.055373,0.051928,0.018291,-0.054166,0.000000,0.001360,-0.062905,-0.000000,0.013655,0
1790549093.6935,0.065385,0.000111,-0.033653,-0.062870,0.065341,-0.000044,0.010220,-0.042581,0.081766,0.019615,-0.053268,0.000000,0.000033,-0.062904,-0.000000,0.013726,0
1790549093.7075,0.069189,-0.006838,-0.031547,-0.065050,0.069165,-0.000024,0.007481,-0.031171,0.112064,0.020757,-0.052304,0.000000,-0.002051,-0.062999,-0.000000,0.013937,0
1790549093.7215,0.066863,-0.010645,-0.031305,-0.066342,0.066852,-0.000011,0.005126,-0.021360,0.142622,0.020059,-0.051364,-0.000000,-0.003193,-0.063149,-0.000000,0.014057,0
1790549093.7355,0.059226,-0.005163,-0.032767,-0.064770,0.059222,-0.000004,0.003206,-0.013358,0.173071,0.017768,-0.050535,-0.000000,-0.001549,-0.063221,0.000000,0.014006,0
1790549093.7497,0.055604,0.006333,-0.033076,-0.061233,0.055603,-0.000001,0.001727,-0.007194,0.203483,0.016681,-0.049757,-0.000000,0.001900,-0.063132,0.000000,0.013989,0
1790549093.7638,0.052550,0.017611,-0.033248,-0.057600,0.052550,-0.000000,0.000687,-0.002863,0.234272,0.015765,-0.049013,-0.000000,0.005283,-0.062883,0.000000,0.014163,0
1790549093.7779,0.040461,0.029651,-0.036303,-0.053569,0.040461,-0.000000,0.000118,-0.000492,0.264975,0.012138,-0.048441,-0.000000,0.008895,-0.062464,0.000000,0.014124,0
1790549093.7919,0.032028,0.038715,-0.038382,-0.050305,0.032028,0.000000,0.000000,-0.000000,0.295582,0.009609,-0.047990,-0.000000,0.011615,-0.061919,0.000000,0.014079,0
