t,imu_roll,imu_pitch,pid_roll,pid_pitch,roll_meas,banked_roll,eff_lin,eff_ang,phase,p_roll,i_roll,d_roll,p_pitch,i_pitch,d_pitch,dt,ik_clamped
1790548844.0011,0.004807,-0.035053,0.001490,-0.010867,0.004807,0.000000,0.000000,0.000000,0.000078,0.001442,0.000048,0.000000,-0.010516,-0.000351,0.000000,0.010000,0
1790548844.0153,-0.002681,-0.045522,-0.000798,-0.014709,-0.002681,0.000000,0.000282,0.000000,0.033622,-0.000804,0.000007,-0.000000,-0.013657,-0.001053,-0.000000,0.015430,0
1790548844.0292,-0.006057,-0.046228,-0.001895,-0.015565,-0.006057,0.000000,0.001018,0.000000,0.063911,-0.001817,-0.000078,-0.000000,-0.013868,-0.001697,-0.000000,0.013933,0
1790548844.0429,-0.007829,-0.046613,-0.002534,-0.016325,-0.007829,0.000000,0.002194,0.000000,0.093940,-0.002349,-0.000186,-0.000000,-0.013984,-0.002341,-0.000000,0.013813,0
1790548844.0573,-0.006290,-0.046094,-0.002162,-0.016820,-0.006290,0.000000,0.003847,0.000000,0.124644,-0.001887,-0.000275,0.000000,-0.013828,-0.002992,0.000000,0.014124,0
1790548844.0714,-0.002908,-0.045824,-0.001189,-0.017396,-0.002908,0.000000,0.005978,0.000000,0.155835,-0.000873,-0.000316,0.000000,-0.013747,-0.003649,0.000000,0.014348,0
1790548844.0858,-0.001952,-0.045517,-0.000930,-0.017947,-0.001952,0.000000,0.008503,0.000000,0.186527,-0.000586,-0.000344,0.000000,-0.013655,-0.004292,0.000000,0.014118,0
1790548844.1001,-0.000680,-0.046735,-0.000558,-0.018991,-0.000680,0.000000,0.011523,0.000000,0.218098,-0.000204,-0.000354,0.000000,-0.014020,-0.004971,-0.000000,0.014523,0
1790548844.1141,-0.000072,-0.047251,-0.000376,-0.019810,-0.000072,0.000000,0.014831,0.000000,0.248657,-0.000022,-0.000355,0.000000,-0.014175,-0.005635,-0.000000,0.014057,0
1790548844.1281,0.002001,-0.045717,0.000274,-0.019993,0.002001,0.000000,0.018491,0.000000,0.279217,0.000600,-0.000327,0.000000,-0.013715,-0.006278,0.000000,0.014057,0
1790548844.1420,-0.000919,-0.046853,-0.000615,-0.020984,-0.000919,0.000000,0.022419,0.000000,0.309371,-0.000276,-0.000339,-0.000000,-0.014056,-0.006928,-0.000000,0.013871,0
1790548844.1560,-0.005930,-0.049209,-0.002201,-0.022378,-0.005930,0.000000,0.026663,0.000000,0.339731,-0.001779,-0.000422,-0.000000,-0.014763,-0.007615,-0.000000,0.013966,0
1790548844.1703,-0.011118,-0.051036,-0.003913,-0.023640,-0.011118,0.000000,0.031173,0.000000,0.370155,-0.003336,-0.000578,-0.000000,-0.015311,-0.008329,-0.000000,0.013995,0
1790548844.1853,-0.003620,-0.045142,-0.001719,-0.022556,-0.003620,0.000000,0.036309,0.000000,0.403118,-0.001086,-0.000633,0.000000,-0.013542,-0.009014,0.000000,0.015163,0
1790548844.2001,0.011136,-0.043960,0.002871,-0.022846,0.011136,0.000000,0.041482,0.000000,0.434999,0.003341,-0.000469,0.000000,-0.013188,-0.009658,0.000000,0.014665,0
1790548844.2148,0.008223,-0.043828,0.002119,-0.023452,0.008223,0.000000,0.046836,0.000000,0.467022,0.002467,-0.000348,-0.000000,-0.013149,-0.010304,0.000000,0.014730,0
1790548844.2298,0.000962,-0.046550,-0.000046,-0.024952,0.000962,0.000000,0.052281,0.000000,0.498921,0.000289,-0.000334,-0.000000,-0.013965,-0.010987,-0.000000,0.014674,0
1790548844.2442,-0.006877,-0.050751,-0.002500,-0.026970,-0.006877,0.000000,0.057892,0.000000,0.531399,-0.002063,-0.000437,-0.000000,-0.015225,-0.011745,-0.000000,0.014940,0
1790548844.2580,-0.017475,-0.052073,-0.005919,-0.028082,-0.017475,0.000000,0.063065,0.000000,0.561240,-0.005242,-0.000677,-0.000000,-0.015622,-0.012460,-0.000000,0.013727,0
1790548844.2716,-0.025382,-0.051482,-0.008637,-0.028606,-0.025382,0.000000,0.068179,0.000000,0.590867,-0.007615,-0.001023,-0.000000,-0.015444,-0.013162,0.000000,0.013628,0
1790548844.2857,-0.032802,-0.048136,-0.011326,-0.028282,-0.032802,0.000000,0.073414,0.000000,0.621569,-0.009840,-0.001486,-0.000000,-0.014441,-0.013841,0.000000,0.014123,0
1790548844.2996,-0.039815,-0.043941,-0.013987,-0.027638,-0.039815,0.000000,0.078490,0.000000,0.651944,-0.011945,-0.002042,-0.000000,-0.013182,-0.014455,0.000000,0.013973,0
1790548844.3135,-0.045526,-0.038167,-0.016335,-0.026438,-0.045526,0.000000,0.083413,0.000000,0.682253,-0.013658,-0.002677,-0.000000,-0.011450,-0.014987,0.000000,0.013942,0
1790548844.3274,-0.048199,-0.030469,-0.017810,-0.024554,-0.048199,0.000000,0.088169,0.000000,0.712645,-0.014460,-0.003351,-0.000000,-0.009141,-0.015413,0.000000,0.013980,0
1790548844.3418,-0.048226,-0.024460,-0.018502,-0.023098,-0.048226,0.000000,0.092765,0.000000,0.743430,-0.014468,-0.004034,-0.000000,-0.007338,-0.015760,0.000000,0.014161,0
1790548844.3557,-0.056369,-0.020162,-0.021735,-0.022091,-0.056369,0.000000,0.097062,0.000000,0.773924,-0.016911,-0.004825,-0.000000,-0.006048,-0.016043,0.000000,0.014027,0
1790548844.3696,-0.062208,-0.022400,-0.024350,-0.023073,-0.062208,0.000000,0.101028,0.000000,0.804070,-0.018662,-0.005687,-0.000000,-0.006720,-0.016353,-0.000000,0.013867,0
1790548844.3835,-0.050766,-0.022881,-0.021630,-0.023539,-0.050766,0.000000,0.104725,0.000000,0.834588,-0.015230,-0.006400,0.000000,-0.006864,-0.016674,-0.000000,0.014038,0
1790548844.3975,-0.037657,-0.016471,-0.018220,-0.021845,-0.037657,0.000000,0.108044,0.000000,0.864816,-0.011297,-0.006923,0.000000,-0.004941,-0.016903,0.000000,0.013905,0
1790548844.4113,-0.026103,-0.014353,-0.015117,-0.021408,-0.026103,0.000000,0.110991,0.000000,0.894976,-0.007831,-0.007286,0.000000,-0.004306,-0.017103,0.000000,0.013874,0
1790548844.4258,-0.014394,-0.020711,-0.011807,-0.023608,-0.014394,0.000000,0.113592,0.000000,0.925669,-0.004318,-0.007489,0.000000,-0.006213,-0.017395,-0.000000,0.014119,0
1790548844.4402,-0.005806,-0.023409,-0.009314,-0.024754,-0.005806,0.000000,0.115806,0.000000,0.956904,-0.001742,-0.007572,0.000000,-0.007023,-0.017731,-0.000000,0.014368,0
1790548844.4548,-0.000572,-0.025886,-0.007752,-0.025881,-0.000572,0.000000,0.117616,0.000000,0.989180,-0.000172,-0.007581,0.000000,-0.007766,-0.018116,-0.000000,0.014847,0
1790548844.4688,0.000254,-0.021755,-0.007501,-0.024948,0.000254,0.000000,0.118868,0.000000,0.019711,0.000076,-0.007577,0.000000,-0.006526,-0.018421,0.000000,0.014044,0
1790548844.4826,-0.007743,-0.018199,-0.010006,-0.024131,-0.007743,0.000000,0.119648,0.000000,0.049556,-0.002323,-0.007683,-0.000000,-0.005460,-0.018671,0.000000,0.013729,0
1790548844.4963,-0.019275,-0.016554,-0.013732,-0.023865,-0.019275,0.000000,0.119986,0.000000,0.079530,-0.005782,-0.007949,-0.000000,-0.004966,-0.018899,0.000000,0.013788,0
1790548844.5104,-0.027776,-0.016060,-0.016673,-0.023943,-0.027776,0.000000,0.120000,0.000000,0.110114,-0.008333,-0.008340,-0.000000,-0.004818,-0.019125,0.000000,0.014069,0
1790548844.5244,-0.033404,-0.015036,-0.018830,-0.023847,-0.033404,0.000000,0.120000,0.000000,0.140602,-0.010021,-0.008808,-0.000000,-0.004511,-0.019336,0.000000,0.014024,0
1790548844.5384,-0.046282,-0.008735,-0.023344,-0.022079,-0.046282,0.000000,0.120000,0.000000,0.171169,-0.013885,-0.009459,-0.000000,-0.002620,-0.019459,0.000000,0.014061,0
1790548844.5524,-0.046837,-0.009523,-0.024167,-0.022449,-0.046837,0.000000,0.120000,0.000000,0.201624,-0.014051,-0.010115,-0.000000,-0.002857,-0.019592,-0.000000,0.014010,0
1790548844.5665,-0.040545,-0.013886,-0.022845,-0.023952,-0.040545,0.000000,0.120000,0.000000,0.231972,-0.012163,-0.010681,0.000000,-0.004166,-0.019786,-0.000000,0.013960,0
1790548844.5808,-0.054322,-0.009610,-0.027751,-0.022806,-0.054322,0.000000,0.120000,0.000000,0.262894,-0.016297,-0.011454,-0.000000,-0.002883,-0.019923,0.000000,0.014224,0
1790548844.5956,-0.059552,-0.006748,-0.030197,-0.022047,-0.059552,0.000000,0.120000,0.000000,0.294925,-0.017866,-0.012332,-0.000000,-0.002024,-0.020022,0.000000,0.014735,0
1790548844.6097,-0.056440,-0.004580,-0.030068,-0.021461,-0.056440,0.000000,0.120000,0.000000,0.325927,-0.016932,-0.013136,0.000000,-0.001374,-0.020088,0.000000,0.014261,0
1790548844.6237,-0.051539,-0.003237,-0.029322,-0.021104,-0.051539,0.000000,0.120000,0.000000,0.356482,-0.015462,-0.013861,0.000000,-0.000971,-0.020133,0.000000,0.014055,0
1790548844.6379,-0.053778,-0.007433,-0.030755,-0.022468,-0.053778,0.000000,0.120000,0.000000,0.387213,-0.016133,-0.014621,-0.000000,-0.002230,-0.020238,-0.000000,0.014136,0
1790548844.6520,-0.041610,-0.012272,-0.027692,-0.024093,-0.041610,0.000000,0.120000,0.000000,0.417918,-0.012483,-0.015209,0.000000,-0.003682,-0.020412,-0.000000,0.014125,0
1790548844.6661,-0.042699,-0.016730,-0.028622,-0.025667,-0.042699,0.000000,0.120000,0.000000,0.448638,-0.012810,-0.015812,-0.000000,-0.005019,-0.020648,-0.000000,0.014131,0
1790548844.6799,-0.044367,-0.021652,-0.029739,-0.027444,-0.044367,0.000000,0.120000,0.000000,0.478839,-0.013310,-0.016428,-0.000000,-0.006496,-0.020949,-0.000000,0.013893,0
1790548844.6940,-0.049823,-0.027525,-0.032076,-0.029593,-0.049823,0.000000,0.120000,0.000000,0.509412,-0.014947,-0.017129,-0.000000,-0.008258,-0.021336,-0.000000,0.014064,0
1790548844.7076,-0.056288,-0.036163,-0.034782,-0.032677,-0.056288,0.000000,0.120000,0.000000,0.539003,-0.016886,-0.017895,-0.000000,-0.010849,-0.021828,-0.000000,0.013612,0
1790548844.7212,-0.066223,-0.042114,-0.038666,-0.035037,-0.066223,0.000000,0.120000,0.000000,0.568663,-0.019867,-0.018799,-0.000000,-0.012634,-0.022403,-0.000000,0.013643,0
1790548844.7352,-0.074473,-0.043282,-0.042182,-0.035992,-0.074473,0.000000,0.120000,0.000000,0.599046,-0.022342,-0.019840,-0.000000,-0.012984,-0.023008,-0.000000,0.013976,0
1790548844.7491,-0.071035,-0.038902,-0.042138,-0.035219,-0.071035,0.000000,0.120000,0.000000,0.629269,-0.021310,-0.020827,0.000000,-0.011670,-0.023548,0.000000,0.013903,0
1790548844.7631,-0.066152,-0.029426,-0.041596,-0.032787,-0.066152,0.000000,0.120000,0.000000,0.659600,-0.019846,-0.021750,0.000000,-0.008828,-0.023959,0.000000,0.013952,0
1790548844.7770,-0.062386,-0.021265,-0.041338,-0.030636,-0.062386,0.000000,0.120000,0.000000,0.689998,-0.018716,-0.022623,0.000000,-0.006379,-0.024256,0.000000,0.013983,0
1790548844.7910,-0.058886,-0.013885,-0.041110,-0.028615,-0.058886,0.000000,0.120000,0.000000,0.720330,-0.017666,-0.023444,0.000000,-0.004165,-0.024450,0.000000,0.013953,0
1790548844.8049,-0.052155,-0.000870,-0.039814,-0.024723,-0.052155,0.000000,0.120000,0.000000,0.750490,-0.015647,-0.024168,0.000000,-0.000261,-0.024462,0.000000,0.013874,0
1790548844.8189,-0.044068,0.013730,-0.038004,-0.020151,-0.044068,0.000000,0.120000,0.000000,0.780884,-0.013220,-0.024784,0.000000,0.004119,-0.024270,0.000000,0.013981,0
1790548844.8329,-0.054268,0.015137,-0.041825,-0.019517,-0.054268,0.000000,0.120000,0.000000,0.811376,-0.016280,-0.025545,-0.000000,0.004541,-0.024058,0.000000,0.014027,0
1790548844.8473,-0.051606,0.011796,-0.041748,-0.020354,-0.051606,0.000000,0.120000,0.000000,0.841765,-0.015482,-0.026266,0.000000,0.003539,-0.023893,-0.000000,0.013979,0
1790548844.8613,-0.042648,0.014651,-0.039674,-0.019287,-0.042648,0.000000,0.120000,0.000000,0.873007,-0.012794,-0.026879,0.000000,0.004395,-0.023682,0.000000,0.014371,0
1790548844.8753,-0.037571,0.014326,-0.038678,-0.019184,-0.037571,0.000000,0.120000,0.000000,0.903519,-0.011271,-0.027407,0.000000,0.004298,-0.023481,-0.000000,0.014035,0
1790548844.8894,-0.032411,0.007258,-0.037580,-0.021203,-0.032411,0.000000,0.120000,0.000000,0.933707,-0.009723,-0.027857,0.000000,0.002178,-0.023381,-0.000000,0.013887,0
1790548844.9034,-0.026787,0.003389,-0.036273,-0.022316,-0.026787,0.000000,0.120000,0.000000,0.964578,-0.008036,-0.028237,0.000000,0.001017,-0.023332,-0.000000,0.014201,0
1790548844.9175,-0.026157,0.000438,-0.036453,-0.023195,-0.026157,0.000000,0.120000,0.000000,0.995190,-0.007847,-0.028606,0.000000,0.000131,-0.023326,-0.000000,0.014081,0
1790548844.9314,-0.030068,0.004406,-0.038047,-0.021943,-0.030068,0.000000,0.120000,0.000000,0.025628,-0.009020,-0.029027,-0.000000,0.001322,-0.023265,0.000000,0.014002,0
1790548844.9451,-0.034854,0.011018,-0.039958,-0.019809,-0.034854,0.000000,0.120000,0.000000,0.055284,-0.010456,-0.029502,-0.000000,0.003305,-0.023114,0.000000,0.013642,0
1790548844.9587,-0.041300,0.015458,-0.042453,-0.018267,-0.041300,0.000000,0.120000,0.000000,0.084835,-0.012390,-0.030063,-0.000000,0.004637,-0.022904,0.000000,0.013593,0
1790548844.9726,-0.046968,0.019077,-0.044809,-0.016915,-0.046968,0.000000,0.120000,0.000000,0.115162,-0.014090,-0.030719,-0.000000,0.005723,-0.022638,0.000000,0.013950,0
1790548844.9865,-0.045965,0.016944,-0.045148,-0.017319,-0.045965,0.000000,0.120000,0.000000,0.145442,-0.013790,-0.031359,0.000000,0.005083,-0.022402,-0.000000,0.013929,0
1790548845.0004,-0.040602,0.008063,-0.044102,-0.019871,-0.040602,0.000000,0.120000,0.000000,0.175556,-0.012181,-0.031921,0.000000,0.002419,-0.022290,-0.000000,0.013852,0
1790548845.0143,-0.036630,0.000040,-0.043422,-0.022278,-0.036630,0.000000,0.120000,0.000000,0.205891,-0.010989,-0.032432,0.000000,0.000012,-0.022290,-0.000000,0.013954,0
1790548845.0284,-0.029805,-0.012679,-0.041790,-0.026271,-0.029805,0.000000,0.120000,0.000000,0.236276,-0.008941,-0.032849,0.000000,-0.003804,-0.022467,-0.000000,0.013977,0
1790548845.0422,-0.029029,-0.017846,-0.041962,-0.028070,-0.029029,0.000000,0.120000,0.000000,0.266581,-0.008709,-0.033254,0.000000,-0.005354,-0.022716,-0.000000,0.013940,0
1790548845.0561,-0.031514,-0.012973,-0.043144,-0.026787,-0.031514,0.000000,0.120000,0.000000,0.296676,-0.009454,-0.033690,-0.000000,-0.003892,-0.022895,0.000000,0.013844,0
1790548845.0700,-0.024355,-0.009464,-0.041336,-0.025866,-0.024355,0.000000,0.120000,0.000000,0.326975,-0.007306,-0.034029,0.000000,-0.002839,-0.023027,0.000000,0.013938,0
1790548845.0841,-0.020108,-0.009759,-0.040342,-0.026091,-0.020108,0.000000,0.120000,0.000000,0.357262,-0.006032,-0.034310,0.000000,-0.002928,-0.023163,-0.000000,0.013932,0
1790548845.0986,-0.021617,-0.013161,-0.041104,-0.027300,-0.021617,0.000000,0.120000,0.000000,0.388317,-0.006485,-0.034618,-0.000000,-0.003948,-0.023351,-0.000000,0.014285,0
1790548845.1131,-0.019038,-0.015352,-0.040608,-0.028182,-0.019038,0.000000,0.120000,0.000000,0.420156,-0.005711,-0.034897,0.000000,-0.004606,-0.023576,-0.000000,0.014646,0
1790548845.1277,-0.019291,-0.018532,-0.040964,-0.029404,-0.019291,0.000000,0.120000,0.000000,0.451687,-0.005787,-0.035177,-0.000000,-0.005560,-0.023845,-0.000000,0.014504,0
1790548845.1419,-0.026708,-0.024379,-0.043574,-0.031510,-0.026708,0.000000,0.120000,0.000000,0.483007,-0.008013,-0.035562,-0.000000,-0.007314,-0.024196,-0.000000,0.014407,0
1790548845.1558,-0.033359,-0.032025,-0.046035,-0.034250,-0.033359,0.000000,0.120000,0.000000,0.513341,-0.010008,-0.036027,-0.000000,-0.009607,-0.024643,-0.000000,0.013954,0
1790548845.1696,-0.043070,-0.040749,-0.049542,-0.037429,-0.043070,0.000000,0.120000,0.000000,0.543284,-0.012921,-0.036621,-0.000000,-0.012225,-0.025204,-0.000000,0.013773,0
1790548845.1832,-0.052129,-0.046728,-0.052969,-0.039859,-0.052129,0.000000,0.120000,0.000000,0.572879,-0.015639,-0.037330,-0.000000,-0.014018,-0.025840,-0.000000,0.013614,0
1790548845.1972,-0.054045,-0.044547,-0.054301,-0.039829,-0.054045,0.000000,0.120000,0.000000,0.603347,-0.016214,-0.038088,-0.000000,-0.013364,-0.026465,0.000000,0.014015,0
1790548845.2112,-0.053560,-0.037746,-0.054905,-0.038317,-0.053560,0.000000,0.120000,0.000000,0.633766,-0.016068,-0.038837,0.000000,-0.011324,-0.026993,0.000000,0.013993,0
1790548845.2251,-0.053468,-0.031712,-0.055620,-0.036947,-0.053468,0.000000,0.120000,0.000000,0.663951,-0.016041,-0.039580,0.000000,-0.009514,-0.027433,0.000000,0.013885,0
1790548845.2391,-0.050792,-0.024217,-0.055528,-0.035037,-0.050792,0.000000,0.120000,0.000000,0.694397,-0.015237,-0.040291,0.000000,-0.007265,-0.027772,0.000000,0.014005,0
1790548845.2530,-0.041947,-0.012852,-0.053462,-0.031808,-0.041947,0.000000,0.120000,0.000000,0.724800,-0.012584,-0.040878,0.000000,-0.003856,-0.027952,0.000000,0.013985,0
1790548845.2670,-0.030491,0.001570,-0.050450,-0.027459,-0.030491,0.000000,0.120000,0.000000,0.755123,-0.009147,-0.041303,0.000000,0.000471,-0.027930,0.000000,0.013948,0
1790548845.2810,-0.020943,0.017558,-0.047878,-0.022417,-0.020943,0.000000,0.120000,0.000000,0.785492,-0.006283,-0.041595,0.000000,0.005267,-0.027685,0.000000,0.013970,0
1790548845.2950,-0.021484,0.017567,-0.048342,-0.022169,-0.021484,0.000000,0.120000,0.000000,0.815963,-0.006445,-0.041897,-0.000000,0.005270,-0.027439,0.000000,0.014017,0
1790548845.3089,-0.012408,0.008068,-0.045792,-0.024906,-0.012408,0.000000,0.120000,0.000000,0.846293,-0.003722,-0.042070,0.000000,0.002420,-0.027326,-0.000000,0.013952,0
1790548845.3228,-0.005245,0.007841,-0.043715,-0.024866,-0.005245,0.000000,0.120000,0.000000,0.876238,-0.001574,-0.042142,0.000000,0.002352,-0.027218,-0.000000,0.013775,0
1790548845.3368,0.002191,0.005847,-0.041454,-0.025382,0.002191,0.000000,0.120000,0.000000,0.906844,0.000657,-0.042111,0.000000,0.001754,-0.027136,-0.000000,0.014079,0
1790548845.3511,0.008294,-0.001907,-0.039507,-0.027734,0.008294,0.000000,0.120000,0.000000,0.937281,0.002488,-0.041995,0.000000,-0.000572,-0.027162,-0.000000,0.014001,0
1790548845.3653,0.013443,-0.006110,-0.037768,-0.029084,0.013443,0.000000,0.120000,0.000000,0.968696,0.004033,-0.041801,0.000000,-0.001833,-0.027251,-0.000000,0.014451,0
1790548845.3792,0.008566,-0.004213,-0.039111,-0.028574,0.008566,0.000000,0.120000,0.000000,0.999074,0.002570,-0.041681,-0.000000,-0.001264,-0.027310,0.000000,0.013974,0
1790548845.3931,0.000964,0.003462,-0.041378,-0.026223,0.000964,0.000000,0.120000,0.000000,0.029263,0.000289,-0.041668,-0.000000,0.001039,-0.027262,0.000000,0.013887,0
1790548845.4067,-0.008415,0.009662,-0.044306,-0.024232,-0.008415,0.000000,0.120000,0.000000,0.058807,-0.002524,-0.041782,-0.000000,0.002898,-0.027130,0.000000,0.013590,0
1790548845.4205,-0.014981,0.014146,-0.046480,-0.022694,-0.014981,0.000000,0.120000,0.000000,0.088340,-0.004494,-0.041985,-0.000000,0.004244,-0.026938,0.000000,0.013585,0
1790548845.4352,-0.026645,0.020654,-0.050374,-0.020436,-0.026645,0.000000,0.120000,0.000000,0.120562,-0.007994,-0.042380,-0.000000,0.006196,-0.026632,0.000000,0.014822,0
1790548845.4493,-0.024808,0.015091,-0.050172,-0.021892,-0.024808,0.000000,0.120000,0.000000,0.151135,-0.007442,-0.042729,0.000000,0.004527,-0.026420,-0.000000,0.014063,0
1790548845.4635,-0.021751,0.009022,-0.049566,-0.023584,-0.021751,0.000000,0.120000,0.000000,0.182225,-0.006525,-0.043040,0.000000,0.002707,-0.026291,-0.000000,0.014302,0
1790548845.4776,-0.019404,0.003159,-0.049135,-0.025298,-0.019404,0.000000,0.120000,0.000000,0.212843,-0.005821,-0.043314,0.000000,0.000948,-0.026246,-0.000000,0.014084,0
1790548845.4917,-0.010046,-0.008695,-0.046469,-0.028977,-0.010046,0.000000,0.120000,0.000000,0.243473,-0.003014,-0.043455,0.000000,-0.002608,-0.026369,-0.000000,0.014090,0
1790548845.5054,-0.014697,-0.017687,-0.048066,-0.031917,-0.014697,0.000000,0.120000,0.000000,0.273282,-0.004409,-0.043657,-0.000000,-0.005306,-0.026611,-0.000000,0.013712,0
1790548845.5199,-0.021415,-0.014187,-0.050392,-0.031073,-0.021415,0.000000,0.120000,0.000000,0.304858,-0.006424,-0.043968,-0.000000,-0.004256,-0.026817,0.000000,0.014525,0
1790548845.5340,-0.015008,-0.014206,-0.048682,-0.031279,-0.015008,0.000000,0.120000,0.000000,0.335463,-0.004503,-0.044179,0.000000,-0.004262,-0.027017,-0.000000,0.014078,0
1790548845.5482,-0.020367,-0.013838,-0.050577,-0.031364,-0.020367,0.000000,0.120000,0.000000,0.366223,-0.006110,-0.044467,-0.000000,-0.004151,-0.027213,0.000000,0.014149,0
1790548845.5621,-0.023877,-0.018824,-0.051964,-0.033123,-0.023877,0.000000,0.120000,0.000000,0.396565,-0.007163,-0.044800,-0.000000,-0.005647,-0.027476,-0.000000,0.013958,0
1790548845.5761,-0.022774,-0.024338,-0.051952,-0.035118,-0.022774,0.000000,0.120000,0.000000,0.427020,-0.006832,-0.045120,0.000000,-0.007301,-0.027817,-0.000000,0.014009,0
1790548845.5901,-0.026021,-0.028664,-0.053286,-0.036813,-0.026021,0.000000,0.120000,0.000000,0.457104,-0.007806,-0.045480,-0.000000,-0.008599,-0.028213,-0.000000,0.013839,0
1790548845.6045,-0.031744,-0.034355,-0.055459,-0.039013,-0.031744,0.000000,0.120000,0.000000,0.488315,-0.009523,-0.045935,-0.000000,-0.010307,-0.028707,-0.000000,0.014357,0
1790548845.6186,-0.039546,-0.042797,-0.058363,-0.042156,-0.039546,0.000000,0.120000,0.000000,0.519305,-0.011864,-0.046499,-0.000000,-0.012839,-0.029317,-0.000000,0.014256,0
1790548845.6323,-0.052165,-0.051466,-0.062861,-0.045460,-0.052165,0.000000,0.120000,0.000000,0.549012,-0.015649,-0.047212,-0.000000,-0.015440,-0.030020,-0.000000,0.013665,0
1790548845.6459,-0.058581,-0.054948,-0.065587,-0.047256,-0.058581,0.000000,0.120000,0.000000,0.578740,-0.017574,-0.048013,-0.000000,-0.016484,-0.030771,-0.000000,0.013675,0
1790548845.6600,-0.059032,-0.051174,-0.066555,-0.046846,-0.059032,0.000000,0.120000,0.000000,0.609404,-0.017709,-0.048846,-0.000000,-0.015352,-0.031493,0.000000,0.014105,0
1790548845.6739,-0.061156,-0.044899,-0.068045,-0.045589,-0.061156,0.000000,0.120000,0.000000,0.639710,-0.018347,-0.049698,-0.000000,-0.013470,-0.032119,0.000000,0.013941,0
1790548845.6879,-0.059461,-0.039074,-0.068363,-0.044385,-0.059461,0.000000,0.120000,0.000000,0.669943,-0.017838,-0.050525,0.000000,-0.011722,-0.032663,0.000000,0.013907,0
1790548845.7019,-0.051429,-0.029797,-0.066679,-0.042022,-0.051429,0.000000,0.120000,0.000000,0.700577,-0.015429,-0.051250,0.000000,-0.008939,-0.033083,0.000000,0.014091,0
1790548845.7160,-0.043703,-0.017399,-0.064972,-0.038546,-0.043703,0.000000,0.120000,0.000000,0.730981,-0.013111,-0.051861,0.000000,-0.005220,-0.033326,0.000000,0.013986,0
1790548845.7298,-0.034732,-0.002890,-0.062764,-0.034233,-0.034732,0.000000,0.120000,0.000000,0.761249,-0.010420,-0.052345,0.000000,-0.000867,-0.033366,0.000000,0.013923,0
1790548845.7438,-0.022042,0.015714,-0.059265,-0.028432,-0.022042,0.000000,0.120000,0.000000,0.791625,-0.006613,-0.052653,0.000000,0.004714,-0.033147,0.000000,0.013973,0
1790548845.7578,-0.025498,0.023521,-0.060659,-0.025761,-0.025498,0.000000,0.120000,0.000000,0.822092,-0.007649,-0.053010,-0.000000,0.007056,-0.032817,0.000000,0.014015,0
1790548845.7719,-0.023887,0.022921,-0.060510,-0.025620,-0.023887,0.000000,0.120000,0.000000,0.852494,-0.007166,-0.053344,0.000000,0.006876,-0.032496,-0.000000,0.013985,0
1790548845.7859,-0.012548,0.021874,-0.057284,-0.025628,-0.012548,0.000000,0.120000,0.000000,0.882973,-0.003764,-0.053520,0.000000,0.006562,-0.032190,-0.000000,0.014020,0
1790548845.7999,-0.000558,0.018762,-0.053695,-0.026297,-0.000558,0.000000,0.120000,0.000000,0.913544,-0.000167,-0.053528,0.000000,0.005629,-0.031926,-0.000000,0.014062,0
1790548845.8140,0.009463,0.012100,-0.050556,-0.028126,0.009463,0.000000,0.120000,0.000000,0.944067,0.002839,-0.053395,0.000000,0.003630,-0.031756,-0.000000,0.014041,0
1790548845.8279,0.018126,0.003667,-0.047705,-0.030605,0.018126,0.000000,0.120000,0.000000,0.974285,0.005438,-0.053143,0.000000,0.001100,-0.031705,-0.000000,0.013900,0
1790548845.8419,0.022683,-0.001639,-0.046021,-0.032219,0.022683,0.000000,0.120000,0.000000,0.004684,0.006805,-0.052826,0.000000,-0.000492,-0.031728,-0.000000,0.013984,0
1790548845.8558,0.018681,-0.000711,-0.046966,-0.031951,0.018681,0.000000,0.120000,0.000000,0.034388,0.005604,-0.052571,-0.000000,-0.000213,-0.031738,0.000000,0.013664,0
1790548845.8697,0.009915,0.004363,-0.049456,-0.030367,0.009915,0.000000,0.120000,0.000000,0.065041,0.002974,-0.052431,-0.000000,0.001309,-0.031676,0.000000,0.014101,0
1790548845.8832,0.004974,0.005491,-0.050871,-0.029954,0.004974,0.000000,0.120000,0.000000,0.094690,0.001492,-0.052363,-0.000000,0.001647,-0.031601,0.000000,0.013639,0
1790548845.8973,-0.001206,0.006632,-0.052742,-0.029519,-0.001206,0.000000,0.120000,0.000000,0.125129,-0.000362,-0.052380,-0.000000,0.001989,-0.031508,0.000000,0.014002,0
1790548845.9112,-0.005721,0.010283,-0.054176,-0.028279,-0.005721,0.000000,0.120000,0.000000,0.155624,-0.001716,-0.052460,-0.000000,0.003085,-0.031364,0.000000,0.014028,0
1790548845.9251,-0.001707,0.003038,-0.052996,-0.030411,-0.001707,0.000000,0.120000,0.000000,0.185727,-0.000512,-0.052484,0.000000,0.000911,-0.031322,-0.000000,0.013847,0
1790548845.9390,0.004357,-0.005102,-0.051116,-0.032924,0.004357,0.000000,0.120000,0.000000,0.216042,0.001307,-0.052423,0.000000,-0.001530,-0.031393,-0.000000,0.013945,0
1790548845.9529,0.007576,-0.015019,-0.050045,-0.036108,0.007576,0.000000,0.120000,0.000000,0.246278,0.002273,-0.052318,0.000000,-0.004506,-0.031602,-0.000000,0.013909,0
1790548845.9668,0.000672,-0.020715,-0.052107,-0.038104,0.000672,0.000000,0.120000,0.000000,0.276478,0.000202,-0.052308,-0.000000,-0.006214,-0.031890,-0.000000,0.013892,0
1790548845.9808,-0.003246,-0.015376,-0.053327,-0.036717,-0.003246,0.000000,0.120000,0.000000,0.306764,-0.000974,-0.052354,-0.000000,-0.004613,-0.032104,0.000000,0.013932,0
1790548845.9947,0.003817,-0.013148,-0.051155,-0.036231,0.003817,0.000000,0.120000,0.000000,0.337012,0.001145,-0.052300,0.000000,-0.003944,-0.032287,0.000000,0.013914,0
1790548846.0087,-0.000412,-0.012547,-0.052430,-0.036227,-0.000412,0.000000,0.120000,0.000000,0.367454,-0.000123,-0.052306,-0.000000,-0.003764,-0.032463,0.000000,0.014003,0
1790548846.0225,0.000784,-0.014236,-0.052060,-0.036930,0.000784,0.000000,0.120000,0.000000,0.397512,0.000235,-0.052295,0.000000,-0.004271,-0.032659,-0.000000,0.013827,0
1790548846.0366,-0.001041,-0.017863,-0.052622,-0.038269,-0.001041,0.000000,0.120000,0.000000,0.428054,-0.000312,-0.052310,-0.000000,-0.005359,-0.032910,-0.000000,0.014050,0
1790548846.0505,-0.004546,-0.020225,-0.053737,-0.039259,-0.004546,0.000000,0.120000,0.000000,0.458251,-0.001364,-0.052373,-0.000000,-0.006068,-0.033191,-0.000000,0.013890,0
1790548846.0644,-0.011969,-0.023729,-0.056131,-0.040642,-0.011969,0.000000,0.120000,0.000000,0.488647,-0.003591,-0.052540,-0.000000,-0.007119,-0.033523,-0.000000,0.013982,0
1790548846.0785,-0.017259,-0.030014,-0.057960,-0.042947,-0.017259,0.000000,0.120000,0.000000,0.519059,-0.005178,-0.052782,-0.000000,-0.009004,-0.033943,-0.000000,0.013989,0
1790548846.0922,-0.027067,-0.036440,-0.061272,-0.045374,-0.027067,0.000000,0.120000,0.000000,0.548823,-0.008120,-0.053152,-0.000000,-0.010932,-0.034442,-0.000000,0.013691,0
1790548846.1062,-0.034294,-0.039533,-0.063915,-0.046848,-0.034294,0.000000,0.120000,0.000000,0.578855,-0.010288,-0.053626,-0.000000,-0.011860,-0.034988,-0.000000,0.013815,0
1790548846.1207,-0.034929,-0.035645,-0.064615,-0.046202,-0.034929,0.000000,0.120000,0.000000,0.610613,-0.010479,-0.054137,-0.000000,-0.010694,-0.035509,0.000000,0.014609,0
1790548846.1347,-0.034296,-0.028602,-0.064910,-0.044494,-0.034296,0.000000,0.120000,0.000000,0.641321,-0.010289,-0.054621,0.000000,-0.008581,-0.035913,0.000000,0.014126,0
1790548846.1487,-0.032160,-0.021454,-0.064718,-0.042649,-0.032160,0.000000,0.120000,0.000000,0.671691,-0.009648,-0.055070,0.000000,-0.006436,-0.036213,0.000000,0.013970,0
1790548846.1626,-0.028823,-0.012772,-0.064120,-0.040222,-0.028823,0.000000,0.120000,0.000000,0.702060,-0.008647,-0.055473,0.000000,-0.003831,-0.036391,0.000000,0.013969,0
1790548846.1764,-0.021828,0.000759,-0.062325,-0.036153,-0.021828,0.000000,0.120000,0.000000,0.732250,-0.006548,-0.055776,0.000000,0.000228,-0.036380,0.000000,0.013887,0
1790548846.1904,-0.012654,0.018258,-0.059748,-0.030649,-0.012654,0.000000,0.120000,0.000000,0.762485,-0.003796,-0.055952,0.000000,0.005477,-0.036127,0.000000,0.013908,0
1790548846.2042,-0.010174,0.030251,-0.059145,-0.026633,-0.010174,0.000000,0.120000,0.000000,0.792549,-0.003052,-0.056093,0.000000,0.009075,-0.035708,0.000000,0.013830,0
1790548846.2182,-0.016508,0.027756,-0.061275,-0.026994,-0.016508,0.000000,0.120000,0.000000,0.822867,-0.004952,-0.056323,-0.000000,0.008327,-0.035321,-0.000000,0.013946,0
1790548846.2321,-0.005120,0.025125,-0.057930,-0.027433,-0.005120,0.000000,0.120000,0.000000,0.853212,-0.001536,-0.056394,0.000000,0.007537,-0.034970,-0.000000,0.013959,0
1790548846.2461,0.006684,0.024560,-0.054296,-0.027259,0.006684,0.000000,0.120000,0.000000,0.883615,0.002005,-0.056301,0.000000,0.007368,-0.034627,-0.000000,0.013985,0
1790548846.2610,0.010410,0.020300,-0.053029,-0.028247,0.010410,0.000000,0.120000,0.000000,0.914622,0.003123,-0.056152,0.000000,0.006090,-0.034337,-0.000000,0.014263,0
1790548846.2761,0.019228,0.014277,-0.050092,-0.029837,0.019228,0.000000,0.120000,0.000000,0.947639,0.005768,-0.055860,0.000000,0.004283,-0.034121,-0.000000,0.015188,0
1790548846.2908,0.024644,0.008834,-0.048097,-0.031338,0.024644,0.000000,0.120000,0.000000,0.980290,0.007393,-0.055490,0.000000,0.002650,-0.033988,-0.000000,0.015020,0
1790548846.3055,0.022789,0.008022,-0.048327,-0.031466,0.022789,0.000000,0.120000,0.000000,0.011476,0.006837,-0.055163,-0.000000,0.002407,-0.033873,-0.000000,0.014345,0
1790548846.3203,0.018175,0.011690,-0.049440,-0.030192,0.018175,0.000000,0.120000,0.000000,0.043839,0.005453,-0.054893,-0.000000,0.003507,-0.033699,0.000000,0.014887,0
1790548846.3340,0.005766,0.015689,-0.053082,-0.028770,0.005766,0.000000,0.120000,0.000000,0.074539,0.001730,-0.054811,-0.000000,0.004707,-0.033477,0.000000,0.014122,0
1790548846.3479,-0.001446,0.018698,-0.055265,-0.027606,-0.001446,0.000000,0.120000,0.000000,0.104940,-0.000434,-0.054832,-0.000000,0.005609,-0.033216,0.000000,0.013984,0
1790548846.3623,-0.003804,0.019556,-0.056027,-0.027071,-0.003804,0.000000,0.120000,0.000000,0.135842,-0.001141,-0.054886,-0.000000,0.005867,-0.032938,0.000000,0.014215,0
1790548846.3764,0.001326,0.010547,-0.054469,-0.029624,0.001326,0.000000,0.120000,0.000000,0.166762,0.000398,-0.054867,0.000000,0.003164,-0.032788,-0.000000,0.014223,0
1790548846.3904,0.003126,0.003780,-0.053885,-0.031601,0.003126,0.000000,0.120000,0.000000,0.197242,0.000938,-0.054823,0.000000,0.001134,-0.032735,-0.000000,0.014020,0
1790548846.4044,0.005930,-0.007804,-0.052961,-0.035185,0.005930,0.000000,0.120000,0.000000,0.227655,0.001779,-0.054740,0.000000,-0.002341,-0.032844,-0.000000,0.013990,0
1790548846.4183,0.009657,-0.019499,-0.051708,-0.038965,0.009657,0.000000,0.120000,0.000000,0.257964,0.002897,-0.054605,0.000000,-0.005850,-0.033116,-0.000000,0.013942,0
1790548846.4325,0.002123,-0.017579,-0.053939,-0.038637,0.002123,0.000000,0.120000,0.000000,0.288621,0.000637,-0.054575,-0.000000,-0.005274,-0.033364,0.000000,0.014102,0
1790548846.4465,0.004943,-0.015979,-0.053023,-0.038381,0.004943,0.000000,0.120000,0.000000,0.319065,0.001483,-0.054506,0.000000,-0.004794,-0.033587,0.000000,0.014004,0
1790548846.4604,0.004680,-0.017169,-0.053037,-0.038978,0.004680,0.000000,0.120000,0.000000,0.349493,0.001404,-0.054441,-0.000000,-0.005151,-0.033828,-0.000000,0.013997,0
1790548846.4744,-0.002108,-0.018277,-0.055103,-0.039566,-0.002108,0.000000,0.120000,0.000000,0.379895,-0.000632,-0.054470,-0.000000,-0.005483,-0.034083,-0.000000,0.013985,0
1790548846.4884,-0.000539,-0.022682,-0.054639,-0.041203,-0.000539,0.000000,0.120000,0.000000,0.410150,-0.000162,-0.054478,0.000000,-0.006804,-0.034399,-0.000000,0.013917,0
1790548846.5024,-0.003983,-0.026059,-0.055728,-0.042583,-0.003983,0.000000,0.120000,0.000000,0.440716,-0.001195,-0.054534,-0.000000,-0.007818,-0.034765,-0.000000,0.014060,0
1790548846.5165,-0.010866,-0.030636,-0.057947,-0.044388,-0.010866,0.000000,0.120000,0.000000,0.471325,-0.003260,-0.054687,-0.000000,-0.009191,-0.035197,-0.000000,0.014080,0
1790548846.5304,-0.017188,-0.037920,-0.060083,-0.047102,-0.017188,0.000000,0.120000,0.000000,0.501672,-0.005156,-0.054927,-0.000000,-0.011376,-0.035726,-0.000000,0.013959,0
1790548846.5440,-0.027636,-0.047421,-0.063593,-0.050596,-0.027636,0.000000,0.120000,0.000000,0.531189,-0.008291,-0.055302,-0.000000,-0.014226,-0.036370,-0.000000,0.013578,0
1790548846.5577,-0.037723,-0.054209,-0.067134,-0.053372,-0.037723,0.000000,0.120000,0.000000,0.560846,-0.011317,-0.055817,-0.000000,-0.016263,-0.037110,-0.000000,0.013642,0
1790548846.5712,-0.040420,-0.054287,-0.068493,-0.054134,-0.040420,0.000000,0.120000,0.000000,0.590429,-0.012126,-0.056367,-0.000000,-0.016286,-0.037848,-0.000000,0.013608,0
1790548846.5851,-0.039301,-0.048931,-0.068702,-0.053206,-0.039301,0.000000,0.120000,0.000000,0.620549,-0.011790,-0.056911,0.000000,-0.014679,-0.038526,0.000000,0.013855,0
1790548846.5991,-0.040700,-0.043752,-0.069690,-0.052263,-0.040700,0.000000,0.120000,0.000000,0.650922,-0.012210,-0.057480,-0.000000,-0.013126,-0.039137,0.000000,0.013972,0
1790548846.6134,-0.036952,-0.036921,-0.069084,-0.050733,-0.036952,0.000000,0.120000,0.000000,0.681458,-0.011086,-0.057999,0.000000,-0.011076,-0.039656,0.000000,0.014046,0
1790548846.6277,-0.027453,-0.026487,-0.066631,-0.047985,-0.027453,0.000000,0.120000,0.000000,0.712874,-0.008236,-0.058396,0.000000,-0.007946,-0.040039,0.000000,0.014451,0
1790548846.6417,-0.017181,-0.012632,-0.063791,-0.044006,-0.017181,0.000000,0.120000,0.000000,0.743393,-0.005154,-0.058637,0.000000,-0.003790,-0.040216,0.000000,0.014039,0
1790548846.6556,-0.005387,0.003818,-0.060328,-0.039018,-0.005387,0.000000,0.120000,0.000000,0.773786,-0.001616,-0.058712,0.000000,0.001145,-0.040163,0.000000,0.013981,0
1790548846.6696,0.002023,0.020102,-0.058077,-0.033851,0.002023,0.000000,0.120000,0.000000,0.804167,0.000607,-0.058684,0.000000,0.006031,-0.039882,0.000000,0.013975,0
1790548846.6835,-0.008108,0.021171,-0.061229,-0.033236,-0.008108,0.000000,0.120000,0.000000,0.834444,-0.002432,-0.058797,-0.000000,0.006351,-0.039587,0.000000,0.013927,0
1790548846.6974,-0.001846,0.015847,-0.059376,-0.034613,-0.001846,0.000000,0.120000,0.000000,0.864601,-0.000554,-0.058822,0.000000,0.004754,-0.039367,-0.000000,0.013872,0
1790548846.7114,0.009637,0.017519,-0.055796,-0.033866,0.009637,0.000000,0.120000,0.000000,0.895036,0.002891,-0.058687,0.000000,0.005256,-0.039122,0.000000,0.014000,0
1790548846.7253,0.012130,0.014415,-0.054879,-0.034596,0.012130,0.000000,0.120000,0.000000,0.925416,0.003639,-0.058518,0.000000,0.004325,-0.038920,-0.000000,0.013975,0
1790548846.7392,0.018489,0.008080,-0.052715,-0.036385,0.018489,0.000000,0.120000,0.000000,0.955517,0.005547,-0.058262,0.000000,0.002424,-0.038809,-0.000000,0.013846,0
1790548846.7531,0.022776,0.002612,-0.051112,-0.037989,0.022776,0.000000,0.120000,0.000000,0.985824,0.006833,-0.057944,0.000000,0.000784,-0.038772,-0.000000,0.013941,0
1790548846.7671,0.021235,0.002180,-0.051278,-0.038088,0.021235,0.000000,0.120000,0.000000,0.016125,0.006370,-0.057648,-0.000000,0.000654,-0.038742,-0.000000,0.013939,0
1790548846.7807,0.013211,0.007568,-0.053506,-0.036369,0.013211,0.000000,0.120000,0.000000,0.045689,0.003963,-0.057469,-0.000000,0.002270,-0.038639,0.000000,0.013599,0
1790548846.7941,0.006410,0.012003,-0.055459,-0.034876,0.006410,0.000000,0.120000,0.000000,0.074986,0.001923,-0.057382,-0.000000,0.003601,-0.038477,0.000000,0.013477,0
1790548846.8079,-0.001726,0.014733,-0.057924,-0.033853,-0.001726,0.000000,0.120000,0.000000,0.105070,-0.000518,-0.057406,-0.000000,0.004420,-0.038273,0.000000,0.013839,0
1790548846.8220,-0.005540,0.016005,-0.059145,-0.033249,-0.005540,0.000000,0.120000,0.000000,0.135312,-0.001662,-0.057483,-0.000000,0.004801,-0.038051,0.000000,0.013911,0
1790548846.8360,-0.003033,0.006872,-0.058436,-0.035893,-0.003033,0.000000,0.120000,0.000000,0.165756,-0.000910,-0.057526,0.000000,0.002062,-0.037954,-0.000000,0.014004,0
1790548846.8500,0.000274,-0.000586,-0.057440,-0.038138,0.000274,0.000000,0.120000,0.000000,0.196242,0.000082,-0.057522,0.000000,-0.000176,-0.037963,-0.000000,0.014024,0
1790548846.8641,0.005098,-0.011910,-0.055921,-0.041703,0.005098,0.000000,0.120000,0.000000,0.226730,0.001529,-0.057450,0.000000,-0.003573,-0.038130,-0.000000,0.014024,0
1790548846.8784,0.002468,-0.019183,-0.056675,-0.044160,0.002468,0.000000,0.120000,0.000000,0.257900,0.000740,-0.057415,-0.000000,-0.005755,-0.038405,-0.000000,0.014338,0
1790548846.8926,-0.001124,-0.015326,-0.057768,-0.043220,-0.001124,0.000000,0.120000,0.000000,0.288740,-0.000337,-0.057431,-0.000000,-0.004598,-0.038622,0.000000,0.014186,0
1790548846.9064,0.005375,-0.013681,-0.055743,-0.042917,0.005375,0.000000,0.120000,0.000000,0.319084,0.001612,-0.057356,0.000000,-0.004104,-0.038813,0.000000,0.013958,0
1790548846.9204,0.000383,-0.012693,-0.057236,-0.042798,0.000383,0.000000,0.120000,0.000000,0.349431,0.000115,-0.057351,-0.000000,-0.003808,-0.038990,0.000000,0.013960,0
1790548846.9343,-0.006529,-0.014187,-0.059400,-0.043443,-0.006529,0.000000,0.120000,0.000000,0.379594,-0.001959,-0.057441,-0.000000,-0.004256,-0.039187,-0.000000,0.013875,0
1790548846.9483,-0.005372,-0.017381,-0.059128,-0.044645,-0.005372,0.000000,0.120000,0.000000,0.410024,-0.001612,-0.057516,0.000000,-0.005214,-0.039430,-0.000000,0.013998,0
1790548846.9622,-0.009265,-0.018563,-0.060426,-0.045259,-0.009265,0.000000,0.120000,0.000000,0.440447,-0.002780,-0.057646,-0.000000,-0.005569,-0.039690,-0.000000,0.013994,0
1790548846.9762,-0.014792,-0.021729,-0.062288,-0.046510,-0.014792,0.000000,0.120000,0.000000,0.470547,-0.004438,-0.057851,-0.000000,-0.006519,-0.039991,-0.000000,0.013846,0
1790548846.9902,-0.020661,-0.025719,-0.064340,-0.048068,-0.020661,0.000000,0.120000,0.000000,0.501096,-0.006198,-0.058141,-0.000000,-0.007716,-0.040352,-0.000000,0.014053,0
1790548847.0038,-0.029287,-0.033480,-0.067328,-0.050855,-0.029287,0.000000,0.120000,0.000000,0.530848,-0.008786,-0.058542,-0.000000,-0.010044,-0.040811,-0.000000,0.013686,0
1790548847.0174,-0.034659,-0.040739,-0.069409,-0.053584,-0.034659,0.000000,0.120000,0.000000,0.560270,-0.010398,-0.059011,-0.000000,-0.012222,-0.041362,-0.000000,0.013534,0
1790548847.0311,-0.034866,-0.041119,-0.069947,-0.054259,-0.034866,0.000000,0.120000,0.000000,0.589958,-0.010460,-0.059487,-0.000000,-0.012336,-0.041924,-0.000000,0.013657,0
1790548847.0451,-0.030888,-0.034552,-0.069187,-0.052774,-0.030888,0.000000,0.120000,0.000000,0.620493,-0.009266,-0.059921,0.000000,-0.010365,-0.042409,0.000000,0.014046,0
1790548847.0591,-0.028103,-0.027235,-0.068744,-0.050959,-0.028103,0.000000,0.120000,0.000000,0.650815,-0.008431,-0.060313,0.000000,-0.008171,-0.042789,0.000000,0.013948,0
1790548847.0731,-0.022294,-0.020183,-0.067314,-0.049127,-0.022294,0.000000,0.120000,0.000000,0.681320,-0.006688,-0.060626,0.000000,-0.006055,-0.043072,0.000000,0.014033,0
1790548847.0871,-0.017509,-0.010322,-0.066124,-0.046313,-0.017509,0.000000,0.120000,0.000000,0.711816,-0.005253,-0.060871,0.000000,-0.003097,-0.043217,0.000000,0.014028,0
1790548847.1011,-0.009130,0.002900,-0.063739,-0.042306,-0.009130,0.000000,0.120000,0.000000,0.742292,-0.002739,-0.060999,0.000000,0.000870,-0.043176,0.000000,0.014019,0
1790548847.1154,0.001508,0.019493,-0.060526,-0.037052,0.001508,0.000000,0.120000,0.000000,0.773081,0.000452,-0.060978,0.000000,0.005848,-0.042900,0.000000,0.014163,0
1790548847.1298,-0.002619,0.026625,-0.061802,-0.034529,-0.002619,0.000000,0.120000,0.000000,0.804378,-0.000786,-0.061016,-0.000000,0.007987,-0.042517,0.000000,0.014397,0
1790548847.1438,-0.003071,0.023802,-0.061980,-0.035041,-0.003071,0.000000,0.120000,0.000000,0.834948,-0.000921,-0.061059,-0.000000,0.007141,-0.042182,-0.000000,0.014062,0
1790548847.1578,0.011922,0.023481,-0.057315,-0.034808,0.011922,0.000000,0.120000,0.000000,0.865506,0.003577,-0.060891,0.000000,0.007044,-0.041852,-0.000000,0.014057,0
1790548847.1717,0.014675,0.021475,-0.056285,-0.035111,0.014675,0.000000,0.120000,0.000000,0.895707,0.004402,-0.060688,0.000000,0.006442,-0.041554,-0.000000,0.013892,0
1790548847.1856,0.019843,0.016580,-0.054458,-0.036349,0.019843,0.000000,0.120000,0.000000,0.926012,0.005953,-0.060411,0.000000,0.004974,-0.041322,-0.000000,0.013940,0
1790548847.1994,0.032528,0.009563,-0.050203,-0.038322,0.032528,0.000000,0.120000,0.000000,0.956036,0.009759,-0.059962,0.000000,0.002869,-0.041190,-0.000000,0.013811,0
1790548847.2132,0.041660,0.000803,-0.046887,-0.040938,0.041660,0.000000,0.120000,0.000000,0.986126,0.012498,-0.059385,0.000000,0.000241,-0.041179,-0.000000,0.013841,0
1790548847.2272,0.039595,0.000256,-0.046956,-0.041099,0.039595,0.000000,0.120000,0.000000,0.016355,0.011879,-0.058834,-0.000000,0.000077,-0.041176,-0.000000,0.013906,0
1790548847.2407,0.031911,0.004996,-0.048829,-0.039609,0.031911,0.000000,0.120000,0.000000,0.045790,0.009573,-0.058402,-0.000000,0.001499,-0.041108,0.000000,0.013540,0
1790548847.2544,0.026715,0.008689,-0.050023,-0.038383,0.026715,0.000000,0.120000,0.000000,0.075468,0.008014,-0.058038,-0.000000,0.002607,-0.040989,0.000000,0.013652,0
1790548847.2683,0.019371,0.011403,-0.051956,-0.037409,0.019371,0.000000,0.120000,0.000000,0.105816,0.005811,-0.057767,-0.000000,0.003421,-0.040830,0.000000,0.013960,0
1790548847.2822,0.011314,0.013638,-0.054216,-0.036549,0.011314,0.000000,0.120000,0.000000,0.136063,0.003394,-0.057610,-0.000000,0.004091,-0.040641,0.000000,0.013914,0
1790548847.2962,0.009924,0.009009,-0.054494,-0.037812,0.009924,0.000000,0.120000,0.000000,0.166327,0.002977,-0.057472,-0.000000,0.002703,-0.040515,-0.000000,0.013921,0
1790548847.3101,0.010386,0.000593,-0.054211,-0.040329,0.010386,0.000000,0.120000,0.000000,0.196699,0.003116,-0.057327,0.000000,0.000178,-0.040507,-0.000000,0.013971,0
1790548847.3242,0.011003,-0.005324,-0.053871,-0.042179,0.011003,0.000000,0.120000,0.000000,0.227207,0.003301,-0.057172,0.000000,-0.001597,-0.040582,-0.000000,0.014034,0
1790548847.3382,0.004311,-0.009954,-0.055819,-0.043707,0.004311,0.000000,0.120000,0.000000,0.257571,0.001293,-0.057112,-0.000000,-0.002986,-0.040721,-0.000000,0.013968,0
1790548847.3522,-0.002001,-0.008175,-0.057740,-0.043288,-0.002001,0.000000,0.120000,0.000000,0.288049,-0.000600,-0.057140,-0.000000,-0.002453,-0.040835,0.000000,0.014020,0
1790548847.3664,-0.000094,-0.007421,-0.057170,-0.043165,-0.000094,0.000000,0.120000,0.000000,0.318377,-0.000028,-0.057141,0.000000,-0.002226,-0.040939,0.000000,0.013951,0
1790548847.3806,-0.005533,-0.007924,-0.058881,-0.043430,-0.005533,0.000000,0.120000,0.000000,0.349648,-0.001660,-0.057221,-0.000000,-0.002377,-0.041053,-0.000000,0.014385,0
1790548847.3944,-0.009599,-0.010206,-0.060234,-0.044256,-0.009599,0.000000,0.120000,0.000000,0.379826,-0.002880,-0.057354,-0.000000,-0.003062,-0.041194,-0.000000,0.013882,0
1790548847.4083,-0.009281,-0.015250,-0.060268,-0.045982,-0.009281,0.000000,0.120000,0.000000,0.410093,-0.002784,-0.057483,0.000000,-0.004575,-0.041407,-0.000000,0.013923,0
1790548847.4223,-0.012413,-0.018251,-0.061381,-0.047137,-0.012413,0.000000,0.120000,0.000000,0.440420,-0.003724,-0.057657,-0.000000,-0.005475,-0.041661,-0.000000,0.013950,0
1790548847.4364,-0.016997,-0.022475,-0.062995,-0.048721,-0.016997,0.000000,0.120000,0.000000,0.471081,-0.005099,-0.057896,-0.000000,-0.006743,-0.041978,-0.000000,0.014104,0
1790548847.4502,-0.022319,-0.028340,-0.064901,-0.050873,-0.022319,0.000000,0.120000,0.000000,0.501202,-0.006696,-0.058206,-0.000000,-0.008502,-0.042371,-0.000000,0.013855,0
1790548847.4639,-0.030791,-0.036010,-0.067864,-0.053667,-0.030791,0.000000,0.120000,0.000000,0.530951,-0.009237,-0.058627,-0.000000,-0.010803,-0.042864,-0.000000,0.013685,0
1790548847.4776,-0.035947,-0.043330,-0.069902,-0.056454,-0.035947,0.000000,0.120000,0.000000,0.560642,-0.010784,-0.059118,-0.000000,-0.012999,-0.043456,-0.000000,0.013658,0
1790548847.4912,-0.036008,-0.045251,-0.070413,-0.057649,-0.036008,0.000000,0.120000,0.000000,0.590363,-0.010802,-0.059610,-0.000000,-0.013575,-0.044074,-0.000000,0.013672,0
1790548847.5052,-0.034113,-0.041616,-0.070321,-0.057141,-0.034113,0.000000,0.120000,0.000000,0.620768,-0.010234,-0.060087,0.000000,-0.012485,-0.044656,0.000000,0.013986,0
1790548847.5191,-0.031567,-0.035389,-0.069996,-0.055765,-0.031567,0.000000,0.120000,0.000000,0.651008,-0.009470,-0.060526,0.000000,-0.010617,-0.045149,0.000000,0.013910,0
1790548847.5331,-0.027123,-0.028042,-0.069042,-0.053953,-0.027123,0.000000,0.120000,0.000000,0.681353,-0.008137,-0.060905,0.000000,-0.008413,-0.045540,0.000000,0.013959,0
1790548847.5471,-0.020391,-0.016935,-0.067307,-0.050857,-0.020391,0.000000,0.120000,0.000000,0.711769,-0.006117,-0.061190,0.000000,-0.005081,-0.045777,0.000000,0.013991,0
1790548847.5610,-0.011843,-0.002282,-0.064908,-0.046493,-0.011843,0.000000,0.120000,0.000000,0.742070,-0.003553,-0.061355,0.000000,-0.000685,-0.045809,0.000000,0.013939,0
1790548847.5750,-0.000962,0.016191,-0.061657,-0.040724,-0.000962,0.000000,0.120000,0.000000,0.772597,-0.000288,-0.061369,0.000000,0.004857,-0.045581,0.000000,0.014042,0
1790548847.5890,-0.002197,0.027992,-0.062058,-0.036794,-0.002197,0.000000,0.120000,0.000000,0.802851,-0.000659,-0.061399,-0.000000,0.008398,-0.045192,0.000000,0.013917,0
1790548847.6030,-0.007540,0.023611,-0.063767,-0.037778,-0.007540,0.000000,0.120000,0.000000,0.833318,-0.002262,-0.061505,-0.000000,0.007083,-0.044861,-0.000000,0.014015,0
1790548847.6172,0.002657,0.023134,-0.060671,-0.037596,0.002657,0.000000,0.120000,0.000000,0.863831,0.000797,-0.061468,0.000000,0.006940,-0.044536,-0.000000,0.014036,0
1790548847.6315,0.007132,0.020681,-0.059225,-0.038034,0.007132,0.000000,0.120000,0.000000,0.895174,0.002140,-0.061365,0.000000,0.006204,-0.044238,-0.000000,0.014418,0
1790548847.6455,0.012747,0.019369,-0.057361,-0.038155,0.012747,0.000000,0.120000,0.000000,0.925778,0.003824,-0.061186,0.000000,0.005811,-0.043965,-0.000000,0.014078,0
1790548847.6593,0.021070,0.012930,-0.054573,-0.039907,0.021070,0.000000,0.120000,0.000000,0.955910,0.006321,-0.060893,0.000000,0.003879,-0.043786,-0.000000,0.013860,0
1790548847.6733,0.028256,0.007577,-0.052023,-0.041407,0.028256,0.000000,0.120000,0.000000,0.986226,0.008477,-0.060499,0.000000,0.002273,-0.043680,-0.000000,0.013946,0
1790548847.6873,0.027264,0.005543,-0.051939,-0.041940,0.027264,0.000000,0.120000,0.000000,0.016648,0.008179,-0.060118,-0.000000,0.001663,-0.043603,-0.000000,0.013994,0
1790548847.7010,0.023489,0.009409,-0.052750,-0.040652,0.023489,0.000000,0.120000,0.000000,0.046321,0.007047,-0.059797,-0.000000,0.002823,-0.043474,0.000000,0.013649,0
1790548847.7146,0.016512,0.015015,-0.054619,-0.038765,0.016512,0.000000,0.120000,0.000000,0.075947,0.004953,-0.059572,-0.000000,0.004504,-0.043270,0.000000,0.013628,0
1790548847.7287,0.008143,0.018642,-0.057015,-0.037416,0.008143,0.000000,0.120000,0.000000,0.106393,0.002443,-0.059458,-0.000000,0.005593,-0.043009,0.000000,0.014005,0
1790548847.7426,0.005367,0.019060,-0.057773,-0.037024,0.005367,0.000000,0.120000,0.000000,0.136794,0.001610,-0.059383,-0.000000,0.005718,-0.042742,0.000000,0.013985,0
1790548847.7565,0.009775,0.010502,-0.056314,-0.039445,0.009775,0.000000,0.120000,0.000000,0.167061,0.002933,-0.059247,0.000000,0.003151,-0.042596,-0.000000,0.013922,0
1790548847.7705,0.010514,0.005024,-0.055946,-0.041019,0.010514,0.000000,0.120000,0.000000,0.197412,0.003154,-0.059100,0.000000,0.001507,-0.042526,-0.000000,0.013962,0
1790548847.7845,0.012577,-0.005316,-0.055151,-0.044195,0.012577,0.000000,0.120000,0.000000,0.227883,0.003773,-0.058924,0.000000,-0.001595,-0.042600,-0.000000,0.014017,0
1790548847.7985,0.010901,-0.013259,-0.055501,-0.046764,0.010901,0.000000,0.120000,0.000000,0.258370,0.003270,-0.058771,-0.000000,-0.003978,-0.042786,-0.000000,0.014024,0
1790548847.8124,-0.000040,-0.008921,-0.058784,-0.045586,-0.000040,0.000000,0.120000,0.000000,0.288508,-0.000012,-0.058772,-0.000000,-0.002676,-0.042910,0.000000,0.013863,0
1790548847.8264,0.006126,-0.006858,-0.056848,-0.045063,0.006126,0.000000,0.120000,0.000000,0.318903,0.001838,-0.058686,0.000000,-0.002057,-0.043006,0.000000,0.013982,0
1790548847.8404,0.000517,-0.005154,-0.058524,-0.044624,0.000517,0.000000,0.120000,0.000000,0.349459,0.000155,-0.058679,-0.000000,-0.001546,-0.043078,0.000000,0.014056,0
1790548847.8543,-0.007923,-0.008210,-0.061166,-0.045656,-0.007923,0.000000,0.120000,0.000000,0.379668,-0.002377,-0.058789,-0.000000,-0.002463,-0.043192,-0.000000,0.013896,0
1790548847.8686,-0.008768,-0.014105,-0.061542,-0.047621,-0.008768,0.000000,0.120000,0.000000,0.410053,-0.002630,-0.058911,-0.000000,-0.004231,-0.043390,-0.000000,0.013977,0
1790548847.8827,-0.013467,-0.017099,-0.063144,-0.048764,-0.013467,0.000000,0.120000,0.000000,0.441142,-0.004040,-0.059104,-0.000000,-0.005130,-0.043634,-0.000000,0.014301,0
1790548847.8967,-0.016982,-0.020110,-0.064437,-0.049950,-0.016982,0.000000,0.120000,0.000000,0.471707,-0.005095,-0.059343,-0.000000,-0.006033,-0.043917,-0.000000,0.014060,0
1790548847.9107,-0.020229,-0.025448,-0.065696,-0.051909,-0.020229,0.000000,0.120000,0.000000,0.502258,-0.006069,-0.059627,-0.000000,-0.007634,-0.044274,-0.000000,0.014053,0
1790548847.9243,-0.029894,-0.032951,-0.069000,-0.054606,-0.029894,0.000000,0.120000,0.000000,0.531675,-0.008968,-0.060032,-0.000000,-0.009885,-0.044720,-0.000000,0.013532,0
1790548847.9382,-0.037713,-0.039761,-0.071870,-0.057201,-0.037713,0.000000,0.120000,0.000000,0.561899,-0.011314,-0.060556,-0.000000,-0.011928,-0.045273,-0.000000,0.013903,0
1790548847.9520,-0.041573,-0.042464,-0.073601,-0.058598,-0.041573,0.000000,0.120000,0.000000,0.591860,-0.012472,-0.061129,-0.000000,-0.012739,-0.045858,-0.000000,0.013782,0
1790548847.9659,-0.041566,-0.040148,-0.074181,-0.058465,-0.041566,0.000000,0.120000,0.000000,0.622293,-0.012470,-0.061711,0.000000,-0.012044,-0.046420,0.000000,0.013999,0
1790548847.9799,-0.037901,-0.034705,-0.073609,-0.057315,-0.037901,0.000000,0.120000,0.000000,0.652583,-0.011370,-0.062239,0.000000,-0.010412,-0.046904,0.000000,0.013934,0
1790548847.9938,-0.033916,-0.029878,-0.072888,-0.056285,-0.033916,0.000000,0.120000,0.000000,0.683001,-0.010175,-0.062713,0.000000,-0.008963,-0.047322,0.000000,0.013992,0
1790548848.0078,-0.027621,-0.021699,-0.071386,-0.054135,-0.027621,0.000000,0.120000,0.000000,0.713433,-0.008286,-0.063100,0.000000,-0.006510,-0.047626,0.000000,0.013999,0
1790548848.0218,-0.016340,-0.008737,-0.068230,-0.050369,-0.016340,0.000000,0.120000,0.000000,0.743797,-0.004902,-0.063328,0.000000,-0.002621,-0.047748,0.000000,0.013967,0
1790548848.0357,-0.003860,0.007217,-0.064540,-0.045483,-0.003860,0.000000,0.120000,0.000000,0.773967,-0.001158,-0.063382,0.000000,0.002165,-0.047648,0.000000,0.013878,0
1790548848.0497,0.007194,0.025688,-0.061123,-0.039581,0.007194,0.000000,0.120000,0.000000,0.804425,0.002158,-0.063281,0.000000,0.007706,-0.047288,0.000000,0.014011,0
1790548848.0637,0.001585,0.029286,-0.062783,-0.038092,0.001585,0.000000,0.120000,0.000000,0.834895,0.000475,-0.063259,-0.000000,0.008786,-0.046877,0.000000,0.014016,0
1790548848.0776,0.008093,0.028463,-0.060719,-0.037945,0.008093,0.000000,0.120000,0.000000,0.864969,0.002428,-0.063147,0.000000,0.008539,-0.046484,-0.000000,0.013834,0
1790548848.0916,0.014857,0.029016,-0.058482,-0.037373,0.014857,0.000000,0.120000,0.000000,0.895339,0.004457,-0.062939,0.000000,0.008705,-0.046078,0.000000,0.013970,0
1790548848.1057,0.022602,0.026908,-0.055839,-0.037626,0.022602,0.000000,0.120000,0.000000,0.926037,0.006781,-0.062620,0.000000,0.008072,-0.045698,-0.000000,0.014121,0
1790548848.1199,0.031893,0.018525,-0.052605,-0.039881,0.031893,0.000000,0.120000,0.000000,0.956516,0.009568,-0.062173,0.000000,0.005558,-0.045438,-0.000000,0.014021,0
1790548848.1342,0.038512,0.012688,-0.050062,-0.041448,0.038512,0.000000,0.120000,0.000000,0.987993,0.011553,-0.061615,0.000000,0.003806,-0.045255,-0.000000,0.014479,0
1790548848.1481,0.036852,0.013987,-0.050046,-0.040864,0.036852,0.000000,0.120000,0.000000,0.018295,0.011056,-0.061102,-0.000000,0.004196,-0.045060,0.000000,0.013939,0
1790548848.1617,0.028062,0.018696,-0.052301,-0.039197,0.028062,0.000000,0.120000,0.000000,0.047869,0.008419,-0.060720,-0.000000,0.005609,-0.044805,0.000000,0.013604,0
1790548848.1753,0.022361,0.022888,-0.053706,-0.037626,0.022361,0.000000,0.120000,0.000000,0.077558,0.006708,-0.060415,-0.000000,0.006867,-0.044493,0.000000,0.013657,0
1790548848.1893,0.019319,0.026041,-0.054349,-0.036317,0.019319,0.000000,0.120000,0.000000,0.107936,0.005796,-0.060145,-0.000000,0.007812,-0.044129,0.000000,0.013974,0
1790548848.2034,0.011213,0.030546,-0.056623,-0.034536,0.011213,0.000000,0.120000,0.000000,0.138466,0.003364,-0.059987,-0.000000,0.009164,-0.043700,0.000000,0.014044,0
1790548848.2173,0.014153,0.024308,-0.055544,-0.036069,0.014153,0.000000,0.120000,0.000000,0.168707,0.004246,-0.059790,0.000000,0.007292,-0.043362,-0.000000,0.013911,0
1790548848.2313,0.016003,0.015905,-0.054766,-0.038368,0.016003,0.000000,0.120000,0.000000,0.199098,0.004801,-0.059567,0.000000,0.004771,-0.043139,-0.000000,0.013980,0
1790548848.2453,0.015280,0.008656,-0.054768,-0.040421,0.015280,0.000000,0.120000,0.000000,0.229649,0.004584,-0.059352,-0.000000,0.002597,-0.043018,-0.000000,0.014053,0
1790548848.2592,0.007806,0.003387,-0.056901,-0.041955,0.007806,0.000000,0.120000,0.000000,0.259852,0.002342,-0.059243,-0.000000,0.001016,-0.042971,-0.000000,0.013893,0
1790548848.2732,0.002459,0.005177,-0.058471,-0.041345,0.002459,0.000000,0.120000,0.000000,0.290276,0.000738,-0.059209,-0.000000,0.001553,-0.042898,0.000000,0.013995,0
1790548848.2871,0.006067,0.008834,-0.057304,-0.040125,0.006067,0.000000,0.120000,0.000000,0.320591,0.001820,-0.059124,0.000000,0.002650,-0.042775,0.000000,0.013945,0
1790548848.3010,0.001942,0.009797,-0.058515,-0.039700,0.001942,0.000000,0.120000,0.000000,0.350869,0.000583,-0.059097,-0.000000,0.002939,-0.042639,0.000000,0.013928,0
1790548848.3150,-0.003190,0.006282,-0.060099,-0.040667,-0.003190,0.000000,0.120000,0.000000,0.381095,-0.000957,-0.059142,-0.000000,0.001885,-0.042551,-0.000000,0.013904,0
1790548848.3289,-0.004025,-0.000646,-0.060405,-0.042754,-0.004025,0.000000,0.120000,0.000000,0.411439,-0.001208,-0.059198,-0.000000,-0.000194,-0.042560,-0.000000,0.013958,0
1790548848.3433,-0.006193,-0.004030,-0.061143,-0.043826,-0.006193,0.000000,0.120000,0.000000,0.442017,-0.001858,-0.059285,-0.000000,-0.001209,-0.042617,-0.000000,0.014066,0
1790548848.3584,-0.012510,-0.009075,-0.063228,-0.045477,-0.012510,0.000000,0.120000,0.000000,0.475048,-0.003753,-0.059475,-0.000000,-0.002722,-0.042755,-0.000000,0.015194,0
1790548848.3734,-0.018640,-0.016915,-0.065343,-0.048080,-0.018640,0.000000,0.120000,0.000000,0.507256,-0.005592,-0.059751,-0.000000,-0.005074,-0.043006,-0.000000,0.014816,0
1790548848.3877,-0.029494,-0.026249,-0.069027,-0.051261,-0.029494,0.000000,0.120000,0.000000,0.538788,-0.008848,-0.060179,-0.000000,-0.007875,-0.043386,-0.000000,0.014505,0
1790548848.4025,-0.035250,-0.034577,-0.071268,-0.054263,-0.035250,0.000000,0.120000,0.000000,0.570477,-0.010575,-0.060693,-0.000000,-0.010373,-0.043890,-0.000000,0.014577,0
1790548848.4163,-0.034028,-0.034614,-0.071385,-0.054766,-0.034028,0.000000,0.120000,0.000000,0.601365,-0.010208,-0.061176,0.000000,-0.010384,-0.044382,-0.000000,0.014209,0
1790548848.4301,-0.031299,-0.028654,-0.070997,-0.053373,-0.031299,0.000000,0.120000,0.000000,0.631335,-0.009390,-0.061608,0.000000,-0.008596,-0.044777,0.000000,0.013786,0
1790548848.4440,-0.030203,-0.023103,-0.071088,-0.052029,-0.030203,0.000000,0.120000,0.000000,0.661483,-0.009061,-0.062027,0.000000,-0.006931,-0.045098,0.000000,0.013868,0
1790548848.4581,-0.024993,-0.016413,-0.069878,-0.050254,-0.024993,0.000000,0.120000,0.000000,0.692236,-0.007498,-0.062380,0.000000,-0.004924,-0.045330,0.000000,0.014146,0
1790548848.4720,-0.014594,-0.006252,-0.066961,-0.047292,-0.014594,0.000000,0.120000,0.000000,0.722389,-0.004378,-0.062583,0.000000,-0.001876,-0.045416,0.000000,0.013870,0
1790548848.4861,-0.004859,0.007779,-0.064109,-0.042974,-0.004859,0.000000,0.120000,0.000000,0.752867,-0.001458,-0.062651,0.000000,0.002334,-0.045307,0.000000,0.014020,0
1790548848.5001,0.008238,0.025266,-0.060063,-0.037371,0.008238,0.000000,0.120000,0.000000,0.783584,0.002471,-0.062534,0.000000,0.007580,-0.044950,0.000000,0.014130,0
1790548848.5141,0.006662,0.032863,-0.060442,-0.034631,0.006662,0.000000,0.120000,0.000000,0.814029,0.001999,-0.062441,-0.000000,0.009859,-0.044490,0.000000,0.014005,0
1790548848.5281,0.006203,0.032040,-0.060494,-0.034431,0.006203,0.000000,0.120000,0.000000,0.844348,0.001861,-0.062355,-0.000000,0.009612,-0.044043,-0.000000,0.013947,0
1790548848.5422,0.014488,0.032077,-0.057804,-0.033968,0.014488,0.000000,0.120000,0.000000,0.874970,0.004346,-0.062150,0.000000,0.009623,-0.043591,0.000000,0.014086,0
1790548848.5561,0.020097,0.029585,-0.055841,-0.034303,0.020097,0.000000,0.120000,0.000000,0.905348,0.006029,-0.061870,0.000000,0.008875,-0.043178,-0.000000,0.013973,0
1790548848.5701,0.029570,0.023130,-0.052586,-0.035916,0.029570,0.000000,0.120000,0.000000,0.935701,0.008871,-0.061457,0.000000,0.006939,-0.042855,-0.000000,0.013963,0
1790548848.5839,0.039615,0.012838,-0.049024,-0.038826,0.039615,0.000000,0.120000,0.000000,0.965761,0.011885,-0.060909,0.000000,0.003851,-0.042678,-0.000000,0.013828,0
1790548848.5980,0.047012,0.006182,-0.046146,-0.040736,0.047012,0.000000,0.120000,0.000000,0.996251,0.014104,-0.060250,0.000000,0.001855,-0.042591,-0.000000,0.014025,0
1790548848.6119,0.042801,0.006418,-0.046810,-0.040575,0.042801,0.000000,0.120000,0.000000,0.026697,0.012840,-0.059650,-0.000000,0.001926,-0.042501,0.000000,0.014005,0
1790548848.6261,0.035486,0.010225,-0.048515,-0.039292,0.035486,0.000000,0.120000,0.000000,0.056691,0.010646,-0.059161,-0.000000,0.003068,-0.042360,0.000000,0.013797,0
1790548848.6401,0.029574,0.011547,-0.049867,-0.038731,0.029574,0.000000,0.120000,0.000000,0.087687,0.008872,-0.058739,-0.000000,0.003464,-0.042195,0.000000,0.014258,0
1790548848.6542,0.023097,0.010395,-0.051483,-0.038930,0.023097,0.000000,0.120000,0.000000,0.118454,0.006929,-0.058412,-0.000000,0.003118,-0.042048,-0.000000,0.014153,0
1790548848.6680,0.014427,0.010035,-0.053883,-0.038898,0.014427,0.000000,0.120000,0.000000,0.148740,0.004328,-0.058211,-0.000000,0.003010,-0.041908,-0.000000,0.013932,0
1790548848.6820,0.016315,0.002593,-0.053089,-0.041094,0.016315,0.000000,0.120000,0.000000,0.179027,0.004895,-0.057984,0.000000,0.000778,-0.041872,-0.000000,0.013932,0
1790548848.6960,0.017262,-0.008176,-0.052565,-0.044439,0.017262,0.000000,0.120000,0.000000,0.209244,0.005179,-0.057744,0.000000,-0.002453,-0.041986,-0.000000,0.013900,0
1790548848.7100,0.006516,-0.010121,-0.055697,-0.045164,0.006516,0.000000,0.120000,0.000000,0.239797,0.001955,-0.057652,-0.000000,-0.003036,-0.042128,-0.000000,0.014055,0
1790548848.7238,0.006171,-0.011466,-0.055715,-0.045727,0.006171,0.000000,0.120000,0.000000,0.269981,0.001851,-0.057567,-0.000000,-0.003440,-0.042287,-0.000000,0.013885,0
1790548848.7377,0.003262,-0.010488,-0.056543,-0.045579,0.003262,0.000000,0.120000,0.000000,0.300064,0.000979,-0.057521,-0.000000,-0.003146,-0.042432,0.000000,0.013838,0
1790548848.7516,-0.001870,-0.011775,-0.058108,-0.046128,-0.001870,0.000000,0.120000,0.000000,0.330259,-0.000561,-0.057547,-0.000000,-0.003532,-0.042596,-0.000000,0.013890,0
1790548848.7655,-0.003548,-0.016250,-0.058661,-0.047698,-0.003548,0.000000,0.120000,0.000000,0.360592,-0.001064,-0.057597,-0.000000,-0.004875,-0.042823,-0.000000,0.013953,0
1790548848.7794,-0.005173,-0.018977,-0.059221,-0.048780,-0.005173,0.000000,0.120000,0.000000,0.390877,-0.001552,-0.057669,-0.000000,-0.005693,-0.043087,-0.000000,0.013931,0
1790548848.7937,-0.007676,-0.021417,-0.060080,-0.049815,-0.007676,0.000000,0.120000,0.000000,0.421583,-0.002303,-0.057777,-0.000000,-0.006425,-0.043390,-0.000000,0.014125,0
1790548848.8078,-0.011744,-0.025385,-0.061466,-0.051363,-0.011744,0.000000,0.120000,0.000000,0.452254,-0.003523,-0.057943,-0.000000,-0.007615,-0.043748,-0.000000,0.014108,0
1790548848.8218,-0.018553,-0.030590,-0.063769,-0.053354,-0.018553,0.000000,0.120000,0.000000,0.482751,-0.005566,-0.058203,-0.000000,-0.009177,-0.044177,-0.000000,0.014029,0
1790548848.8358,-0.025404,-0.038426,-0.066180,-0.056243,-0.025404,0.000000,0.120000,0.000000,0.513203,-0.007621,-0.058559,-0.000000,-0.011528,-0.044715,-0.000000,0.014008,0
1790548848.8494,-0.032689,-0.046400,-0.068813,-0.059270,-0.032689,0.000000,0.120000,0.000000,0.542940,-0.009807,-0.059006,-0.000000,-0.013920,-0.045350,-0.000000,0.013679,0
1790548848.8630,-0.037987,-0.049759,-0.070920,-0.060955,-0.037987,0.000000,0.120000,0.000000,0.572537,-0.011396,-0.059524,-0.000000,-0.014928,-0.046027,-0.000000,0.013615,0
1790548848.8772,-0.038775,-0.048909,-0.071698,-0.061383,-0.038775,0.000000,0.120000,0.000000,0.602907,-0.011632,-0.060065,-0.000000,-0.014673,-0.046711,0.000000,0.013970,0
1790548848.8913,-0.037374,-0.044421,-0.071809,-0.060669,-0.037374,0.000000,0.120000,0.000000,0.633850,-0.011212,-0.060597,0.000000,-0.013326,-0.047343,0.000000,0.014234,0
1790548848.9054,-0.034239,-0.039506,-0.071352,-0.059753,-0.034239,0.000000,0.120000,0.000000,0.664558,-0.010272,-0.061081,0.000000,-0.011852,-0.047901,0.000000,0.014126,0
1790548848.9193,-0.026863,-0.031247,-0.069514,-0.057710,-0.026863,0.000000,0.120000,0.000000,0.694807,-0.008059,-0.061455,0.000000,-0.009374,-0.048336,0.000000,0.013914,0
1790548848.9332,-0.019387,-0.018245,-0.067541,-0.054064,-0.019387,0.000000,0.120000,0.000000,0.725098,-0.005816,-0.061725,0.000000,-0.005474,-0.048590,0.000000,0.013934,0
1790548848.9471,-0.009689,-0.001626,-0.064767,-0.049101,-0.009689,0.000000,0.120000,0.000000,0.755451,-0.002907,-0.061860,0.000000,-0.000488,-0.048613,0.000000,0.013963,0
1790548848.9610,0.000298,0.016802,-0.061766,-0.043340,0.000298,0.000000,0.120000,0.000000,0.785509,0.000089,-0.061856,0.000000,0.005041,-0.048380,0.000000,0.013827,0
1790548848.9750,-0.001303,0.027904,-0.062265,-0.039620,-0.001303,0.000000,0.120000,0.000000,0.815856,-0.000391,-0.061874,-0.000000,0.008371,-0.047991,0.000000,0.013960,0
1790548848.9889,-0.002812,0.025103,-0.062757,-0.040109,-0.002812,0.000000,0.120000,0.000000,0.846262,-0.000844,-0.061913,-0.000000,0.007531,-0.047640,-0.000000,0.013987,0
1790548849.0028,0.010957,0.020744,-0.058474,-0.041128,0.010957,0.000000,0.120000,0.000000,0.876497,0.003287,-0.061761,0.000000,0.006223,-0.047351,-0.000000,0.013908,0
1790548849.0168,0.017563,0.018169,-0.056247,-0.041647,0.017563,0.000000,0.120000,0.000000,0.906823,0.005269,-0.061516,0.000000,0.005451,-0.047098,-0.000000,0.013950,0
1790548849.0308,0.027718,0.014446,-0.052813,-0.042562,0.027718,0.000000,0.120000,0.000000,0.937194,0.008315,-0.061129,0.000000,0.004334,-0.046896,-0.000000,0.013971,0
1790548849.0448,0.042261,0.003239,-0.047858,-0.045879,0.042261,0.000000,0.120000,0.000000,0.967682,0.012678,-0.060536,0.000000,0.000972,-0.046850,-0.000000,0.014024,0
1790548849.0588,0.054253,-0.005603,-0.043501,-0.048610,0.054253,0.000000,0.120000,0.000000,0.998120,0.016276,-0.059776,0.000000,-0.001681,-0.046929,-0.000000,0.014002,0
1790548849.0728,0.050997,-0.004738,-0.043764,-0.048417,0.050997,0.000000,0.120000,0.000000,0.028526,0.015299,-0.059063,-0.000000,-0.001421,-0.046995,0.000000,0.013987,0
1790548849.0863,0.041173,0.001582,-0.046154,-0.046499,0.041173,0.000000,0.120000,0.000000,0.057941,0.012352,-0.058506,-0.000000,0.000475,-0.046974,0.000000,0.013531,0
1790548849.1002,0.032749,0.004765,-0.048229,-0.045478,0.032749,0.000000,0.120000,0.000000,0.087955,0.009825,-0.058054,-0.000000,0.001430,-0.046908,0.000000,0.013806,0
1790548849.1144,0.028506,0.005754,-0.049095,-0.045100,0.028506,0.000000,0.120000,0.000000,0.118969,0.008552,-0.057647,-0.000000,0.001726,-0.046826,0.000000,0.014267,0
1790548849.1289,0.017185,0.010037,-0.052247,-0.043672,0.017185,0.000000,0.120000,0.000000,0.149923,0.005156,-0.057403,-0.000000,0.003011,-0.046683,0.000000,0.014239,0
1790548849.1431,0.014020,0.009988,-0.052995,-0.043543,0.014020,0.000000,0.120000,0.000000,0.181132,0.004206,-0.057201,-0.000000,0.002997,-0.046540,-0.000000,0.014356,0
1790548849.1571,0.018718,-0.001100,-0.051323,-0.046885,0.018718,0.000000,0.120000,0.000000,0.211697,0.005615,-0.056938,0.000000,-0.000330,-0.046555,-0.000000,0.014060,0
1790548849.1711,0.014170,-0.011759,-0.052488,-0.050248,0.014170,0.000000,0.120000,0.000000,0.242253,0.004251,-0.056739,-0.000000,-0.003528,-0.046720,-0.000000,0.014056,0
1790548849.1850,0.002700,-0.015331,-0.055892,-0.051533,0.002700,0.000000,0.120000,0.000000,0.272459,0.000810,-0.056701,-0.000000,-0.004599,-0.046933,-0.000000,0.013895,0
1790548849.1989,-0.000116,-0.016108,-0.056738,-0.051990,-0.000116,0.000000,0.120000,0.000000,0.302689,-0.000035,-0.056703,-0.000000,-0.004832,-0.047157,-0.000000,0.013906,0
1790548849.2128,-0.000576,-0.016875,-0.056884,-0.052453,-0.000576,0.000000,0.120000,0.000000,0.332781,-0.000173,-0.056711,-0.000000,-0.005062,-0.047391,-0.000000,0.013842,0
1790548849.2267,-0.007030,-0.019566,-0.058918,-0.053533,-0.007030,0.000000,0.120000,0.000000,0.363036,-0.002109,-0.056809,-0.000000,-0.005870,-0.047663,-0.000000,0.013917,0
1790548849.2407,-0.006954,-0.023974,-0.058992,-0.055191,-0.006954,0.000000,0.120000,0.000000,0.393437,-0.002086,-0.056906,0.000000,-0.007192,-0.047999,-0.000000,0.013984,0
1790548849.2546,-0.008346,-0.028276,-0.059527,-0.056877,-0.008346,0.000000,0.120000,0.000000,0.423878,-0.002504,-0.057023,-0.000000,-0.008483,-0.048394,-0.000000,0.014003,0
1790548849.2685,-0.013459,-0.031753,-0.061247,-0.058360,-0.013459,0.000000,0.120000,0.000000,0.453986,-0.004038,-0.057209,-0.000000,-0.009526,-0.048834,-0.000000,0.013850,0
1790548849.2824,-0.020904,-0.037035,-0.063773,-0.060462,-0.020904,0.000000,0.120000,0.000000,0.484366,-0.006271,-0.057502,-0.000000,-0.011110,-0.049352,-0.000000,0.013975,0
1790548849.2964,-0.027397,-0.043763,-0.066103,-0.063092,-0.027397,0.000000,0.120000,0.000000,0.514728,-0.008219,-0.057884,-0.000000,-0.013129,-0.049963,-0.000000,0.013966,0
1790548849.3100,-0.034716,-0.049841,-0.068770,-0.065592,-0.034716,0.000000,0.120000,0.000000,0.544228,-0.010415,-0.058355,-0.000000,-0.014952,-0.050639,-0.000000,0.013570,0
1790548849.3236,-0.039869,-0.053146,-0.070859,-0.067307,-0.039869,0.000000,0.120000,0.000000,0.573841,-0.011961,-0.058898,-0.000000,-0.015944,-0.051363,-0.000000,0.013622,0
1790548849.3376,-0.041556,-0.051338,-0.071946,-0.067482,-0.041556,0.000000,0.120000,0.000000,0.604218,-0.012467,-0.059479,-0.000000,-0.015401,-0.052081,0.000000,0.013973,0
1790548849.3515,-0.040407,-0.046236,-0.072164,-0.066595,-0.040407,0.000000,0.120000,0.000000,0.634475,-0.012122,-0.060041,0.000000,-0.013871,-0.052724,0.000000,0.013918,0
1790548849.3655,-0.038312,-0.038077,-0.072070,-0.064679,-0.038312,0.000000,0.120000,0.000000,0.664817,-0.011493,-0.060576,0.000000,-0.011423,-0.053256,0.000000,0.013957,0
1790548849.3797,-0.030170,-0.029105,-0.070046,-0.062391,-0.030170,0.000000,0.120000,0.000000,0.694981,-0.009051,-0.060995,0.000000,-0.008732,-0.053659,0.000000,0.013875,0
1790548849.3940,-0.020482,-0.015203,-0.067437,-0.058442,-0.020482,0.000000,0.120000,0.000000,0.726607,-0.006145,-0.061293,0.000000,-0.004561,-0.053881,0.000000,0.014548,0
1790548849.4082,-0.010172,0.001566,-0.064489,-0.053389,-0.010172,0.000000,0.120000,0.000000,0.757443,-0.003052,-0.061437,0.000000,0.000470,-0.053858,0.000000,0.014184,0
1790548849.4223,0.002547,0.019711,-0.060637,-0.047667,0.002547,0.000000,0.120000,0.000000,0.788095,0.000764,-0.061401,0.000000,0.005913,-0.053581,0.000000,0.014100,0
1790548849.4364,0.003240,0.026055,-0.060383,-0.045395,0.003240,0.000000,0.120000,0.000000,0.818870,0.000972,-0.061355,0.000000,0.007816,-0.053212,0.000000,0.014157,0
1790548849.4506,0.005772,0.022523,-0.059543,-0.046140,0.005772,0.000000,0.120000,0.000000,0.849284,0.001732,-0.061274,0.000000,0.006757,-0.052897,-0.000000,0.013990,0
1790548849.4650,0.015201,0.020913,-0.056492,-0.046318,0.015201,0.000000,0.120000,0.000000,0.880988,0.004560,-0.061053,0.000000,0.006274,-0.052592,-0.000000,0.014584,0
1790548849.4789,0.023923,0.020167,-0.053541,-0.046259,0.023923,0.000000,0.120000,0.000000,0.911452,0.007177,-0.060718,0.000000,0.006050,-0.052309,-0.000000,0.014014,0
1790548849.4929,0.032466,0.014145,-0.050528,-0.047869,0.032466,0.000000,0.120000,0.000000,0.941582,0.009740,-0.060268,0.000000,0.004243,-0.052113,-0.000000,0.013860,0
1790548849.5068,0.045386,0.005070,-0.046013,-0.050521,0.045386,0.000000,0.120000,0.000000,0.972157,0.013616,-0.059629,0.000000,0.001521,-0.052042,-0.000000,0.014065,0
1790548849.5208,0.051848,-0.001660,-0.043352,-0.052563,0.051848,0.000000,0.120000,0.000000,0.002449,0.015554,-0.058907,0.000000,-0.000498,-0.052065,-0.000000,0.013934,0
1790548849.5344,0.046136,-0.000978,-0.044435,-0.052372,0.046136,0.000000,0.120000,0.000000,0.032178,0.013841,-0.058276,-0.000000,-0.000293,-0.052078,0.000000,0.013675,0
1790548849.5480,0.037426,0.004785,-0.046542,-0.050578,0.037426,0.000000,0.120000,0.000000,0.061587,0.011228,-0.057770,-0.000000,0.001436,-0.052013,0.000000,0.013528,0
1790548849.5617,0.030801,0.007252,-0.048107,-0.049738,0.030801,0.000000,0.120000,0.000000,0.091360,0.009240,-0.057348,-0.000000,0.002176,-0.051914,0.000000,0.013695,0
1790548849.5758,0.026180,0.006502,-0.049124,-0.049872,0.026180,0.000000,0.120000,0.000000,0.122044,0.007854,-0.056978,-0.000000,0.001951,-0.051822,-0.000000,0.014115,0
1790548849.5898,0.016774,0.007868,-0.051711,-0.049352,0.016774,0.000000,0.120000,0.000000,0.152483,0.005032,-0.056743,-0.000000,0.002360,-0.051712,0.000000,0.014002,0
1790548849.6038,0.017177,0.005152,-0.051351,-0.050095,0.017177,0.000000,0.120000,0.000000,0.182759,0.005153,-0.056504,0.000000,0.001546,-0.051640,-0.000000,0.013927,0
1790548849.6179,0.023895,-0.006360,-0.048997,-0.053639,0.023895,0.000000,0.120000,0.000000,0.213566,0.007168,-0.056165,0.000000,-0.001908,-0.051730,-0.000000,0.014171,0
1790548849.6322,0.013137,-0.008163,-0.052042,-0.054293,0.013137,0.000000,0.120000,0.000000,0.243773,0.003941,-0.055983,-0.000000,-0.002449,-0.051844,-0.000000,0.013895,0
1790548849.6465,0.008776,-0.009005,-0.053222,-0.054676,0.008776,0.000000,0.120000,0.000000,0.275383,0.002633,-0.055855,-0.000000,-0.002701,-0.051975,-0.000000,0.014541,0
1790548849.6605,0.008419,-0.010782,-0.053211,-0.055362,0.008419,0.000000,0.120000,0.000000,0.306043,0.002526,-0.055737,-0.000000,-0.003235,-0.052127,-0.000000,0.014104,0
1790548849.6745,0.001323,-0.014517,-0.055321,-0.056686,0.001323,0.000000,0.120000,0.000000,0.336577,0.000397,-0.055718,-0.000000,-0.004355,-0.052331,-0.000000,0.014045,0
1790548849.6885,-0.004054,-0.017692,-0.056991,-0.057886,-0.004054,0.000000,0.120000,0.000000,0.366996,-0.001216,-0.055775,-0.000000,-0.005307,-0.052578,-0.000000,0.013993,0
1790548849.7025,-0.005928,-0.022522,-0.057636,-0.059650,-0.005928,0.000000,0.120000,0.000000,0.397427,-0.001778,-0.055858,-0.000000,-0.006757,-0.052894,-0.000000,0.013998,0
1790548849.7164,-0.009896,-0.025362,-0.058965,-0.060857,-0.009896,0.000000,0.120000,0.000000,0.427802,-0.002969,-0.055996,-0.000000,-0.007609,-0.053248,-0.000000,0.013973,0
1790548849.7304,-0.016915,-0.031061,-0.061307,-0.063001,-0.016915,0.000000,0.120000,0.000000,0.458228,-0.005074,-0.056233,-0.000000,-0.009318,-0.053683,-0.000000,0.013996,0
1790548849.7443,-0.022965,-0.038102,-0.063442,-0.065644,-0.022965,0.000000,0.120000,0.000000,0.488485,-0.006889,-0.056552,-0.000000,-0.011431,-0.054213,-0.000000,0.013918,0
1790548849.7582,-0.029056,-0.045775,-0.065671,-0.068579,-0.029056,0.000000,0.120000,0.000000,0.518574,-0.008717,-0.056955,-0.000000,-0.013732,-0.054847,-0.000000,0.013841,0
1790548849.7718,-0.036422,-0.052395,-0.068376,-0.071277,-0.036422,0.000000,0.120000,0.000000,0.548126,-0.010927,-0.057450,-0.000000,-0.015719,-0.055559,-0.000000,0.013594,0
1790548849.7854,-0.039531,-0.055231,-0.069848,-0.072882,-0.039531,0.000000,0.120000,0.000000,0.577782,-0.011859,-0.057989,-0.000000,-0.016569,-0.056312,-0.000000,0.013642,0
1790548849.7994,-0.040074,-0.053460,-0.070571,-0.073097,-0.040074,0.000000,0.120000,0.000000,0.608143,-0.012022,-0.058549,-0.000000,-0.016038,-0.057059,0.000000,0.013966,0
1790548849.8133,-0.040400,-0.047545,-0.071232,-0.071985,-0.040400,0.000000,0.120000,0.000000,0.638447,-0.012120,-0.059112,-0.000000,-0.014264,-0.057722,0.000000,0.013940,0
1790548849.8273,-0.034061,-0.039574,-0.069806,-0.070147,-0.034061,0.000000,0.120000,0.000000,0.668805,-0.010218,-0.059587,0.000000,-0.011872,-0.058274,0.000000,0.013965,0
1790548849.8413,-0.027979,-0.028567,-0.068372,-0.067244,-0.027979,0.000000,0.120000,0.000000,0.699212,-0.008394,-0.059979,0.000000,-0.008570,-0.058674,0.000000,0.013987,0
1790548849.8551,-0.020274,-0.014888,-0.066341,-0.063346,-0.020274,0.000000,0.120000,0.000000,0.729258,-0.006082,-0.060259,0.000000,-0.004466,-0.058880,0.000000,0.013821,0
1790548849.8690,-0.011192,0.002127,-0.063772,-0.058212,-0.011192,0.000000,0.120000,0.000000,0.759438,-0.003357,-0.060414,0.000000,0.000638,-0.058850,0.000000,0.013883,0
1790548849.8834,-0.000632,0.022002,-0.060613,-0.051944,-0.000632,0.000000,0.120000,0.000000,0.789686,-0.000190,-0.060423,0.000000,0.006601,-0.058544,0.000000,0.013914,0
1790548849.8980,-0.002248,0.030693,-0.061131,-0.048875,-0.002248,0.000000,0.120000,0.000000,0.822352,-0.000674,-0.060457,-0.000000,0.009208,-0.058083,0.000000,0.015026,0
1790548849.9119,-0.000573,0.030010,-0.060637,-0.048660,-0.000573,0.000000,0.120000,0.000000,0.852741,-0.000172,-0.060465,0.000000,0.009003,-0.057663,-0.000000,0.013979,0
1790548849.9259,0.012855,0.028709,-0.056429,-0.048651,0.012855,0.000000,0.120000,0.000000,0.883022,0.003856,-0.060286,0.000000,0.008613,-0.057263,-0.000000,0.013929,0
1790548849.9399,0.022379,0.024436,-0.053257,-0.049589,0.022379,0.000000,0.120000,0.000000,0.913606,0.006714,-0.059971,0.000000,0.007331,-0.056920,-0.000000,0.014069,0
1790548849.9539,0.035956,0.016206,-0.048680,-0.051831,0.035956,0.000000,0.120000,0.000000,0.944097,0.010787,-0.059467,0.000000,0.004862,-0.056692,-0.000000,0.014026,0
1790548849.9678,0.052858,0.006124,-0.042872,-0.054770,0.052858,0.000000,0.120000,0.000000,0.974403,0.015857,-0.058730,0.000000,0.001837,-0.056607,-0.000000,0.013941,0
1790548849.9818,0.060406,-0.001188,-0.039771,-0.056980,0.060406,0.000000,0.120000,0.000000,0.004535,0.018122,-0.057893,0.000000,-0.000356,-0.056623,-0.000000,0.013861,0
1790548849.9954,0.055007,-0.000242,-0.040640,-0.056699,0.055007,0.000000,0.120000,0.000000,0.034193,0.016502,-0.057142,-0.000000,-0.000073,-0.056627,0.000000,0.013643,0
1790548850.0090,0.047713,0.004039,-0.042179,-0.055360,0.047713,0.000000,0.120000,0.000000,0.063750,0.014314,-0.056493,-0.000000,0.001212,-0.056572,0.000000,0.013596,0
1790548850.0226,0.042389,0.004658,-0.043199,-0.055111,0.042389,0.000000,0.120000,0.000000,0.093396,0.012717,-0.055915,-0.000000,0.001397,-0.056508,0.000000,0.013637,0
1790548850.0366,0.036362,0.006678,-0.044499,-0.054412,0.036362,0.000000,0.120000,0.000000,0.123730,0.010909,-0.055408,-0.000000,0.002003,-0.056415,0.000000,0.013954,0
1790548850.0505,0.024692,0.009549,-0.047656,-0.053417,0.024692,0.000000,0.120000,0.000000,0.154068,0.007407,-0.055063,-0.000000,0.002865,-0.056282,0.000000,0.013955,0
1790548850.0644,0.019098,0.006034,-0.049068,-0.054388,0.019098,0.000000,0.120000,0.000000,0.184284,0.005730,-0.054798,-0.000000,0.001810,-0.056198,-0.000000,0.013899,0
1790548850.0784,0.016866,-0.003624,-0.049503,-0.057336,0.016866,0.000000,0.120000,0.000000,0.214644,0.005060,-0.054562,-0.000000,-0.001087,-0.056249,-0.000000,0.013966,0
1790548850.0923,0.007169,-0.001951,-0.052312,-0.056861,0.007169,0.000000,0.120000,0.000000,0.244947,0.002151,-0.054462,-0.000000,-0.000585,-0.056276,0.000000,0.013939,0
1790548850.1064,0.003537,-0.001077,-0.053352,-0.056614,0.003537,0.000000,0.120000,0.000000,0.275407,0.001061,-0.054413,-0.000000,-0.000323,-0.056291,0.000000,0.014012,0
1790548850.1204,0.001336,-0.004680,-0.053994,-0.057760,0.001336,0.000000,0.120000,0.000000,0.305794,0.000401,-0.054394,-0.000000,-0.001404,-0.056356,-0.000000,0.013978,0
1790548850.1348,-0.007349,-0.009274,-0.056703,-0.059270,-0.007349,0.000000,0.120000,0.000000,0.336581,-0.002205,-0.054498,-0.000000,-0.002782,-0.056488,-0.000000,0.014162,0
1790548850.1492,-0.009130,-0.015285,-0.057371,-0.061297,-0.009130,0.000000,0.120000,0.000000,0.368433,-0.002739,-0.054632,-0.000000,-0.004585,-0.056712,-0.000000,0.014652,0
1790548850.1633,-0.004496,-0.019026,-0.056044,-0.062687,-0.004496,0.000000,0.120000,0.000000,0.398987,-0.001349,-0.054695,0.000000,-0.005708,-0.056979,-0.000000,0.014055,0
1790548850.1773,-0.009807,-0.022524,-0.057775,-0.064053,-0.009807,0.000000,0.120000,0.000000,0.429586,-0.002942,-0.054833,-0.000000,-0.006757,-0.057296,-0.000000,0.014076,0
1790548850.1912,-0.017097,-0.030047,-0.060200,-0.066728,-0.017097,0.000000,0.120000,0.000000,0.459818,-0.005129,-0.055071,-0.000000,-0.009014,-0.057714,-0.000000,0.013907,0
1790548850.2051,-0.024844,-0.038930,-0.062870,-0.069935,-0.024844,0.000000,0.120000,0.000000,0.490060,-0.007453,-0.055417,-0.000000,-0.011679,-0.058256,-0.000000,0.013911,0
1790548850.2191,-0.033477,-0.049545,-0.065929,-0.073813,-0.033477,0.000000,0.120000,0.000000,0.520528,-0.010043,-0.055886,-0.000000,-0.014863,-0.058950,-0.000000,0.014015,0
1790548850.2329,-0.040173,-0.057416,-0.068488,-0.076962,-0.040173,0.000000,0.120000,0.000000,0.550325,-0.012052,-0.056436,-0.000000,-0.017225,-0.059737,-0.000000,0.013706,0
1790548850.2466,-0.044494,-0.059835,-0.070398,-0.078512,-0.044494,0.000000,0.120000,0.000000,0.580294,-0.013348,-0.057050,-0.000000,-0.017950,-0.060562,-0.000000,0.013786,0
1790548850.2606,-0.045888,-0.057400,-0.071460,-0.078587,-0.045888,0.000000,0.120000,0.000000,0.610779,-0.013766,-0.057693,-0.000000,-0.017220,-0.061367,0.000000,0.014023,0
1790548850.2745,-0.043440,-0.052195,-0.071327,-0.077748,-0.043440,0.000000,0.120000,0.000000,0.640897,-0.013032,-0.058295,0.000000,-0.015659,-0.062090,0.000000,0.013854,0
1790548850.2884,-0.037587,-0.043077,-0.070096,-0.075614,-0.037587,0.000000,0.120000,0.000000,0.671242,-0.011276,-0.058820,0.000000,-0.012923,-0.062691,0.000000,0.013959,0
1790548850.3024,-0.030430,-0.031995,-0.068374,-0.072737,-0.030430,0.000000,0.120000,0.000000,0.701634,-0.009129,-0.059245,0.000000,-0.009598,-0.063138,0.000000,0.013980,0
1790548850.3165,-0.023051,-0.019232,-0.066484,-0.069178,-0.023051,0.000000,0.120000,0.000000,0.732173,-0.006915,-0.059569,0.000000,-0.005770,-0.063409,0.000000,0.014048,0
1790548850.3304,-0.013201,-0.004284,-0.063714,-0.064754,-0.013201,0.000000,0.120000,0.000000,0.762544,-0.003960,-0.059754,0.000000,-0.001285,-0.063468,0.000000,0.013971,0
1790548850.3442,0.001620,0.015072,-0.059245,-0.058739,0.001620,0.000000,0.120000,0.000000,0.792537,0.000486,-0.059731,0.000000,0.004522,-0.063260,0.000000,0.013797,0
1790548850.3581,0.014172,0.035419,-0.055282,-0.052142,0.014172,0.000000,0.120000,0.000000,0.822784,0.004252,-0.059534,0.000000,0.010626,-0.062768,0.000000,0.013914,0
1790548850.3720,0.005675,0.034302,-0.057753,-0.052000,0.005675,0.000000,0.120000,0.000000,0.852992,0.001703,-0.059455,-0.000000,0.010291,-0.062291,-0.000000,0.013896,0
1790548850.3862,0.009962,0.028268,-0.056329,-0.053419,0.009962,0.000000,0.120000,0.000000,0.883081,0.002989,-0.059317,0.000000,0.008480,-0.061900,-0.000000,0.013841,0
1790548850.4005,0.015741,0.028646,-0.054366,-0.052890,0.015741,0.000000,0.120000,0.000000,0.914633,0.004722,-0.059089,0.000000,0.008594,-0.061484,0.000000,0.014514,0
1790548850.4146,0.023913,0.027225,-0.051577,-0.052931,0.023913,0.000000,0.120000,0.000000,0.945378,0.007174,-0.058751,0.000000,0.008168,-0.061099,-0.000000,0.014143,0
1790548850.4301,0.035705,0.017361,-0.047510,-0.055633,0.035705,0.000000,0.120000,0.000000,0.977598,0.010712,-0.058221,0.000000,0.005208,-0.060842,-0.000000,0.014821,0
1790548850.4451,0.045146,0.010481,-0.043975,-0.057534,0.045146,0.000000,0.120000,0.000000,0.011446,0.013544,-0.057518,0.000000,0.003144,-0.060678,-0.000000,0.015570,0
1790548850.4595,0.043702,0.007826,-0.043784,-0.058219,0.043702,0.000000,0.120000,0.000000,0.042492,0.013111,-0.056894,-0.000000,0.002348,-0.060567,-0.000000,0.014281,0
1790548850.4737,0.041848,0.008305,-0.043744,-0.057957,0.041848,0.000000,0.120000,0.000000,0.073471,0.012554,-0.056298,-0.000000,0.002492,-0.060448,0.000000,0.014251,0
1790548850.4887,0.038940,0.007410,-0.044040,-0.058116,0.038940,0.000000,0.120000,0.000000,0.105628,0.011682,-0.055722,-0.000000,0.002223,-0.060339,-0.000000,0.014792,0
1790548850.5026,0.035592,0.007564,-0.044537,-0.057962,0.035592,0.000000,0.120000,0.000000,0.136625,0.010677,-0.055215,-0.000000,0.002269,-0.060231,0.000000,0.014258,0
1790548850.5167,0.024782,0.011069,-0.047432,-0.056755,0.024782,0.000000,0.120000,0.000000,0.167116,0.007435,-0.054867,-0.000000,0.003321,-0.060076,0.000000,0.014026,0
1790548850.5309,0.022747,0.011751,-0.047716,-0.056382,0.022747,0.000000,0.120000,0.000000,0.198301,0.006824,-0.054541,-0.000000,0.003525,-0.059907,0.000000,0.014345,0
1790548850.5451,0.021700,0.007736,-0.047723,-0.057476,0.021700,0.000000,0.120000,0.000000,0.229166,0.006510,-0.054233,-0.000000,0.002321,-0.059797,-0.000000,0.014198,0
1790548850.5591,0.020500,0.011204,-0.047796,-0.056279,0.020500,0.000000,0.120000,0.000000,0.259563,0.006150,-0.053946,-0.000000,0.003361,-0.059641,0.000000,0.013983,0
1790548850.5732,0.018740,0.008403,-0.048061,-0.057002,0.018740,0.000000,0.120000,0.000000,0.290038,0.005622,-0.053683,-0.000000,0.002521,-0.059523,-0.000000,0.014018,0
1790548850.5878,0.010087,0.002120,-0.050510,-0.058856,0.010087,0.000000,0.120000,0.000000,0.321779,0.003026,-0.053536,-0.000000,0.000636,-0.059492,-0.000000,0.014601,0
1790548850.6020,0.001256,-0.003307,-0.053141,-0.060531,0.001256,0.000000,0.120000,0.000000,0.352683,0.000377,-0.053518,-0.000000,-0.000992,-0.059539,-0.000000,0.014216,0
1790548850.6162,-0.001424,-0.008493,-0.053966,-0.062208,-0.001424,0.000000,0.120000,0.000000,0.383812,-0.000427,-0.053538,-0.000000,-0.002548,-0.059660,-0.000000,0.014319,0
1790548850.6302,-0.004923,-0.013644,-0.055084,-0.063944,-0.004923,0.000000,0.120000,0.000000,0.414200,-0.001477,-0.053607,-0.000000,-0.004093,-0.059851,-0.000000,0.013978,0
1790548850.6447,-0.011590,-0.020762,-0.057248,-0.066373,-0.011590,0.000000,0.120000,0.000000,0.444960,-0.003477,-0.053771,-0.000000,-0.006229,-0.060145,-0.000000,0.014150,0
1790548850.6591,-0.020105,-0.030499,-0.060096,-0.069740,-0.020105,0.000000,0.120000,0.000000,0.476707,-0.006031,-0.054065,-0.000000,-0.009150,-0.060590,-0.000000,0.014603,0
1790548850.6732,-0.029504,-0.043675,-0.063335,-0.074313,-0.029504,0.000000,0.120000,0.000000,0.507557,-0.008851,-0.054484,-0.000000,-0.013103,-0.061210,-0.000000,0.014191,0
1790548850.6868,-0.038317,-0.052242,-0.066502,-0.077596,-0.038317,0.000000,0.120000,0.000000,0.537226,-0.011495,-0.055006,-0.000000,-0.015673,-0.061923,-0.000000,0.013648,0
1790548850.7007,-0.041677,-0.054643,-0.068086,-0.079072,-0.041677,0.000000,0.120000,0.000000,0.567282,-0.012503,-0.055583,-0.000000,-0.016393,-0.062679,-0.000000,0.013826,0
1790548850.7146,-0.042925,-0.051053,-0.069062,-0.078711,-0.042925,0.000000,0.120000,0.000000,0.597776,-0.012877,-0.056185,-0.000000,-0.015316,-0.063395,0.000000,0.014027,0
1790548850.7286,-0.041647,-0.046989,-0.069260,-0.078147,-0.041647,0.000000,0.120000,0.000000,0.628123,-0.012494,-0.056766,0.000000,-0.014097,-0.064051,0.000000,0.013960,0
1790548850.7425,-0.037060,-0.039792,-0.068398,-0.076540,-0.037060,0.000000,0.120000,0.000000,0.658272,-0.011118,-0.057280,0.000000,-0.011937,-0.064603,0.000000,0.013868,0
1790548850.7563,-0.029643,-0.029977,-0.066585,-0.074012,-0.029643,0.000000,0.120000,0.000000,0.688458,-0.008893,-0.057692,0.000000,-0.008993,-0.065019,0.000000,0.013885,0
1790548850.7703,-0.021497,-0.017552,-0.064440,-0.070529,-0.021497,0.000000,0.120000,0.000000,0.718718,-0.006449,-0.057991,0.000000,-0.005265,-0.065263,0.000000,0.013920,0
1790548850.7841,-0.012040,-0.003614,-0.061770,-0.066397,-0.012040,0.000000,0.120000,0.000000,0.748869,-0.003612,-0.058158,0.000000,-0.001084,-0.065313,0.000000,0.013870,0
1790548850.7980,-0.000230,0.014313,-0.058230,-0.060820,-0.000230,0.000000,0.120000,0.000000,0.779057,-0.000069,-0.058161,0.000000,0.004294,-0.065114,0.000000,0.013887,0
1790548850.8120,0.013868,0.035512,-0.053808,-0.053968,0.013868,0.000000,0.120000,0.000000,0.809238,0.004160,-0.057969,0.000000,0.010654,-0.064621,0.000000,0.013883,0
1790548850.8259,0.014671,0.042616,-0.053361,-0.051238,0.014671,0.000000,0.120000,0.000000,0.839763,0.004401,-0.057763,0.000000,0.012785,-0.064023,0.000000,0.014041,0
1790548850.8399,0.020159,0.043786,-0.051434,-0.050276,0.020159,0.000000,0.120000,0.000000,0.870103,0.006048,-0.057481,0.000000,0.013136,-0.063412,0.000000,0.013956,0
1790548850.8539,0.028756,0.045316,-0.048452,-0.049182,0.028756,0.000000,0.120000,0.000000,0.900557,0.008627,-0.057078,0.000000,0.013595,-0.062777,0.000000,0.014009,0
1790548850.8679,0.034981,0.043396,-0.046096,-0.049153,0.034981,0.000000,0.120000,0.000000,0.930867,0.010494,-0.056591,0.000000,0.013019,-0.062172,-0.000000,0.013942,0
1790548850.8818,0.046326,0.035230,-0.042047,-0.051112,0.046326,0.000000,0.120000,0.000000,0.961187,0.013898,-0.055945,0.000000,0.010569,-0.061681,-0.000000,0.013947,0
1790548850.8959,0.056242,0.025803,-0.038297,-0.053584,0.056242,0.000000,0.120000,0.000000,0.991146,0.016873,-0.055169,0.000000,0.007741,-0.061325,-0.000000,0.013781,0
1790548850.9102,0.056372,0.020673,-0.037440,-0.054823,0.056372,0.000000,0.120000,0.000000,0.022701,0.016912,-0.054351,0.000000,0.006202,-0.061025,-0.000000,0.014515,0
1790548850.9239,0.051717,0.019885,-0.038125,-0.054786,0.051717,0.000000,0.120000,0.000000,0.052574,0.015515,-0.053641,-0.000000,0.005966,-0.060752,-0.000000,0.013742,0
1790548850.9374,0.047961,0.019873,-0.038598,-0.054518,0.047961,0.000000,0.120000,0.000000,0.082257,0.014388,-0.052986,-0.000000,0.005962,-0.060480,-0.000000,0.013654,0
1790548850.9514,0.043292,0.019377,-0.039397,-0.054398,0.043292,0.000000,0.120000,0.000000,0.112456,0.012988,-0.052384,-0.000000,0.005813,-0.060211,-0.000000,0.013891,0
1790548850.9653,0.037192,0.019234,-0.040707,-0.054173,0.037192,0.000000,0.120000,0.000000,0.142807,0.011158,-0.051865,-0.000000,0.005770,-0.059943,-0.000000,0.013962,0
1790548850.9793,0.033800,0.018608,-0.041254,-0.054101,0.033800,0.000000,0.120000,0.000000,0.173134,0.010140,-0.051394,-0.000000,0.005582,-0.059683,-0.000000,0.013950,0
1790548850.9932,0.031692,0.013058,-0.041445,-0.055584,0.031692,0.000000,0.120000,0.000000,0.203370,0.009508,-0.050953,-0.000000,0.003917,-0.059501,-0.000000,0.013909,0
1790548851.0071,0.021729,0.012236,-0.044133,-0.055662,0.021729,0.000000,0.120000,0.000000,0.233449,0.006519,-0.050652,-0.000000,0.003671,-0.059332,-0.000000,0.013836,0
1790548851.0211,0.017722,0.013438,-0.045087,-0.055112,0.017722,0.000000,0.120000,0.000000,0.263973,0.005317,-0.050403,-0.000000,0.004031,-0.059144,0.000000,0.014041,0
1790548851.0351,0.011901,0.010370,-0.046666,-0.055887,0.011901,0.000000,0.120000,0.000000,0.294407,0.003570,-0.050237,-0.000000,0.003111,-0.058998,-0.000000,0.014000,0
1790548851.0489,0.003399,0.006517,-0.049170,-0.056953,0.003399,0.000000,0.120000,0.000000,0.324581,0.001020,-0.050189,-0.000000,0.001955,-0.058908,-0.000000,0.013880,0
1790548851.0629,-0.001049,0.001969,-0.050519,-0.058290,-0.001049,0.000000,0.120000,0.000000,0.354792,-0.000315,-0.050204,-0.000000,0.000591,-0.058881,-0.000000,0.013897,0
1790548851.0767,-0.002340,-0.002629,-0.050938,-0.059706,-0.002340,0.000000,0.120000,0.000000,0.384896,-0.000702,-0.050236,-0.000000,-0.000789,-0.058917,-0.000000,0.013848,0
1790548851.0907,-0.004147,-0.006843,-0.051539,-0.061066,-0.004147,0.000000,0.120000,0.000000,0.415306,-0.001244,-0.050294,-0.000000,-0.002053,-0.059013,-0.000000,0.013988,0
1790548851.1047,-0.008487,-0.013020,-0.052959,-0.063100,-0.008487,0.000000,0.120000,0.000000,0.445607,-0.002546,-0.050413,-0.000000,-0.003906,-0.059194,-0.000000,0.013938,0
1790548851.1187,-0.016931,-0.020914,-0.055730,-0.065762,-0.016931,0.000000,0.120000,0.000000,0.476144,-0.005079,-0.050651,-0.000000,-0.006274,-0.059488,-0.000000,0.014047,0
1790548851.1326,-0.026949,-0.031366,-0.059111,-0.069335,-0.026949,0.000000,0.120000,0.000000,0.506427,-0.008085,-0.051026,-0.000000,-0.009410,-0.059925,-0.000000,0.013930,0
1790548851.1466,-0.036889,-0.039548,-0.062600,-0.072333,-0.036889,0.000000,0.120000,0.000000,0.536334,-0.011067,-0.051533,-0.000000,-0.011864,-0.060469,-0.000000,0.013757,0
1790548851.1608,-0.042547,-0.042684,-0.064904,-0.073882,-0.042547,0.000000,0.120000,0.000000,0.567300,-0.012764,-0.052140,-0.000000,-0.012805,-0.061077,-0.000000,0.014244,0
1790548851.1749,-0.046656,-0.041394,-0.066797,-0.074081,-0.046656,0.000000,0.120000,0.000000,0.598066,-0.013997,-0.052800,-0.000000,-0.012418,-0.061663,0.000000,0.014152,0
1790548851.1889,-0.049326,-0.040022,-0.068293,-0.074233,-0.049326,0.000000,0.120000,0.000000,0.628706,-0.014798,-0.053495,-0.000000,-0.012007,-0.062227,0.000000,0.014094,0
1790548851.2028,-0.048025,-0.035198,-0.068572,-0.073277,-0.048025,0.000000,0.120000,0.000000,0.658997,-0.014407,-0.054164,0.000000,-0.010560,-0.062717,0.000000,0.013934,0
1790548851.2168,-0.041539,-0.026691,-0.067208,-0.071099,-0.041539,0.000000,0.120000,0.000000,0.689465,-0.012462,-0.054746,0.000000,-0.008007,-0.063091,0.000000,0.014015,0
1790548851.2308,-0.032058,-0.014307,-0.064813,-0.067584,-0.032058,0.000000,0.120000,0.000000,0.719899,-0.009617,-0.055195,0.000000,-0.004292,-0.063292,0.000000,0.014000,0
1790548851.2449,-0.020000,0.001143,-0.061475,-0.062933,-0.020000,0.000000,0.120000,0.000000,0.750373,-0.006000,-0.055476,0.000000,0.000343,-0.063276,0.000000,0.014018,0
1790548851.2589,-0.007654,0.018620,-0.057879,-0.057429,-0.007654,0.000000,0.120000,0.000000,0.780851,-0.002296,-0.055583,0.000000,0.005586,-0.063015,0.000000,0.014020,0
1790548851.2727,0.006100,0.037778,-0.053668,-0.051157,0.006100,0.000000,0.120000,0.000000,0.811017,0.001830,-0.055498,0.000000,0.011334,-0.062490,0.000000,0.013876,0
1790548851.2866,0.000741,0.041912,-0.055266,-0.049334,0.000741,0.000000,0.120000,0.000000,0.841260,0.000222,-0.055488,-0.000000,0.012574,-0.061907,0.000000,0.013912,0
1790548851.3006,0.001019,0.045356,-0.055168,-0.047668,0.001019,0.000000,0.120000,0.000000,0.871572,0.000306,-0.055474,0.000000,0.013607,-0.061275,0.000000,0.013944,0
1790548851.3145,0.009621,0.046216,-0.052453,-0.046764,0.009621,0.000000,0.120000,0.000000,0.901967,0.002886,-0.055339,0.000000,0.013865,-0.060629,0.000000,0.013982,0
1790548851.3285,0.015404,0.041505,-0.050504,-0.047600,0.015404,0.000000,0.120000,0.000000,0.932193,0.004621,-0.055125,0.000000,0.012452,-0.060052,-0.000000,0.013904,0
1790548851.3425,0.025635,0.031950,-0.047075,-0.050019,0.025635,0.000000,0.120000,0.000000,0.962632,0.007691,-0.054766,0.000000,0.009585,-0.059604,-0.000000,0.014002,0
1790548851.3564,0.040408,0.024228,-0.042079,-0.051998,0.040408,0.000000,0.120000,0.000000,0.992993,0.012122,-0.054202,0.000000,0.007268,-0.059266,-0.000000,0.013966,0
1790548851.3703,0.041853,0.020443,-0.041066,-0.052850,0.041853,0.000000,0.120000,0.000000,0.023085,0.012556,-0.053622,0.000000,0.006133,-0.058983,-0.000000,0.013842,0
1790548851.3839,0.038958,0.019522,-0.041403,-0.052860,0.038958,0.000000,0.120000,0.000000,0.052789,0.011687,-0.053090,-0.000000,0.005857,-0.058716,-0.000000,0.013664,0
1790548851.3978,0.036161,0.020494,-0.041750,-0.052289,0.036161,0.000000,0.120000,0.000000,0.082368,0.010848,-0.052598,-0.000000,0.006148,-0.058437,0.000000,0.013606,0
1790548851.4120,0.031083,0.021292,-0.042825,-0.051743,0.031083,0.000000,0.120000,0.000000,0.113728,0.009325,-0.052150,-0.000000,0.006388,-0.058130,0.000000,0.014426,0
1790548851.4260,0.025686,0.021734,-0.044085,-0.051307,0.025686,0.000000,0.120000,0.000000,0.144093,0.007706,-0.051791,-0.000000,0.006520,-0.057827,0.000000,0.013968,0
1790548851.4402,0.025584,0.018088,-0.043753,-0.052144,0.025584,0.000000,0.120000,0.000000,0.174893,0.007675,-0.051428,-0.000000,0.005426,-0.057570,-0.000000,0.014168,0
1790548851.4540,0.030452,0.005231,-0.041869,-0.055928,0.030452,0.000000,0.120000,0.000000,0.205128,0.009136,-0.051005,0.000000,0.001569,-0.057498,-0.000000,0.013908,0
1790548851.4681,0.018358,0.005108,-0.045240,-0.055893,0.018358,0.000000,0.120000,0.000000,0.235665,0.005507,-0.050747,-0.000000,0.001532,-0.057426,-0.000000,0.014047,0
1790548851.4821,0.013935,0.008223,-0.046372,-0.054844,0.013935,0.000000,0.120000,0.000000,0.266037,0.004181,-0.050552,-0.000000,0.002467,-0.057311,0.000000,0.013971,0
1790548851.4961,0.013816,0.009249,-0.046213,-0.054406,0.013816,0.000000,0.120000,0.000000,0.296623,0.004145,-0.050358,-0.000000,0.002775,-0.057181,0.000000,0.014070,0
1790548851.5101,0.004924,0.008555,-0.048812,-0.054495,0.004924,0.000000,0.120000,0.000000,0.327008,0.001477,-0.050289,-0.000000,0.002567,-0.057061,-0.000000,0.013977,0
1790548851.5241,-0.001857,0.003891,-0.050872,-0.055839,-0.001857,0.000000,0.120000,0.000000,0.357461,-0.000557,-0.050315,-0.000000,0.001167,-0.057007,-0.000000,0.014008,0
1790548851.5380,-0.003681,-0.001850,-0.051470,-0.057587,-0.003681,0.000000,0.120000,0.000000,0.387566,-0.001104,-0.050366,-0.000000,-0.000555,-0.057032,-0.000000,0.013848,0
1790548851.5519,-0.008293,-0.006295,-0.052970,-0.059008,-0.008293,0.000000,0.120000,0.000000,0.417869,-0.002488,-0.050482,-0.000000,-0.001888,-0.057120,-0.000000,0.013939,0
1790548851.5658,-0.013906,-0.012465,-0.054847,-0.061033,-0.013906,0.000000,0.120000,0.000000,0.448088,-0.004172,-0.050675,-0.000000,-0.003739,-0.057293,-0.000000,0.013901,0
1790548851.5797,-0.018333,-0.019984,-0.056429,-0.063566,-0.018333,0.000000,0.120000,0.000000,0.478217,-0.005500,-0.050929,-0.000000,-0.005995,-0.057570,-0.000000,0.013859,0
1790548851.5937,-0.027755,-0.029366,-0.059646,-0.066793,-0.027755,0.000000,0.120000,0.000000,0.508774,-0.008327,-0.051319,-0.000000,-0.008810,-0.057983,-0.000000,0.014056,0
1790548851.6073,-0.037515,-0.038098,-0.063087,-0.069933,-0.037515,0.000000,0.120000,0.000000,0.538491,-0.011255,-0.051832,-0.000000,-0.011429,-0.058504,-0.000000,0.013670,0
1790548851.6210,-0.042790,-0.041987,-0.065252,-0.071672,-0.042790,0.000000,0.120000,0.000000,0.568107,-0.012837,-0.052415,-0.000000,-0.012596,-0.059076,-0.000000,0.013623,0
1790548851.6352,-0.044508,-0.040570,-0.066397,-0.071821,-0.044508,0.000000,0.120000,0.000000,0.598879,-0.013352,-0.053045,-0.000000,-0.012171,-0.059650,0.000000,0.014155,0
1790548851.6495,-0.044309,-0.036011,-0.066965,-0.070963,-0.044309,0.000000,0.120000,0.000000,0.629653,-0.013293,-0.053672,0.000000,-0.010803,-0.060160,0.000000,0.014156,0
1790548851.6639,-0.043668,-0.030004,-0.067406,-0.069596,-0.043668,0.000000,0.120000,0.000000,0.661173,-0.013100,-0.054305,0.000000,-0.009001,-0.060595,0.000000,0.014499,0
1790548851.6779,-0.035329,-0.021022,-0.065400,-0.067196,-0.035329,0.000000,0.120000,0.000000,0.691662,-0.010599,-0.054801,0.000000,-0.006307,-0.060890,0.000000,0.014025,0
1790548851.6920,-0.026954,-0.007089,-0.063267,-0.063116,-0.026954,0.000000,0.120000,0.000000,0.722325,-0.008086,-0.055181,0.000000,-0.002127,-0.060990,0.000000,0.014105,0
1790548851.7060,-0.016457,0.008867,-0.060350,-0.058205,-0.016457,0.000000,0.120000,0.000000,0.752935,-0.004937,-0.055413,0.000000,0.002660,-0.060865,0.000000,0.014081,0
1790548851.7200,-0.004947,0.027351,-0.056966,-0.052276,-0.004947,0.000000,0.120000,0.000000,0.783418,-0.001484,-0.055482,0.000000,0.008205,-0.060481,0.000000,0.014022,0
1790548851.7340,0.002400,0.043844,-0.054729,-0.046716,0.002400,0.000000,0.120000,0.000000,0.813765,0.000720,-0.055449,0.000000,0.013153,-0.059869,0.000000,0.013959,0
1790548851.7479,-0.006735,0.044135,-0.057563,-0.046015,-0.006735,0.000000,0.120000,0.000000,0.844012,-0.002021,-0.055542,-0.000000,0.013241,-0.059255,0.000000,0.013914,0
1790548851.7619,0.002322,0.039898,-0.054813,-0.046727,0.002322,0.000000,0.120000,0.000000,0.874470,0.000697,-0.055510,0.000000,0.011970,-0.058696,-0.000000,0.014011,0
1790548851.7759,0.011881,0.041223,-0.051779,-0.045752,0.011881,0.000000,0.120000,0.000000,0.904904,0.003564,-0.055344,0.000000,0.012367,-0.058119,0.000000,0.013999,0
1790548851.7899,0.016949,0.037417,-0.050022,-0.046370,0.016949,0.000000,0.120000,0.000000,0.935346,0.005085,-0.055106,0.000000,0.011225,-0.057595,-0.000000,0.014004,0
1790548851.8038,0.028730,0.028173,-0.046090,-0.048754,0.028730,0.000000,0.120000,0.000000,0.965411,0.008619,-0.054709,0.000000,0.008452,-0.057206,-0.000000,0.013829,0
1790548851.8177,0.038279,0.022035,-0.042691,-0.050287,0.038279,0.000000,0.120000,0.000000,0.995768,0.011484,-0.054174,0.000000,0.006611,-0.056898,-0.000000,0.013964,0
1790548851.8317,0.037587,0.019664,-0.042372,-0.050724,0.037587,0.000000,0.120000,0.000000,0.026180,0.011276,-0.053648,-0.000000,0.005899,-0.056623,-0.000000,0.013990,0
1790548851.8454,0.032082,0.021468,-0.043585,-0.049889,0.032082,0.000000,0.120000,0.000000,0.055924,0.009625,-0.053210,-0.000000,0.006440,-0.056329,0.000000,0.013682,0
1790548851.8590,0.026745,0.021806,-0.044821,-0.049489,0.026745,0.000000,0.120000,0.000000,0.085627,0.008023,-0.052844,-0.000000,0.006542,-0.056031,0.000000,0.013664,0
1790548851.8730,0.022105,0.021344,-0.045903,-0.049329,0.022105,0.000000,0.120000,0.000000,0.116017,0.006632,-0.052535,-0.000000,0.006403,-0.055733,-0.000000,0.013979,0
1790548851.8869,0.012902,0.022863,-0.048486,-0.048558,0.012902,0.000000,0.120000,0.000000,0.146056,0.003871,-0.052357,-0.000000,0.006859,-0.055417,0.000000,0.013818,0
1790548851.9012,0.007657,0.019868,-0.049952,-0.049177,0.007657,0.000000,0.120000,0.000000,0.176638,0.002297,-0.052249,-0.000000,0.005960,-0.055137,-0.000000,0.014068,0
1790548851.9154,0.011758,0.006515,-0.048552,-0.053089,0.011758,0.000000,0.120000,0.000000,0.207963,0.003527,-0.052080,0.000000,0.001954,-0.055043,-0.000000,0.014410,0
1790548851.9294,0.004286,-0.000578,-0.050734,-0.055225,0.004286,0.000000,0.120000,0.000000,0.238571,0.001286,-0.052019,-0.000000,-0.000173,-0.055052,-0.000000,0.014080,0
1790548851.9434,-0.006989,-0.003066,-0.054214,-0.056014,-0.006989,0.000000,0.120000,0.000000,0.269034,-0.002097,-0.052117,-0.000000,-0.000920,-0.055095,-0.000000,0.014013,0
1790548851.9573,-0.006769,-0.005707,-0.054242,-0.056886,-0.006769,0.000000,0.120000,0.000000,0.299222,-0.002031,-0.052211,0.000000,-0.001712,-0.055174,-0.000000,0.013886,0
1790548851.9713,-0.009800,-0.005036,-0.055288,-0.056755,-0.009800,0.000000,0.120000,0.000000,0.329677,-0.002940,-0.052349,-0.000000,-0.001511,-0.055244,0.000000,0.014009,0
1790548851.9853,-0.013950,-0.006084,-0.056729,-0.057155,-0.013950,0.000000,0.120000,0.000000,0.360150,-0.004185,-0.052544,-0.000000,-0.001825,-0.055330,-0.000000,0.014017,0
1790548851.9992,-0.011686,-0.010823,-0.056212,-0.058727,-0.011686,0.000000,0.120000,0.000000,0.390310,-0.003506,-0.052706,0.000000,-0.003247,-0.055480,-0.000000,0.013874,0
1790548852.0131,-0.015928,-0.015782,-0.057705,-0.060433,-0.015928,0.000000,0.120000,0.000000,0.420453,-0.004778,-0.052927,-0.000000,-0.004735,-0.055699,-0.000000,0.013866,0
1790548852.0272,-0.021356,-0.020262,-0.059632,-0.062060,-0.021356,0.000000,0.120000,0.000000,0.450807,-0.006407,-0.053225,-0.000000,-0.006079,-0.055982,-0.000000,0.013963,0
1790548852.0413,-0.027709,-0.026294,-0.061932,-0.064243,-0.027709,0.000000,0.120000,0.000000,0.481711,-0.008313,-0.053619,-0.000000,-0.007888,-0.056355,-0.000000,0.014215,0
1790548852.0553,-0.033793,-0.033569,-0.064233,-0.066899,-0.033793,0.000000,0.120000,0.000000,0.512320,-0.010138,-0.054095,-0.000000,-0.010071,-0.056828,-0.000000,0.014080,0
1790548852.0689,-0.039949,-0.039800,-0.066621,-0.069307,-0.039949,0.000000,0.120000,0.000000,0.541774,-0.011985,-0.054636,-0.000000,-0.011940,-0.057367,-0.000000,0.013549,0
1790548852.0826,-0.045009,-0.044281,-0.068754,-0.071257,-0.045009,0.000000,0.120000,0.000000,0.571480,-0.013503,-0.055251,-0.000000,-0.013284,-0.057972,-0.000000,0.013665,0
1790548852.0966,-0.046673,-0.043847,-0.069909,-0.071742,-0.046673,0.000000,0.120000,0.000000,0.602006,-0.014002,-0.055907,-0.000000,-0.013154,-0.058588,0.000000,0.014042,0
1790548852.1104,-0.047078,-0.038797,-0.070684,-0.070766,-0.047078,0.000000,0.120000,0.000000,0.632227,-0.014123,-0.056561,-0.000000,-0.011639,-0.059127,0.000000,0.013902,0
1790548852.1244,-0.044394,-0.030180,-0.070496,-0.068600,-0.044394,0.000000,0.120000,0.000000,0.662419,-0.013318,-0.057178,0.000000,-0.009054,-0.059546,0.000000,0.013888,0
1790548852.1383,-0.036644,-0.020389,-0.068683,-0.065948,-0.036644,0.000000,0.120000,0.000000,0.692774,-0.010993,-0.057689,0.000000,-0.006117,-0.059831,0.000000,0.013963,0
1790548852.1528,-0.028059,-0.007344,-0.066505,-0.062139,-0.028059,0.000000,0.120000,0.000000,0.723606,-0.008418,-0.058087,0.000000,-0.002203,-0.059935,0.000000,0.014183,0
1790548852.1670,-0.015953,0.008387,-0.063104,-0.057298,-0.015953,0.000000,0.120000,0.000000,0.755113,-0.004786,-0.058318,0.000000,0.002516,-0.059814,0.000000,0.014493,0
1790548852.1800,-0.002857,0.025008,-0.059213,-0.051982,-0.002857,0.000000,0.120000,0.000000,0.783788,-0.000857,-0.058356,0.000000,0.007502,-0.059484,0.000000,0.013191,0
1790548852.1931,0.005781,0.040940,-0.056546,-0.046668,0.005781,0.000000,0.120000,0.000000,0.812143,0.001734,-0.058281,0.000000,0.012282,-0.058950,0.000000,0.013043,0
1790548852.2062,-0.003532,0.040359,-0.059386,-0.046318,-0.003532,0.000000,0.120000,0.000000,0.840390,-0.001059,-0.058327,-0.000000,0.012108,-0.058426,-0.000000,0.012994,0
1790548852.2202,0.002134,0.034998,-0.057657,-0.047439,0.002134,0.000000,0.120000,0.000000,0.870672,0.000640,-0.058297,0.000000,0.010499,-0.057938,-0.000000,0.013930,0
1790548852.2342,0.011480,0.030862,-0.054692,-0.048248,0.011480,0.000000,0.120000,0.000000,0.901069,0.003444,-0.058136,0.000000,0.009259,-0.057507,-0.000000,0.013983,0
1790548852.2481,0.019510,0.027035,-0.052012,-0.049020,0.019510,0.000000,0.120000,0.000000,0.931279,0.005853,-0.057865,0.000000,0.008111,-0.057131,-0.000000,0.013897,0
1790548852.2621,0.031655,0.017101,-0.047925,-0.051761,0.031655,0.000000,0.120000,0.000000,0.961726,0.009497,-0.057422,0.000000,0.005130,-0.056891,-0.000000,0.014006,0
1790548852.2760,0.043513,0.010574,-0.043761,-0.053572,0.043513,0.000000,0.120000,0.000000,0.992071,0.013054,-0.056815,0.000000,0.003172,-0.056744,-0.000000,0.013959,0
1790548852.2899,0.044584,0.007824,-0.042818,-0.054287,0.044584,0.000000,0.120000,0.000000,0.022379,0.013375,-0.056193,0.000000,0.002347,-0.056635,-0.000000,0.013942,0
1790548852.3036,0.038257,0.009832,-0.044195,-0.053551,0.038257,0.000000,0.120000,0.000000,0.051984,0.011477,-0.055672,-0.000000,0.002949,-0.056501,0.000000,0.013618,0
1790548852.3172,0.034027,0.011509,-0.045002,-0.052892,0.034027,0.000000,0.120000,0.000000,0.081519,0.010208,-0.055210,-0.000000,0.003453,-0.056344,0.000000,0.013586,0
1790548852.3312,0.028797,0.011876,-0.046165,-0.052614,0.028797,0.000000,0.120000,0.000000,0.112103,0.008639,-0.054805,-0.000000,0.003563,-0.056177,0.000000,0.014069,0
1790548852.3450,0.020123,0.012951,-0.048490,-0.052113,0.020123,0.000000,0.120000,0.000000,0.142140,0.006037,-0.054526,-0.000000,0.003885,-0.055998,0.000000,0.013817,0
1790548852.3589,0.018188,0.014592,-0.048818,-0.051418,0.018188,0.000000,0.120000,0.000000,0.172326,0.005456,-0.054274,-0.000000,0.004378,-0.055796,0.000000,0.013885,0
1790548852.3729,0.024121,0.003340,-0.046701,-0.054747,0.024121,0.000000,0.120000,0.000000,0.202711,0.007236,-0.053937,0.000000,0.001002,-0.055749,-0.000000,0.013977,0
1790548852.3869,0.015097,-0.000733,-0.049197,-0.055979,0.015097,0.000000,0.120000,0.000000,0.233115,0.004529,-0.053726,-0.000000,-0.000220,-0.055759,-0.000000,0.013986,0
1790548852.4008,0.008139,-0.002799,-0.051171,-0.056638,0.008139,0.000000,0.120000,0.000000,0.263374,0.002442,-0.053612,-0.000000,-0.000840,-0.055798,-0.000000,0.013919,0
1790548852.4151,0.007169,-0.006445,-0.051360,-0.057823,0.007169,0.000000,0.120000,0.000000,0.294137,0.002151,-0.053511,-0.000000,-0.001934,-0.055889,-0.000000,0.014151,0
1790548852.4292,0.000427,-0.008594,-0.053377,-0.058589,0.000427,0.000000,0.120000,0.000000,0.324886,0.000128,-0.053505,-0.000000,-0.002578,-0.056011,-0.000000,0.014144,0
1790548852.4433,-0.003404,-0.011713,-0.054574,-0.059690,-0.003404,0.000000,0.120000,0.000000,0.355612,-0.001021,-0.053553,-0.000000,-0.003514,-0.056177,-0.000000,0.014134,0
1790548852.4571,-0.003566,-0.015612,-0.054672,-0.061076,-0.003566,0.000000,0.120000,0.000000,0.385734,-0.001070,-0.053602,-0.000000,-0.004684,-0.056393,-0.000000,0.013856,0
1790548852.4710,-0.007296,-0.017952,-0.055893,-0.062028,-0.007296,0.000000,0.120000,0.000000,0.415978,-0.002189,-0.053704,-0.000000,-0.005386,-0.056643,-0.000000,0.013912,0
1790548852.4850,-0.014478,-0.023591,-0.058250,-0.064050,-0.014478,0.000000,0.120000,0.000000,0.446354,-0.004343,-0.053906,-0.000000,-0.007077,-0.056972,-0.000000,0.013973,0
1790548852.4990,-0.022304,-0.030848,-0.060910,-0.066659,-0.022304,0.000000,0.120000,0.000000,0.476827,-0.006691,-0.054219,-0.000000,-0.009254,-0.057405,-0.000000,0.014018,0
1790548852.5141,-0.030489,-0.040574,-0.063808,-0.070166,-0.030489,0.000000,0.120000,0.000000,0.508367,-0.009147,-0.054661,-0.000000,-0.012172,-0.057993,-0.000000,0.014509,0
1790548852.5294,-0.039590,-0.049094,-0.067158,-0.073491,-0.039590,0.000000,0.120000,0.000000,0.542422,-0.011877,-0.055281,-0.000000,-0.014728,-0.058762,-0.000000,0.015665,0
1790548852.5441,-0.043831,-0.052596,-0.069072,-0.075311,-0.043831,0.000000,0.120000,0.000000,0.574219,-0.013149,-0.055922,-0.000000,-0.015779,-0.059532,-0.000000,0.014627,0
1790548852.5586,-0.045048,-0.050992,-0.070094,-0.075573,-0.045048,0.000000,0.120000,0.000000,0.605911,-0.013514,-0.056579,-0.000000,-0.015298,-0.060275,0.000000,0.014579,0
1790548852.5734,-0.044170,-0.046265,-0.070473,-0.074828,-0.044170,0.000000,0.120000,0.000000,0.637554,-0.013251,-0.057222,0.000000,-0.013879,-0.060949,0.000000,0.014555,0
1790548852.5874,-0.040466,-0.038649,-0.069947,-0.073101,-0.040466,0.000000,0.120000,0.000000,0.668963,-0.012140,-0.057807,0.000000,-0.011595,-0.061507,0.000000,0.014448,0
1790548852.6012,-0.032371,-0.028455,-0.067966,-0.070437,-0.032371,0.000000,0.120000,0.000000,0.699049,-0.009711,-0.058255,0.000000,-0.008537,-0.061901,0.000000,0.013840,0
1790548852.6153,-0.023028,-0.014521,-0.065486,-0.066461,-0.023028,0.000000,0.120000,0.000000,0.729506,-0.006908,-0.058577,0.000000,-0.004356,-0.062104,0.000000,0.014010,0
1790548852.6293,-0.010822,0.000890,-0.061975,-0.061825,-0.010822,0.000000,0.120000,0.000000,0.759905,-0.003247,-0.058729,0.000000,0.000267,-0.062092,0.000000,0.013984,0
1790548852.6433,0.001003,0.016920,-0.058414,-0.056778,0.001003,0.000000,0.120000,0.000000,0.790429,0.000301,-0.058715,0.000000,0.005076,-0.061854,0.000000,0.014041,0
1790548852.6577,0.003385,0.024296,-0.057651,-0.054221,0.003385,0.000000,0.120000,0.000000,0.821204,0.001015,-0.058667,0.000000,0.007289,-0.061510,0.000000,0.014156,0
1790548852.6719,0.005678,0.025950,-0.056881,-0.053351,0.005678,0.000000,0.120000,0.000000,0.852562,0.001703,-0.058585,0.000000,0.007785,-0.061136,0.000000,0.014425,0
1790548852.6859,0.014043,0.027831,-0.054176,-0.052398,0.014043,0.000000,0.120000,0.000000,0.882945,0.004213,-0.058389,0.000000,0.008349,-0.060747,0.000000,0.013976,0
1790548852.6999,0.023399,0.027153,-0.051040,-0.052220,0.023399,0.000000,0.120000,0.000000,0.913467,0.007020,-0.058060,0.000000,0.008146,-0.060366,-0.000000,0.014040,0
1790548852.7139,0.034572,0.020067,-0.047205,-0.054065,0.034572,0.000000,0.120000,0.000000,0.943862,0.010372,-0.057577,0.000000,0.006020,-0.060085,-0.000000,0.013982,0
1790548852.7280,0.049457,0.008764,-0.042043,-0.057332,0.049457,0.000000,0.120000,0.000000,0.974484,0.014837,-0.056880,0.000000,0.002629,-0.059962,-0.000000,0.014086,0
1790548852.7422,0.058169,0.001235,-0.038602,-0.059573,0.058169,0.000000,0.120000,0.000000,0.005411,0.017451,-0.056052,0.000000,0.000371,-0.059944,-0.000000,0.014227,0
1790548852.7558,0.057382,-0.002310,-0.038055,-0.060669,0.057382,0.000000,0.120000,0.000000,0.035073,0.017214,-0.055270,-0.000000,-0.000693,-0.059976,-0.000000,0.013644,0
1790548852.7695,0.054139,-0.001465,-0.038289,-0.060435,0.054139,0.000000,0.120000,0.000000,0.064749,0.016242,-0.054530,-0.000000,-0.000439,-0.059996,0.000000,0.013651,0
1790548852.7830,0.045703,-0.001073,-0.040201,-0.060332,0.045703,0.000000,0.120000,0.000000,0.094187,0.013711,-0.053912,-0.000000,-0.000322,-0.060010,0.000000,0.013541,0
1790548852.7970,0.036534,-0.000320,-0.042441,-0.060111,0.036534,0.000000,0.120000,0.000000,0.124579,0.010960,-0.053401,-0.000000,-0.000096,-0.060015,0.000000,0.013980,0
1790548852.8109,0.026321,0.001490,-0.045137,-0.059547,0.026321,0.000000,0.120000,0.000000,0.154953,0.007896,-0.053033,-0.000000,0.000447,-0.059994,0.000000,0.013972,0
1790548852.8249,0.015836,0.006274,-0.048061,-0.058024,0.015836,0.000000,0.120000,0.000000,0.185308,0.004751,-0.052812,-0.000000,0.001882,-0.059906,0.000000,0.013963,0
1790548852.8390,0.015351,0.004716,-0.047991,-0.058425,0.015351,0.000000,0.120000,0.000000,0.215872,0.004605,-0.052596,-0.000000,0.001415,-0.059840,-0.000000,0.014060,0
1790548852.8529,0.013915,0.007475,-0.048229,-0.057494,0.013915,0.000000,0.120000,0.000000,0.246045,0.004174,-0.052403,-0.000000,0.002243,-0.059736,0.000000,0.013880,0
1790548852.8668,0.011337,0.009265,-0.048843,-0.056827,0.011337,0.000000,0.120000,0.000000,0.276447,0.003401,-0.052244,-0.000000,0.002779,-0.059607,0.000000,0.013985,0
1790548852.8809,0.002398,0.004402,-0.051491,-0.058224,0.002398,0.000000,0.120000,0.000000,0.307043,0.000719,-0.052211,-0.000000,0.001321,-0.059545,-0.000000,0.014074,0
1790548852.8948,-0.004647,-0.004790,-0.053669,-0.061048,-0.004647,0.000000,0.120000,0.000000,0.337142,-0.001394,-0.052275,-0.000000,-0.001437,-0.059611,-0.000000,0.013846,0
1790548852.9091,-0.008861,-0.009537,-0.055058,-0.062606,-0.008861,0.000000,0.120000,0.000000,0.367664,-0.002658,-0.052399,-0.000000,-0.002861,-0.059745,-0.000000,0.014040,0
1790548852.9234,-0.007017,-0.012766,-0.054606,-0.063760,-0.007017,0.000000,0.120000,0.000000,0.399231,-0.002105,-0.052501,0.000000,-0.003830,-0.059930,-0.000000,0.014521,0
1790548852.9374,-0.009602,-0.018702,-0.055517,-0.065804,-0.009602,0.000000,0.120000,0.000000,0.429783,-0.002881,-0.052636,-0.000000,-0.005610,-0.060193,-0.000000,0.014054,0
1790548852.9513,-0.018386,-0.024570,-0.058409,-0.067907,-0.018386,0.000000,0.120000,0.000000,0.460152,-0.005516,-0.052893,-0.000000,-0.007371,-0.060536,-0.000000,0.013969,0
1790548852.9653,-0.028943,-0.034135,-0.061981,-0.071254,-0.028943,0.000000,0.120000,0.000000,0.490539,-0.008683,-0.053298,-0.000000,-0.010241,-0.061013,-0.000000,0.013978,0
1790548852.9791,-0.036390,-0.045542,-0.064717,-0.075305,-0.036390,0.000000,0.120000,0.000000,0.520568,-0.010917,-0.053800,-0.000000,-0.013663,-0.061643,-0.000000,0.013813,0
1790548852.9927,-0.042073,-0.053252,-0.066994,-0.078342,-0.042073,0.000000,0.120000,0.000000,0.550115,-0.012622,-0.054372,-0.000000,-0.015976,-0.062366,-0.000000,0.013592,0
1790548853.0063,-0.044073,-0.055010,-0.068193,-0.079617,-0.044073,0.000000,0.120000,0.000000,0.579651,-0.013222,-0.054971,-0.000000,-0.016503,-0.063114,-0.000000,0.013586,0
1790548853.0202,-0.045005,-0.051507,-0.069099,-0.079283,-0.045005,0.000000,0.120000,0.000000,0.609904,-0.013501,-0.055597,-0.000000,-0.015452,-0.063830,0.000000,0.013916,0
1790548853.0341,-0.040870,-0.046132,-0.068425,-0.078309,-0.040870,0.000000,0.120000,0.000000,0.640037,-0.012261,-0.056164,0.000000,-0.013839,-0.064470,0.000000,0.013861,0
1790548853.0481,-0.041249,-0.037770,-0.069117,-0.076330,-0.041249,0.000000,0.120000,0.000000,0.670501,-0.012375,-0.056742,-0.000000,-0.011331,-0.064999,0.000000,0.014014,0
1790548853.0621,-0.035777,-0.027867,-0.067976,-0.073750,-0.035777,0.000000,0.120000,0.000000,0.700965,-0.010733,-0.057243,0.000000,-0.008360,-0.065390,0.000000,0.014013,0
1790548853.0760,-0.028705,-0.014682,-0.066256,-0.070000,-0.028705,0.000000,0.120000,0.000000,0.731355,-0.008611,-0.057644,0.000000,-0.004405,-0.065595,0.000000,0.013979,0
1790548853.0900,-0.017181,0.000592,-0.063037,-0.065409,-0.017181,0.000000,0.120000,0.000000,0.761463,-0.005154,-0.057882,0.000000,0.000178,-0.065587,0.000000,0.013850,0
1790548853.1039,-0.004196,0.018661,-0.059200,-0.059728,-0.004196,0.000000,0.120000,0.000000,0.791775,-0.001259,-0.057941,0.000000,0.005598,-0.065327,0.000000,0.013943,0
1790548853.1179,0.008441,0.038876,-0.055291,-0.053120,0.008441,0.000000,0.120000,0.000000,0.822176,0.002532,-0.057823,0.000000,0.011663,-0.064783,0.000000,0.013984,0
1790548853.1318,0.006038,0.038843,-0.055928,-0.052591,0.006038,0.000000,0.120000,0.000000,0.852332,0.001811,-0.057739,-0.000000,0.011653,-0.064244,-0.000000,0.013872,0
1790548853.1457,0.010440,0.036110,-0.054461,-0.052906,0.010440,0.000000,0.120000,0.000000,0.882721,0.003132,-0.057593,0.000000,0.010833,-0.063739,-0.000000,0.013979,0
1790548853.1601,0.020482,0.037097,-0.051160,-0.052086,0.020482,0.000000,0.120000,0.000000,0.913413,0.006144,-0.057304,0.000000,0.011129,-0.063216,0.000000,0.014118,0
1790548853.1743,0.028922,0.032745,-0.048211,-0.052921,0.028922,0.000000,0.120000,0.000000,0.944678,0.008677,-0.056888,0.000000,0.009824,-0.062745,-0.000000,0.014382,0
1790548853.1884,0.043417,0.020338,-0.043250,-0.056356,0.043417,0.000000,0.120000,0.000000,0.975363,0.013025,-0.056275,0.000000,0.006101,-0.062458,-0.000000,0.014115,0
1790548853.2023,0.058490,0.011145,-0.037914,-0.058959,0.058490,0.000000,0.120000,0.000000,0.005635,0.017547,-0.055461,0.000000,0.003343,-0.062302,-0.000000,0.013925,0
1790548853.2159,0.058777,0.007201,-0.037023,-0.060044,0.058777,0.000000,0.120000,0.000000,0.035388,0.017633,-0.054656,0.000000,0.002160,-0.062204,-0.000000,0.013686,0
1790548853.2296,0.053935,0.005484,-0.037740,-0.060484,0.053935,0.000000,0.120000,0.000000,0.065025,0.016181,-0.053921,-0.000000,0.001645,-0.062129,-0.000000,0.013633,0
1790548853.2432,0.052597,0.004519,-0.037424,-0.060711,0.052597,0.000000,0.120000,0.000000,0.094714,0.015779,-0.053203,-0.000000,0.001356,-0.062067,-0.000000,0.013657,0
1790548853.2572,0.047895,0.004057,-0.038163,-0.060794,0.047895,0.000000,0.120000,0.000000,0.125165,0.014369,-0.052532,-0.000000,0.001217,-0.062010,-0.000000,0.014007,0
1790548853.2712,0.037024,0.004917,-0.040907,-0.060467,0.037024,0.000000,0.120000,0.000000,0.155541,0.011107,-0.052014,-0.000000,0.001475,-0.061942,0.000000,0.013973,0
1790548853.2851,0.017832,0.015383,-0.046417,-0.057113,0.017832,0.000000,0.120000,0.000000,0.185773,0.005349,-0.051767,-0.000000,0.004615,-0.061728,0.000000,0.013907,0
1790548853.2990,0.015495,0.013158,-0.046903,-0.057598,0.015495,0.000000,0.120000,0.000000,0.215906,0.004649,-0.051552,-0.000000,0.003947,-0.061545,-0.000000,0.013861,0
1790548853.3130,0.011986,0.015405,-0.047788,-0.056708,0.011986,0.000000,0.120000,0.000000,0.246373,0.003596,-0.051384,-0.000000,0.004622,-0.061330,0.000000,0.014015,0
1790548853.3269,0.003962,0.020355,-0.050140,-0.054941,0.003962,0.000000,0.120000,0.000000,0.276491,0.001189,-0.051329,-0.000000,0.006106,-0.061048,0.000000,0.013854,0
1790548853.3408,-0.001153,0.013607,-0.051691,-0.056775,-0.001153,0.000000,0.120000,0.000000,0.306864,-0.000346,-0.051345,-0.000000,0.004082,-0.060857,-0.000000,0.013972,0
1790548853.3546,-0.007651,0.005920,-0.053746,-0.059000,-0.007651,0.000000,0.120000,0.000000,0.336908,-0.002295,-0.051451,-0.000000,0.001776,-0.060776,-0.000000,0.013820,0
1790548853.3686,-0.019580,0.000180,-0.057597,-0.060719,-0.019580,0.000000,0.120000,0.000000,0.367200,-0.005874,-0.051724,-0.000000,0.000054,-0.060773,-0.000000,0.013934,0
1790548853.3824,-0.019760,-0.005023,-0.057927,-0.062350,-0.019760,0.000000,0.120000,0.000000,0.397455,-0.005928,-0.051999,-0.000000,-0.001507,-0.060843,-0.000000,0.013917,0
1790548853.3963,-0.023278,-0.009346,-0.059304,-0.063776,-0.023278,0.000000,0.120000,0.000000,0.427498,-0.006983,-0.052320,-0.000000,-0.002804,-0.060972,-0.000000,0.013820,0
1790548853.4103,-0.035549,-0.015525,-0.063477,-0.065844,-0.035549,0.000000,0.120000,0.000000,0.457580,-0.010665,-0.052812,-0.000000,-0.004657,-0.061187,-0.000000,0.013838,0
1790548853.4247,-0.047500,-0.026514,-0.067750,-0.069525,-0.047500,0.000000,0.120000,0.000000,0.489071,-0.014250,-0.053500,-0.000000,-0.007954,-0.061571,-0.000000,0.014486,0
1790548853.4386,-0.057499,-0.042418,-0.071552,-0.074888,-0.057499,0.000000,0.120000,0.000000,0.519405,-0.017250,-0.054303,-0.000000,-0.012725,-0.062163,-0.000000,0.013953,0
1790548853.4524,-0.065581,-0.051464,-0.074877,-0.078308,-0.065581,0.000000,0.120000,0.000000,0.549241,-0.019674,-0.055203,-0.000000,-0.015439,-0.062869,-0.000000,0.013725,0
1790548853.4660,-0.068779,-0.053425,-0.076778,-0.079628,-0.068779,0.000000,0.120000,0.000000,0.579003,-0.020634,-0.056144,-0.000000,-0.016027,-0.063601,-0.000000,0.013690,0
1790548853.4800,-0.071307,-0.052435,-0.078533,-0.080064,-0.071307,0.000000,0.120000,0.000000,0.609381,-0.021392,-0.057141,-0.000000,-0.015730,-0.064333,0.000000,0.013974,0
1790548853.4939,-0.071279,-0.050494,-0.079512,-0.080181,-0.071279,0.000000,0.120000,0.000000,0.639503,-0.021384,-0.058128,0.000000,-0.015148,-0.065033,0.000000,0.013856,0
1790548853.5079,-0.064689,-0.044661,-0.078444,-0.079059,-0.064689,0.000000,0.120000,0.000000,0.670048,-0.019407,-0.059037,0.000000,-0.013398,-0.065661,0.000000,0.014050,0
1790548853.5219,-0.057471,-0.034090,-0.077084,-0.076365,-0.057471,0.000000,0.120000,0.000000,0.700495,-0.017241,-0.059842,0.000000,-0.010227,-0.066138,0.000000,0.014006,0
1790548853.5358,-0.048173,-0.020738,-0.074968,-0.072650,-0.048173,0.000000,0.120000,0.000000,0.730896,-0.014452,-0.060516,0.000000,-0.006221,-0.066428,0.000000,0.013984,0
1790548853.5497,-0.036689,-0.005237,-0.072029,-0.068072,-0.036689,0.000000,0.120000,0.000000,0.760905,-0.011007,-0.061022,0.000000,-0.001571,-0.066500,0.000000,0.013804,0
1790548853.5636,-0.022215,0.013211,-0.067997,-0.062353,-0.022215,0.000000,0.120000,0.000000,0.791246,-0.006665,-0.061332,0.000000,0.003963,-0.066316,0.000000,0.013957,0
1790548853.5775,-0.002338,0.035923,-0.062066,-0.055039,-0.002338,0.000000,0.120000,0.000000,0.821522,-0.000701,-0.061365,0.000000,0.010777,-0.065816,0.000000,0.013927,0
1790548853.5914,-0.008849,0.040014,-0.064142,-0.053257,-0.008849,0.000000,0.120000,0.000000,0.851640,-0.002655,-0.061488,-0.000000,0.012004,-0.065261,0.000000,0.013855,0
1790548853.6054,0.001317,0.030901,-0.061074,-0.055558,0.001317,0.000000,0.120000,0.000000,0.882084,0.000395,-0.061469,0.000000,0.009270,-0.064829,-0.000000,0.014004,0
1790548853.6194,0.012910,0.030169,-0.057415,-0.055354,0.012910,0.000000,0.120000,0.000000,0.912604,0.003873,-0.061288,0.000000,0.009051,-0.064405,-0.000000,0.014040,0
1790548853.6334,0.016662,0.022941,-0.056058,-0.057204,0.016662,0.000000,0.120000,0.000000,0.942817,0.004999,-0.061056,0.000000,0.006882,-0.064086,-0.000000,0.013898,0
1790548853.6474,0.028163,0.015349,-0.052215,-0.059268,0.028163,0.000000,0.120000,0.000000,0.973079,0.008449,-0.060664,0.000000,0.004605,-0.063873,-0.000000,0.013921,0
1790548853.6617,0.037360,0.010437,-0.048926,-0.060593,0.037360,0.000000,0.120000,0.000000,0.003955,0.011208,-0.060134,0.000000,0.003131,-0.063724,-0.000000,0.014203,0
1790548853.6758,0.035282,0.007480,-0.049049,-0.061374,0.035282,0.000000,0.120000,0.000000,0.034799,0.010584,-0.059633,-0.000000,0.002244,-0.063618,-0.000000,0.014189,0
1790548853.6895,0.031922,0.007604,-0.049615,-0.061232,0.031922,0.000000,0.120000,0.000000,0.064833,0.009577,-0.059192,-0.000000,0.002281,-0.063513,0.000000,0.013816,0
1790548853.7032,0.031267,0.007494,-0.049384,-0.061162,0.031267,0.000000,0.120000,0.000000,0.094585,0.009380,-0.058764,-0.000000,0.002248,-0.063411,-0.000000,0.013686,0
1790548853.7172,0.028835,0.007066,-0.049710,-0.061192,0.028835,0.000000,0.120000,0.000000,0.125009,0.008651,-0.058361,-0.000000,0.002120,-0.063312,-0.000000,0.013995,0
1790548853.7310,0.023610,0.008150,-0.050951,-0.060754,0.023610,0.000000,0.120000,0.000000,0.155103,0.007083,-0.058034,-0.000000,0.002445,-0.063199,0.000000,0.013843,0
1790548853.7450,0.017487,0.008892,-0.052542,-0.060406,0.017487,0.000000,0.120000,0.000000,0.185586,0.005246,-0.057788,-0.000000,0.002668,-0.063074,0.000000,0.014022,0
1790548853.7589,0.015267,0.005463,-0.052997,-0.061359,0.015267,0.000000,0.120000,0.000000,0.215723,0.004580,-0.057577,-0.000000,0.001639,-0.062998,-0.000000,0.013863,0
1790548853.7729,0.013115,0.010841,-0.053458,-0.059594,0.013115,0.000000,0.120000,0.000000,0.246200,0.003935,-0.057393,-0.000000,0.003252,-0.062846,0.000000,0.014019,0
1790548853.7870,0.011352,0.015347,-0.053828,-0.058026,0.011352,0.000000,0.120000,0.000000,0.276759,0.003406,-0.057233,-0.000000,0.004604,-0.062631,0.000000,0.014057,0
1790548853.8010,0.006544,0.014156,-0.055179,-0.058185,0.006544,0.000000,0.120000,0.000000,0.307215,0.001963,-0.057142,-0.000000,0.004247,-0.062432,-0.000000,0.014010,0
1790548853.8150,-0.004827,0.010605,-0.058657,-0.059103,-0.004827,0.000000,0.120000,0.000000,0.337645,-0.001448,-0.057209,-0.000000,0.003181,-0.062284,-0.000000,0.013998,0
1790548853.8289,-0.011646,0.005586,-0.060865,-0.060530,-0.011646,0.000000,0.120000,0.000000,0.367968,-0.003494,-0.057372,-0.000000,0.001676,-0.062206,-0.000000,0.013948,0
1790548853.8429,-0.013803,0.002142,-0.061706,-0.061533,-0.013803,0.000000,0.120000,0.000000,0.398379,-0.004141,-0.057565,-0.000000,0.000643,-0.062176,-0.000000,0.013989,0
1790548853.8569,-0.017909,-0.002328,-0.063188,-0.062907,-0.017909,0.000000,0.120000,0.000000,0.428852,-0.005373,-0.057816,-0.000000,-0.000698,-0.062209,-0.000000,0.014018,0
1790548853.8708,-0.025043,-0.008495,-0.065676,-0.064875,-0.025043,0.000000,0.120000,0.000000,0.459022,-0.007513,-0.058163,-0.000000,-0.002548,-0.062327,-0.000000,0.013878,0
1790548853.8848,-0.035182,-0.018089,-0.069208,-0.068005,-0.035182,0.000000,0.120000,0.000000,0.489333,-0.010554,-0.058654,-0.000000,-0.005427,-0.062579,-0.000000,0.013943,0
1790548853.8987,-0.045490,-0.029230,-0.072933,-0.071754,-0.045490,0.000000,0.120000,0.000000,0.519543,-0.013647,-0.059286,-0.000000,-0.008769,-0.062985,-0.000000,0.013896,0
1790548853.9126,-0.054486,-0.036947,-0.076378,-0.074575,-0.054486,0.000000,0.120000,0.000000,0.549288,-0.016346,-0.060032,-0.000000,-0.011084,-0.063490,-0.000000,0.013683,0
1790548853.9265,-0.057177,-0.037378,-0.077990,-0.075230,-0.057177,0.000000,0.120000,0.000000,0.579896,-0.017153,-0.060837,-0.000000,-0.011213,-0.064017,-0.000000,0.014080,0
1790548853.9406,-0.059172,-0.033263,-0.079425,-0.074466,-0.059172,0.000000,0.120000,0.000000,0.610623,-0.017752,-0.061673,-0.000000,-0.009979,-0.064487,0.000000,0.014135,0
1790548853.9545,-0.057999,-0.028103,-0.079884,-0.073311,-0.057999,0.000000,0.120000,0.000000,0.641038,-0.017400,-0.062484,0.000000,-0.008431,-0.064880,0.000000,0.013991,0
1790548853.9685,-0.054554,-0.022274,-0.079612,-0.071873,-0.054554,0.000000,0.120000,0.000000,0.671364,-0.016366,-0.063245,0.000000,-0.006682,-0.065191,0.000000,0.013950,0
1790548853.9824,-0.047039,-0.013205,-0.078009,-0.069335,-0.047039,0.000000,0.120000,0.000000,0.701490,-0.014112,-0.063897,0.000000,-0.003962,-0.065374,0.000000,0.013858,0
1790548853.9964,-0.035251,-0.000127,-0.074969,-0.065414,-0.035251,0.000000,0.120000,0.000000,0.732071,-0.010575,-0.064393,0.000000,-0.000038,-0.065376,0.000000,0.014067,0
1790548854.0102,-0.022282,0.016924,-0.071387,-0.060063,-0.022282,0.000000,0.120000,0.000000,0.762262,-0.006685,-0.064703,0.000000,0.005077,-0.065141,0.000000,0.013888,0
1790548854.0242,-0.011001,0.036314,-0.068156,-0.053741,-0.011001,0.000000,0.120000,0.000000,0.792512,-0.003300,-0.064856,0.000000,0.010894,-0.064635,0.000000,0.013915,0
1790548854.0381,-0.014702,0.045929,-0.069470,-0.050220,-0.014702,0.000000,0.120000,0.000000,0.822653,-0.004411,-0.065060,-0.000000,0.013779,-0.063998,0.000000,0.013865,0
1790548854.0520,-0.011463,0.048263,-0.068659,-0.048846,-0.011463,0.000000,0.120000,0.000000,0.853015,-0.003439,-0.065220,0.000000,0.014479,-0.063324,0.000000,0.013967,0
1790548854.0660,0.004081,0.048586,-0.063939,-0.048072,0.004081,0.000000,0.120000,0.000000,0.883303,0.001224,-0.065163,0.000000,0.014576,-0.062647,0.000000,0.013932,0
1790548854.0799,0.016961,0.047368,-0.059840,-0.047781,0.016961,0.000000,0.120000,0.000000,0.913426,0.005088,-0.064928,0.000000,0.014210,-0.061991,-0.000000,0.013856,0
1790548854.0939,0.025939,0.041744,-0.056782,-0.048882,0.025939,0.000000,0.120000,0.000000,0.943912,0.007782,-0.064564,0.000000,0.012523,-0.061406,-0.000000,0.014024,0
1790548854.1079,0.038812,0.035480,-0.052376,-0.050264,0.038812,0.000000,0.120000,0.000000,0.974431,0.011644,-0.064019,0.000000,0.010644,-0.060908,-0.000000,0.014039,0
1790548854.1219,0.041701,0.031696,-0.050927,-0.050957,0.041701,0.000000,0.120000,0.000000,0.004761,0.012510,-0.063437,0.000000,0.009509,-0.060465,-0.000000,0.013952,0
1790548854.1354,0.035926,0.033661,-0.052172,-0.049910,0.035926,0.000000,0.120000,0.000000,0.034280,0.010778,-0.062950,-0.000000,0.010098,-0.060008,0.000000,0.013578,0
1790548854.1491,0.027575,0.037135,-0.054301,-0.048361,0.027575,0.000000,0.120000,0.000000,0.063938,0.008272,-0.062573,-0.000000,0.011141,-0.059502,0.000000,0.013643,0
1790548854.1631,0.023777,0.039260,-0.055113,-0.047182,0.023777,0.000000,0.120000,0.000000,0.093913,0.007133,-0.062246,-0.000000,0.011778,-0.058960,0.000000,0.013788,0
1790548854.1776,0.017612,0.040735,-0.056704,-0.046144,0.017612,0.000000,0.120000,0.000000,0.125732,0.005284,-0.061988,-0.000000,0.012221,-0.058364,0.000000,0.014637,0
1790548854.1916,0.013198,0.038655,-0.057843,-0.046224,0.013198,0.000000,0.120000,0.000000,0.156305,0.003959,-0.061802,-0.000000,0.011597,-0.057820,-0.000000,0.014064,0
1790548854.2057,0.016639,0.028141,-0.056576,-0.048982,0.016639,0.000000,0.120000,0.000000,0.186900,0.004992,-0.061568,0.000000,0.008442,-0.057424,-0.000000,0.014074,0
1790548854.2197,0.016728,0.021017,-0.056314,-0.050824,0.016728,0.000000,0.120000,0.000000,0.217476,0.005018,-0.061333,0.000000,0.006305,-0.057129,-0.000000,0.014065,0
1790548854.2337,0.012130,0.013518,-0.057525,-0.052886,0.012130,0.000000,0.120000,0.000000,0.247680,0.003639,-0.061164,-0.000000,0.004055,-0.056941,-0.000000,0.013894,0
1790548854.2478,0.005035,0.010833,-0.059582,-0.053537,0.005035,0.000000,0.120000,0.000000,0.278539,0.001510,-0.061093,-0.000000,0.003250,-0.056787,-0.000000,0.014195,0
1790548854.2619,0.001842,0.011544,-0.060514,-0.053162,0.001842,0.000000,0.120000,0.000000,0.308999,0.000553,-0.061067,-0.000000,0.003463,-0.056626,0.000000,0.014012,0
1790548854.2758,-0.002332,0.009221,-0.061799,-0.053730,-0.002332,0.000000,0.120000,0.000000,0.339474,-0.000700,-0.061100,-0.000000,0.002766,-0.056496,-0.000000,0.014019,0
1790548854.2898,-0.005939,0.004087,-0.062964,-0.055213,-0.005939,0.000000,0.120000,0.000000,0.369847,-0.001782,-0.061183,-0.000000,0.001226,-0.056439,-0.000000,0.013972,0
1790548854.3038,-0.006745,-0.003410,-0.063300,-0.057510,-0.006745,0.000000,0.120000,0.000000,0.400103,-0.002024,-0.061276,-0.000000,-0.001023,-0.056487,-0.000000,0.013918,0
1790548854.3177,-0.010414,-0.009608,-0.064547,-0.059504,-0.010414,0.000000,0.120000,0.000000,0.430558,-0.003124,-0.061422,-0.000000,-0.002882,-0.056621,-0.000000,0.014009,0
1790548854.3317,-0.018352,-0.015767,-0.067185,-0.061572,-0.018352,0.000000,0.120000,0.000000,0.461017,-0.005506,-0.061680,-0.000000,-0.004730,-0.056842,-0.000000,0.014011,0
1790548854.3455,-0.023684,-0.022919,-0.069112,-0.064035,-0.023684,0.000000,0.120000,0.000000,0.491058,-0.007105,-0.062007,-0.000000,-0.006876,-0.057159,-0.000000,0.013819,0
1790548854.3594,-0.031859,-0.032170,-0.072006,-0.067256,-0.031859,0.000000,0.120000,0.000000,0.521219,-0.009558,-0.062449,-0.000000,-0.009651,-0.057605,-0.000000,0.013874,0
1790548854.3730,-0.040037,-0.039870,-0.075004,-0.070109,-0.040037,0.000000,0.120000,0.000000,0.550789,-0.012011,-0.062993,-0.000000,-0.011961,-0.058147,-0.000000,0.013602,0
1790548854.3866,-0.043728,-0.043499,-0.076707,-0.071789,-0.043728,0.000000,0.120000,0.000000,0.580388,-0.013118,-0.063589,-0.000000,-0.013050,-0.058740,-0.000000,0.013615,0
1790548854.4006,-0.043766,-0.040977,-0.077330,-0.071605,-0.043766,0.000000,0.120000,0.000000,0.610745,-0.013130,-0.064200,-0.000000,-0.012293,-0.059312,0.000000,0.013964,0
1790548854.4148,-0.043494,-0.035694,-0.077854,-0.070518,-0.043494,0.000000,0.120000,0.000000,0.641056,-0.013048,-0.064806,0.000000,-0.010708,-0.059810,0.000000,0.013943,0
1790548854.4292,-0.039920,-0.029223,-0.077363,-0.069002,-0.039920,0.000000,0.120000,0.000000,0.672677,-0.011976,-0.065387,0.000000,-0.008767,-0.060235,0.000000,0.014545,0
1790548854.4432,-0.031648,-0.020994,-0.075328,-0.066829,-0.031648,0.000000,0.120000,0.000000,0.703331,-0.009494,-0.065833,0.000000,-0.006298,-0.060531,0.000000,0.014101,0
1790548854.4571,-0.022156,-0.008933,-0.072787,-0.063334,-0.022156,0.000000,0.120000,0.000000,0.733476,-0.006647,-0.066141,0.000000,-0.002680,-0.060655,0.000000,0.013867,0
1790548854.4714,-0.012237,0.007330,-0.069985,-0.058352,-0.012237,0.000000,0.120000,0.000000,0.764203,-0.003671,-0.066313,0.000000,0.002199,-0.060551,0.000000,0.014134,0
1790548854.4855,0.000933,0.025595,-0.066020,-0.052509,0.000933,0.000000,0.120000,0.000000,0.795111,0.000280,-0.066300,0.000000,0.007679,-0.060187,0.000000,0.014217,0
1790548854.5069,-0.003889,0.031328,-0.067550,-0.050119,-0.003889,0.000000,0.120000,0.000000,0.841596,-0.001167,-0.066383,-0.000000,0.009398,-0.059517,0.000000,0.021383,0
1790548854.5210,0.001617,0.025159,-0.065875,-0.051615,0.001617,0.000000,0.120000,0.000000,0.872248,0.000485,-0.066361,0.000000,0.007548,-0.059162,-0.000000,0.014100,0
1790548854.5351,0.010426,0.022050,-0.063086,-0.052237,0.010426,0.000000,0.120000,0.000000,0.902848,0.003128,-0.066214,0.000000,0.006615,-0.058852,-0.000000,0.014076,0
1790548854.5489,0.023624,0.022397,-0.058797,-0.051821,0.023624,0.000000,0.120000,0.000000,0.933134,0.007087,-0.065885,0.000000,0.006719,-0.058540,0.000000,0.013932,0
1790548854.5629,0.034612,0.014672,-0.055018,-0.053934,0.034612,0.000000,0.120000,0.000000,0.963447,0.010384,-0.065402,0.000000,0.004402,-0.058335,-0.000000,0.013944,0
1790548854.5768,0.046785,0.004373,-0.050712,-0.056962,0.046785,0.000000,0.120000,0.000000,0.993851,0.014036,-0.064748,0.000000,0.001312,-0.058274,-0.000000,0.013986,0
1790548854.5908,0.050373,-0.000414,-0.048931,-0.058404,0.050373,0.000000,0.120000,0.000000,0.024250,0.015112,-0.064043,0.000000,-0.000124,-0.058280,-0.000000,0.013983,0
1790548854.6057,0.044244,0.001594,-0.050132,-0.057779,0.044244,0.000000,0.120000,0.000000,0.055606,0.013273,-0.063405,-0.000000,0.000478,-0.058257,0.000000,0.014424,0
1790548854.6200,0.040252,0.003579,-0.050748,-0.057132,0.040252,0.000000,0.120000,0.000000,0.087036,0.012076,-0.062823,-0.000000,0.001074,-0.058205,0.000000,0.014457,0
1790548854.6347,0.039820,0.001917,-0.050294,-0.057602,0.039820,0.000000,0.120000,0.000000,0.118886,0.011946,-0.062240,-0.000000,0.000575,-0.058177,-0.000000,0.014651,0
1790548854.6489,0.030735,0.002090,-0.052580,-0.057520,0.030735,0.000000,0.120000,0.000000,0.149966,0.009220,-0.061800,-0.000000,0.000627,-0.058147,0.000000,0.014297,0
1790548854.6636,0.034785,-0.006920,-0.050855,-0.060325,0.034785,0.000000,0.119746,0.000000,0.181844,0.010436,-0.061290,0.000000,-0.002076,-0.058249,-0.000000,0.014664,0
1790548854.6780,0.028743,-0.012855,-0.052257,-0.062289,0.028743,0.000000,0.119011,0.000000,0.212883,0.008623,-0.060880,-0.000000,-0.003856,-0.058432,-0.000000,0.014278,0
1790548854.6919,0.021752,-0.011056,-0.054044,-0.061907,0.021752,0.000000,0.117801,0.000000,0.243925,0.006526,-0.060569,-0.000000,-0.003317,-0.058590,0.000000,0.014279,0
1790548854.7061,0.018515,-0.011696,-0.054753,-0.062264,0.018515,0.000000,0.116148,0.000000,0.274619,0.005554,-0.060308,-0.000000,-0.003509,-0.058755,-0.000000,0.014119,0
1790548854.7200,0.012261,-0.013206,-0.056458,-0.062902,0.012261,0.000000,0.114070,0.000000,0.305085,0.003678,-0.060136,-0.000000,-0.003962,-0.058941,-0.000000,0.014014,0
1790548854.7341,0.005139,-0.017003,-0.058522,-0.064280,0.005139,0.000000,0.111566,0.000000,0.335636,0.001542,-0.060064,-0.000000,-0.005101,-0.059179,-0.000000,0.014053,0
1790548854.7480,0.004010,-0.019024,-0.058805,-0.065152,0.004010,0.000000,0.108687,0.000000,0.365922,0.001203,-0.060008,-0.000000,-0.005707,-0.059445,-0.000000,0.013932,0
1790548854.7618,0.004598,-0.020133,-0.058565,-0.065763,0.004598,0.000000,0.105460,0.000000,0.395988,0.001379,-0.059944,0.000000,-0.006040,-0.059723,-0.000000,0.013830,0
1790548854.7758,0.002340,-0.021963,-0.059210,-0.066618,0.002340,0.000000,0.101854,0.000000,0.426338,0.000702,-0.059912,-0.000000,-0.006589,-0.060030,-0.000000,0.013961,0
1790548854.7898,-0.004786,-0.026452,-0.061415,-0.068336,-0.004786,0.000000,0.097912,0.000000,0.456804,-0.001436,-0.059979,-0.000000,-0.007936,-0.060400,-0.000000,0.014014,0
1790548854.8037,-0.014325,-0.033556,-0.064476,-0.070935,-0.014325,0.000000,0.093695,0.000000,0.487128,-0.004298,-0.060179,-0.000000,-0.010067,-0.060868,-0.000000,0.013949,0
1790548854.8177,-0.024143,-0.043613,-0.067758,-0.074559,-0.024143,0.000000,0.089232,0.000000,0.517379,-0.007243,-0.060515,-0.000000,-0.013084,-0.061475,-0.000000,0.013915,0
1790548854.8313,-0.032309,-0.051267,-0.070647,-0.077553,-0.032309,0.000000,0.084653,0.000000,0.546945,-0.009693,-0.060954,-0.000000,-0.015380,-0.062172,-0.000000,0.013600,0
1790548854.8449,-0.036532,-0.054190,-0.072413,-0.079170,-0.036532,0.000000,0.079872,0.000000,0.576646,-0.010960,-0.061453,-0.000000,-0.016257,-0.062913,-0.000000,0.013662,0
1790548854.8589,-0.038707,-0.052268,-0.073607,-0.079325,-0.038707,0.000000,0.074819,0.000000,0.607100,-0.011612,-0.061995,-0.000000,-0.015680,-0.063645,0.000000,0.014009,0
1790548854.8729,-0.037704,-0.049705,-0.073834,-0.079251,-0.037704,0.000000,0.069660,0.000000,0.637494,-0.011311,-0.062523,0.000000,-0.014911,-0.064340,0.000000,0.013981,0
1790548854.8870,-0.034662,-0.044753,-0.073404,-0.078390,-0.034662,0.000000,0.064441,0.000000,0.667812,-0.010399,-0.063006,0.000000,-0.013426,-0.064964,0.000000,0.013946,0
1790548854.9011,-0.025684,-0.035497,-0.071074,-0.076115,-0.025684,0.000000,0.059111,0.000000,0.698570,-0.007705,-0.063369,0.000000,-0.010649,-0.065466,0.000000,0.014149,0
1790548854.9150,-0.013169,-0.023129,-0.067504,-0.072729,-0.013169,0.000000,0.053846,0.000000,0.728993,-0.003951,-0.063554,0.000000,-0.006939,-0.065790,0.000000,0.013995,0
1790548854.9294,0.000149,-0.010084,-0.063507,-0.068958,0.000149,0.000000,0.048571,0.000000,0.759756,0.000045,-0.063552,0.000000,-0.003025,-0.065933,0.000000,0.014151,0
1790548854.9435,0.014155,0.005553,-0.059102,-0.064187,0.014155,0.000000,0.043317,0.000000,0.790930,0.004246,-0.063349,0.000000,0.001666,-0.065853,0.000000,0.014340,0
1790548854.9574,0.012963,0.015301,-0.059279,-0.061050,0.012963,0.000000,0.038344,0.000000,0.821208,0.003889,-0.063168,-0.000000,0.004590,-0.065640,0.000000,0.013928,0
1790548854.9713,0.012836,0.015090,-0.059139,-0.060904,0.012836,0.000000,0.033557,0.000000,0.851352,0.003851,-0.062990,-0.000000,0.004527,-0.065431,-0.000000,0.013866,0
1790548854.9854,0.025705,0.016558,-0.054918,-0.060231,0.025705,0.000000,0.028926,0.000000,0.881802,0.007712,-0.062630,0.000000,0.004967,-0.065199,0.000000,0.014007,0
1790548854.9994,0.033530,0.017147,-0.052097,-0.059812,0.033530,0.000000,0.024496,0.000000,0.912524,0.010059,-0.062156,0.000000,0.005144,-0.064957,0.000000,0.014132,0
1790548855.0134,0.040342,0.013913,-0.049488,-0.060588,0.040342,0.000000,0.020381,0.000000,0.942985,0.012103,-0.061591,0.000000,0.004174,-0.064762,-0.000000,0.014012,0
1790548855.0274,0.054306,0.005536,-0.044540,-0.063023,0.054306,0.000000,0.016581,0.000000,0.973377,0.016292,-0.060832,0.000000,0.001661,-0.064684,-0.000000,0.013981,0
1790548855.0414,0.066299,-0.003065,-0.040015,-0.065646,0.066299,0.000000,0.013115,0.000000,0.003772,0.019890,-0.059905,0.000000,-0.000919,-0.064727,-0.000000,0.013982,0
1790548855.0550,0.069490,-0.005967,-0.038110,-0.066598,0.069490,0.000000,0.010082,0.000000,0.033429,0.020847,-0.058957,0.000000,-0.001790,-0.064808,-0.000000,0.013642,0
1790548855.0687,0.073341,-0.006810,-0.035954,-0.066944,0.073341,0.000000,0.007417,0.000000,0.063069,0.022002,-0.057957,0.000000,-0.002043,-0.064901,-0.000000,0.013634,0
1790548855.0823,0.076780,-0.009116,-0.033872,-0.067761,0.076780,0.000000,0.005130,0.000000,0.092815,0.023034,-0.056906,0.000000,-0.002735,-0.065026,-0.000000,0.013683,0
1790548855.0963,0.072934,-0.013097,-0.034005,-0.069139,0.072934,0.000000,0.003209,0.000000,0.123256,0.021880,-0.055885,-0.000000,-0.003929,-0.065209,-0.000000,0.014003,0
1790548855.1104,0.065395,-0.011227,-0.035352,-0.068735,0.065395,0.000000,0.001729,0.000000,0.153657,0.019619,-0.054970,-0.000000,-0.003368,-0.065366,0.000000,0.013984,0
1790548855.1243,0.058018,-0.000106,-0.036755,-0.065400,0.058018,0.000000,0.000701,0.000000,0.183986,0.017405,-0.054161,-0.000000,-0.000032,-0.065368,0.000000,0.013952,0
1790548855.1381,0.050904,0.012704,-0.038185,-0.061381,0.050904,0.000000,0.000131,0.000000,0.214069,0.015271,-0.053456,-0.000000,0.003811,-0.065192,0.000000,0.013838,0
1790548855.1520,0.040023,0.023913,-0.040892,-0.057685,0.040023,0.000000,0.000000,0.000000,0.244337,0.012007,-0.052899,-0.000000,0.007174,-0.064859,0.000000,0.013923,0
