t,imu_roll,imu_pitch,pid_roll,pid_pitch,roll_meas,banked_roll,eff_lin,eff_ang,phase,p_roll,i_roll,d_roll,p_pitch,i_pitch,d_pitch,dt,ik_clamped
1790548260.4335,-0.010848,-0.017327,-0.003363,-0.005371,-0.010848,0.000000,0.000000,0.000000,0.000078,-0.003254,-0.000108,0.000000,-0.005198,-0.000173,0.000000,0.010000,0
1790548260.4478,-0.024103,-0.024252,-0.007712,-0.007824,-0.024103,0.000000,0.000282,0.000000,0.033657,-0.007231,-0.000481,-0.000000,-0.007276,-0.000548,-0.000000,0.015446,0
1790548260.4615,-0.027956,-0.027128,-0.009254,-0.009061,-0.027956,0.000000,0.001012,0.000000,0.063722,-0.008387,-0.000867,-0.000000,-0.008138,-0.000923,-0.000000,0.013830,0
1790548260.4752,-0.031226,-0.028514,-0.010664,-0.009869,-0.031226,0.000000,0.002178,0.000000,0.093580,-0.009368,-0.001296,-0.000000,-0.008554,-0.001315,-0.000000,0.013735,0
1790548260.4893,-0.029641,-0.028765,-0.010605,-0.010349,-0.029641,0.000000,0.003817,0.000000,0.124151,-0.008892,-0.001713,0.000000,-0.008629,-0.001719,-0.000000,0.014063,0
1790548260.5034,-0.029994,-0.028540,-0.011134,-0.010683,-0.029994,0.000000,0.005897,0.000000,0.154755,-0.008998,-0.002135,-0.000000,-0.008562,-0.002121,0.000000,0.014078,0
1790548260.5181,-0.029934,-0.027773,-0.011546,-0.010852,-0.029934,0.000000,0.008454,0.000000,0.185973,-0.008980,-0.002565,0.000000,-0.008332,-0.002520,0.000000,0.014360,0
1790548260.5324,-0.033384,-0.025729,-0.013069,-0.010615,-0.033384,0.000000,0.011491,0.000000,0.217787,-0.010015,-0.003054,-0.000000,-0.007719,-0.002896,0.000000,0.014635,0
1790548260.5464,-0.034986,-0.022517,-0.014039,-0.009967,-0.034986,0.000000,0.014781,0.000000,0.248222,-0.010496,-0.003544,-0.000000,-0.006755,-0.003212,0.000000,0.014000,0
1790548260.5604,-0.037751,-0.018367,-0.015400,-0.008980,-0.037751,0.000000,0.018439,0.000000,0.278802,-0.011325,-0.004075,-0.000000,-0.005510,-0.003470,0.000000,0.014067,0
1790548260.5744,-0.042668,-0.017418,-0.017474,-0.008940,-0.042668,0.000000,0.022408,0.000000,0.309289,-0.012801,-0.004673,-0.000000,-0.005226,-0.003714,0.000000,0.014024,0
1790548260.5884,-0.047045,-0.018512,-0.019442,-0.009526,-0.047045,0.000000,0.026644,0.000000,0.339601,-0.014113,-0.005329,-0.000000,-0.005553,-0.003972,-0.000000,0.013944,0
1790548260.6024,-0.047354,-0.021273,-0.020200,-0.010653,-0.047354,0.000000,0.031167,0.000000,0.370121,-0.014206,-0.005994,-0.000000,-0.006382,-0.004271,-0.000000,0.014039,0
1790548260.6164,-0.041387,-0.022579,-0.018989,-0.011361,-0.041387,0.000000,0.035901,0.000000,0.400553,-0.012416,-0.006573,0.000000,-0.006774,-0.004587,-0.000000,0.013999,0
1790548260.6306,-0.034356,-0.029815,-0.017360,-0.013948,-0.034356,0.000000,0.040814,0.000000,0.430946,-0.010307,-0.007053,0.000000,-0.008945,-0.005004,-0.000000,0.013981,0
1790548260.6447,-0.032059,-0.037918,-0.017129,-0.016921,-0.032059,0.000000,0.045992,0.000000,0.462027,-0.009618,-0.007512,0.000000,-0.011375,-0.005546,-0.000000,0.014297,0
1790548260.6587,-0.029698,-0.043005,-0.016836,-0.019047,-0.029698,0.000000,0.051154,0.000000,0.492359,-0.008909,-0.007926,0.000000,-0.012901,-0.006146,-0.000000,0.013953,0
1790548260.6726,-0.026638,-0.048608,-0.016290,-0.021408,-0.026638,0.000000,0.056394,0.000000,0.522751,-0.007992,-0.008299,0.000000,-0.014582,-0.006826,-0.000000,0.013981,0
1790548260.6862,-0.027027,-0.052216,-0.016775,-0.023201,-0.027027,0.000000,0.061524,0.000000,0.552343,-0.008108,-0.008667,-0.000000,-0.015665,-0.007536,-0.000000,0.013612,0
1790548260.6999,-0.028055,-0.051639,-0.017466,-0.023733,-0.028055,0.000000,0.066656,0.000000,0.582016,-0.008416,-0.009049,-0.000000,-0.015492,-0.008241,0.000000,0.013649,0
1790548260.7139,-0.027574,-0.049121,-0.017707,-0.023664,-0.027574,0.000000,0.071860,0.000000,0.612399,-0.008272,-0.009435,0.000000,-0.014736,-0.008928,0.000000,0.013977,0
1790548260.7279,-0.026132,-0.044940,-0.017640,-0.023039,-0.026132,0.000000,0.076982,0.000000,0.642838,-0.007839,-0.009801,0.000000,-0.013482,-0.009557,0.000000,0.014002,0
1790548260.7418,-0.024787,-0.040805,-0.017581,-0.022365,-0.024787,0.000000,0.081930,0.000000,0.673012,-0.007436,-0.010145,0.000000,-0.012242,-0.010123,0.000000,0.013880,0
1790548260.7558,-0.022872,-0.038515,-0.017327,-0.022219,-0.022872,0.000000,0.086764,0.000000,0.703528,-0.006862,-0.010466,0.000000,-0.011554,-0.010664,0.000000,0.014037,0
1790548260.7704,-0.020065,-0.034399,-0.016768,-0.021468,-0.020065,0.000000,0.091399,0.000000,0.734103,-0.006020,-0.010748,0.000000,-0.010320,-0.011148,0.000000,0.014065,0
1790548260.7855,-0.022392,-0.042546,-0.017812,-0.024570,-0.022392,0.000000,0.096211,0.000000,0.767721,-0.006718,-0.011094,-0.000000,-0.012764,-0.011806,-0.000000,0.015464,0
1790548260.8002,-0.012588,-0.038710,-0.015055,-0.023985,-0.012588,0.000000,0.100444,0.000000,0.799487,-0.003776,-0.011278,0.000000,-0.011613,-0.012371,0.000000,0.014613,0
1790548260.8150,-0.010279,-0.036407,-0.014514,-0.023831,-0.010279,0.000000,0.104372,0.000000,0.831550,-0.003084,-0.011430,0.000000,-0.010922,-0.012908,0.000000,0.014749,0
1790548260.8303,-0.015993,-0.031323,-0.016473,-0.022785,-0.015993,0.000000,0.108044,0.000000,0.864813,-0.004798,-0.011675,-0.000000,-0.009397,-0.013388,0.000000,0.015301,0
1790548260.8444,-0.015193,-0.019462,-0.016451,-0.019506,-0.015193,0.000000,0.111092,0.000000,0.896081,-0.004558,-0.011893,0.000000,-0.005838,-0.013668,0.000000,0.014383,0
1790548260.8585,-0.018085,-0.015691,-0.017574,-0.018597,-0.018085,0.000000,0.113681,0.000000,0.926812,-0.005425,-0.012149,-0.000000,-0.004707,-0.013889,0.000000,0.014137,0
1790548260.8727,-0.019495,-0.015111,-0.018272,-0.018636,-0.019495,0.000000,0.115840,0.000000,0.957442,-0.005849,-0.012423,-0.000000,-0.004533,-0.014102,0.000000,0.014090,0
1790548260.8869,-0.023063,-0.014064,-0.019670,-0.018522,-0.023063,0.000000,0.117576,0.000000,0.988351,-0.006919,-0.012751,-0.000000,-0.004219,-0.014302,0.000000,0.014218,0
1790548260.9011,-0.025113,-0.013036,-0.020644,-0.018399,-0.025113,0.000000,0.118858,0.000000,0.019424,-0.007534,-0.013110,-0.000000,-0.003911,-0.014489,0.000000,0.014293,0
1790548260.9149,-0.024616,-0.013444,-0.020835,-0.018707,-0.024616,0.000000,0.119646,0.000000,0.049421,-0.007385,-0.013450,0.000000,-0.004033,-0.014674,-0.000000,0.013799,0
1790548260.9287,-0.024170,-0.013017,-0.021034,-0.018758,-0.024170,0.000000,0.119985,0.000000,0.079334,-0.007251,-0.013783,0.000000,-0.003905,-0.014853,0.000000,0.013760,0
1790548260.9428,-0.023358,-0.012531,-0.021119,-0.018789,-0.023358,0.000000,0.120000,0.000000,0.109901,-0.007008,-0.014111,0.000000,-0.003759,-0.015029,0.000000,0.014061,0
1790548260.9571,-0.024414,-0.009260,-0.021784,-0.017940,-0.024414,0.000000,0.120000,0.000000,0.140908,-0.007324,-0.014459,-0.000000,-0.002778,-0.015162,0.000000,0.014263,0
1790548260.9712,-0.019366,-0.008674,-0.020544,-0.017887,-0.019366,0.000000,0.120000,0.000000,0.171820,-0.005810,-0.014735,0.000000,-0.002602,-0.015285,0.000000,0.014220,0
1790548260.9851,-0.014175,-0.015500,-0.019185,-0.020151,-0.014175,0.000000,0.120000,0.000000,0.202130,-0.004252,-0.014932,0.000000,-0.004650,-0.015501,-0.000000,0.013943,0
1790548260.9993,-0.017813,-0.016663,-0.020526,-0.020734,-0.017813,0.000000,0.120000,0.000000,0.232654,-0.005344,-0.015182,-0.000000,-0.004999,-0.015735,-0.000000,0.014041,0
1790548261.0134,-0.027753,-0.017305,-0.023904,-0.021173,-0.027753,0.000000,0.120000,0.000000,0.263661,-0.008326,-0.015578,-0.000000,-0.005191,-0.015982,-0.000000,0.014263,0
1790548261.0280,-0.035120,-0.010444,-0.026614,-0.019264,-0.035120,0.000000,0.120000,0.000000,0.294595,-0.010536,-0.016078,-0.000000,-0.003133,-0.016130,0.000000,0.014230,0
1790548261.0426,-0.031555,-0.006196,-0.026008,-0.018080,-0.031555,0.000000,0.120000,0.000000,0.326551,-0.009466,-0.016542,0.000000,-0.001859,-0.016221,0.000000,0.014700,0
1790548261.0570,-0.031216,-0.000443,-0.026358,-0.016361,-0.031216,0.000000,0.120000,0.000000,0.357973,-0.009365,-0.016993,0.000000,-0.000133,-0.016228,0.000000,0.014454,0
1790548261.0709,-0.029112,0.006964,-0.026136,-0.014041,-0.029112,0.000000,0.120000,0.000000,0.388545,-0.008734,-0.017402,0.000000,0.002089,-0.016130,0.000000,0.014063,0
1790548261.0851,-0.029121,0.009318,-0.026546,-0.013204,-0.029121,0.000000,0.120000,0.000000,0.418951,-0.008736,-0.017810,-0.000000,0.002795,-0.016000,0.000000,0.013987,0
1790548261.0998,-0.024885,0.010806,-0.025643,-0.012598,-0.024885,0.000000,0.120000,0.000000,0.451069,-0.007465,-0.018177,0.000000,0.003242,-0.015840,0.000000,0.014774,0
1790548261.1138,-0.020594,0.011678,-0.024647,-0.012171,-0.020594,0.000000,0.120000,0.000000,0.481860,-0.006178,-0.018469,0.000000,0.003503,-0.015675,0.000000,0.014164,0
1790548261.1279,-0.013213,0.012393,-0.022618,-0.011783,-0.013213,0.000000,0.120000,0.000000,0.512241,-0.003964,-0.018654,0.000000,0.003718,-0.015501,0.000000,0.013975,0
1790548261.1418,-0.005704,0.015720,-0.020444,-0.010567,-0.005704,0.000000,0.120000,0.000000,0.542494,-0.001711,-0.018733,0.000000,0.004716,-0.015283,0.000000,0.013916,0
1790548261.1555,0.002290,0.021554,-0.018014,-0.008520,0.002290,0.000000,0.120000,0.000000,0.572395,0.000687,-0.018702,0.000000,0.006466,-0.014986,0.000000,0.013755,0
1790548261.1695,0.006679,0.025858,-0.016604,-0.006865,0.006679,0.000000,0.120000,0.000000,0.602976,0.002004,-0.018608,0.000000,0.007757,-0.014622,0.000000,0.014067,0
1790548261.1835,0.006027,0.023407,-0.016716,-0.007276,0.006027,0.000000,0.120000,0.000000,0.633140,0.001808,-0.018524,-0.000000,0.007022,-0.014298,-0.000000,0.013875,0
1790548261.1976,0.007884,0.026447,-0.016047,-0.005988,0.007884,0.000000,0.120000,0.000000,0.663986,0.002365,-0.018412,0.000000,0.007934,-0.013922,0.000000,0.014189,0
1790548261.2116,0.009976,0.029864,-0.015280,-0.004547,0.009976,0.000000,0.120000,0.000000,0.694264,0.002993,-0.018273,0.000000,0.008959,-0.013506,0.000000,0.013928,0
1790548261.2255,0.007983,0.034139,-0.015766,-0.002786,0.007983,0.000000,0.120000,0.000000,0.724755,0.002395,-0.018161,-0.000000,0.010242,-0.013028,0.000000,0.014026,0
1790548261.2396,0.004824,0.036443,-0.016647,-0.001585,0.004824,0.000000,0.120000,0.000000,0.755150,0.001447,-0.018094,-0.000000,0.010933,-0.012518,0.000000,0.013982,0
1790548261.2537,0.001382,0.035320,-0.017660,-0.001423,0.001382,0.000000,0.120000,0.000000,0.785827,0.000415,-0.018074,-0.000000,0.010596,-0.012020,-0.000000,0.014112,0
1790548261.2675,0.000047,0.029952,-0.018059,-0.002618,0.000047,0.000000,0.120000,0.000000,0.815997,0.000014,-0.018074,-0.000000,0.008986,-0.011604,-0.000000,0.013878,0
1790548261.2820,0.001977,0.029229,-0.017452,-0.002418,0.001977,0.000000,0.120000,0.000000,0.847059,0.000593,-0.018045,0.000000,0.008769,-0.011186,-0.000000,0.014288,0
1790548261.2962,0.004152,0.033157,-0.016741,-0.000767,0.004152,0.000000,0.120000,0.000000,0.878031,0.001246,-0.017986,0.000000,0.009947,-0.010714,0.000000,0.014247,0
1790548261.3102,0.002671,0.038862,-0.017147,0.001491,0.002671,0.000000,0.120000,0.000000,0.908575,0.000801,-0.017949,-0.000000,0.011659,-0.010168,0.000000,0.014050,0
1790548261.3244,-0.009653,0.047409,-0.020982,0.004728,-0.009653,0.000000,0.120000,0.000000,0.939437,-0.002896,-0.018086,-0.000000,0.014223,-0.009495,0.000000,0.014197,0
1790548261.3382,-0.024467,0.058082,-0.025767,0.008739,-0.024467,0.000000,0.120000,0.000000,0.969738,-0.007340,-0.018427,-0.000000,0.017425,-0.008685,0.000000,0.013938,0
1790548261.3522,-0.037647,0.065820,-0.030245,0.011977,-0.037647,0.000000,0.120000,0.000000,0.999997,-0.011294,-0.018951,-0.000000,0.019746,-0.007769,0.000000,0.013919,0
1790548261.3661,-0.045366,0.072680,-0.033196,0.015052,-0.045366,0.000000,0.120000,0.000000,0.030432,-0.013610,-0.019586,-0.000000,0.021804,-0.006752,0.000000,0.014000,0
1790548261.3797,-0.047138,0.078982,-0.034364,0.018011,-0.047138,0.000000,0.120000,0.000000,0.059818,-0.014141,-0.020223,-0.000000,0.023694,-0.005684,0.000000,0.013518,0
1790548261.3934,-0.045433,0.083749,-0.034475,0.020587,-0.045433,0.000000,0.120000,0.000000,0.089561,-0.013630,-0.020845,0.000000,0.025125,-0.004538,0.000000,0.013681,0
1790548261.4074,-0.045180,0.087227,-0.035035,0.022859,-0.045180,0.000000,0.120000,0.000000,0.120184,-0.013554,-0.021481,0.000000,0.026168,-0.003309,0.000000,0.014087,0
1790548261.4215,-0.043343,0.086503,-0.035092,0.023854,-0.043343,0.000000,0.120000,0.000000,0.150655,-0.013003,-0.022089,0.000000,0.025951,-0.002097,-0.000000,0.014016,0
1790548261.4355,-0.043396,0.082147,-0.035717,0.023700,-0.043396,0.000000,0.120000,0.000000,0.181171,-0.013019,-0.022698,-0.000000,0.024644,-0.000944,-0.000000,0.014037,0
1790548261.4495,-0.047803,0.076862,-0.037709,0.023192,-0.047803,0.000000,0.120000,0.000000,0.211638,-0.014341,-0.023368,-0.000000,0.023059,0.000134,-0.000000,0.014015,0
1790548261.4634,-0.044470,0.066900,-0.037327,0.021134,-0.044470,0.000000,0.120000,0.000000,0.241859,-0.013341,-0.023986,0.000000,0.020070,0.001064,-0.000000,0.013901,0
1790548261.4774,-0.040618,0.054353,-0.036741,0.018131,-0.040618,0.000000,0.120000,0.000000,0.272318,-0.012185,-0.024555,0.000000,0.016306,0.001825,-0.000000,0.014011,0
1790548261.4913,-0.033181,0.043121,-0.034970,0.015360,-0.033181,0.000000,0.120000,0.000000,0.302493,-0.009954,-0.025016,0.000000,0.012936,0.002424,-0.000000,0.013880,0
1790548261.5053,-0.035419,0.035929,-0.036137,0.013705,-0.035419,0.000000,0.120000,0.000000,0.332926,-0.010626,-0.025511,-0.000000,0.010779,0.002927,-0.000000,0.013999,0
1790548261.5193,-0.033610,0.034937,-0.036063,0.013895,-0.033610,0.000000,0.120000,0.000000,0.363244,-0.010083,-0.025980,0.000000,0.010481,0.003414,-0.000000,0.013946,0
1790548261.5339,-0.028024,0.033728,-0.034784,0.014010,-0.028024,0.000000,0.120000,0.000000,0.394033,-0.008407,-0.026377,0.000000,0.010118,0.003892,-0.000000,0.014163,0
1790548261.5485,-0.028371,0.029649,-0.035313,0.013229,-0.028371,0.000000,0.120000,0.000000,0.426540,-0.008511,-0.026801,-0.000000,0.008895,0.004335,-0.000000,0.014953,0
1790548261.5631,-0.021521,0.026039,-0.033572,0.012527,-0.021521,0.000000,0.120000,0.000000,0.458267,-0.006456,-0.027115,0.000000,0.007812,0.004715,-0.000000,0.014594,0
1790548261.5772,-0.015743,0.022513,-0.032061,0.011787,-0.015743,0.000000,0.120000,0.000000,0.489022,-0.004723,-0.027338,0.000000,0.006754,0.005033,-0.000000,0.014147,0
1790548261.5912,-0.011857,0.020775,-0.031061,0.011557,-0.011857,0.000000,0.120000,0.000000,0.519461,-0.003557,-0.027504,0.000000,0.006233,0.005324,-0.000000,0.014002,0
1790548261.6049,-0.007822,0.018704,-0.029958,0.011192,-0.007822,0.000000,0.120000,0.000000,0.549288,-0.002347,-0.027611,0.000000,0.005611,0.005581,-0.000000,0.013720,0
1790548261.6187,-0.005448,0.015599,-0.029321,0.010476,-0.005448,0.000000,0.120000,0.000000,0.579258,-0.001634,-0.027687,0.000000,0.004680,0.005796,-0.000000,0.013787,0
1790548261.6326,-0.002709,0.012739,-0.028537,0.009795,-0.002709,0.000000,0.120000,0.000000,0.609553,-0.000813,-0.027724,0.000000,0.003822,0.005974,-0.000000,0.013936,0
1790548261.6468,0.000804,0.010657,-0.027472,0.009322,0.000804,0.000000,0.120000,0.000000,0.640355,0.000241,-0.027713,0.000000,0.003197,0.006124,-0.000000,0.014169,0
1790548261.6607,0.000110,0.007912,-0.027679,0.008609,0.000110,0.000000,0.120000,0.000000,0.670792,0.000033,-0.027711,-0.000000,0.002374,0.006235,-0.000000,0.014001,0
1790548261.6747,0.000784,0.006724,-0.027465,0.008347,0.000784,0.000000,0.120000,0.000000,0.701174,0.000235,-0.027700,0.000000,0.002017,0.006329,-0.000000,0.013975,0
1790548261.6887,0.001918,0.006626,-0.027098,0.008409,0.001918,0.000000,0.120000,0.000000,0.731498,0.000576,-0.027674,0.000000,0.001988,0.006422,-0.000000,0.013949,0
1790548261.7027,0.000146,0.003591,-0.027628,0.007549,0.000146,0.000000,0.120000,0.000000,0.761882,0.000044,-0.027672,-0.000000,0.001077,0.006472,-0.000000,0.013977,0
1790548261.7166,-0.003296,0.000837,-0.028706,0.006735,-0.003296,0.000000,0.120000,0.000000,0.792298,-0.000989,-0.027718,-0.000000,0.000251,0.006484,-0.000000,0.013992,0
1790548261.7305,-0.001447,-0.001204,-0.028172,0.006106,-0.001447,0.000000,0.120000,0.000000,0.822644,-0.000434,-0.027738,0.000000,-0.000361,0.006467,-0.000000,0.013959,0
1790548261.7445,0.002079,0.001087,-0.027085,0.006808,0.002079,0.000000,0.120000,0.000000,0.852884,0.000624,-0.027709,0.000000,0.000326,0.006482,0.000000,0.013911,0
1790548261.7585,0.008836,0.007204,-0.024935,0.008744,0.008836,0.000000,0.120000,0.000000,0.883287,0.002651,-0.027585,0.000000,0.002161,0.006583,0.000000,0.013985,0
1790548261.7724,0.006252,0.013131,-0.025623,0.010705,0.006252,0.000000,0.120000,0.000000,0.913655,0.001876,-0.027498,-0.000000,0.003939,0.006766,0.000000,0.013970,0
1790548261.7868,-0.005610,0.017236,-0.029259,0.012177,-0.005610,0.000000,0.120000,0.000000,0.943913,-0.001683,-0.027576,-0.000000,0.005171,0.007006,0.000000,0.013919,0
1790548261.8013,-0.017014,0.020553,-0.032934,0.013478,-0.017014,0.000000,0.120000,0.000000,0.976269,-0.005104,-0.027829,-0.000000,0.006166,0.007312,0.000000,0.014884,0
1790548261.8155,-0.025312,0.024146,-0.035780,0.014897,-0.025312,0.000000,0.120000,0.000000,0.006963,-0.007594,-0.028187,-0.000000,0.007244,0.007653,0.000000,0.014119,0
1790548261.8291,-0.030570,0.026552,-0.037779,0.015985,-0.030570,0.000000,0.120000,0.000000,0.036948,-0.009171,-0.028608,-0.000000,0.007966,0.008019,0.000000,0.013793,0
1790548261.8428,-0.029182,0.027686,-0.037759,0.016700,-0.029182,0.000000,0.120000,0.000000,0.066450,-0.008755,-0.029004,0.000000,0.008306,0.008395,0.000000,0.013571,0
1790548261.8571,-0.025730,0.025943,-0.037091,0.016548,-0.025730,0.000000,0.120000,0.000000,0.097464,-0.007719,-0.029372,0.000000,0.007783,0.008765,-0.000000,0.014266,0
1790548261.8712,-0.020949,0.022813,-0.035954,0.015933,-0.020949,0.000000,0.120000,0.000000,0.128344,-0.006285,-0.029669,0.000000,0.006844,0.009089,-0.000000,0.014205,0
1790548261.8852,-0.015514,0.017473,-0.034540,0.014575,-0.015514,0.000000,0.120000,0.000000,0.158675,-0.004654,-0.029886,0.000000,0.005242,0.009333,-0.000000,0.013952,0
1790548261.8993,-0.010307,0.011121,-0.033123,0.012826,-0.010307,0.000000,0.120000,0.000000,0.189311,-0.003092,-0.030031,0.000000,0.003336,0.009489,-0.000000,0.014092,0
1790548261.9135,-0.004814,0.004651,-0.031544,0.010951,-0.004814,0.000000,0.120000,0.000000,0.220372,-0.001444,-0.030100,0.000000,0.001395,0.009556,-0.000000,0.014288,0
1790548261.9276,-0.006878,-0.000636,-0.032260,0.009356,-0.006878,0.000000,0.120000,0.000000,0.250887,-0.002063,-0.030196,-0.000000,-0.000191,0.009547,-0.000000,0.014037,0
1790548261.9416,-0.009104,-0.001753,-0.033055,0.008996,-0.009104,0.000000,0.120000,0.000000,0.281344,-0.002731,-0.030324,-0.000000,-0.000526,0.009522,-0.000000,0.014010,0
1790548261.9558,-0.005313,-0.001292,-0.031993,0.009117,-0.005313,0.000000,0.120000,0.000000,0.312130,-0.001594,-0.030399,0.000000,-0.000388,0.009504,0.000000,0.014161,0
1790548261.9699,0.000368,-0.000479,-0.030283,0.009353,0.000368,0.000000,0.120000,0.000000,0.342936,0.000110,-0.030394,0.000000,-0.000144,0.009497,0.000000,0.014171,0
1790548261.9839,0.002667,0.000438,-0.029557,0.009635,0.002667,0.000000,0.120000,0.000000,0.373291,0.000800,-0.030357,0.000000,0.000131,0.009503,0.000000,0.013963,0
1790548261.9981,0.003390,0.001504,-0.029292,0.009976,0.003390,0.000000,0.120000,0.000000,0.403914,0.001017,-0.030309,0.000000,0.000451,0.009525,0.000000,0.014087,0
1790548262.0122,0.004970,0.003720,-0.028747,0.010694,0.004970,0.000000,0.120000,0.000000,0.434976,0.001491,-0.030238,0.000000,0.001116,0.009578,0.000000,0.014288,0
1790548262.0262,0.009660,0.003483,-0.027205,0.010671,0.009660,0.000000,0.120000,0.000000,0.465387,0.002898,-0.030103,0.000000,0.001045,0.009626,-0.000000,0.013989,0
1790548262.0407,0.012369,0.004110,-0.026217,0.010918,0.012369,0.000000,0.120000,0.000000,0.496120,0.003711,-0.029928,0.000000,0.001233,0.009685,0.000000,0.014137,0
1790548262.0548,0.017053,0.006552,-0.024568,0.011744,0.017053,0.000000,0.120000,0.000000,0.527162,0.005116,-0.029684,0.000000,0.001966,0.009778,0.000000,0.014279,0
1790548262.0685,0.021068,0.010129,-0.023074,0.012956,0.021068,0.000000,0.120000,0.000000,0.557084,0.006320,-0.029394,0.000000,0.003039,0.009918,0.000000,0.013764,0
1790548262.0822,0.025246,0.014232,-0.021473,0.014383,0.025246,0.000000,0.120000,0.000000,0.586981,0.007574,-0.029047,0.000000,0.004269,0.010113,0.000000,0.013752,0
1790548262.0963,0.029143,0.019347,-0.019894,0.016190,0.029143,0.000000,0.120000,0.000000,0.617573,0.008743,-0.028637,0.000000,0.005804,0.010386,0.000000,0.014072,0
1790548262.1104,0.028549,0.021963,-0.019670,0.017284,0.028549,0.000000,0.120000,0.000000,0.648201,0.008565,-0.028235,-0.000000,0.006589,0.010695,0.000000,0.014089,0
1790548262.1243,0.024024,0.019237,-0.020693,0.016734,0.024024,0.000000,0.120000,0.000000,0.678511,0.007207,-0.027900,-0.000000,0.005771,0.010963,-0.000000,0.013942,0
1790548262.1385,0.020391,0.020761,-0.021496,0.017484,0.020391,0.000000,0.120000,0.000000,0.709107,0.006117,-0.027613,-0.000000,0.006228,0.011255,0.000000,0.014074,0
1790548262.1524,0.017207,0.020377,-0.022208,0.017656,0.017207,0.000000,0.120000,0.000000,0.739727,0.005162,-0.027370,-0.000000,0.006113,0.011542,-0.000000,0.014085,0
1790548262.1664,0.015038,0.017966,-0.022649,0.017184,0.015038,0.000000,0.120000,0.000000,0.770125,0.004511,-0.027160,-0.000000,0.005390,0.011794,-0.000000,0.013983,0
1790548262.1804,0.009651,0.013897,-0.024131,0.016156,0.009651,0.000000,0.120000,0.000000,0.800263,0.002895,-0.027026,-0.000000,0.004169,0.011986,-0.000000,0.013863,0
1790548262.1943,0.006795,0.002419,-0.024893,0.012746,0.006795,0.000000,0.120000,0.000000,0.830779,0.002038,-0.026931,-0.000000,0.000726,0.012020,-0.000000,0.014038,0
1790548262.2083,0.008020,-0.001760,-0.024413,0.011468,0.008020,0.000000,0.120000,0.000000,0.861196,0.002406,-0.026819,0.000000,-0.000528,0.011996,-0.000000,0.013992,0
1790548262.2223,0.008390,-0.001417,-0.024184,0.011551,0.008390,0.000000,0.120000,0.000000,0.891602,0.002517,-0.026701,0.000000,-0.000425,0.011976,0.000000,0.013987,0
1790548262.2362,0.011363,0.000830,-0.023135,0.012236,0.011363,0.000000,0.120000,0.000000,0.921782,0.003409,-0.026544,0.000000,0.000249,0.011987,0.000000,0.013883,0
1790548262.2503,0.002511,0.006689,-0.025755,0.014088,0.002511,0.000000,0.120000,0.000000,0.952376,0.000753,-0.026508,-0.000000,0.002007,0.012081,0.000000,0.014073,0
1790548262.2643,-0.009002,0.010995,-0.029335,0.015534,-0.009002,0.000000,0.120000,0.000000,0.982884,-0.002701,-0.026635,-0.000000,0.003298,0.012236,0.000000,0.014034,0
1790548262.2784,-0.017871,0.016449,-0.032248,0.017402,-0.017871,0.000000,0.120000,0.000000,0.013498,-0.005361,-0.026886,-0.000000,0.004935,0.012467,0.000000,0.014083,0
1790548262.2923,-0.025905,0.021432,-0.035011,0.019189,-0.025905,0.000000,0.120000,0.000000,0.043138,-0.007771,-0.027240,-0.000000,0.006430,0.012760,0.000000,0.013634,0
1790548262.3061,-0.027963,0.024376,-0.036022,0.020416,-0.027963,0.000000,0.120000,0.000000,0.073768,-0.008389,-0.027634,-0.000000,0.007313,0.013103,0.000000,0.014090,0
1790548262.3202,-0.024602,0.025554,-0.035360,0.021128,-0.024602,0.000000,0.120000,0.000000,0.104308,-0.007381,-0.027979,0.000000,0.007666,0.013462,0.000000,0.014049,0
1790548262.3341,-0.018992,0.023555,-0.033941,0.020856,-0.018992,0.000000,0.120000,0.000000,0.134517,-0.005698,-0.028243,0.000000,0.007066,0.013789,-0.000000,0.013896,0
1790548262.3481,-0.014018,0.019644,-0.032645,0.019958,-0.014018,0.000000,0.120000,0.000000,0.164978,-0.004205,-0.028440,0.000000,0.005893,0.014065,-0.000000,0.014012,0
1790548262.3621,-0.010535,0.012596,-0.031748,0.018020,-0.010535,0.000000,0.120000,0.000000,0.195400,-0.003161,-0.028587,0.000000,0.003779,0.014241,-0.000000,0.013994,0
1790548262.3760,-0.006026,0.001535,-0.030479,0.014723,-0.006026,0.000000,0.120000,0.000000,0.225730,-0.001808,-0.028671,0.000000,0.000460,0.014262,-0.000000,0.013952,0
1790548262.3899,-0.008731,-0.005840,-0.031412,0.012429,-0.008731,0.000000,0.120000,0.000000,0.255937,-0.002619,-0.028792,-0.000000,-0.001752,0.014181,-0.000000,0.013895,0
1790548262.4043,-0.011407,-0.007345,-0.032376,0.011874,-0.011407,0.000000,0.120000,0.000000,0.286721,-0.003422,-0.028954,-0.000000,-0.002203,0.014077,-0.000000,0.014160,0
1790548262.4188,-0.007201,-0.006729,-0.031220,0.011960,-0.007201,0.000000,0.120000,0.000000,0.318572,-0.002160,-0.029059,0.000000,-0.002019,0.013979,0.000000,0.014651,0
1790548262.4329,-0.004343,-0.008033,-0.030423,0.011456,-0.004343,0.000000,0.120000,0.000000,0.349128,-0.001303,-0.029120,0.000000,-0.002410,0.013866,-0.000000,0.014056,0
1790548262.4471,-0.004735,-0.009774,-0.030608,0.010794,-0.004735,0.000000,0.120000,0.000000,0.380140,-0.001420,-0.029188,-0.000000,-0.002932,0.013726,-0.000000,0.014266,0
1790548262.4612,-0.001695,-0.012018,-0.029720,0.009950,-0.001695,0.000000,0.120000,0.000000,0.410988,-0.000508,-0.029212,0.000000,-0.003605,0.013556,-0.000000,0.014190,0
1790548262.4752,-0.001412,-0.013823,-0.029655,0.009215,-0.001412,0.000000,0.120000,0.000000,0.441391,-0.000423,-0.029232,0.000000,-0.004147,0.013362,-0.000000,0.013985,0
1790548262.4901,-0.000523,-0.016831,-0.029396,0.008066,-0.000523,0.000000,0.120000,0.000000,0.473360,-0.000157,-0.029239,0.000000,-0.005049,0.013115,-0.000000,0.014706,0
1790548262.5044,0.001668,-0.019524,-0.028715,0.006977,0.001668,0.000000,0.120000,0.000000,0.504590,0.000500,-0.029215,0.000000,-0.005857,0.012834,-0.000000,0.014366,0
1790548262.5183,0.002540,-0.019299,-0.028418,0.006776,0.002540,0.000000,0.120000,0.000000,0.534921,0.000762,-0.029180,0.000000,-0.005790,0.012565,0.000000,0.013952,0
1790548262.5321,0.005179,-0.017154,-0.027555,0.007182,0.005179,0.000000,0.120000,0.000000,0.564916,0.001554,-0.029109,0.000000,-0.005146,0.012328,0.000000,0.013797,0
1790548262.5461,0.007904,-0.015440,-0.026628,0.007483,0.007904,0.000000,0.120000,0.000000,0.594904,0.002371,-0.029000,0.000000,-0.004632,0.012115,0.000000,0.013795,0
1790548262.5606,0.009530,-0.012708,-0.026001,0.008117,0.009530,0.000000,0.120000,0.000000,0.626762,0.002859,-0.028860,0.000000,-0.003812,0.011929,0.000000,0.014655,0
1790548262.5748,0.010733,-0.009506,-0.025487,0.008942,0.010733,0.000000,0.120000,0.000000,0.657744,0.003220,-0.028707,0.000000,-0.002852,0.011794,0.000000,0.014252,0
1790548262.5890,0.009410,-0.007991,-0.025751,0.009283,0.009410,0.000000,0.120000,0.000000,0.688575,0.002823,-0.028573,-0.000000,-0.002397,0.011680,0.000000,0.014182,0
1790548262.6031,0.004746,-0.010541,-0.027083,0.008370,0.004746,0.000000,0.120000,0.000000,0.719189,0.001424,-0.028507,-0.000000,-0.003162,0.011532,-0.000000,0.014082,0
1790548262.6173,0.001777,-0.009466,-0.027948,0.008556,0.001777,0.000000,0.120000,0.000000,0.750360,0.000533,-0.028481,-0.000000,-0.002840,0.011396,0.000000,0.014339,0
1790548262.6314,-0.004665,-0.013378,-0.029946,0.007195,-0.004665,0.000000,0.120000,0.000000,0.780845,-0.001399,-0.028547,-0.000000,-0.004013,0.011209,-0.000000,0.014023,0
1790548262.6454,-0.003370,-0.016202,-0.029605,0.006121,-0.003370,0.000000,0.120000,0.000000,0.811252,-0.001011,-0.028594,0.000000,-0.004861,0.010982,-0.000000,0.013988,0
1790548262.6593,-0.000577,-0.014274,-0.028775,0.006501,-0.000577,0.000000,0.120000,0.000000,0.841591,-0.000173,-0.028602,0.000000,-0.004282,0.010783,0.000000,0.013956,0
1790548262.6733,0.003210,-0.012546,-0.027594,0.006843,0.003210,0.000000,0.120000,0.000000,0.872119,0.000963,-0.028557,0.000000,-0.003764,0.010607,0.000000,0.014043,0
1790548262.6873,0.007681,-0.007120,-0.026145,0.008371,0.007681,0.000000,0.120000,0.000000,0.902520,0.002304,-0.028449,0.000000,-0.002136,0.010507,0.000000,0.013984,0
1790548262.7013,-0.000334,-0.000407,-0.028554,0.010379,-0.000334,0.000000,0.120000,0.000000,0.932948,-0.000100,-0.028454,-0.000000,-0.000122,0.010501,0.000000,0.013997,0
1790548262.7152,-0.010476,0.002437,-0.031742,0.011266,-0.010476,0.000000,0.120000,0.000000,0.963191,-0.003143,-0.028600,-0.000000,0.000731,0.010535,0.000000,0.013912,0
1790548262.7291,-0.019419,0.008361,-0.034695,0.013159,-0.019419,0.000000,0.120000,0.000000,0.993342,-0.005826,-0.028869,-0.000000,0.002508,0.010651,0.000000,0.013869,0
1790548262.7429,-0.026518,0.015166,-0.037191,0.015410,-0.026518,0.000000,0.120000,0.000000,0.023377,-0.007955,-0.029235,-0.000000,0.004550,0.010861,0.000000,0.013816,0
1790548262.7564,-0.029653,0.020412,-0.038533,0.017261,-0.029653,0.000000,0.120000,0.000000,0.052834,-0.008896,-0.029637,-0.000000,0.006123,0.011137,0.000000,0.013550,0
1790548262.7700,-0.027153,0.023442,-0.038151,0.018488,-0.027153,0.000000,0.120000,0.000000,0.082327,-0.008146,-0.030006,0.000000,0.007032,0.011455,0.000000,0.013566,0
1790548262.7838,-0.023381,0.024338,-0.037343,0.019093,-0.023381,0.000000,0.120000,0.000000,0.112332,-0.007014,-0.030328,0.000000,0.007301,0.011791,0.000000,0.013802,0
1790548262.7982,-0.018378,0.023074,-0.036097,0.019035,-0.018378,0.000000,0.120000,0.000000,0.142574,-0.005513,-0.030584,0.000000,0.006922,0.012112,-0.000000,0.013911,0
1790548262.8127,-0.015047,0.019289,-0.035322,0.018186,-0.015047,0.000000,0.120000,0.000000,0.174938,-0.004514,-0.030808,0.000000,0.005787,0.012399,-0.000000,0.014888,0
1790548262.8269,-0.011159,0.011830,-0.034314,0.016116,-0.011159,0.000000,0.120000,0.000000,0.205751,-0.003348,-0.030966,0.000000,0.003549,0.012567,-0.000000,0.014174,0
1790548262.8412,-0.008042,0.003392,-0.033494,0.013633,-0.008042,0.000000,0.120000,0.000000,0.236944,-0.002412,-0.031081,0.000000,0.001018,0.012616,-0.000000,0.014349,0
1790548262.8556,-0.010519,-0.004682,-0.034386,0.011145,-0.010519,0.000000,0.120000,0.000000,0.267627,-0.003156,-0.031230,-0.000000,-0.001405,0.012550,-0.000000,0.014114,0
1790548262.8708,-0.012181,-0.008178,-0.035071,0.009971,-0.012181,0.000000,0.120000,0.000000,0.300995,-0.003654,-0.031417,-0.000000,-0.002453,0.012424,-0.000000,0.015349,0
1790548262.8853,-0.008100,-0.008071,-0.033964,0.009887,-0.008100,0.000000,0.120000,0.000000,0.332281,-0.002430,-0.031534,0.000000,-0.002421,0.012308,0.000000,0.014392,0
1790548262.8998,-0.006453,-0.009345,-0.033563,0.009369,-0.006453,0.000000,0.120000,0.000000,0.363820,-0.001936,-0.031627,0.000000,-0.002803,0.012172,-0.000000,0.014508,0
1790548262.9143,-0.004649,-0.010134,-0.033088,0.008987,-0.004649,0.000000,0.120000,0.000000,0.394963,-0.001395,-0.031694,0.000000,-0.003040,0.012027,-0.000000,0.014326,0
1790548262.9287,-0.003965,-0.009259,-0.032942,0.009113,-0.003965,0.000000,0.120000,0.000000,0.426995,-0.001190,-0.031752,0.000000,-0.002778,0.011891,0.000000,0.014735,0
1790548262.9426,-0.001133,-0.009329,-0.032108,0.008962,-0.001133,0.000000,0.120000,0.000000,0.457393,-0.000340,-0.031768,0.000000,-0.002799,0.011760,-0.000000,0.013983,0
1790548262.9565,0.001451,-0.010078,-0.031313,0.008597,0.001451,0.000000,0.120000,0.000000,0.487526,0.000435,-0.031748,0.000000,-0.003023,0.011621,-0.000000,0.013861,0
1790548262.9705,0.005086,-0.007363,-0.030150,0.009308,0.005086,0.000000,0.120000,0.000000,0.518120,0.001526,-0.031676,0.000000,-0.002209,0.011517,0.000000,0.014073,0
1790548262.9842,0.009369,-0.003935,-0.028737,0.010283,0.009369,0.000000,0.120000,0.000000,0.547886,0.002811,-0.031548,0.000000,-0.001180,0.011463,0.000000,0.013692,0
1790548262.9979,0.014448,-0.000301,-0.027017,0.011369,0.014448,0.000000,0.120000,0.000000,0.577543,0.004334,-0.031351,0.000000,-0.000090,0.011459,0.000000,0.013642,0
1790548263.0119,0.017901,0.002935,-0.025728,0.012381,0.017901,0.000000,0.120000,0.000000,0.608194,0.005370,-0.031099,0.000000,0.000880,0.011500,0.000000,0.014099,0
1790548263.0259,0.021236,0.005355,-0.024431,0.013182,0.021236,0.000000,0.120000,0.000000,0.638612,0.006371,-0.030801,0.000000,0.001607,0.011575,0.000000,0.013993,0
1790548263.0401,0.019014,0.005429,-0.024829,0.013281,0.019014,0.000000,0.120000,0.000000,0.669282,0.005704,-0.030533,-0.000000,0.001629,0.011652,0.000000,0.014108,0
1790548263.0545,0.014027,0.001460,-0.026127,0.012111,0.014027,0.000000,0.120000,0.000000,0.699884,0.004208,-0.030336,-0.000000,0.000438,0.011673,-0.000000,0.014077,0
1790548263.0688,0.012894,0.001910,-0.026279,0.012273,0.012894,0.000000,0.120000,0.000000,0.731702,0.003868,-0.030147,-0.000000,0.000573,0.011701,0.000000,0.014636,0
1790548263.0828,0.009940,-0.001549,-0.027026,0.011214,0.009940,0.000000,0.120000,0.000000,0.762119,0.002982,-0.030008,-0.000000,-0.000465,0.011679,-0.000000,0.013992,0
1790548263.0968,0.004658,-0.006012,-0.028545,0.009791,0.004658,0.000000,0.120000,0.000000,0.792593,0.001398,-0.029943,-0.000000,-0.001804,0.011595,-0.000000,0.014018,0
1790548263.1108,0.007199,-0.010046,-0.027682,0.008440,0.007199,0.000000,0.120000,0.000000,0.823096,0.002160,-0.029842,0.000000,-0.003014,0.011454,-0.000000,0.014031,0
1790548263.1248,0.012711,-0.009367,-0.025851,0.008513,0.012711,0.000000,0.120000,0.000000,0.853378,0.003813,-0.029664,0.000000,-0.002810,0.011323,0.000000,0.013930,0
1790548263.1389,0.016253,-0.006856,-0.024559,0.009170,0.016253,0.000000,0.120000,0.000000,0.884090,0.004876,-0.029435,0.000000,-0.002057,0.011226,0.000000,0.014127,0
1790548263.1530,0.019252,-0.004500,-0.023388,0.009813,0.019252,0.000000,0.120000,0.000000,0.914698,0.005775,-0.029164,0.000000,-0.001350,0.011163,0.000000,0.014080,0
1790548263.1670,0.010315,-0.001420,-0.025925,0.010717,0.010315,0.000000,0.120000,0.000000,0.945188,0.003095,-0.029019,-0.000000,-0.000426,0.011143,0.000000,0.014025,0
1790548263.1809,0.000660,0.001420,-0.028812,0.011589,0.000660,0.000000,0.120000,0.000000,0.975404,0.000198,-0.029010,-0.000000,0.000426,0.011163,0.000000,0.013900,0
1790548263.1948,-0.006058,0.006485,-0.030912,0.013199,-0.006058,0.000000,0.120000,0.000000,0.005777,-0.001817,-0.029095,-0.000000,0.001945,0.011253,0.000000,0.013972,0
1790548263.2083,-0.011835,0.010827,-0.032806,0.014648,-0.011835,0.000000,0.120000,0.000000,0.035277,-0.003551,-0.029255,-0.000000,0.003248,0.011400,0.000000,0.013570,0
1790548263.2219,-0.014813,0.013648,-0.033899,0.015679,-0.014813,0.000000,0.120000,0.000000,0.064660,-0.004444,-0.029455,-0.000000,0.004094,0.011585,0.000000,0.013516,0
1790548263.2357,-0.011878,0.013681,-0.033181,0.015876,-0.011878,0.000000,0.120000,0.000000,0.094426,-0.003563,-0.029618,0.000000,0.004104,0.011772,0.000000,0.013693,0
1790548263.2500,-0.004680,0.011818,-0.031089,0.015487,-0.004680,0.000000,0.120000,0.000000,0.125643,-0.001404,-0.029685,0.000000,0.003545,0.011942,-0.000000,0.014360,0
1790548263.2639,0.001037,0.008136,-0.029360,0.014496,0.001037,0.000000,0.120000,0.000000,0.155951,0.000311,-0.029671,0.000000,0.002441,0.012055,-0.000000,0.013941,0
1790548263.2780,0.007152,0.002455,-0.027425,0.012826,0.007152,0.000000,0.120000,0.000000,0.186439,0.002145,-0.029571,0.000000,0.000736,0.012090,-0.000000,0.014025,0
1790548263.2920,0.010519,-0.005443,-0.026267,0.010380,0.010519,0.000000,0.120000,0.000000,0.217056,0.003156,-0.029422,0.000000,-0.001633,0.012013,-0.000000,0.014084,0
1790548263.3061,0.004101,-0.009164,-0.028136,0.009137,0.004101,0.000000,0.120000,0.000000,0.247082,0.001230,-0.029366,-0.000000,-0.002749,0.011886,-0.000000,0.013812,0
1790548263.3203,0.005857,-0.008609,-0.027524,0.009180,0.005857,0.000000,0.120000,0.000000,0.278340,0.001757,-0.029282,0.000000,-0.002583,0.011763,0.000000,0.014378,0
1790548263.3345,0.009614,-0.006679,-0.026260,0.009664,0.009614,0.000000,0.120000,0.000000,0.309335,0.002884,-0.029144,0.000000,-0.002004,0.011667,0.000000,0.014258,0
1790548263.3485,0.009908,-0.005493,-0.026034,0.009943,0.009908,0.000000,0.120000,0.000000,0.339712,0.002972,-0.029006,0.000000,-0.001648,0.011591,0.000000,0.013973,0
1790548263.3625,0.008829,-0.005344,-0.026233,0.009912,0.008829,0.000000,0.120000,0.000000,0.370238,0.002649,-0.028882,-0.000000,-0.001603,0.011516,0.000000,0.014042,0
1790548263.3764,0.007200,-0.005718,-0.026622,0.009721,0.007200,0.000000,0.120000,0.000000,0.400519,0.002160,-0.028782,-0.000000,-0.001715,0.011436,-0.000000,0.013930,0
1790548263.3904,0.005251,-0.004813,-0.027133,0.009925,0.005251,0.000000,0.120000,0.000000,0.430982,0.001575,-0.028708,-0.000000,-0.001444,0.011368,0.000000,0.014013,0
1790548263.4045,0.005780,-0.004085,-0.026893,0.010086,0.005780,0.000000,0.120000,0.000000,0.461470,0.001734,-0.028627,0.000000,-0.001225,0.011311,0.000000,0.014024,0
1790548263.4185,0.008836,-0.004910,-0.025852,0.009769,0.008836,0.000000,0.120000,0.000000,0.492005,0.002651,-0.028503,0.000000,-0.001473,0.011242,-0.000000,0.014046,0
1790548263.4325,0.011926,-0.002471,-0.024758,0.010466,0.011926,0.000000,0.120000,0.000000,0.522421,0.003578,-0.028336,0.000000,-0.000741,0.011208,0.000000,0.013992,0
1790548263.4461,0.016833,0.001391,-0.023057,0.011644,0.016833,0.000000,0.120000,0.000000,0.552013,0.005050,-0.028107,0.000000,0.000417,0.011227,0.000000,0.013612,0
1790548263.4600,0.022084,0.005815,-0.021176,0.013052,0.022084,0.000000,0.120000,0.000000,0.582069,0.006625,-0.027802,0.000000,0.001745,0.011307,0.000000,0.013826,0
1790548263.4740,0.026113,0.009728,-0.019599,0.014363,0.026113,0.000000,0.120000,0.000000,0.612718,0.007834,-0.027433,0.000000,0.002919,0.011444,0.000000,0.014098,0
1790548263.4881,0.027405,0.012109,-0.018826,0.015248,0.027405,0.000000,0.120000,0.000000,0.643353,0.008222,-0.027047,0.000000,0.003633,0.011615,0.000000,0.014092,0
1790548263.5021,0.023333,0.009092,-0.019721,0.014470,0.023333,0.000000,0.120000,0.000000,0.673799,0.007000,-0.026720,-0.000000,0.002728,0.011742,-0.000000,0.014005,0
1790548263.5162,0.018507,0.010762,-0.020908,0.015122,0.018507,0.000000,0.120000,0.000000,0.704437,0.005552,-0.026460,-0.000000,0.003229,0.011894,0.000000,0.014093,0
1790548263.5302,0.015014,0.010685,-0.021745,0.015249,0.015014,0.000000,0.120000,0.000000,0.734854,0.004504,-0.026250,-0.000000,0.003206,0.012043,-0.000000,0.013992,0
1790548263.5441,0.011749,0.008371,-0.022561,0.014671,0.011749,0.000000,0.120000,0.000000,0.765197,0.003525,-0.026086,-0.000000,0.002511,0.012160,-0.000000,0.013958,0
1790548263.5586,0.005938,0.002920,-0.024220,0.013077,0.005938,0.000000,0.120000,0.000000,0.796005,0.001781,-0.026001,-0.000000,0.000876,0.012202,-0.000000,0.014172,0
1790548263.5730,0.003427,-0.005296,-0.024923,0.010535,0.003427,0.000000,0.120000,0.000000,0.827779,0.001028,-0.025951,-0.000000,-0.001589,0.012124,-0.000000,0.014616,0
1790548263.5869,0.007086,-0.005875,-0.023726,0.010279,0.007086,0.000000,0.120000,0.000000,0.858219,0.002126,-0.025852,0.000000,-0.001762,0.012042,-0.000000,0.014002,0
1790548263.6009,0.009816,-0.003602,-0.022771,0.010911,0.009816,0.000000,0.120000,0.000000,0.888411,0.002945,-0.025716,0.000000,-0.001081,0.011992,0.000000,0.013889,0
1790548263.6149,0.012411,-0.002448,-0.021819,0.011223,0.012411,0.000000,0.120000,0.000000,0.918884,0.003723,-0.025542,0.000000,-0.000735,0.011957,0.000000,0.014017,0
1790548263.6289,0.003137,0.001237,-0.024557,0.012346,0.003137,0.000000,0.120000,0.000000,0.949314,0.000941,-0.025498,-0.000000,0.000371,0.011975,0.000000,0.013998,0
1790548263.6429,-0.005393,0.004985,-0.027192,0.013540,-0.005393,0.000000,0.120000,0.000000,0.979801,-0.001618,-0.025574,-0.000000,0.001496,0.012045,0.000000,0.014024,0
1790548263.6569,-0.012212,0.009687,-0.029407,0.015086,-0.012212,0.000000,0.120000,0.000000,0.010145,-0.003663,-0.025744,-0.000000,0.002906,0.012180,0.000000,0.013958,0
1790548263.6705,-0.017774,0.013688,-0.031319,0.016473,-0.017774,0.000000,0.120000,0.000000,0.039833,-0.005332,-0.025987,-0.000000,0.004106,0.012367,0.000000,0.013656,0
1790548263.6841,-0.022368,0.018445,-0.033002,0.018152,-0.022368,0.000000,0.120000,0.000000,0.069461,-0.006710,-0.026292,-0.000000,0.005534,0.012618,0.000000,0.013629,0
1790548263.6981,-0.018192,0.017093,-0.032004,0.017985,-0.018192,0.000000,0.120000,0.000000,0.099863,-0.005458,-0.026546,0.000000,0.005128,0.012857,-0.000000,0.013985,0
1790548263.7120,-0.012796,0.014944,-0.030564,0.017549,-0.012796,0.000000,0.120000,0.000000,0.130247,-0.003839,-0.026725,0.000000,0.004483,0.013066,-0.000000,0.013977,0
1790548263.7260,-0.005791,0.010027,-0.028543,0.016214,-0.005791,0.000000,0.120000,0.000000,0.160585,-0.001737,-0.026806,0.000000,0.003008,0.013206,-0.000000,0.013956,0
1790548263.7398,-0.001136,0.003594,-0.027162,0.014334,-0.001136,0.000000,0.120000,0.000000,0.190689,-0.000341,-0.026821,0.000000,0.001078,0.013256,-0.000000,0.013848,0
1790548263.7538,0.003219,-0.006570,-0.025811,0.011193,0.003219,0.000000,0.120000,0.000000,0.220959,0.000966,-0.026777,0.000000,-0.001971,0.013164,-0.000000,0.013924,0
1790548263.7677,-0.002384,-0.013861,-0.027525,0.008813,-0.002384,0.000000,0.120000,0.000000,0.251253,-0.000715,-0.026810,-0.000000,-0.004158,0.012971,-0.000000,0.013935,0
1790548263.7817,-0.003992,-0.014924,-0.028063,0.008286,-0.003992,0.000000,0.120000,0.000000,0.281604,-0.001197,-0.026866,-0.000000,-0.004477,0.012763,-0.000000,0.013961,0
1790548263.7955,0.000868,-0.013086,-0.026593,0.008656,0.000868,0.000000,0.120000,0.000000,0.311666,0.000260,-0.026854,0.000000,-0.003926,0.012582,0.000000,0.013829,0
1790548263.8098,0.004249,-0.012163,-0.025519,0.008763,0.004249,0.000000,0.120000,0.000000,0.341986,0.001275,-0.026794,0.000000,-0.003649,0.012412,0.000000,0.013947,0
1790548263.8241,0.001623,-0.012332,-0.026284,0.008533,0.001623,0.000000,0.120000,0.000000,0.373617,0.000487,-0.026771,-0.000000,-0.003700,0.012233,-0.000000,0.014550,0
1790548263.8381,-0.002094,-0.014077,-0.027428,0.007812,-0.002094,0.000000,0.120000,0.000000,0.404062,-0.000628,-0.026800,-0.000000,-0.004223,0.012036,-0.000000,0.014005,0
1790548263.8521,-0.000006,-0.013314,-0.026802,0.007855,-0.000006,0.000000,0.120000,0.000000,0.434535,-0.000002,-0.026800,0.000000,-0.003994,0.011849,0.000000,0.014018,0
1790548263.8661,0.002362,-0.011330,-0.026058,0.008291,0.002362,0.000000,0.120000,0.000000,0.465098,0.000708,-0.026767,0.000000,-0.003399,0.011690,0.000000,0.014059,0
1790548263.8801,0.004107,-0.012065,-0.025477,0.007901,0.004107,0.000000,0.120000,0.000000,0.495619,0.001232,-0.026709,0.000000,-0.003620,0.011520,-0.000000,0.014040,0
1790548263.8940,0.009226,-0.011948,-0.023814,0.007771,0.009226,0.000000,0.120000,0.000000,0.525720,0.002768,-0.026581,0.000000,-0.003584,0.011355,0.000000,0.013846,0
1790548263.9076,0.013869,-0.009847,-0.022232,0.008267,0.013869,0.000000,0.120000,0.000000,0.555376,0.004161,-0.026392,0.000000,-0.002954,0.011221,0.000000,0.013642,0
1790548263.9213,0.018318,-0.007374,-0.020647,0.008908,0.018318,0.000000,0.120000,0.000000,0.585021,0.005495,-0.026142,0.000000,-0.002212,0.011120,0.000000,0.013637,0
1790548263.9353,0.021529,-0.004865,-0.019381,0.009592,0.021529,0.000000,0.120000,0.000000,0.615578,0.006459,-0.025840,0.000000,-0.001460,0.011052,0.000000,0.014056,0
1790548263.9491,0.022351,-0.001768,-0.018825,0.010497,0.022351,0.000000,0.120000,0.000000,0.645659,0.006705,-0.025531,0.000000,-0.000530,0.011027,0.000000,0.013837,0
1790548263.9630,0.018078,-0.002020,-0.019856,0.010393,0.018078,0.000000,0.120000,0.000000,0.675837,0.005423,-0.025280,-0.000000,-0.000606,0.010999,-0.000000,0.013882,0
1790548263.9770,0.012112,-0.003676,-0.021477,0.009845,0.012112,0.000000,0.120000,0.000000,0.706122,0.003634,-0.025111,-0.000000,-0.001103,0.010948,-0.000000,0.013931,0
1790548263.9909,0.007024,-0.003867,-0.022906,0.009734,0.007024,0.000000,0.120000,0.000000,0.736263,0.002107,-0.025013,-0.000000,-0.001160,0.010894,-0.000000,0.013865,0
1790548264.0049,0.003437,-0.007322,-0.023934,0.008595,0.003437,0.000000,0.120000,0.000000,0.766773,0.001031,-0.024965,-0.000000,-0.002197,0.010792,-0.000000,0.014035,0
1790548264.0189,0.003895,-0.009760,-0.023742,0.007727,0.003895,0.000000,0.120000,0.000000,0.797188,0.001168,-0.024911,0.000000,-0.002928,0.010655,-0.000000,0.013991,0
1790548264.0328,0.006656,-0.008303,-0.022821,0.008048,0.006656,0.000000,0.120000,0.000000,0.827532,0.001997,-0.024818,0.000000,-0.002491,0.010539,0.000000,0.013958,0
1790548264.0468,0.004650,-0.004509,-0.023358,0.009123,0.004650,0.000000,0.120000,0.000000,0.857932,0.001395,-0.024753,-0.000000,-0.001353,0.010476,0.000000,0.013984,0
1790548264.0612,0.009762,0.003479,-0.021686,0.011569,0.009762,0.000000,0.120000,0.000000,0.888792,0.002929,-0.024614,0.000000,0.001044,0.010525,0.000000,0.014195,0
1790548264.0755,0.001237,0.009739,-0.024225,0.013587,0.001237,0.000000,0.120000,0.000000,0.920094,0.000371,-0.024596,-0.000000,0.002922,0.010666,0.000000,0.014399,0
1790548264.0894,-0.006464,0.013093,-0.026626,0.014777,-0.006464,0.000000,0.120000,0.000000,0.950494,-0.001939,-0.024687,-0.000000,0.003928,0.010849,0.000000,0.013984,0
1790548264.1034,-0.015345,0.017681,-0.029506,0.016401,-0.015345,0.000000,0.120000,0.000000,0.981033,-0.004603,-0.024902,-0.000000,0.005304,0.011097,0.000000,0.014048,0
1790548264.1174,-0.020930,0.023338,-0.031474,0.018425,-0.020930,0.000000,0.120000,0.000000,0.011480,-0.006279,-0.025196,-0.000000,0.007001,0.011424,0.000000,0.014005,0
1790548264.1310,-0.026148,0.029663,-0.033396,0.020727,-0.026148,0.000000,0.120000,0.000000,0.041074,-0.007844,-0.025551,-0.000000,0.008899,0.011828,0.000000,0.013613,0
1790548264.1448,-0.024378,0.032131,-0.033198,0.021907,-0.024378,0.000000,0.120000,0.000000,0.070830,-0.007313,-0.025885,0.000000,0.009639,0.012268,0.000000,0.013688,0
1790548264.1589,-0.021472,0.031439,-0.032629,0.022143,-0.021472,0.000000,0.120000,0.000000,0.101480,-0.006441,-0.026188,0.000000,0.009432,0.012711,-0.000000,0.014099,0
1790548264.1732,-0.016047,0.029757,-0.031230,0.022060,-0.016047,0.000000,0.120000,0.000000,0.132325,-0.004814,-0.026416,0.000000,0.008927,0.013133,-0.000000,0.014189,0
1790548264.1874,-0.011252,0.026727,-0.029953,0.021536,-0.011252,0.000000,0.120000,0.000000,0.163581,-0.003376,-0.026577,0.000000,0.008018,0.013517,-0.000000,0.014378,0
1790548264.2015,-0.006409,0.022152,-0.028590,0.020473,-0.006409,0.000000,0.120000,0.000000,0.194025,-0.001923,-0.026667,0.000000,0.006646,0.013828,-0.000000,0.014004,0
1790548264.2155,-0.002171,0.016204,-0.027349,0.018916,-0.002171,0.000000,0.120000,0.000000,0.224547,-0.000651,-0.026698,0.000000,0.004861,0.014055,-0.000000,0.014040,0
1790548264.2298,-0.000186,0.009487,-0.026756,0.017037,-0.000186,0.000000,0.120000,0.000000,0.255627,-0.000056,-0.026700,0.000000,0.002846,0.014191,-0.000000,0.014297,0
1790548264.2439,-0.004827,0.005209,-0.028216,0.015827,-0.004827,0.000000,0.120000,0.000000,0.286219,-0.001448,-0.026768,-0.000000,0.001563,0.014264,-0.000000,0.014072,0
1790548264.2581,-0.003336,0.004438,-0.027816,0.015658,-0.003336,0.000000,0.120000,0.000000,0.316987,-0.001001,-0.026815,0.000000,0.001331,0.014327,-0.000000,0.014153,0
1790548264.2723,0.001267,0.005877,-0.026417,0.016174,0.001267,0.000000,0.120000,0.000000,0.348113,0.000380,-0.026797,0.000000,0.001763,0.014411,0.000000,0.014318,0
1790548264.2862,0.005940,0.007620,-0.024932,0.016803,0.005940,0.000000,0.120000,0.000000,0.378444,0.001782,-0.026714,0.000000,0.002286,0.014517,0.000000,0.013952,0
1790548264.3001,0.008117,0.008521,-0.024166,0.017192,0.008117,0.000000,0.120000,0.000000,0.408683,0.002435,-0.026601,0.000000,0.002556,0.014636,0.000000,0.013910,0
1790548264.3144,0.009474,0.009946,-0.023627,0.017758,0.009474,0.000000,0.120000,0.000000,0.438955,0.002842,-0.026470,0.000000,0.002984,0.014774,0.000000,0.013925,0
1790548264.3285,0.014846,0.011564,-0.021802,0.018410,0.014846,0.000000,0.120000,0.000000,0.470161,0.004454,-0.026256,0.000000,0.003469,0.014940,0.000000,0.014354,0
1790548264.3425,0.017911,0.015210,-0.020631,0.019717,0.017911,0.000000,0.120000,0.000000,0.500729,0.005373,-0.026005,0.000000,0.004563,0.015154,0.000000,0.014061,0
1790548264.3561,0.023279,0.020778,-0.018705,0.021670,0.023279,0.000000,0.120000,0.000000,0.530250,0.006984,-0.025688,0.000000,0.006233,0.015436,0.000000,0.013580,0
1790548264.3697,0.030522,0.025950,-0.016116,0.023575,0.030522,0.000000,0.120000,0.000000,0.559899,0.009157,-0.025272,0.000000,0.007785,0.015790,0.000000,0.013638,0
1790548264.3834,0.037404,0.030407,-0.013540,0.025328,0.037404,0.000000,0.120000,0.000000,0.589585,0.011221,-0.024761,0.000000,0.009122,0.016206,0.000000,0.013655,0
1790548264.3974,0.039485,0.032754,-0.012363,0.026490,0.039485,0.000000,0.120000,0.000000,0.619998,0.011846,-0.024209,0.000000,0.009826,0.016664,0.000000,0.013990,0
1790548264.4115,0.039256,0.033491,-0.011881,0.027181,0.039256,0.000000,0.120000,0.000000,0.650522,0.011777,-0.023658,-0.000000,0.010047,0.017134,0.000000,0.014041,0
1790548264.4254,0.037552,0.033356,-0.011864,0.027610,0.037552,0.000000,0.120000,0.000000,0.681083,0.011266,-0.023130,-0.000000,0.010007,0.017603,-0.000000,0.014058,0
1790548264.4394,0.035122,0.030573,-0.012104,0.027200,0.035122,0.000000,0.120000,0.000000,0.711338,0.010537,-0.022641,-0.000000,0.009172,0.018028,-0.000000,0.013917,0
1790548264.4533,0.029798,0.024605,-0.013285,0.025754,0.029798,0.000000,0.120000,0.000000,0.741705,0.008940,-0.022225,-0.000000,0.007382,0.018372,-0.000000,0.013969,0
1790548264.4673,0.026718,0.016227,-0.013836,0.023467,0.026718,0.000000,0.120000,0.000000,0.772064,0.008015,-0.021852,-0.000000,0.004868,0.018599,-0.000000,0.013965,0
1790548264.4813,0.021879,0.005461,-0.014981,0.020314,0.021879,0.000000,0.120000,0.000000,0.802541,0.006564,-0.021545,-0.000000,0.001638,0.018675,-0.000000,0.014019,0
1790548264.4952,0.028444,-0.007133,-0.012616,0.016436,0.028444,0.000000,0.120000,0.000000,0.832740,0.008533,-0.021150,0.000000,-0.002140,0.018576,-0.000000,0.013892,0
1790548264.5092,0.034453,-0.010731,-0.010330,0.015206,0.034453,0.000000,0.120000,0.000000,0.863277,0.010336,-0.020666,0.000000,-0.003219,0.018425,-0.000000,0.014047,0
1790548264.5233,0.035825,-0.010108,-0.009416,0.015252,0.035825,0.000000,0.120000,0.000000,0.893744,0.010747,-0.020164,0.000000,-0.003032,0.018284,0.000000,0.014015,0
1790548264.5373,0.031567,-0.007707,-0.010250,0.015864,0.031567,0.000000,0.120000,0.000000,0.924281,0.009470,-0.019720,-0.000000,-0.002312,0.018176,0.000000,0.014047,0
1790548264.5512,0.023581,-0.003896,-0.012319,0.016953,0.023581,0.000000,0.120000,0.000000,0.954429,0.007074,-0.019393,-0.000000,-0.001169,0.018122,0.000000,0.013868,0
1790548264.5655,0.016528,-0.001419,-0.014202,0.017676,0.016528,0.000000,0.120000,0.000000,0.985022,0.004959,-0.019161,-0.000000,-0.000426,0.018102,0.000000,0.014073,0
1790548264.5803,0.010481,0.000416,-0.015860,0.018233,0.010481,0.000000,0.120000,0.000000,0.017442,0.003144,-0.019004,-0.000000,0.000125,0.018108,0.000000,0.014913,0
1790548264.5941,0.005273,0.004096,-0.017350,0.019393,0.005273,0.000000,0.120000,0.000000,0.047471,0.001582,-0.018932,-0.000000,0.001229,0.018164,0.000000,0.013814,0
1790548264.6079,0.000828,0.006454,-0.018672,0.020190,0.000828,0.000000,0.120000,0.000000,0.077495,0.000248,-0.018920,-0.000000,0.001936,0.018253,0.000000,0.013811,0
1790548264.6221,0.004016,0.005115,-0.017658,0.019861,0.004016,0.000000,0.120000,0.000000,0.108477,0.001205,-0.018863,0.000000,0.001535,0.018326,-0.000000,0.014251,0
1790548264.6363,0.005710,0.000634,-0.017069,0.018525,0.005710,0.000000,0.120000,0.000000,0.139218,0.001713,-0.018782,0.000000,0.000190,0.018335,-0.000000,0.014141,0
1790548264.6504,0.008533,-0.006976,-0.016102,0.016144,0.008533,0.000000,0.120000,0.000000,0.169868,0.002560,-0.018662,0.000000,-0.002093,0.018237,-0.000000,0.014099,0
1790548264.6647,0.012423,-0.014075,-0.014757,0.013813,0.012423,0.000000,0.120000,0.000000,0.201021,0.003727,-0.018484,0.000000,-0.004223,0.018035,-0.000000,0.014331,0
1790548264.6788,0.011975,-0.017358,-0.014722,0.012583,0.011975,0.000000,0.120000,0.000000,0.231703,0.003592,-0.018315,-0.000000,-0.005208,0.017790,-0.000000,0.014114,0
1790548264.6928,0.007939,-0.018083,-0.015822,0.012112,0.007939,0.000000,0.120000,0.000000,0.262196,0.002382,-0.018203,-0.000000,-0.005425,0.017537,-0.000000,0.014027,0
1790548264.7070,0.008995,-0.015100,-0.015377,0.012792,0.008995,0.000000,0.120000,0.000000,0.293059,0.002699,-0.018076,0.000000,-0.004530,0.017322,0.000000,0.014197,0
1790548264.7211,0.009314,-0.013064,-0.015149,0.013217,0.009314,0.000000,0.120000,0.000000,0.323932,0.002794,-0.017944,0.000000,-0.003919,0.017137,0.000000,0.014202,0
1790548264.7351,0.009679,-0.012835,-0.014905,0.013107,0.009679,0.000000,0.120000,0.000000,0.354254,0.002904,-0.017809,0.000000,-0.003850,0.016958,0.000000,0.013948,0
1790548264.7491,0.009357,-0.014541,-0.014871,0.012393,0.009357,0.000000,0.120000,0.000000,0.384607,0.002807,-0.017678,-0.000000,-0.004362,0.016755,-0.000000,0.013962,0
1790548264.7632,0.008515,-0.014511,-0.015003,0.012197,0.008515,0.000000,0.120000,0.000000,0.415287,0.002555,-0.017558,-0.000000,-0.004353,0.016550,0.000000,0.014112,0
1790548264.7774,0.010391,-0.013117,-0.014293,0.012428,0.010391,0.000000,0.120000,0.000000,0.446161,0.003117,-0.017410,0.000000,-0.003935,0.016364,0.000000,0.014202,0
1790548264.7913,0.010928,-0.011789,-0.013979,0.012662,0.010928,0.000000,0.120000,0.000000,0.476497,0.003278,-0.017258,0.000000,-0.003537,0.016199,0.000000,0.013954,0
1790548264.8055,0.012538,-0.012632,-0.013321,0.012233,0.012538,0.000000,0.120000,0.000000,0.506828,0.003761,-0.017083,0.000000,-0.003790,0.016023,-0.000000,0.013952,0
1790548264.8195,0.016825,-0.011160,-0.011802,0.012520,0.016825,0.000000,0.120000,0.000000,0.537001,0.005048,-0.016849,0.000000,-0.003348,0.015868,0.000000,0.013880,0
1790548264.8335,0.019715,-0.007801,-0.010654,0.013417,0.019715,0.000000,0.120000,0.000000,0.567902,0.005914,-0.016569,0.000000,-0.002340,0.015757,0.000000,0.014214,0
1790548264.8477,0.024030,-0.004584,-0.009018,0.014317,0.024030,0.000000,0.120000,0.000000,0.598804,0.007209,-0.016227,0.000000,-0.001375,0.015692,0.000000,0.014215,0
1790548264.8618,0.028688,-0.000782,-0.007218,0.015446,0.028688,0.000000,0.120000,0.000000,0.629316,0.008606,-0.015825,0.000000,-0.000235,0.015681,0.000000,0.014036,0
1790548264.8759,0.025094,-0.001442,-0.007939,0.015228,0.025094,0.000000,0.120000,0.000000,0.660302,0.007528,-0.015467,-0.000000,-0.000433,0.015660,-0.000000,0.014253,0
1790548264.8902,0.020590,-0.001466,-0.008999,0.015200,0.020590,0.000000,0.120000,0.000000,0.690979,0.006177,-0.015176,-0.000000,-0.000440,0.015640,-0.000000,0.014112,0
1790548264.9046,0.014792,-0.002698,-0.010524,0.014791,0.014792,0.000000,0.120000,0.000000,0.722512,0.004438,-0.014962,-0.000000,-0.000809,0.015601,-0.000000,0.014505,0
1790548264.9188,0.008832,-0.005902,-0.012187,0.013746,0.008832,0.000000,0.120000,0.000000,0.753385,0.002650,-0.014836,-0.000000,-0.001771,0.015517,-0.000000,0.014202,0
1790548264.9330,0.006096,-0.010494,-0.012922,0.012221,0.006096,0.000000,0.120000,0.000000,0.784051,0.001829,-0.014750,-0.000000,-0.003148,0.015369,-0.000000,0.014106,0
1790548264.9486,0.010119,-0.012553,-0.011564,0.011416,0.010119,0.000000,0.120000,0.000000,0.816418,0.003036,-0.014600,0.000000,-0.003766,0.015182,-0.000000,0.014889,0
1790548264.9639,0.010244,-0.011166,-0.011365,0.011656,0.010244,0.000000,0.120000,0.000000,0.850634,0.003073,-0.014439,0.000000,-0.003350,0.015006,0.000000,0.015739,0
1790548264.9784,0.014406,-0.007658,-0.009906,0.012597,0.014406,0.000000,0.120000,0.000000,0.882380,0.004322,-0.014228,0.000000,-0.002297,0.014894,0.000000,0.014603,0
1790548264.9931,0.008087,-0.001631,-0.011685,0.014381,0.008087,0.000000,0.120000,0.000000,0.913935,0.002426,-0.014111,-0.000000,-0.000489,0.014871,0.000000,0.014515,0
1790548265.0082,0.000602,0.002772,-0.013921,0.015745,0.000602,0.000000,0.120000,0.000000,0.947494,0.000181,-0.014102,-0.000000,0.000832,0.014913,0.000000,0.015437,0
1790548265.0224,-0.006671,0.007894,-0.016198,0.017394,-0.006671,0.000000,0.120000,0.000000,0.978515,-0.002001,-0.014197,-0.000000,0.002368,0.015026,0.000000,0.014270,0
1790548265.0364,-0.013935,0.013716,-0.018572,0.019333,-0.013935,0.000000,0.120000,0.000000,0.008973,-0.004180,-0.014392,-0.000000,0.004115,0.015218,0.000000,0.014011,0
1790548265.0503,-0.018305,0.020945,-0.020138,0.021793,-0.018305,0.000000,0.120000,0.000000,0.039251,-0.005491,-0.014647,-0.000000,0.006284,0.015510,0.000000,0.013928,0
1790548265.0641,-0.019937,0.026044,-0.020903,0.023682,-0.019937,0.000000,0.120000,0.000000,0.069222,-0.005981,-0.014922,-0.000000,0.007813,0.015869,0.000000,0.013787,0
1790548265.0788,-0.018505,0.027043,-0.020742,0.024374,-0.018505,0.000000,0.120000,0.000000,0.100717,-0.005552,-0.015190,0.000000,0.008113,0.016261,0.000000,0.014488,0
1790548265.0932,-0.014802,0.026316,-0.019847,0.024540,-0.014802,0.000000,0.120000,0.000000,0.132484,-0.004440,-0.015406,0.000000,0.007895,0.016645,-0.000000,0.014613,0
1790548265.1074,-0.010613,0.024140,-0.018742,0.024232,-0.010613,0.000000,0.120000,0.000000,0.163508,-0.003184,-0.015558,0.000000,0.007242,0.016990,-0.000000,0.014271,0
1790548265.1215,-0.005271,0.018919,-0.017213,0.022931,-0.005271,0.000000,0.120000,0.000000,0.194082,-0.001581,-0.015632,0.000000,0.005676,0.017256,-0.000000,0.014064,0
1790548265.1356,0.000490,0.011344,-0.015478,0.020818,0.000490,0.000000,0.120000,0.000000,0.224597,0.000147,-0.015625,0.000000,0.003403,0.017415,-0.000000,0.014037,0
1790548265.1496,0.005224,0.002654,-0.013984,0.018249,0.005224,0.000000,0.120000,0.000000,0.255213,0.001567,-0.015551,0.000000,0.000796,0.017452,-0.000000,0.014084,0
1790548265.1635,0.000653,-0.003976,-0.015346,0.016204,0.000653,0.000000,0.120000,0.000000,0.285496,0.000196,-0.015542,-0.000000,-0.001193,0.017397,-0.000000,0.013930,0
1790548265.1775,-0.000347,-0.005071,-0.015651,0.015804,-0.000347,0.000000,0.120000,0.000000,0.316031,-0.000104,-0.015547,-0.000000,-0.001521,0.017326,-0.000000,0.014046,0
1790548265.1913,0.002243,-0.005462,-0.014843,0.015612,0.002243,0.000000,0.120000,0.000000,0.346078,0.000673,-0.015516,0.000000,-0.001639,0.017250,-0.000000,0.013822,0
1790548265.2053,0.001787,-0.005611,-0.014955,0.015489,0.001787,0.000000,0.120000,0.000000,0.376283,0.000536,-0.015491,-0.000000,-0.001683,0.017172,-0.000000,0.013894,0
1790548265.2193,-0.000527,-0.004664,-0.015657,0.015708,-0.000527,0.000000,0.120000,0.000000,0.406917,-0.000158,-0.015499,-0.000000,-0.001399,0.017107,0.000000,0.014092,0
1790548265.2332,0.001503,-0.004082,-0.015027,0.015826,0.001503,0.000000,0.120000,0.000000,0.436978,0.000451,-0.015478,0.000000,-0.001224,0.017050,0.000000,0.013828,0
1790548265.2472,0.004263,-0.002715,-0.014139,0.016198,0.004263,0.000000,0.120000,0.000000,0.467490,0.001279,-0.015418,0.000000,-0.000815,0.017012,0.000000,0.014035,0
1790548265.2611,0.005604,-0.001652,-0.013659,0.016493,0.005604,0.000000,0.120000,0.000000,0.497719,0.001681,-0.015340,0.000000,-0.000496,0.016989,0.000000,0.013905,0
1790548265.2751,0.007154,-0.002738,-0.013094,0.016129,0.007154,0.000000,0.120000,0.000000,0.528158,0.002146,-0.015240,0.000000,-0.000821,0.016951,-0.000000,0.014002,0
1790548265.2888,0.009031,-0.003676,-0.012408,0.015798,0.009031,0.000000,0.120000,0.000000,0.557810,0.002709,-0.015117,0.000000,-0.001103,0.016901,-0.000000,0.013640,0
1790548265.3024,0.011215,-0.004393,-0.011599,0.015523,0.011215,0.000000,0.120000,0.000000,0.587456,0.003365,-0.014964,0.000000,-0.001318,0.016841,-0.000000,0.013637,0
1790548265.3163,0.014153,-0.004930,-0.010520,0.015293,0.014153,0.000000,0.120000,0.000000,0.617817,0.004246,-0.014766,0.000000,-0.001479,0.016772,-0.000000,0.013966,0
1790548265.3306,0.014875,-0.006529,-0.010098,0.014723,0.014875,0.000000,0.120000,0.000000,0.647949,0.004462,-0.014560,0.000000,-0.001959,0.016681,-0.000000,0.013861,0
1790548265.3448,0.010814,-0.010170,-0.011159,0.013483,0.010814,0.000000,0.120000,0.000000,0.679507,0.003244,-0.014403,-0.000000,-0.003051,0.016534,-0.000000,0.014517,0
1790548265.3587,0.004756,-0.011700,-0.012910,0.012861,0.004756,0.000000,0.120000,0.000000,0.709835,0.001427,-0.014337,-0.000000,-0.003510,0.016371,-0.000000,0.013951,0
1790548265.3727,0.000842,-0.014427,-0.014072,0.011841,0.000842,0.000000,0.120000,0.000000,0.740187,0.000253,-0.014325,-0.000000,-0.004328,0.016169,-0.000000,0.013962,0
1790548265.3865,0.001729,-0.019929,-0.013782,0.009913,0.001729,0.000000,0.120000,0.000000,0.770452,0.000519,-0.014301,0.000000,-0.005979,0.015892,-0.000000,0.013922,0
1790548265.4004,0.003503,-0.022662,-0.013201,0.008779,0.003503,0.000000,0.120000,0.000000,0.800603,0.001051,-0.014252,0.000000,-0.006798,0.015577,-0.000000,0.013870,0
1790548265.4145,0.007261,-0.022267,-0.011972,0.008585,0.007261,0.000000,0.120000,0.000000,0.831094,0.002178,-0.014150,0.000000,-0.006680,0.015265,0.000000,0.014026,0
1790548265.4286,0.007421,-0.020297,-0.011820,0.008891,0.007421,0.000000,0.120000,0.000000,0.861578,0.002226,-0.014046,0.000000,-0.006089,0.014980,0.000000,0.014023,0
1790548265.4428,0.008524,-0.014946,-0.011368,0.010284,0.008524,0.000000,0.120000,0.000000,0.892445,0.002557,-0.013925,0.000000,-0.004484,0.014768,0.000000,0.014199,0
1790548265.4569,0.006487,-0.007846,-0.011888,0.012303,0.006487,0.000000,0.120000,0.000000,0.923224,0.001946,-0.013834,-0.000000,-0.002354,0.014657,0.000000,0.014158,0
1790548265.4708,-0.003463,-0.005114,-0.014921,0.013052,-0.003463,0.000000,0.120000,0.000000,0.953556,-0.001039,-0.013882,-0.000000,-0.001534,0.014586,0.000000,0.013952,0
1790548265.4847,-0.010193,-0.002914,-0.017081,0.013671,-0.010193,0.000000,0.120000,0.000000,0.983688,-0.003058,-0.014023,-0.000000,-0.000874,0.014545,0.000000,0.013861,0
1790548265.4987,-0.015788,0.000667,-0.018981,0.014755,-0.015788,0.000000,0.120000,0.000000,0.014226,-0.004736,-0.014245,-0.000000,0.000200,0.014555,0.000000,0.014047,0
1790548265.5125,-0.019991,0.004106,-0.020517,0.015843,-0.019991,0.000000,0.120000,0.000000,0.044136,-0.005997,-0.014520,-0.000000,0.001232,0.014611,0.000000,0.013759,0
1790548265.5262,-0.020362,0.005867,-0.020908,0.016452,-0.020362,0.000000,0.120000,0.000000,0.074004,-0.006109,-0.014800,-0.000000,0.001760,0.014692,0.000000,0.013739,0
1790548265.5402,-0.018104,0.003507,-0.020484,0.015793,-0.018104,0.000000,0.120000,0.000000,0.104432,-0.005431,-0.015053,0.000000,0.001052,0.014741,-0.000000,0.013997,0
1790548265.5542,-0.014600,-0.001047,-0.019637,0.014412,-0.014600,0.000000,0.120000,0.000000,0.134863,-0.004380,-0.015257,0.000000,-0.000314,0.014726,-0.000000,0.013998,0
1790548265.5681,-0.008312,-0.006602,-0.017867,0.012654,-0.008312,0.000000,0.120000,0.000000,0.165030,-0.002494,-0.015373,0.000000,-0.001981,0.014635,-0.000000,0.013877,0
1790548265.5825,0.001501,-0.013309,-0.014901,0.010453,0.001501,0.000000,0.120000,0.000000,0.195891,0.000450,-0.015352,0.000000,-0.003993,0.014446,-0.000000,0.014196,0
1790548265.5971,0.002260,-0.016883,-0.014640,0.009134,0.002260,0.000000,0.120000,0.000000,0.227712,0.000678,-0.015318,0.000000,-0.005065,0.014199,-0.000000,0.014638,0
1790548265.6111,0.000498,-0.012202,-0.015162,0.010365,0.000498,0.000000,0.120000,0.000000,0.258466,0.000149,-0.015311,-0.000000,-0.003661,0.014026,0.000000,0.014147,0
1790548265.6252,0.004614,-0.008883,-0.013862,0.011236,0.004614,0.000000,0.120000,0.000000,0.289140,0.001384,-0.015246,0.000000,-0.002665,0.013901,0.000000,0.014110,0
1790548265.6392,0.008385,-0.004378,-0.012614,0.012526,0.008385,0.000000,0.120000,0.000000,0.319421,0.002516,-0.015129,0.000000,-0.001313,0.013840,0.000000,0.013929,0
1790548265.6533,0.012466,0.000663,-0.011214,0.014048,0.012466,0.000000,0.120000,0.000000,0.350130,0.003740,-0.014953,0.000000,0.000199,0.013849,0.000000,0.014126,0
1790548265.6673,0.010194,0.002847,-0.011752,0.014743,0.010194,0.000000,0.120000,0.000000,0.380685,0.003058,-0.014810,-0.000000,0.000854,0.013889,0.000000,0.014055,0
1790548265.6814,0.009460,0.005344,-0.011839,0.015567,0.009460,0.000000,0.120000,0.000000,0.411186,0.002838,-0.014677,-0.000000,0.001603,0.013964,0.000000,0.014031,0
1790548265.6953,0.011497,0.007666,-0.011067,0.016372,0.011497,0.000000,0.120000,0.000000,0.441728,0.003449,-0.014516,0.000000,0.002300,0.014072,0.000000,0.014049,0
1790548265.7093,0.014768,0.010283,-0.009879,0.017300,0.014768,0.000000,0.120000,0.000000,0.472069,0.004430,-0.014310,0.000000,0.003085,0.014215,0.000000,0.013957,0
1790548265.7232,0.019957,0.012837,-0.008044,0.018246,0.019957,0.000000,0.120000,0.000000,0.502457,0.005987,-0.014031,0.000000,0.003851,0.014395,0.000000,0.013978,0
1790548265.7369,0.025585,0.016469,-0.006008,0.019559,0.025585,0.000000,0.120000,0.000000,0.531927,0.007675,-0.013684,0.000000,0.004941,0.014618,0.000000,0.013556,0
1790548265.7505,0.031344,0.023296,-0.003852,0.021926,0.031344,0.000000,0.120000,0.000000,0.561680,0.009403,-0.013255,0.000000,0.006989,0.014937,0.000000,0.013686,0
1790548265.7641,0.037118,0.029300,-0.001614,0.024126,0.037118,0.000000,0.120000,0.000000,0.591277,0.011135,-0.012750,0.000000,0.008790,0.015336,0.000000,0.013614,0
1790548265.7781,0.038894,0.031827,-0.000537,0.025329,0.038894,0.000000,0.120000,0.000000,0.621699,0.011668,-0.012205,0.000000,0.009548,0.015781,0.000000,0.013994,0
1790548265.7923,0.038798,0.034370,-0.000020,0.026576,0.038798,0.000000,0.120000,0.000000,0.652317,0.011639,-0.011659,-0.000000,0.010311,0.016265,0.000000,0.014085,0
1790548265.8062,0.035632,0.034691,-0.000471,0.027157,0.035632,0.000000,0.120000,0.000000,0.682715,0.010689,-0.011161,-0.000000,0.010407,0.016750,0.000000,0.013983,0
1790548265.8201,0.031532,0.034000,-0.001261,0.027424,0.031532,0.000000,0.120000,0.000000,0.713020,0.009460,-0.010721,-0.000000,0.010200,0.017224,-0.000000,0.013941,0
1790548265.8344,0.026019,0.031274,-0.002551,0.027044,0.026019,0.000000,0.120000,0.000000,0.743455,0.007806,-0.010357,-0.000000,0.009382,0.017662,-0.000000,0.014000,0
1790548265.8488,0.020716,0.025423,-0.003841,0.025658,0.020716,0.000000,0.120000,0.000000,0.775026,0.006215,-0.010056,-0.000000,0.007627,0.018031,-0.000000,0.014523,0
1790548265.8627,0.015302,0.016844,-0.005251,0.023321,0.015302,0.000000,0.120000,0.000000,0.805557,0.004590,-0.009841,-0.000000,0.005053,0.018268,-0.000000,0.014044,0
1790548265.8767,0.009288,0.004214,-0.006926,0.019591,0.009288,0.000000,0.120000,0.000000,0.835780,0.002786,-0.009712,-0.000000,0.001264,0.018326,-0.000000,0.013902,0
1790548265.8907,0.012689,0.000567,-0.005727,0.018504,0.012689,0.000000,0.120000,0.000000,0.866393,0.003807,-0.009533,0.000000,0.000170,0.018334,-0.000000,0.014082,0
1790548265.9047,0.013765,0.002693,-0.005211,0.019180,0.013765,0.000000,0.120000,0.000000,0.896842,0.004130,-0.009340,0.000000,0.000808,0.018372,0.000000,0.014006,0
1790548265.9186,0.013114,0.009962,-0.005223,0.021500,0.013114,0.000000,0.120000,0.000000,0.927174,0.003934,-0.009157,-0.000000,0.002989,0.018511,0.000000,0.013953,0
1790548265.9325,0.000100,0.017887,-0.009126,0.024126,0.000100,0.000000,0.120000,0.000000,0.957384,0.000030,-0.009156,-0.000000,0.005366,0.018760,0.000000,0.013896,0
1790548265.9465,-0.014301,0.024841,-0.013646,0.026559,-0.014301,0.000000,0.120000,0.000000,0.987771,-0.004290,-0.009356,-0.000000,0.007452,0.019107,0.000000,0.013978,0
1790548265.9604,-0.024734,0.033696,-0.017120,0.029684,-0.024734,0.000000,0.120000,0.000000,0.017974,-0.007420,-0.009700,-0.000000,0.010109,0.019575,0.000000,0.013894,0
1790548265.9740,-0.033390,0.040979,-0.020171,0.032427,-0.033390,0.000000,0.120000,0.000000,0.047574,-0.010017,-0.010154,-0.000000,0.012294,0.020133,0.000000,0.013616,0
1790548265.9877,-0.035776,0.046447,-0.021374,0.034700,-0.035776,0.000000,0.120000,0.000000,0.077186,-0.010733,-0.010642,-0.000000,0.013934,0.020766,0.000000,0.013622,0
1790548266.0017,-0.034671,0.049678,-0.021529,0.036366,-0.034671,0.000000,0.120000,0.000000,0.107702,-0.010401,-0.011128,0.000000,0.014903,0.021463,0.000000,0.014037,0
1790548266.0157,-0.031209,0.049023,-0.020927,0.036856,-0.031209,0.000000,0.120000,0.000000,0.138112,-0.009363,-0.011565,0.000000,0.014707,0.022149,-0.000000,0.013988,0
1790548266.0296,-0.027388,0.047175,-0.020161,0.036956,-0.027388,0.000000,0.120000,0.000000,0.168277,-0.008217,-0.011945,0.000000,0.014153,0.022803,-0.000000,0.013876,0
1790548266.0436,-0.023192,0.040352,-0.019227,0.035474,-0.023192,0.000000,0.120000,0.000000,0.198704,-0.006958,-0.012269,0.000000,0.012106,0.023368,-0.000000,0.013996,0
1790548266.0576,-0.020220,0.030177,-0.018620,0.032846,-0.020220,0.000000,0.120000,0.000000,0.229325,-0.006066,-0.012554,0.000000,0.009053,0.023793,-0.000000,0.014086,0
1790548266.0714,-0.016997,0.018582,-0.017889,0.029625,-0.016997,0.000000,0.120000,0.000000,0.259401,-0.005099,-0.012789,0.000000,0.005575,0.024050,-0.000000,0.013835,0
1790548266.0859,-0.012763,0.007166,-0.016798,0.026301,-0.012763,0.000000,0.120000,0.000000,0.290057,-0.003829,-0.012969,0.000000,0.002150,0.024151,-0.000000,0.014102,0
1790548266.1002,-0.016444,0.000424,-0.018141,0.024285,-0.016444,0.000000,0.120000,0.000000,0.321587,-0.004933,-0.013208,-0.000000,0.000127,0.024158,-0.000000,0.014504,0
1790548266.1142,-0.017528,-0.001396,-0.018712,0.023719,-0.017528,0.000000,0.120000,0.000000,0.352113,-0.005258,-0.013454,-0.000000,-0.000419,0.024138,-0.000000,0.014042,0
1790548266.1282,-0.015190,-0.002451,-0.018224,0.023368,-0.015190,0.000000,0.120000,0.000000,0.382673,-0.004557,-0.013668,0.000000,-0.000735,0.024103,-0.000000,0.014058,0
1790548266.1424,-0.011194,-0.004839,-0.017183,0.022584,-0.011194,0.000000,0.120000,0.000000,0.413235,-0.003358,-0.013825,0.000000,-0.001452,0.024035,-0.000000,0.014059,0
1790548266.1565,-0.006519,-0.005939,-0.015873,0.022170,-0.006519,0.000000,0.120000,0.000000,0.444072,-0.001956,-0.013917,0.000000,-0.001782,0.023951,-0.000000,0.014185,0
1790548266.1705,-0.004704,-0.006137,-0.015394,0.022024,-0.004704,0.000000,0.120000,0.000000,0.474515,-0.001411,-0.013983,0.000000,-0.001841,0.023865,-0.000000,0.014004,0
1790548266.1845,0.000216,-0.005548,-0.013915,0.022123,0.000216,0.000000,0.120000,0.000000,0.504962,0.000065,-0.013980,0.000000,-0.001665,0.023788,0.000000,0.014006,0
1790548266.1981,0.003483,-0.002843,-0.012888,0.022896,0.003483,0.000000,0.120000,0.000000,0.534602,0.001045,-0.013933,0.000000,-0.000853,0.023749,0.000000,0.013634,0
1790548266.2117,0.007388,-0.001235,-0.011616,0.023361,0.007388,0.000000,0.120000,0.000000,0.564281,0.002216,-0.013832,0.000000,-0.000371,0.023732,0.000000,0.013652,0
1790548266.2254,0.010543,-0.000342,-0.010525,0.023625,0.010543,0.000000,0.120000,0.000000,0.593949,0.003163,-0.013688,0.000000,-0.000103,0.023727,0.000000,0.013647,0
1790548266.2394,0.013925,0.000253,-0.009315,0.023807,0.013925,0.000000,0.120000,0.000000,0.624459,0.004178,-0.013493,0.000000,0.000076,0.023731,0.000000,0.014035,0
1790548266.2535,0.013817,-0.001919,-0.009153,0.023128,0.013817,0.000000,0.120000,0.000000,0.655027,0.004145,-0.013298,-0.000000,-0.000576,0.023704,-0.000000,0.014061,0
1790548266.2674,0.009037,-0.006651,-0.010461,0.021616,0.009037,0.000000,0.120000,0.000000,0.685332,0.002711,-0.013172,-0.000000,-0.001995,0.023611,-0.000000,0.013940,0
1790548266.2814,0.005089,-0.008608,-0.011574,0.020908,0.005089,0.000000,0.120000,0.000000,0.715764,0.001527,-0.013101,-0.000000,-0.002582,0.023491,-0.000000,0.013999,0
1790548266.2953,0.003014,-0.012356,-0.012155,0.019612,0.003014,0.000000,0.120000,0.000000,0.745936,0.000904,-0.013059,-0.000000,-0.003707,0.023319,-0.000000,0.013879,0
1790548266.3092,0.001131,-0.017106,-0.012704,0.017948,0.001131,0.000000,0.120000,0.000000,0.776302,0.000339,-0.013043,-0.000000,-0.005132,0.023080,-0.000000,0.013969,0
1790548266.3232,0.003559,-0.019935,-0.011926,0.016822,0.003559,0.000000,0.120000,0.000000,0.806587,0.001068,-0.012994,0.000000,-0.005980,0.022802,-0.000000,0.013931,0
1790548266.3375,0.006409,-0.019367,-0.010982,0.016722,0.006409,0.000000,0.120000,0.000000,0.836980,0.001923,-0.012904,0.000000,-0.005810,0.022532,0.000000,0.013981,0
1790548266.3517,0.011184,-0.017782,-0.009388,0.016941,0.011184,0.000000,0.120000,0.000000,0.868317,0.003355,-0.012743,0.000000,-0.005334,0.022275,0.000000,0.014415,0
1790548266.3659,0.011110,-0.011173,-0.009252,0.018764,0.011110,0.000000,0.120000,0.000000,0.899257,0.003333,-0.012585,-0.000000,-0.003352,0.022116,0.000000,0.014232,0
1790548266.3798,0.001835,-0.003804,-0.012009,0.020922,0.001835,0.000000,0.120000,0.000000,0.929656,0.000551,-0.012559,-0.000000,-0.001141,0.022063,0.000000,0.013984,0
1790548266.3938,-0.008513,0.000711,-0.015232,0.022286,-0.008513,0.000000,0.120000,0.000000,0.960044,-0.002554,-0.012678,-0.000000,0.000213,0.022073,0.000000,0.013978,0
1790548266.4077,-0.014764,0.004374,-0.017313,0.023446,-0.014764,0.000000,0.120000,0.000000,0.990318,-0.004429,-0.012884,-0.000000,0.001312,0.022134,0.000000,0.013926,0
1790548266.4219,-0.021194,0.009009,-0.019541,0.024964,-0.021194,0.000000,0.120000,0.000000,0.020968,-0.006358,-0.013183,-0.000000,0.002703,0.022261,0.000000,0.014099,0
1790548266.4354,-0.023375,0.013445,-0.020513,0.026477,-0.023375,0.000000,0.120000,0.000000,0.050530,-0.007013,-0.013501,-0.000000,0.004033,0.022444,0.000000,0.013598,0
1790548266.4492,-0.023372,0.015421,-0.020834,0.027282,-0.023372,0.000000,0.120000,0.000000,0.080427,-0.007012,-0.013822,0.000000,0.004626,0.022656,0.000000,0.013752,0
1790548266.4633,-0.022288,0.013182,-0.020823,0.026797,-0.022288,0.000000,0.120000,0.000000,0.111090,-0.006686,-0.014136,0.000000,0.003955,0.022842,-0.000000,0.014105,0
1790548266.4771,-0.017072,0.008407,-0.019495,0.025481,-0.017072,0.000000,0.120000,0.000000,0.141221,-0.005122,-0.014373,0.000000,0.002522,0.022958,-0.000000,0.013860,0
1790548266.4911,-0.009877,0.003496,-0.017474,0.024056,-0.009877,0.000000,0.120000,0.000000,0.171676,-0.002963,-0.014511,0.000000,0.001049,0.023007,-0.000000,0.014009,0
1790548266.5051,-0.004723,-0.001326,-0.015994,0.022591,-0.004723,0.000000,0.120000,0.000000,0.201982,-0.001417,-0.014577,0.000000,-0.000398,0.022989,-0.000000,0.013941,0
1790548266.5191,0.002439,-0.006838,-0.013812,0.020842,0.002439,0.000000,0.120000,0.000000,0.232377,0.000732,-0.014543,0.000000,-0.002051,0.022893,-0.000000,0.013982,0
1790548266.5331,0.000929,-0.011395,-0.014251,0.019315,0.000929,0.000000,0.120000,0.000000,0.262877,0.000279,-0.014530,-0.000000,-0.003419,0.022733,-0.000000,0.014030,0
1790548266.5471,-0.001557,-0.013426,-0.015019,0.018518,-0.001557,0.000000,0.120000,0.000000,0.293302,-0.000467,-0.014552,-0.000000,-0.004028,0.022545,-0.000000,0.013995,0
1790548266.5611,0.000492,-0.014794,-0.014398,0.017901,0.000492,0.000000,0.120000,0.000000,0.323645,0.000147,-0.014545,0.000000,-0.004438,0.022339,-0.000000,0.013958,0
1790548266.5751,0.002764,-0.012777,-0.013677,0.018326,0.002764,0.000000,0.120000,0.000000,0.354200,0.000829,-0.014506,0.000000,-0.003833,0.022159,0.000000,0.014055,0
1790548266.5896,0.006374,-0.009662,-0.012503,0.019123,0.006374,0.000000,0.120000,0.000000,0.385261,0.001912,-0.014415,0.000000,-0.002898,0.022021,0.000000,0.014288,0
1790548266.6039,0.010208,-0.006620,-0.011206,0.019940,0.010208,0.000000,0.120000,0.000000,0.416582,0.003062,-0.014268,0.000000,-0.001986,0.021926,0.000000,0.014408,0
1790548266.6180,0.012047,-0.001032,-0.010483,0.021602,0.012047,0.000000,0.120000,0.000000,0.447425,0.003614,-0.014097,0.000000,-0.000310,0.021911,0.000000,0.014188,0
1790548266.6320,0.015929,0.001442,-0.009096,0.022364,0.015929,0.000000,0.120000,0.000000,0.477793,0.004779,-0.013875,0.000000,0.000433,0.021931,0.000000,0.013970,0
1790548266.6462,0.019601,0.003102,-0.007717,0.022906,0.019601,0.000000,0.120000,0.000000,0.508572,0.005880,-0.013597,0.000000,0.000931,0.021975,0.000000,0.014158,0
1790548266.6599,0.023528,0.006117,-0.006215,0.023895,0.023528,0.000000,0.120000,0.000000,0.538481,0.007058,-0.013273,0.000000,0.001835,0.022060,0.000000,0.013758,0
1790548266.6736,0.026692,0.008951,-0.004899,0.024868,0.026692,0.000000,0.120000,0.000000,0.568315,0.008008,-0.012907,0.000000,0.002685,0.022182,0.000000,0.013724,0
1790548266.6875,0.030588,0.012636,-0.003305,0.026149,0.030588,0.000000,0.120000,0.000000,0.598580,0.009176,-0.012481,0.000000,0.003791,0.022358,0.000000,0.013922,0
1790548266.7016,0.030872,0.014281,-0.002786,0.026843,0.030872,0.000000,0.120000,0.000000,0.629080,0.009262,-0.012048,0.000000,0.004284,0.022559,0.000000,0.014030,0
1790548266.7156,0.028692,0.013192,-0.003038,0.026701,0.028692,0.000000,0.120000,0.000000,0.659552,0.008608,-0.011646,-0.000000,0.003957,0.022744,-0.000000,0.014017,0
1790548266.7295,0.025246,0.013736,-0.003721,0.027056,0.025246,0.000000,0.120000,0.000000,0.689786,0.007574,-0.011295,-0.000000,0.004121,0.022935,0.000000,0.013908,0
1790548266.7435,0.021755,0.012700,-0.004464,0.026923,0.021755,0.000000,0.120000,0.000000,0.720243,0.006526,-0.010990,-0.000000,0.003810,0.023113,-0.000000,0.014010,0
1790548266.7574,0.017998,0.010205,-0.005340,0.026316,0.017998,0.000000,0.120000,0.000000,0.750544,0.005399,-0.010739,-0.000000,0.003061,0.023255,-0.000000,0.013939,0
1790548266.7714,0.011569,0.004738,-0.007107,0.024742,0.011569,0.000000,0.120000,0.000000,0.780949,0.003471,-0.010577,-0.000000,0.001421,0.023321,-0.000000,0.013986,0
1790548266.7852,0.008345,-0.002414,-0.007958,0.022563,0.008345,0.000000,0.120000,0.000000,0.811023,0.002504,-0.010462,-0.000000,-0.000724,0.023288,-0.000000,0.013834,0
1790548266.7991,0.010737,-0.008482,-0.007092,0.020625,0.010737,0.000000,0.120000,0.000000,0.841223,0.003221,-0.010313,0.000000,-0.002545,0.023170,-0.000000,0.013892,0
1790548266.8131,0.016610,-0.008805,-0.005098,0.020405,0.016610,0.000000,0.120000,0.000000,0.871587,0.004983,-0.010081,0.000000,-0.002642,0.023047,-0.000000,0.013968,0
1790548266.8270,0.018304,-0.007184,-0.004335,0.020792,0.018304,0.000000,0.120000,0.000000,0.901839,0.005491,-0.009826,0.000000,-0.002155,0.022947,0.000000,0.013916,0
1790548266.8413,0.011744,-0.002372,-0.006139,0.022202,0.011744,0.000000,0.120000,0.000000,0.932167,0.003523,-0.009662,-0.000000,-0.000712,0.022914,0.000000,0.013951,0
1790548266.8556,0.000465,0.001879,-0.009516,0.023505,0.000465,0.000000,0.120000,0.000000,0.963721,0.000140,-0.009655,-0.000000,0.000564,0.022941,0.000000,0.014515,0
1790548266.8696,-0.007805,0.007031,-0.012107,0.025149,-0.007805,0.000000,0.120000,0.000000,0.994317,-0.002342,-0.009765,-0.000000,0.002109,0.023040,0.000000,0.014075,0
1790548266.8835,-0.016876,0.014041,-0.015064,0.027449,-0.016876,0.000000,0.120000,0.000000,0.024768,-0.005063,-0.010002,-0.000000,0.004212,0.023237,0.000000,0.014007,0
1790548266.8971,-0.024771,0.020897,-0.017769,0.029789,-0.024771,0.000000,0.120000,0.000000,0.054263,-0.007431,-0.010338,-0.000000,0.006269,0.023520,0.000000,0.013567,0
1790548266.9107,-0.025989,0.025079,-0.018488,0.031386,-0.025989,0.000000,0.120000,0.000000,0.083862,-0.007797,-0.010692,-0.000000,0.007524,0.023862,0.000000,0.013616,0
1790548266.9247,-0.024229,0.026263,-0.018299,0.032108,-0.024229,0.000000,0.120000,0.000000,0.114285,-0.007269,-0.011031,0.000000,0.007879,0.024229,0.000000,0.013994,0
1790548266.9386,-0.019542,0.023626,-0.017164,0.031645,-0.019542,0.000000,0.120000,0.000000,0.144450,-0.005863,-0.011302,0.000000,0.007088,0.024557,-0.000000,0.013876,0
1790548266.9526,-0.018260,0.019151,-0.017035,0.030571,-0.018260,0.000000,0.120000,0.000000,0.174880,-0.005478,-0.011557,0.000000,0.005745,0.024825,-0.000000,0.013998,0
1790548266.9666,-0.016572,0.009841,-0.016761,0.027915,-0.016572,0.000000,0.120000,0.000000,0.205332,-0.004971,-0.011790,0.000000,0.002952,0.024963,-0.000000,0.014008,0
1790548266.9806,-0.011655,-0.002410,-0.015449,0.024206,-0.011655,0.000000,0.120000,0.000000,0.235682,-0.003497,-0.011952,0.000000,-0.000723,0.024929,-0.000000,0.013961,0
1790548266.9945,-0.010284,-0.013411,-0.015181,0.020718,-0.010284,0.000000,0.120000,0.000000,0.266105,-0.003085,-0.012096,0.000000,-0.004023,0.024742,-0.000000,0.013995,0
1790548267.0084,-0.011199,-0.016249,-0.015611,0.019642,-0.011199,0.000000,0.120000,0.000000,0.296188,-0.003360,-0.012251,-0.000000,-0.004875,0.024517,-0.000000,0.013838,0
1790548267.0232,-0.009252,-0.017860,-0.015157,0.018908,-0.009252,0.000000,0.120000,0.000000,0.326710,-0.002775,-0.012381,0.000000,-0.005358,0.024266,-0.000000,0.014040,0
1790548267.0384,-0.008951,-0.022612,-0.015205,0.017131,-0.008951,0.000000,0.120000,0.000000,0.360458,-0.002685,-0.012520,0.000000,-0.006784,0.023915,-0.000000,0.015524,0
1790548267.0531,-0.011030,-0.027762,-0.015992,0.015176,-0.011030,0.000000,0.120000,0.000000,0.392601,-0.003309,-0.012683,-0.000000,-0.008328,0.023505,-0.000000,0.014786,0
1790548267.0677,-0.008703,-0.031246,-0.015422,0.013670,-0.008703,0.000000,0.120000,0.000000,0.424641,-0.002611,-0.012811,0.000000,-0.009374,0.023044,-0.000000,0.014739,0
1790548267.0819,-0.008960,-0.034046,-0.015626,0.012350,-0.008960,0.000000,0.120000,0.000000,0.455309,-0.002688,-0.012938,-0.000000,-0.010214,0.022564,-0.000000,0.014107,0
1790548267.0971,-0.011033,-0.038452,-0.016416,0.010443,-0.011033,0.000000,0.120000,0.000000,0.488403,-0.003310,-0.013106,-0.000000,-0.011535,0.021978,-0.000000,0.015224,0
1790548267.1113,-0.010714,-0.041432,-0.016475,0.008950,-0.010714,0.000000,0.120000,0.000000,0.519802,-0.003214,-0.013260,0.000000,-0.012430,0.021380,-0.000000,0.014444,0
1790548267.1248,-0.010917,-0.042442,-0.016682,0.008077,-0.010917,0.000000,0.120000,0.000000,0.549027,-0.003275,-0.013407,-0.000000,-0.012732,0.020809,-0.000000,0.013443,0
1790548267.1386,-0.009859,-0.042398,-0.016500,0.007509,-0.009859,0.000000,0.120000,0.000000,0.578820,-0.002958,-0.013542,0.000000,-0.012719,0.020228,0.000000,0.013705,0
1790548267.1526,-0.008558,-0.042138,-0.016231,0.006990,-0.008558,0.000000,0.120000,0.000000,0.609644,-0.002567,-0.013664,0.000000,-0.012641,0.019631,0.000000,0.014179,0
1790548267.1665,-0.008526,-0.042175,-0.016340,0.006392,-0.008526,0.000000,0.120000,0.000000,0.639858,-0.002558,-0.013782,0.000000,-0.012652,0.019045,-0.000000,0.013898,0
1790548267.1804,-0.008648,-0.042706,-0.016498,0.005636,-0.008648,0.000000,0.120000,0.000000,0.670269,-0.002594,-0.013903,-0.000000,-0.012812,0.018447,-0.000000,0.013989,0
1790548267.1944,-0.008489,-0.041571,-0.016568,0.005399,-0.008489,0.000000,0.120000,0.000000,0.700458,-0.002547,-0.014021,0.000000,-0.012471,0.017870,0.000000,0.013887,0
1790548267.2084,-0.011450,-0.044837,-0.017617,0.003789,-0.011450,0.000000,0.120000,0.000000,0.730984,-0.003435,-0.014182,-0.000000,-0.013451,0.017240,-0.000000,0.014042,0
1790548267.2223,-0.011834,-0.046657,-0.017896,0.002596,-0.011834,0.000000,0.120000,0.000000,0.761147,-0.003550,-0.014346,-0.000000,-0.013997,0.016593,-0.000000,0.013875,0
1790548267.2366,-0.005594,-0.041434,-0.016103,0.003581,-0.005594,0.000000,0.120000,0.000000,0.791662,-0.001678,-0.014425,0.000000,-0.012430,0.016011,0.000000,0.014037,0
1790548267.2511,-0.005352,-0.035591,-0.016109,0.004810,-0.005352,0.000000,0.120000,0.000000,0.823695,-0.001606,-0.014503,0.000000,-0.010677,0.015487,0.000000,0.014735,0
1790548267.2653,-0.008039,-0.029772,-0.017029,0.006134,-0.008039,0.000000,0.120000,0.000000,0.854494,-0.002412,-0.014617,-0.000000,-0.008932,0.015065,0.000000,0.014167,0
1790548267.2797,-0.000086,-0.023525,-0.014644,0.007673,-0.000086,0.000000,0.120000,0.000000,0.885450,-0.000026,-0.014619,0.000000,-0.007058,0.014730,0.000000,0.014240,0
1790548267.2938,-0.002932,-0.016713,-0.015540,0.009477,-0.002932,0.000000,0.120000,0.000000,0.916604,-0.000880,-0.014661,-0.000000,-0.005014,0.014491,0.000000,0.014331,0
1790548267.3080,-0.009883,-0.013472,-0.017765,0.010259,-0.009883,0.000000,0.120000,0.000000,0.947223,-0.002965,-0.014800,-0.000000,-0.004042,0.014301,0.000000,0.014085,0
1790548267.3222,-0.016017,-0.010508,-0.019834,0.010998,-0.016017,0.000000,0.120000,0.000000,0.978313,-0.004805,-0.015029,-0.000000,-0.003152,0.014151,0.000000,0.014302,0
1790548267.3364,-0.021536,-0.004600,-0.021795,0.012705,-0.021536,0.000000,0.120000,0.000000,0.009153,-0.006461,-0.015334,-0.000000,-0.001380,0.014085,0.000000,0.014187,0
1790548267.3506,-0.023558,0.000733,-0.022733,0.014315,-0.023558,0.000000,0.120000,0.000000,0.039720,-0.007067,-0.015666,-0.000000,0.000220,0.014096,0.000000,0.014061,0
1790548267.3644,-0.025307,0.005533,-0.023611,0.015833,-0.025307,0.000000,0.120000,0.000000,0.070078,-0.007592,-0.016019,-0.000000,0.001660,0.014173,0.000000,0.013965,0
1790548267.3785,-0.022489,0.006066,-0.023083,0.016078,-0.022489,0.000000,0.120000,0.000000,0.100768,-0.006747,-0.016336,0.000000,0.001820,0.014259,0.000000,0.014117,0
1790548267.3924,-0.017523,0.004221,-0.021837,0.015584,-0.017523,0.000000,0.120000,0.000000,0.131029,-0.005257,-0.016580,0.000000,0.001266,0.014317,-0.000000,0.013920,0
1790548267.4068,-0.012484,0.001372,-0.020502,0.014748,-0.012484,0.000000,0.120000,0.000000,0.161706,-0.003745,-0.016757,0.000000,0.000412,0.014337,-0.000000,0.014111,0
1790548267.4207,-0.007379,-0.003387,-0.019075,0.013273,-0.007379,0.000000,0.120000,0.000000,0.192528,-0.002214,-0.016861,0.000000,-0.001016,0.014289,-0.000000,0.014178,0
1790548267.4349,-0.002013,-0.008968,-0.017493,0.011473,-0.002013,0.000000,0.120000,0.000000,0.222971,-0.000604,-0.016889,0.000000,-0.002690,0.014163,-0.000000,0.014004,0
1790548267.4490,-0.006328,-0.012058,-0.018878,0.010374,-0.006328,0.000000,0.120000,0.000000,0.253920,-0.001898,-0.016979,-0.000000,-0.003617,0.013991,-0.000000,0.014236,0
1790548267.4631,-0.007264,-0.011738,-0.019261,0.010305,-0.007264,0.000000,0.120000,0.000000,0.284529,-0.002179,-0.017082,-0.000000,-0.003522,0.013826,0.000000,0.014080,0
1790548267.4770,-0.002532,-0.009654,-0.017877,0.010795,-0.002532,0.000000,0.120000,0.000000,0.314891,-0.000760,-0.017117,0.000000,-0.002896,0.013691,0.000000,0.013966,0
1790548267.4910,-0.003198,-0.006147,-0.018121,0.011761,-0.003198,0.000000,0.120000,0.000000,0.345181,-0.000959,-0.017162,-0.000000,-0.001844,0.013606,0.000000,0.013933,0
1790548267.5056,-0.006974,-0.002446,-0.019355,0.012837,-0.006974,0.000000,0.120000,0.000000,0.376662,-0.002092,-0.017263,-0.000000,-0.000734,0.013570,0.000000,0.014482,0
1790548267.5198,-0.004099,-0.001158,-0.018551,0.013207,-0.004099,0.000000,0.120000,0.000000,0.407671,-0.001230,-0.017321,0.000000,-0.000347,0.013554,0.000000,0.014264,0
1790548267.5339,-0.002069,0.002182,-0.017971,0.014239,-0.002069,0.000000,0.120000,0.000000,0.438297,-0.000621,-0.017350,0.000000,0.000655,0.013585,0.000000,0.014088,0
1790548267.5478,0.001490,0.005852,-0.016883,0.015422,0.001490,0.000000,0.120000,0.000000,0.468621,0.000447,-0.017329,0.000000,0.001755,0.013666,0.000000,0.013949,0
1790548267.5617,0.006615,0.010635,-0.015252,0.017006,0.006615,0.000000,0.120000,0.000000,0.499063,0.001985,-0.017237,0.000000,0.003191,0.013815,0.000000,0.014004,0
1790548267.5757,0.011137,0.016324,-0.013740,0.018940,0.011137,0.000000,0.120000,0.000000,0.529359,0.003341,-0.017082,0.000000,0.004897,0.014043,0.000000,0.013936,0
1790548267.5893,0.016627,0.021326,-0.011866,0.020732,0.016627,0.000000,0.120000,0.000000,0.559068,0.004988,-0.016854,0.000000,0.006398,0.014334,0.000000,0.013666,0
1790548267.6034,0.020337,0.026064,-0.010472,0.022514,0.020337,0.000000,0.120000,0.000000,0.589110,0.006101,-0.016573,0.000000,0.007819,0.014694,0.000000,0.013819,0
1790548267.6178,0.022674,0.030430,-0.009442,0.024264,0.022674,0.000000,0.120000,0.000000,0.620631,0.006802,-0.016245,0.000000,0.009129,0.015135,0.000000,0.014500,0
1790548267.6318,0.019264,0.029844,-0.010194,0.024509,0.019264,0.000000,0.120000,0.000000,0.651245,0.005779,-0.015973,-0.000000,0.008953,0.015556,-0.000000,0.014082,0
1790548267.6459,0.018400,0.030108,-0.010194,0.025013,0.018400,0.000000,0.120000,0.000000,0.681930,0.005520,-0.015714,-0.000000,0.009032,0.015981,0.000000,0.014115,0
1790548267.6600,0.018073,0.028870,-0.010036,0.025050,0.018073,0.000000,0.120000,0.000000,0.712678,0.005422,-0.015458,-0.000000,0.008661,0.016389,-0.000000,0.014144,0
1790548267.6738,0.015540,0.026360,-0.010581,0.024662,0.015540,0.000000,0.120000,0.000000,0.742777,0.004662,-0.015243,-0.000000,0.007908,0.016754,-0.000000,0.013845,0
1790548267.6878,0.010664,0.022650,-0.011895,0.023866,0.010664,0.000000,0.120000,0.000000,0.773168,0.003199,-0.015094,-0.000000,0.006795,0.017071,-0.000000,0.013980,0
1790548267.7018,0.006298,0.017593,-0.013116,0.022595,0.006298,0.000000,0.120000,0.000000,0.803598,0.001889,-0.015006,-0.000000,0.005278,0.017317,-0.000000,0.013998,0
1790548267.7158,0.003851,0.010646,-0.013797,0.020659,0.003851,0.000000,0.120000,0.000000,0.833820,0.001155,-0.014952,-0.000000,0.003194,0.017465,-0.000000,0.013902,0
1790548267.7298,0.007263,0.006250,-0.012671,0.019428,0.007263,0.000000,0.120000,0.000000,0.864339,0.002179,-0.014850,0.000000,0.001875,0.017553,-0.000000,0.014039,0
1790548267.7436,0.013602,0.004526,-0.010581,0.018973,0.013602,0.000000,0.120000,0.000000,0.894433,0.004081,-0.014662,0.000000,0.001358,0.017615,-0.000000,0.013843,0
1790548267.7575,0.016777,0.006600,-0.009395,0.019687,0.016777,0.000000,0.120000,0.000000,0.924662,0.005033,-0.014428,0.000000,0.001980,0.017707,0.000000,0.013906,0
1790548267.7714,0.008727,0.011777,-0.011689,0.021404,0.008727,0.000000,0.120000,0.000000,0.954888,0.002618,-0.014307,-0.000000,0.003533,0.017871,0.000000,0.013904,0
1790548267.7853,-0.004656,0.016611,-0.015769,0.023086,-0.004656,0.000000,0.120000,0.000000,0.985236,-0.001397,-0.014372,-0.000000,0.004983,0.018103,0.000000,0.013960,0
1790548267.7992,-0.011124,0.022242,-0.017864,0.025084,-0.011124,0.000000,0.120000,0.000000,0.015405,-0.003337,-0.014527,-0.000000,0.006672,0.018411,0.000000,0.013877,0
1790548267.8128,-0.018085,0.029681,-0.020198,0.027720,-0.018085,0.000000,0.120000,0.000000,0.044998,-0.005426,-0.014773,-0.000000,0.008904,0.018815,0.000000,0.013613,0
1790548267.8263,-0.018015,0.033171,-0.020420,0.029214,-0.018015,0.000000,0.120000,0.000000,0.074320,-0.005404,-0.015016,0.000000,0.009951,0.019263,0.000000,0.013488,0
1790548267.8402,-0.017470,0.036682,-0.020500,0.030778,-0.017470,0.000000,0.120000,0.000000,0.104558,-0.005241,-0.015259,0.000000,0.011005,0.019773,0.000000,0.013910,0
1790548267.8544,-0.012315,0.035540,-0.019126,0.030933,-0.012315,0.000000,0.120000,0.000000,0.134984,-0.003695,-0.015431,0.000000,0.010662,0.020270,-0.000000,0.013996,0
1790548267.8686,-0.010052,0.031445,-0.018590,0.030153,-0.010052,0.000000,0.120000,0.000000,0.166043,-0.003016,-0.015575,0.000000,0.009433,0.020720,-0.000000,0.014287,0
1790548267.8825,-0.010358,0.022532,-0.018826,0.027793,-0.010358,0.000000,0.120000,0.000000,0.196334,-0.003107,-0.015719,-0.000000,0.006760,0.021034,-0.000000,0.013934,0
1790548267.8966,-0.009300,0.011039,-0.018640,0.024500,-0.009300,0.000000,0.120000,0.000000,0.226895,-0.002790,-0.015850,0.000000,0.003312,0.021189,-0.000000,0.014058,0
1790548267.9104,-0.011653,0.000776,-0.019508,0.021432,-0.011653,0.000000,0.120000,0.000000,0.257237,-0.003496,-0.016012,-0.000000,0.000233,0.021200,-0.000000,0.013957,0
1790548267.9249,-0.014820,-0.001577,-0.020668,0.020704,-0.014820,0.000000,0.120000,0.000000,0.288009,-0.004446,-0.016222,-0.000000,-0.000473,0.021177,-0.000000,0.014155,0
1790548267.9389,-0.015352,-0.002751,-0.021046,0.020313,-0.015352,0.000000,0.120000,0.000000,0.318919,-0.004606,-0.016440,-0.000000,-0.000825,0.021138,-0.000000,0.014218,0
1790548267.9530,-0.015765,-0.004229,-0.021391,0.019810,-0.015765,0.000000,0.120000,0.000000,0.349450,-0.004729,-0.016662,-0.000000,-0.001269,0.021079,-0.000000,0.014045,0
1790548267.9670,-0.014559,-0.007632,-0.021235,0.018682,-0.014559,0.000000,0.120000,0.000000,0.380074,-0.004368,-0.016867,0.000000,-0.002290,0.020971,-0.000000,0.014087,0
1790548267.9809,-0.012050,-0.009983,-0.020650,0.017837,-0.012050,0.000000,0.120000,0.000000,0.410376,-0.003615,-0.017035,0.000000,-0.002995,0.020832,-0.000000,0.013939,0
1790548267.9949,-0.009882,-0.011249,-0.020137,0.017301,-0.009882,0.000000,0.120000,0.000000,0.440638,-0.002965,-0.017172,0.000000,-0.003375,0.020676,-0.000000,0.013920,0
1790548268.0088,-0.007302,-0.014652,-0.019465,0.016075,-0.007302,0.000000,0.120000,0.000000,0.471025,-0.002191,-0.017275,0.000000,-0.004395,0.020471,-0.000000,0.013978,0
1790548268.0227,-0.004351,-0.017917,-0.018640,0.014847,-0.004351,0.000000,0.120000,0.000000,0.501241,-0.001305,-0.017335,0.000000,-0.005375,0.020222,-0.000000,0.013899,0
1790548268.0363,-0.001695,-0.018640,-0.017866,0.014376,-0.001695,0.000000,0.120000,0.000000,0.530839,-0.000508,-0.017358,0.000000,-0.005592,0.019968,-0.000000,0.013615,0
1790548268.0501,0.000354,-0.018247,-0.017247,0.014244,0.000354,0.000000,0.120000,0.000000,0.560571,0.000106,-0.017353,0.000000,-0.005474,0.019718,0.000000,0.013677,0
1790548268.0638,0.001705,-0.018565,-0.016818,0.013894,0.001705,0.000000,0.120000,0.000000,0.590428,0.000511,-0.017330,0.000000,-0.005570,0.019463,-0.000000,0.013734,0
1790548268.0781,0.001492,-0.018736,-0.016861,0.013577,0.001492,0.000000,0.120000,0.000000,0.621259,0.000448,-0.017309,-0.000000,-0.005621,0.019198,-0.000000,0.014182,0
1790548268.0925,0.002138,-0.018444,-0.016636,0.013396,0.002138,0.000000,0.120000,0.000000,0.652885,0.000641,-0.017278,0.000000,-0.005533,0.018929,0.000000,0.014548,0
1790548268.1070,0.003950,-0.016236,-0.016037,0.013830,0.003950,0.000000,0.120000,0.000000,0.683521,0.001185,-0.017222,0.000000,-0.004871,0.018701,0.000000,0.014093,0
1790548268.1215,0.000260,-0.017723,-0.017140,0.013122,0.000260,0.000000,0.120000,0.000000,0.715565,0.000078,-0.017218,-0.000000,-0.005317,0.018439,-0.000000,0.014740,0
1790548268.1356,-0.006710,-0.020267,-0.019326,0.012072,-0.006710,0.000000,0.120000,0.000000,0.746384,-0.002013,-0.017313,-0.000000,-0.006080,0.018152,-0.000000,0.014177,0
1790548268.1498,-0.005411,-0.018506,-0.019014,0.012337,-0.005411,0.000000,0.120000,0.000000,0.777300,-0.001623,-0.017390,0.000000,-0.005552,0.017889,0.000000,0.014221,0
1790548268.1638,-0.004672,-0.017525,-0.018857,0.012385,-0.004672,0.000000,0.120000,0.000000,0.807826,-0.001402,-0.017456,0.000000,-0.005257,0.017643,0.000000,0.014042,0
1790548268.1778,-0.003966,-0.015779,-0.018701,0.012689,-0.003966,0.000000,0.120000,0.000000,0.838214,-0.001190,-0.017511,0.000000,-0.004734,0.017422,0.000000,0.013979,0
1790548268.1918,-0.000041,-0.011246,-0.017524,0.013890,-0.000041,0.000000,0.120000,0.000000,0.868811,-0.000012,-0.017512,0.000000,-0.003374,0.017264,0.000000,0.014074,0
1790548268.2057,0.001892,-0.006243,-0.016918,0.015304,0.001892,0.000000,0.120000,0.000000,0.899009,0.000568,-0.017485,0.000000,-0.001873,0.017177,0.000000,0.013891,0
1790548268.2197,-0.006624,-0.002643,-0.019565,0.016347,-0.006624,0.000000,0.120000,0.000000,0.929437,-0.001987,-0.017578,-0.000000,-0.000793,0.017140,0.000000,0.013997,0
1790548268.2336,-0.013455,-0.000632,-0.021801,0.016942,-0.013455,0.000000,0.120000,0.000000,0.959521,-0.004036,-0.017764,-0.000000,-0.000190,0.017131,0.000000,0.013839,0
1790548268.2477,-0.020140,0.002624,-0.024090,0.017956,-0.020140,0.000000,0.120000,0.000000,0.990104,-0.006042,-0.018048,-0.000000,0.000787,0.017168,0.000000,0.014068,0
1790548268.2617,-0.023718,0.007729,-0.025497,0.019596,-0.023718,0.000000,0.120000,0.000000,0.020747,-0.007115,-0.018382,-0.000000,0.002319,0.017277,0.000000,0.014096,0
1790548268.2753,-0.025847,0.012777,-0.026488,0.021284,-0.025847,0.000000,0.120000,0.000000,0.050308,-0.007754,-0.018734,-0.000000,0.003833,0.017451,0.000000,0.013598,0
1790548268.2890,-0.024643,0.014332,-0.026463,0.021946,-0.024643,0.000000,0.120000,0.000000,0.079966,-0.007393,-0.019070,0.000000,0.004300,0.017647,0.000000,0.013643,0
1790548268.3030,-0.021411,0.013828,-0.025795,0.021990,-0.021411,0.000000,0.120000,0.000000,0.110606,-0.006423,-0.019372,0.000000,0.004148,0.017842,-0.000000,0.014095,0
1790548268.3169,-0.016176,0.012529,-0.024448,0.021774,-0.016176,0.000000,0.120000,0.000000,0.140738,-0.004853,-0.019596,0.000000,0.003759,0.018015,-0.000000,0.013861,0
1790548268.3309,-0.011453,0.009321,-0.023192,0.020942,-0.011453,0.000000,0.120000,0.000000,0.171189,-0.003436,-0.019756,0.000000,0.002796,0.018146,-0.000000,0.014007,0
1790548268.3448,-0.006914,0.003571,-0.021926,0.019267,-0.006914,0.000000,0.120000,0.000000,0.201417,-0.002074,-0.019852,0.000000,0.001071,0.018195,-0.000000,0.013905,0
1790548268.3590,-0.002814,-0.004114,-0.020736,0.016904,-0.002814,0.000000,0.120000,0.000000,0.231641,-0.000844,-0.019891,0.000000,-0.001234,0.018138,-0.000000,0.013903,0
1790548268.3732,-0.004764,-0.009492,-0.021389,0.015153,-0.004764,0.000000,0.120000,0.000000,0.263071,-0.001429,-0.019960,-0.000000,-0.002848,0.018001,-0.000000,0.014458,0
1790548268.3870,-0.004552,-0.009906,-0.021389,0.014892,-0.004552,0.000000,0.120000,0.000000,0.293262,-0.001366,-0.020024,0.000000,-0.002972,0.017863,-0.000000,0.013888,0
1790548268.4011,0.002481,-0.005843,-0.019245,0.016029,0.002481,0.000000,0.120000,0.000000,0.323609,0.000744,-0.019989,0.000000,-0.001753,0.017782,0.000000,0.013959,0
1790548268.4151,0.005522,-0.003485,-0.018255,0.016687,0.005522,0.000000,0.120000,0.000000,0.354205,0.001657,-0.019911,0.000000,-0.001045,0.017733,0.000000,0.014074,0
1790548268.4290,-0.001444,0.000211,-0.020365,0.017799,-0.001444,0.000000,0.120000,0.000000,0.384504,-0.000433,-0.019931,-0.000000,0.000063,0.017736,0.000000,0.013937,0
1790548268.4430,-0.004542,0.000943,-0.021357,0.018032,-0.004542,0.000000,0.120000,0.000000,0.414992,-0.001362,-0.019995,-0.000000,0.000283,0.017749,0.000000,0.014025,0
1790548268.4570,-0.001312,0.001091,-0.020407,0.018091,-0.001312,0.000000,0.120000,0.000000,0.445223,-0.000394,-0.020013,0.000000,0.000327,0.017764,0.000000,0.013906,0
1790548268.4710,0.002981,0.002662,-0.019077,0.018600,0.002981,0.000000,0.120000,0.000000,0.475792,0.000894,-0.019971,0.000000,0.000799,0.017802,0.000000,0.014062,0
1790548268.4850,0.008676,0.005939,-0.017247,0.019666,0.008676,0.000000,0.120000,0.000000,0.506238,0.002603,-0.019850,0.000000,0.001782,0.017885,0.000000,0.014005,0
1790548268.4986,0.014873,0.008618,-0.015186,0.020587,0.014873,0.000000,0.120000,0.000000,0.535700,0.004462,-0.019648,0.000000,0.002585,0.018001,0.000000,0.013553,0
1790548268.5123,0.020955,0.010856,-0.013075,0.021407,0.020955,0.000000,0.120000,0.000000,0.565423,0.006286,-0.019362,0.000000,0.003257,0.018150,0.000000,0.013672,0
1790548268.5263,0.025149,0.012923,-0.011464,0.022209,0.025149,0.000000,0.120000,0.000000,0.595974,0.007545,-0.019008,0.000000,0.003877,0.018332,0.000000,0.014053,0
1790548268.5404,0.028174,0.016055,-0.010161,0.023373,0.028174,0.000000,0.120000,0.000000,0.626480,0.008452,-0.018613,0.000000,0.004816,0.018557,0.000000,0.014033,0
1790548268.5544,0.025330,0.017608,-0.010659,0.024086,0.025330,0.000000,0.120000,0.000000,0.656967,0.007599,-0.018258,-0.000000,0.005282,0.018804,0.000000,0.014024,0
1790548268.5683,0.019746,0.015424,-0.012059,0.023645,0.019746,0.000000,0.120000,0.000000,0.687181,0.005924,-0.017983,-0.000000,0.004627,0.019018,-0.000000,0.013899,0
1790548268.5823,0.014885,0.015534,-0.013309,0.023896,0.014885,0.000000,0.120000,0.000000,0.717670,0.004465,-0.017775,-0.000000,0.004660,0.019236,0.000000,0.014025,0
1790548268.5963,0.012147,0.014387,-0.013961,0.023753,0.012147,0.000000,0.120000,0.000000,0.748077,0.003644,-0.017605,-0.000000,0.004316,0.019437,-0.000000,0.013987,0
1790548268.6106,0.005439,0.010912,-0.015896,0.022865,0.005439,0.000000,0.120000,0.000000,0.778756,0.001632,-0.017528,-0.000000,0.003274,0.019591,-0.000000,0.014113,0
1790548268.6249,0.003970,0.005189,-0.016280,0.021223,0.003970,0.000000,0.120000,0.000000,0.810066,0.001191,-0.017471,-0.000000,0.001557,0.019666,-0.000000,0.014402,0
1790548268.6391,0.010206,0.000097,-0.014264,0.019696,0.010206,0.000000,0.120000,0.000000,0.840989,0.003062,-0.017326,0.000000,0.000029,0.019667,-0.000000,0.014225,0
1790548268.6531,0.016018,-0.000372,-0.012294,0.019550,0.016018,0.000000,0.120000,0.000000,0.871632,0.004805,-0.017100,0.000000,-0.000112,0.019662,-0.000000,0.014096,0
1790548268.6672,0.019226,0.000105,-0.011062,0.019695,0.019226,0.000000,0.120000,0.000000,0.902140,0.005768,-0.016830,0.000000,0.000031,0.019664,0.000000,0.014034,0
1790548268.6811,0.015491,0.004362,-0.011967,0.021033,0.015491,0.000000,0.120000,0.000000,0.932479,0.004647,-0.016614,-0.000000,0.001309,0.019724,0.000000,0.013956,0
1790548268.6951,0.006001,0.009608,-0.014729,0.022741,0.006001,0.000000,0.120000,0.000000,0.962900,0.001800,-0.016530,-0.000000,0.002882,0.019859,0.000000,0.013994,0
1790548268.7090,-0.004611,0.015643,-0.017978,0.024771,-0.004611,0.000000,0.120000,0.000000,0.993321,-0.001383,-0.016594,-0.000000,0.004693,0.020078,0.000000,0.013994,0
1790548268.7230,-0.011911,0.020754,-0.020333,0.026592,-0.011911,0.000000,0.120000,0.000000,0.023463,-0.003573,-0.016759,-0.000000,0.006226,0.020366,0.000000,0.013865,0
1790548268.7366,-0.019373,0.025366,-0.022836,0.028322,-0.019373,0.000000,0.120000,0.000000,0.053147,-0.005812,-0.017024,-0.000000,0.007610,0.020712,0.000000,0.013654,0
1790548268.7503,-0.019795,0.027641,-0.023233,0.029382,-0.019795,0.000000,0.120000,0.000000,0.082895,-0.005939,-0.017295,-0.000000,0.008292,0.021090,0.000000,0.013685,0
1790548268.7643,-0.015923,0.027560,-0.022295,0.029744,-0.015923,0.000000,0.120000,0.000000,0.113345,-0.004777,-0.017518,0.000000,0.008268,0.021476,-0.000000,0.014007,0
1790548268.7782,-0.009621,0.024633,-0.020538,0.029210,-0.009621,0.000000,0.120000,0.000000,0.143675,-0.002886,-0.017652,0.000000,0.007390,0.021820,-0.000000,0.013952,0
1790548268.7920,-0.007326,0.020316,-0.019951,0.028195,-0.007326,0.000000,0.120000,0.000000,0.173700,-0.002198,-0.017753,0.000000,0.006095,0.022100,-0.000000,0.013812,0
1790548268.8060,-0.005485,0.010242,-0.019475,0.025316,-0.005485,0.000000,0.120000,0.000000,0.204045,-0.001646,-0.017830,0.000000,0.003073,0.022243,-0.000000,0.013959,0
1790548268.8200,-0.002832,-0.002627,-0.018719,0.021419,-0.002832,0.000000,0.120000,0.000000,0.234420,-0.000850,-0.017869,0.000000,-0.000788,0.022207,-0.000000,0.013973,0
1790548268.8338,-0.008301,-0.009776,-0.020474,0.019139,-0.008301,0.000000,0.120000,0.000000,0.264475,-0.002490,-0.017984,-0.000000,-0.002933,0.022072,-0.000000,0.013825,0
1790548268.8480,-0.007865,-0.010753,-0.020454,0.018695,-0.007865,0.000000,0.120000,0.000000,0.294974,-0.002360,-0.018095,0.000000,-0.003226,0.021921,-0.000000,0.014030,0
1790548268.8621,-0.002838,-0.011365,-0.018986,0.018352,-0.002838,0.000000,0.120000,0.000000,0.325399,-0.000851,-0.018134,0.000000,-0.003410,0.021762,-0.000000,0.013995,0
1790548268.8761,-0.001260,-0.014441,-0.018530,0.017224,-0.001260,0.000000,0.120000,0.000000,0.356375,-0.000378,-0.018152,0.000000,-0.004332,0.021556,-0.000000,0.014249,0
1790548268.8900,-0.002778,-0.017312,-0.019024,0.016122,-0.002778,0.000000,0.120000,0.000000,0.386536,-0.000834,-0.018191,-0.000000,-0.005194,0.021316,-0.000000,0.013874,0
1790548268.9041,-0.000166,-0.018493,-0.018243,0.015507,-0.000166,0.000000,0.120000,0.000000,0.417176,-0.000050,-0.018193,0.000000,-0.005548,0.021055,-0.000000,0.014095,0
1790548268.9180,0.000237,-0.020052,-0.018119,0.014759,0.000237,0.000000,0.120000,0.000000,0.447543,0.000071,-0.018190,0.000000,-0.006016,0.020775,-0.000000,0.013969,0
1790548268.9320,0.001667,-0.024933,-0.017666,0.012947,0.001667,0.000000,0.120000,0.000000,0.477891,0.000500,-0.018167,0.000000,-0.007480,0.020427,-0.000000,0.013960,0
1790548268.9459,0.003826,-0.029669,-0.016965,0.011114,0.003826,0.000000,0.120000,0.000000,0.508118,0.001148,-0.018113,0.000000,-0.008901,0.020014,-0.000000,0.013904,0
1790548268.9596,0.006146,-0.031089,-0.016185,0.010261,0.006146,0.000000,0.120000,0.000000,0.537983,0.001844,-0.018029,0.000000,-0.009327,0.019587,-0.000000,0.013738,0
1790548268.9732,0.008833,-0.030389,-0.015259,0.010057,0.008833,0.000000,0.120000,0.000000,0.567558,0.002650,-0.017909,0.000000,-0.009117,0.019174,0.000000,0.013605,0
1790548268.9871,0.010559,-0.029972,-0.014594,0.009765,0.010559,0.000000,0.120000,0.000000,0.597818,0.003168,-0.017762,0.000000,-0.008992,0.018757,0.000000,0.013919,0
1790548269.0010,0.010914,-0.029980,-0.014336,0.009347,0.010914,0.000000,0.120000,0.000000,0.627933,0.003274,-0.017611,0.000000,-0.008994,0.018341,-0.000000,0.013853,0
1790548269.0150,0.009350,-0.029816,-0.014674,0.008977,0.009350,0.000000,0.120000,0.000000,0.658480,0.002805,-0.017479,-0.000000,-0.008945,0.017922,0.000000,0.014052,0
1790548269.0290,0.008513,-0.028926,-0.014807,0.008843,0.008513,0.000000,0.120000,0.000000,0.688675,0.002554,-0.017361,-0.000000,-0.008678,0.017521,0.000000,0.013890,0
1790548269.0430,0.003998,-0.030677,-0.016105,0.007886,0.003998,0.000000,0.120000,0.000000,0.719241,0.001199,-0.017305,-0.000000,-0.009203,0.017089,-0.000000,0.014060,0
1790548269.0571,0.000243,-0.036431,-0.017228,0.005650,0.000243,0.000000,0.120000,0.000000,0.749668,0.000073,-0.017301,-0.000000,-0.010929,0.016579,-0.000000,0.013996,0
1790548269.0710,-0.000085,-0.034963,-0.017328,0.005602,-0.000085,0.000000,0.120000,0.000000,0.780038,-0.000026,-0.017303,-0.000000,-0.010489,0.016091,0.000000,0.013970,0
1790548269.0850,-0.001880,-0.029828,-0.017893,0.006725,-0.001880,0.000000,0.120000,0.000000,0.810462,-0.000564,-0.017329,-0.000000,-0.008948,0.015673,0.000000,0.013995,0
1790548269.0988,-0.007772,-0.023947,-0.019768,0.008158,-0.007772,0.000000,0.120000,0.000000,0.840509,-0.002332,-0.017436,-0.000000,-0.007184,0.015342,0.000000,0.013822,0
1790548269.1137,-0.003313,-0.015043,-0.018478,0.010613,-0.003313,0.000000,0.120000,0.000000,0.871781,-0.000994,-0.017484,0.000000,-0.004513,0.015126,0.000000,0.014385,0
1790548269.1292,-0.003467,-0.007598,-0.018578,0.012728,-0.003467,0.000000,0.120000,0.000000,0.905732,-0.001040,-0.017538,-0.000000,-0.002279,0.015007,0.000000,0.015618,0
1790548269.1443,-0.012365,-0.002835,-0.021434,0.014114,-0.012365,0.000000,0.120000,0.000000,0.938571,-0.003709,-0.017725,-0.000000,-0.000851,0.014965,0.000000,0.015106,0
1790548269.1590,-0.017049,0.002643,-0.023092,0.015797,-0.017049,0.000000,0.120000,0.000000,0.970787,-0.005115,-0.017977,-0.000000,0.000793,0.015004,0.000000,0.014819,0
1790548269.1746,-0.025375,0.008452,-0.025980,0.017669,-0.025375,0.000000,0.120000,0.000000,0.004217,-0.007613,-0.018368,-0.000000,0.002536,0.015134,0.000000,0.015378,0
1790548269.1885,-0.026802,0.014352,-0.026794,0.019646,-0.026802,0.000000,0.120000,0.000000,0.035485,-0.008041,-0.018753,-0.000000,0.004306,0.015340,0.000000,0.014383,0
1790548269.2020,-0.028066,0.019958,-0.027553,0.021598,-0.028066,0.000000,0.120000,0.000000,0.064890,-0.008420,-0.019133,-0.000000,0.005987,0.015610,0.000000,0.013526,0
1790548269.2157,-0.027242,0.023273,-0.027677,0.022909,-0.027242,0.000000,0.120000,0.000000,0.094540,-0.008173,-0.019504,0.000000,0.006982,0.015928,0.000000,0.013639,0
1790548269.2297,-0.024241,0.024430,-0.027117,0.023599,-0.024241,0.000000,0.120000,0.000000,0.125044,-0.007272,-0.019845,0.000000,0.007329,0.016270,0.000000,0.014032,0
1790548269.2437,-0.020337,0.021997,-0.026230,0.023177,-0.020337,0.000000,0.120000,0.000000,0.155428,-0.006101,-0.020129,0.000000,0.006599,0.016578,-0.000000,0.013977,0
1790548269.2580,-0.016844,0.016495,-0.025420,0.021759,-0.016844,0.000000,0.120000,0.000000,0.186117,-0.005053,-0.020367,0.000000,0.004949,0.016811,-0.000000,0.014117,0
1790548269.2721,-0.013800,0.007721,-0.024704,0.019238,-0.013800,0.000000,0.120000,0.000000,0.217288,-0.004140,-0.020564,0.000000,0.002316,0.016921,-0.000000,0.014338,0
1790548269.2860,-0.006812,-0.002935,-0.022703,0.016000,-0.006812,0.000000,0.120000,0.000000,0.247535,-0.002044,-0.020659,0.000000,-0.000881,0.016881,-0.000000,0.013914,0
1790548269.3001,-0.003709,-0.013432,-0.021824,0.012662,-0.003709,0.000000,0.120000,0.000000,0.278156,-0.001113,-0.020711,0.000000,-0.004030,0.016691,-0.000000,0.014086,0
1790548269.3141,-0.007499,-0.013582,-0.023066,0.012427,-0.007499,0.000000,0.120000,0.000000,0.308493,-0.002250,-0.020816,-0.000000,-0.004075,0.016502,-0.000000,0.013955,0
1790548269.3282,-0.001733,-0.010155,-0.021360,0.013312,-0.001733,0.000000,0.120000,0.000000,0.339150,-0.000520,-0.020841,0.000000,-0.003047,0.016359,0.000000,0.014102,0
1790548269.3421,-0.002256,-0.010594,-0.021549,0.013032,-0.002256,0.000000,0.120000,0.000000,0.369486,-0.000677,-0.020872,-0.000000,-0.003178,0.016211,-0.000000,0.013955,0
1790548269.3562,-0.002406,-0.010615,-0.021628,0.012877,-0.002406,0.000000,0.120000,0.000000,0.400001,-0.000722,-0.020906,-0.000000,-0.003184,0.016062,-0.000000,0.014037,0
1790548269.3701,-0.000888,-0.010311,-0.021185,0.012826,-0.000888,0.000000,0.120000,0.000000,0.430111,-0.000266,-0.020918,0.000000,-0.003093,0.015919,0.000000,0.013851,0
1790548269.3847,0.006251,-0.010428,-0.018952,0.012638,0.006251,0.000000,0.120000,0.000000,0.461825,0.001875,-0.020827,0.000000,-0.003128,0.015767,-0.000000,0.014588,0
1790548269.3987,0.010713,-0.007326,-0.017463,0.013466,0.010713,0.000000,0.120000,0.000000,0.492345,0.003214,-0.020677,0.000000,-0.002198,0.015664,0.000000,0.014039,0
1790548269.4129,0.016684,-0.001404,-0.015436,0.015223,0.016684,0.000000,0.120000,0.000000,0.523000,0.005005,-0.020441,0.000000,-0.000421,0.015644,0.000000,0.014102,0
1790548269.4265,0.023282,0.005345,-0.013137,0.017321,0.023282,0.000000,0.120000,0.000000,0.552880,0.006985,-0.020121,0.000000,0.001604,0.015718,0.000000,0.013745,0
1790548269.4402,0.032800,0.013107,-0.009831,0.019829,0.032800,0.000000,0.120000,0.000000,0.582687,0.009840,-0.019672,0.000000,0.003932,0.015897,0.000000,0.013711,0
1790548269.4542,0.040383,0.020338,-0.006994,0.022282,0.040383,0.000000,0.120000,0.000000,0.612980,0.012115,-0.019109,0.000000,0.006101,0.016181,0.000000,0.013935,0
1790548269.4682,0.034758,0.019078,-0.008193,0.022172,0.034758,0.000000,0.120000,0.000000,0.643538,0.010427,-0.018620,-0.000000,0.005723,0.016449,-0.000000,0.014056,0
1790548269.4822,0.031800,0.014615,-0.008635,0.021038,0.031800,0.000000,0.120000,0.000000,0.673973,0.009540,-0.018175,-0.000000,0.004385,0.016653,-0.000000,0.014000,0
1790548269.4961,0.025690,0.011630,-0.010111,0.020304,0.025690,0.000000,0.120000,0.000000,0.704200,0.007707,-0.017818,-0.000000,0.003489,0.016815,-0.000000,0.013905,0
1790548269.5101,0.018631,0.008050,-0.011969,0.019342,0.018631,0.000000,0.120000,0.000000,0.734497,0.005589,-0.017558,-0.000000,0.002415,0.016927,-0.000000,0.013936,0
1790548269.5241,0.010738,0.002822,-0.014185,0.017814,0.010738,0.000000,0.120000,0.000000,0.765168,0.003221,-0.017407,-0.000000,0.000847,0.016967,-0.000000,0.014109,0
1790548269.5382,0.002402,-0.004910,-0.016652,0.015425,0.002402,0.000000,0.120000,0.000000,0.795682,0.000721,-0.017373,-0.000000,-0.001473,0.016898,-0.000000,0.014037,0
1790548269.5522,0.003751,-0.011897,-0.016195,0.013162,0.003751,0.000000,0.120000,0.000000,0.826193,0.001125,-0.017320,0.000000,-0.003569,0.016731,-0.000000,0.014035,0
1790548269.5662,0.007120,-0.011297,-0.015085,0.013185,0.007120,0.000000,0.120000,0.000000,0.856498,0.002136,-0.017221,0.000000,-0.003389,0.016574,0.000000,0.013940,0
1790548269.5801,0.007374,-0.006684,-0.014905,0.014475,0.007374,0.000000,0.120000,0.000000,0.886953,0.002212,-0.017118,0.000000,-0.002005,0.016480,0.000000,0.014009,0
1790548269.5941,0.009417,-0.001861,-0.014161,0.015896,0.009417,0.000000,0.120000,0.000000,0.917363,0.002825,-0.016986,0.000000,-0.000558,0.016454,0.000000,0.013988,0
1790548269.6081,-0.002233,0.005809,-0.017687,0.018278,-0.002233,0.000000,0.120000,0.000000,0.947687,-0.000670,-0.017017,-0.000000,0.001743,0.016535,0.000000,0.013949,0
1790548269.6225,-0.014125,0.014245,-0.021454,0.021010,-0.014125,0.000000,0.120000,0.000000,0.978409,-0.004237,-0.017217,-0.000000,0.004273,0.016737,0.000000,0.014132,0
1790548269.6367,-0.023618,0.021493,-0.024642,0.023493,-0.023618,0.000000,0.120000,0.000000,0.009652,-0.007086,-0.017556,-0.000000,0.006448,0.017045,0.000000,0.014372,0
1790548269.6508,-0.027752,0.028626,-0.026272,0.026035,-0.027752,0.000000,0.120000,0.000000,0.040181,-0.008326,-0.017946,-0.000000,0.008588,0.017447,0.000000,0.014043,0
1790548269.6644,-0.029199,0.034988,-0.027105,0.028423,-0.029199,0.000000,0.120000,0.000000,0.069952,-0.008760,-0.018346,-0.000000,0.010496,0.017927,0.000000,0.013695,0
1790548269.6783,-0.026739,0.038661,-0.026742,0.030067,-0.026739,0.000000,0.120000,0.000000,0.100436,-0.008022,-0.018721,0.000000,0.011598,0.018469,0.000000,0.014023,0
1790548269.6923,-0.022128,0.039016,-0.025668,0.030718,-0.022128,0.000000,0.120000,0.000000,0.130774,-0.006638,-0.019030,0.000000,0.011705,0.019013,0.000000,0.013955,0
1790548269.7063,-0.023201,0.035697,-0.026315,0.030222,-0.023201,0.000000,0.120000,0.000000,0.161206,-0.006960,-0.019354,-0.000000,0.010709,0.019513,-0.000000,0.013999,0
1790548269.7203,-0.022822,0.026800,-0.026520,0.027928,-0.022822,0.000000,0.120000,0.000000,0.191634,-0.006847,-0.019674,0.000000,0.008040,0.019888,-0.000000,0.013997,0
1790548269.7343,-0.020409,0.014675,-0.026082,0.024496,-0.020409,0.000000,0.120000,0.000000,0.222075,-0.006123,-0.019960,0.000000,0.004402,0.020093,-0.000000,0.014003,0
1790548269.7486,-0.015496,0.003420,-0.024828,0.021168,-0.015496,0.000000,0.120000,0.000000,0.252863,-0.004649,-0.020179,0.000000,0.001026,0.020142,-0.000000,0.014162,0
1790548269.7627,-0.009137,-0.005778,-0.023049,0.018327,-0.009137,0.000000,0.120000,0.000000,0.283614,-0.002741,-0.020308,0.000000,-0.001733,0.020060,-0.000000,0.014145,0
1790548269.7768,-0.008190,-0.007684,-0.022881,0.017647,-0.008190,0.000000,0.120000,0.000000,0.314308,-0.002457,-0.020424,0.000000,-0.002305,0.019952,-0.000000,0.014119,0
1790548269.7907,-0.003988,-0.005922,-0.021676,0.018092,-0.003988,0.000000,0.120000,0.000000,0.344628,-0.001196,-0.020480,0.000000,-0.001777,0.019869,0.000000,0.013947,0
1790548269.8047,-0.000811,-0.007031,-0.020734,0.017661,-0.000811,0.000000,0.120000,0.000000,0.375081,-0.000243,-0.020491,0.000000,-0.002109,0.019771,-0.000000,0.014008,0
1790548269.8187,-0.004388,-0.010420,-0.021869,0.016499,-0.004388,0.000000,0.120000,0.000000,0.405423,-0.001316,-0.020552,-0.000000,-0.003126,0.019625,-0.000000,0.013958,0
1790548269.8326,-0.000894,-0.012329,-0.020833,0.015754,-0.000894,0.000000,0.120000,0.000000,0.435832,-0.000268,-0.020565,0.000000,-0.003699,0.019453,-0.000000,0.013988,0
1790548269.8468,0.002789,-0.012759,-0.019689,0.015446,0.002789,0.000000,0.120000,0.000000,0.466266,0.000837,-0.020526,0.000000,-0.003828,0.019274,-0.000000,0.014000,0
1790548269.8608,0.004999,-0.011278,-0.018955,0.015732,0.004999,0.000000,0.120000,0.000000,0.496918,0.001500,-0.020455,0.000000,-0.003384,0.019115,0.000000,0.014100,0
1790548269.8751,0.008056,-0.009221,-0.017926,0.016220,0.008056,0.000000,0.120000,0.000000,0.527294,0.002417,-0.020343,0.000000,-0.002766,0.018986,0.000000,0.013973,0
1790548269.8891,0.013108,-0.006995,-0.016223,0.016788,0.013108,0.000000,0.120000,0.000000,0.558270,0.003932,-0.020156,0.000000,-0.002099,0.018887,0.000000,0.014249,0
1790548269.9027,0.017793,-0.004669,-0.014574,0.017422,0.017793,0.000000,0.120000,0.000000,0.588079,0.005338,-0.019912,0.000000,-0.001401,0.018822,0.000000,0.013712,0
1790548269.9168,0.022243,-0.001919,-0.012926,0.018220,0.022243,0.000000,0.120000,0.000000,0.618691,0.006673,-0.019599,0.000000,-0.000576,0.018795,0.000000,0.014081,0
1790548269.9309,0.022622,-0.001292,-0.012495,0.018390,0.022622,0.000000,0.120000,0.000000,0.649178,0.006786,-0.019281,0.000000,-0.000387,0.018777,0.000000,0.014024,0
1790548269.9448,0.019604,-0.004006,-0.013125,0.017519,0.019604,0.000000,0.120000,0.000000,0.679640,0.005881,-0.019007,-0.000000,-0.001202,0.018721,-0.000000,0.014013,0
1790548269.9588,0.015564,-0.003451,-0.014119,0.017638,0.015564,0.000000,0.120000,0.000000,0.710115,0.004669,-0.018788,-0.000000,-0.001035,0.018673,0.000000,0.014018,0
1790548269.9728,0.013135,-0.005032,-0.014664,0.017093,0.013135,0.000000,0.120000,0.000000,0.740551,0.003941,-0.018605,-0.000000,-0.001510,0.018602,-0.000000,0.014001,0
1790548269.9869,0.005952,-0.009331,-0.016735,0.015672,0.005952,0.000000,0.120000,0.000000,0.771015,0.001786,-0.018521,-0.000000,-0.002799,0.018472,-0.000000,0.014013,0
1790548270.0008,0.002016,-0.015152,-0.017888,0.013713,0.002016,0.000000,0.120000,0.000000,0.801507,0.000605,-0.018493,-0.000000,-0.004546,0.018259,-0.000000,0.014027,0
1790548270.0148,0.008794,-0.019399,-0.015732,0.012170,0.008794,0.000000,0.120000,0.000000,0.831761,0.002638,-0.018370,0.000000,-0.005820,0.017989,-0.000000,0.013917,0
1790548270.0289,0.014534,-0.016956,-0.013806,0.012664,0.014534,0.000000,0.120000,0.000000,0.862307,0.004360,-0.018166,0.000000,-0.005087,0.017751,0.000000,0.014051,0
1790548270.0429,0.018380,-0.011230,-0.012395,0.014225,0.018380,0.000000,0.120000,0.000000,0.892666,0.005514,-0.017910,0.000000,-0.003369,0.017594,0.000000,0.013965,0
1790548270.0570,0.015559,-0.005828,-0.013022,0.015763,0.015559,0.000000,0.120000,0.000000,0.923416,0.004668,-0.017689,-0.000000,-0.001749,0.017512,0.000000,0.014145,0
1790548270.0710,0.006740,-0.002602,-0.015573,0.016694,0.006740,0.000000,0.120000,0.000000,0.953986,0.002022,-0.017595,-0.000000,-0.000781,0.017475,0.000000,0.014062,0
1790548270.0850,-0.001205,0.002571,-0.017973,0.018282,-0.001205,0.000000,0.120000,0.000000,0.984350,-0.000362,-0.017612,-0.000000,0.000771,0.017511,0.000000,0.013967,0
1790548270.0989,-0.009642,0.006528,-0.020638,0.019560,-0.009642,0.000000,0.120000,0.000000,0.014606,-0.002893,-0.017746,-0.000000,0.001958,0.017602,0.000000,0.013918,0
1790548270.1126,-0.015862,0.011102,-0.022721,0.021084,-0.015862,0.000000,0.120000,0.000000,0.044364,-0.004759,-0.017963,-0.000000,0.003331,0.017754,0.000000,0.013689,0
1790548270.1270,-0.018789,0.014252,-0.023862,0.022229,-0.018789,0.000000,0.120000,0.000000,0.074725,-0.005637,-0.018225,-0.000000,0.004276,0.017953,0.000000,0.013966,0
1790548270.1418,-0.015035,0.012679,-0.022961,0.021947,-0.015035,0.000000,0.120000,0.000000,0.107334,-0.004511,-0.018451,0.000000,0.003804,0.018143,-0.000000,0.015000,0
1790548270.1560,-0.009450,0.008335,-0.021422,0.020764,-0.009450,0.000000,0.120000,0.000000,0.138611,-0.002835,-0.018587,0.000000,0.002501,0.018263,-0.000000,0.014387,0
1790548270.1700,-0.002671,0.002111,-0.019425,0.018926,-0.002671,0.000000,0.120000,0.000000,0.169157,-0.000801,-0.018624,0.000000,0.000633,0.018293,-0.000000,0.014051,0
1790548270.1841,0.002326,-0.004368,-0.017894,0.016921,0.002326,0.000000,0.120000,0.000000,0.199729,0.000698,-0.018592,0.000000,-0.001310,0.018231,-0.000000,0.014063,0
1790548270.1984,0.008698,-0.011408,-0.015858,0.014646,0.008698,0.000000,0.120000,0.000000,0.230741,0.002609,-0.018467,0.000000,-0.003422,0.018068,-0.000000,0.014266,0
1790548270.2125,0.007643,-0.015250,-0.016066,0.013277,0.007643,0.000000,0.120000,0.000000,0.261584,0.002293,-0.018359,-0.000000,-0.004575,0.017852,-0.000000,0.014188,0
1790548270.2266,0.008367,-0.013460,-0.015732,0.013625,0.008367,0.000000,0.120000,0.000000,0.292084,0.002510,-0.018242,0.000000,-0.004038,0.017663,0.000000,0.014030,0
1790548270.2408,0.017781,-0.008763,-0.012655,0.014910,0.017781,0.000000,0.120000,0.000000,0.322894,0.005334,-0.017990,0.000000,-0.002629,0.017539,0.000000,0.014172,0
1790548270.2550,0.020140,-0.007441,-0.011660,0.015200,0.020140,0.000000,0.120000,0.000000,0.353994,0.006042,-0.017702,0.000000,-0.002232,0.017433,0.000000,0.014306,0
1790548270.2692,0.017159,-0.005255,-0.012311,0.015782,0.017159,0.000000,0.120000,0.000000,0.384717,0.005148,-0.017459,-0.000000,-0.001576,0.017358,0.000000,0.014132,0
1790548270.2834,0.015690,-0.003962,-0.012528,0.016113,0.015690,0.000000,0.120000,0.000000,0.415742,0.004707,-0.017235,-0.000000,-0.001189,0.017302,0.000000,0.014271,0
1790548270.2975,0.015848,-0.002821,-0.012257,0.016416,0.015848,0.000000,0.120000,0.000000,0.446457,0.004755,-0.017011,0.000000,-0.000846,0.017262,0.000000,0.014129,0
1790548270.3116,0.019878,-0.001650,-0.010769,0.016744,0.019878,0.000000,0.120000,0.000000,0.476917,0.005963,-0.016733,0.000000,-0.000495,0.017239,0.000000,0.014011,0
1790548270.3258,0.025051,0.000159,-0.008862,0.017289,0.025051,0.000000,0.120000,0.000000,0.507772,0.007515,-0.016377,0.000000,0.000048,0.017241,0.000000,0.014194,0
1790548270.3396,0.030791,0.003790,-0.006713,0.018431,0.030791,0.000000,0.120000,0.000000,0.537902,0.009237,-0.015950,0.000000,0.001137,0.017294,0.000000,0.013860,0
1790548270.3534,0.035748,0.007790,-0.004731,0.019738,0.035748,0.000000,0.120000,0.000000,0.567972,0.010725,-0.015456,0.000000,0.002337,0.017401,0.000000,0.013833,0
1790548270.3675,0.041300,0.010972,-0.002484,0.020848,0.041300,0.000000,0.120000,0.000000,0.598589,0.012390,-0.014874,0.000000,0.003292,0.017556,0.000000,0.014084,0
1790548270.3820,0.043114,0.012583,-0.001329,0.021509,0.043114,0.000000,0.120000,0.000000,0.629377,0.012934,-0.014264,0.000000,0.003775,0.017734,0.000000,0.014162,0
1790548270.3963,0.041805,0.012765,-0.001114,0.021749,0.041805,0.000000,0.120000,0.000000,0.661012,0.012541,-0.013655,-0.000000,0.003830,0.017920,0.000000,0.014552,0
1790548270.4104,0.036984,0.013807,-0.002037,0.022257,0.036984,0.000000,0.120000,0.000000,0.691748,0.011095,-0.013132,-0.000000,0.004142,0.018115,0.000000,0.014138,0
1790548270.4244,0.031185,0.013050,-0.003340,0.022213,0.031185,0.000000,0.120000,0.000000,0.722199,0.009355,-0.012696,-0.000000,0.003915,0.018298,-0.000000,0.014007,0
1790548270.4383,0.024418,0.010368,-0.005031,0.021552,0.024418,0.000000,0.120000,0.000000,0.752391,0.007325,-0.012356,-0.000000,0.003110,0.018442,-0.000000,0.013888,0
1790548270.4524,0.015543,0.004406,-0.007475,0.019826,0.015543,0.000000,0.120000,0.000000,0.782980,0.004663,-0.012138,-0.000000,0.001322,0.018504,-0.000000,0.014071,0
1790548270.4663,0.015351,-0.004711,-0.007317,0.017025,0.015351,0.000000,0.120000,0.000000,0.813487,0.004605,-0.011922,-0.000000,-0.001413,0.018438,-0.000000,0.014033,0
1790548270.4804,0.019877,-0.009746,-0.005682,0.015378,0.019877,0.000000,0.120000,0.000000,0.843813,0.005963,-0.011645,0.000000,-0.002924,0.018302,-0.000000,0.013950,0
1790548270.4943,0.023566,-0.011095,-0.004246,0.014818,0.023566,0.000000,0.120000,0.000000,0.874161,0.007070,-0.011316,0.000000,-0.003329,0.018147,-0.000000,0.013960,0
1790548270.5083,0.023860,-0.009850,-0.003824,0.015054,0.023860,0.000000,0.120000,0.000000,0.904590,0.007158,-0.010982,0.000000,-0.002955,0.018009,0.000000,0.013998,0
1790548270.5224,0.019011,-0.006696,-0.005010,0.015906,0.019011,0.000000,0.120000,0.000000,0.935267,0.005703,-0.010714,-0.000000,-0.002009,0.017915,0.000000,0.014111,0
1790548270.5363,0.009427,-0.003995,-0.007755,0.016661,0.009427,0.000000,0.120000,0.000000,0.965467,0.002828,-0.010583,-0.000000,-0.001198,0.017859,0.000000,0.013892,0
1790548270.5506,0.003476,0.000052,-0.009491,0.017875,0.003476,0.000000,0.120000,0.000000,0.996277,0.001043,-0.010534,-0.000000,0.000016,0.017860,0.000000,0.014173,0
1790548270.5649,-0.002676,0.004580,-0.011375,0.019300,-0.002676,0.000000,0.120000,0.000000,0.027582,-0.000803,-0.010572,-0.000000,0.001374,0.017926,0.000000,0.014400,0
1790548270.5787,-0.009766,0.010712,-0.013637,0.021287,-0.009766,0.000000,0.120000,0.000000,0.057602,-0.002930,-0.010707,-0.000000,0.003214,0.018074,0.000000,0.013809,0
1790548270.5924,-0.013720,0.016150,-0.015012,0.023141,-0.013720,0.000000,0.120000,0.000000,0.087510,-0.004116,-0.010896,-0.000000,0.004845,0.018296,0.000000,0.013757,0
1790548270.6064,-0.010669,0.015287,-0.014245,0.023095,-0.010669,0.000000,0.120000,0.000000,0.117849,-0.003201,-0.011045,0.000000,0.004586,0.018509,-0.000000,0.013956,0
1790548270.6205,-0.007885,0.010635,-0.013521,0.021849,-0.007885,0.000000,0.120000,0.000000,0.148393,-0.002366,-0.011155,0.000000,0.003191,0.018659,-0.000000,0.014050,0
1790548270.6350,-0.005006,0.005910,-0.012729,0.020516,-0.005006,0.000000,0.120000,0.000000,0.179473,-0.001502,-0.011227,0.000000,0.001773,0.018743,-0.000000,0.014297,0
1790548270.6494,0.000057,0.001019,-0.011209,0.019064,0.000057,0.000000,0.120000,0.000000,0.211068,0.000017,-0.011226,0.000000,0.000306,0.018758,-0.000000,0.014533,0
1790548270.6634,0.006496,-0.005335,-0.009186,0.017082,0.006496,0.000000,0.120000,0.000000,0.241783,0.001949,-0.011134,0.000000,-0.001600,0.018683,-0.000000,0.014129,0
1790548270.6775,0.003670,-0.012404,-0.009982,0.014786,0.003670,0.000000,0.120000,0.000000,0.272487,0.001101,-0.011083,-0.000000,-0.003721,0.018507,-0.000000,0.014124,0
1790548270.6914,0.002518,-0.014079,-0.010292,0.014088,0.002518,0.000000,0.120000,0.000000,0.302652,0.000755,-0.011048,-0.000000,-0.004224,0.018312,-0.000000,0.013876,0
1790548270.7056,0.004804,-0.013446,-0.009539,0.014088,0.004804,0.000000,0.120000,0.000000,0.333362,0.001441,-0.010980,0.000000,-0.004034,0.018122,0.000000,0.014127,0
1790548270.7196,0.007974,-0.012809,-0.008475,0.014098,0.007974,0.000000,0.120000,0.000000,0.364022,0.002392,-0.010867,0.000000,-0.003843,0.017941,0.000000,0.014104,0
1790548270.7336,0.007294,-0.011398,-0.008578,0.014364,0.007294,0.000000,0.120000,0.000000,0.394236,0.002188,-0.010766,-0.000000,-0.003419,0.017783,0.000000,0.013898,0
1790548270.7475,0.007615,-0.010513,-0.008375,0.014482,0.007615,0.000000,0.120000,0.000000,0.424669,0.002284,-0.010659,0.000000,-0.003154,0.017636,0.000000,0.013999,0
1790548270.7615,0.012022,-0.009581,-0.006884,0.014627,0.012022,0.000000,0.120000,0.000000,0.455153,0.003607,-0.010491,0.000000,-0.002874,0.017501,0.000000,0.014022,0
1790548270.7753,0.016872,-0.009091,-0.005196,0.014649,0.016872,0.000000,0.120000,0.000000,0.485184,0.005062,-0.010258,0.000000,-0.002727,0.017376,0.000000,0.013814,0
1790548270.7893,0.019646,-0.008436,-0.004091,0.014728,0.019646,0.000000,0.120000,0.000000,0.515402,0.005894,-0.009985,0.000000,-0.002531,0.017259,0.000000,0.013900,0
1790548270.8030,0.024186,-0.007838,-0.002397,0.014799,0.024186,0.000000,0.120000,0.000000,0.545256,0.007256,-0.009652,0.000000,-0.002352,0.017151,0.000000,0.013733,0
1790548270.8166,0.027177,-0.006653,-0.001127,0.015064,0.027177,0.000000,0.120000,0.000000,0.575018,0.008153,-0.009280,0.000000,-0.001996,0.017060,0.000000,0.013690,0
1790548270.8306,0.029432,-0.005396,-0.000041,0.015366,0.029432,0.000000,0.120000,0.000000,0.605268,0.008830,-0.008871,0.000000,-0.001619,0.016985,0.000000,0.013915,0
1790548270.8446,0.030493,-0.004006,0.000704,0.015727,0.030493,0.000000,0.120000,0.000000,0.635687,0.009148,-0.008444,0.000000,-0.001202,0.016929,0.000000,0.013993,0
1790548270.8587,0.026312,-0.006485,-0.000179,0.014892,0.026312,0.000000,0.120000,0.000000,0.666368,0.007894,-0.008073,-0.000000,-0.001946,0.016837,-0.000000,0.014113,0
1790548270.8728,0.021005,-0.007306,-0.001476,0.014543,0.021005,0.000000,0.120000,0.000000,0.696942,0.006302,-0.007777,-0.000000,-0.002192,0.016734,-0.000000,0.014064,0
1790548270.8871,0.015225,-0.009587,-0.002998,0.013725,0.015225,0.000000,0.120000,0.000000,0.727157,0.004568,-0.007566,-0.000000,-0.002876,0.016601,-0.000000,0.013899,0
1790548270.9017,0.009545,-0.014675,-0.004561,0.011982,0.009545,0.000000,0.120000,0.000000,0.759249,0.002864,-0.007425,-0.000000,-0.004402,0.016385,-0.000000,0.014762,0
1790548270.9159,0.006035,-0.024048,-0.005527,0.008822,0.006035,0.000000,0.120000,0.000000,0.790751,0.001811,-0.007337,-0.000000,-0.007214,0.016036,-0.000000,0.014491,0
1790548270.9299,0.009647,-0.028207,-0.004308,0.007179,0.009647,0.000000,0.120000,0.000000,0.821184,0.002894,-0.007202,0.000000,-0.008462,0.015641,-0.000000,0.013999,0
1790548270.9440,0.013083,-0.027293,-0.003094,0.007070,0.013083,0.000000,0.120000,0.000000,0.851717,0.003925,-0.007019,0.000000,-0.008188,0.015258,0.000000,0.014045,0
1790548270.9578,0.012143,-0.022704,-0.003207,0.008132,0.012143,0.000000,0.120000,0.000000,0.881821,0.003643,-0.006850,-0.000000,-0.006811,0.014943,0.000000,0.013848,0
1790548270.9717,0.012669,-0.015057,-0.002873,0.010217,0.012669,0.000000,0.120000,0.000000,0.912097,0.003801,-0.006674,0.000000,-0.004517,0.014734,0.000000,0.013927,0
1790548270.9857,0.003122,-0.012586,-0.005694,0.010782,0.003122,0.000000,0.120000,0.000000,0.942538,0.000937,-0.006630,-0.000000,-0.003776,0.014558,0.000000,0.014003,0
1790548270.9996,-0.004568,-0.010396,-0.008064,0.011295,-0.004568,0.000000,0.120000,0.000000,0.972628,-0.001371,-0.006693,-0.000000,-0.003119,0.014414,0.000000,0.013841,0
1790548271.0135,-0.010879,-0.006794,-0.010109,0.012281,-0.010879,0.000000,0.120000,0.000000,0.002900,-0.003264,-0.006845,-0.000000,-0.002038,0.014319,0.000000,0.013925,0
1790548271.0271,-0.017648,-0.001781,-0.012380,0.013760,-0.017648,0.000000,0.120000,0.000000,0.032544,-0.005294,-0.007086,-0.000000,-0.000534,0.014295,0.000000,0.013637,0
1790548271.0408,-0.020240,0.001888,-0.013433,0.014887,-0.020240,0.000000,0.120000,0.000000,0.062148,-0.006072,-0.007361,-0.000000,0.000567,0.014320,0.000000,0.013618,0
1790548271.0550,-0.019474,0.002116,-0.013479,0.014985,-0.019474,0.000000,0.120000,0.000000,0.092846,-0.005842,-0.007636,0.000000,0.000635,0.014350,0.000000,0.014121,0
1790548271.0695,-0.015876,-0.001498,-0.012629,0.013879,-0.015876,0.000000,0.120000,0.000000,0.124347,-0.004763,-0.007866,0.000000,-0.000449,0.014329,-0.000000,0.014490,0
1790548271.0838,-0.010419,-0.007615,-0.011142,0.011935,-0.010419,0.000000,0.120000,0.000000,0.155545,-0.003126,-0.008016,0.000000,-0.002284,0.014219,-0.000000,0.014351,0
1790548271.0979,-0.003997,-0.012998,-0.009271,0.010137,-0.003997,0.000000,0.120000,0.000000,0.186154,-0.001199,-0.008072,0.000000,-0.003900,0.014036,-0.000000,0.014081,0
1790548271.1122,0.001987,-0.017368,-0.007448,0.008577,0.001987,0.000000,0.120000,0.000000,0.217302,0.000596,-0.008044,0.000000,-0.005211,0.013787,-0.000000,0.014328,0
1790548271.1263,0.000054,-0.021965,-0.008027,0.006888,0.000054,0.000000,0.119764,0.000000,0.247995,0.000016,-0.008043,-0.000000,-0.006590,0.013477,-0.000000,0.014119,0
1790548271.1408,-0.001158,-0.021924,-0.008407,0.006588,-0.001158,0.000000,0.119051,0.000000,0.278932,-0.000347,-0.008059,-0.000000,-0.006577,0.013165,0.000000,0.014231,0
1790548271.1550,0.002876,-0.020027,-0.007155,0.006868,0.002876,0.000000,0.117843,0.000000,0.310363,0.000863,-0.008018,0.000000,-0.006008,0.012876,0.000000,0.014458,0
1790548271.1690,0.003289,-0.018951,-0.006985,0.006925,0.003289,0.000000,0.116220,0.000000,0.340773,0.000987,-0.007972,0.000000,-0.005685,0.012611,0.000000,0.013989,0
1790548271.1830,0.004566,-0.018553,-0.006538,0.006784,0.004566,0.000000,0.114152,0.000000,0.371335,0.001370,-0.007908,0.000000,-0.005566,0.012350,0.000000,0.014059,0
1790548271.1975,0.002291,-0.018923,-0.007188,0.006405,0.002291,0.000000,0.111645,0.000000,0.402078,0.000687,-0.007875,-0.000000,-0.005677,0.012082,-0.000000,0.014142,0
1790548271.2125,0.003948,-0.017032,-0.006631,0.006713,0.003948,0.000000,0.108490,0.000000,0.435196,0.001184,-0.007815,0.000000,-0.005110,0.011823,0.000000,0.015234,0
1790548271.2273,0.003920,-0.014895,-0.006582,0.007137,0.003920,0.000000,0.105053,0.000000,0.466896,0.001176,-0.007758,-0.000000,-0.004468,0.011606,0.000000,0.014582,0
1790548271.2419,0.005958,-0.014074,-0.005882,0.007175,0.005958,0.000000,0.101184,0.000000,0.499027,0.001787,-0.007670,0.000000,-0.004222,0.011398,0.000000,0.014780,0
1790548271.2567,0.008840,-0.013066,-0.004889,0.007287,0.008840,0.000000,0.097020,0.000000,0.530724,0.002652,-0.007541,0.000000,-0.003920,0.011207,0.000000,0.014580,0
1790548271.2710,0.010033,-0.009957,-0.004384,0.008074,0.010033,0.000000,0.092531,0.000000,0.562519,0.003010,-0.007394,0.000000,-0.002987,0.011061,0.000000,0.014626,0
1790548271.2849,0.012794,-0.006198,-0.003378,0.009116,0.012794,0.000000,0.088005,0.000000,0.592764,0.003838,-0.007216,0.000000,-0.001859,0.010975,0.000000,0.013913,0
1790548271.2991,0.014711,-0.002318,-0.002595,0.010247,0.014711,0.000000,0.083196,0.000000,0.623445,0.004413,-0.007009,0.000000,-0.000695,0.010942,0.000000,0.014113,0
1790548271.3133,0.013235,-0.001873,-0.002849,0.010354,0.013235,0.000000,0.078145,0.000000,0.654480,0.003971,-0.006820,-0.000000,-0.000562,0.010916,0.000000,0.014276,0
1790548271.3274,0.009010,-0.001466,-0.003988,0.010455,0.009010,0.000000,0.072974,0.000000,0.685369,0.002703,-0.006692,-0.000000,-0.000440,0.010895,0.000000,0.014209,0
1790548271.3415,0.004783,-0.002693,-0.005190,0.010049,0.004783,0.000000,0.067762,0.000000,0.715893,0.001435,-0.006624,-0.000000,-0.000808,0.010857,-0.000000,0.014041,0
1790548271.3557,-0.000193,-0.006880,-0.006685,0.008696,-0.000193,0.000000,0.062465,0.000000,0.746561,-0.000058,-0.006627,-0.000000,-0.002064,0.010760,-0.000000,0.014107,0
1790548271.3699,-0.006374,-0.013719,-0.008630,0.006449,-0.006374,0.000000,0.057085,0.000000,0.777598,-0.001912,-0.006718,-0.000000,-0.004116,0.010564,-0.000000,0.014277,0
1790548271.3840,-0.004144,-0.019587,-0.008020,0.004412,-0.004144,0.000000,0.051794,0.000000,0.808250,-0.001243,-0.006777,0.000000,-0.005876,0.010288,-0.000000,0.014100,0
1790548271.3987,0.001015,-0.020190,-0.006457,0.003937,0.001015,0.000000,0.046402,0.000000,0.839878,0.000305,-0.006762,0.000000,-0.006057,0.009994,-0.000000,0.014549,0
1790548271.4127,-0.000688,-0.016531,-0.006978,0.004802,-0.000688,0.000000,0.041295,0.000000,0.870469,-0.000207,-0.006771,-0.000000,-0.004959,0.009762,0.000000,0.014072,0
1790548271.4270,-0.004308,-0.011798,-0.008125,0.006054,-0.004308,0.000000,0.036277,0.000000,0.901418,-0.001292,-0.006833,-0.000000,-0.003540,0.009594,0.000000,0.014237,0
1790548271.4411,-0.010945,-0.008228,-0.010273,0.007008,-0.010945,0.000000,0.031424,0.000000,0.932528,-0.003283,-0.006989,-0.000000,-0.002468,0.009476,0.000000,0.014311,0
1790548271.4552,-0.017161,-0.005382,-0.012379,0.007786,-0.017161,0.000000,0.026876,0.000000,0.963131,-0.005148,-0.007231,-0.000000,-0.001615,0.009400,0.000000,0.014077,0
1790548271.4694,-0.023469,-0.002530,-0.014602,0.008606,-0.023469,0.000000,0.022584,0.000000,0.993745,-0.007041,-0.007562,-0.000000,-0.000759,0.009365,0.000000,0.014082,0
1790548271.4836,-0.028587,0.002035,-0.016547,0.010004,-0.028587,0.000000,0.018524,0.000000,0.024850,-0.008576,-0.007971,-0.000000,0.000611,0.009394,0.000000,0.014309,0
1790548271.4974,-0.032313,0.006252,-0.018109,0.011355,-0.032313,0.000000,0.014933,0.000000,0.054789,-0.009694,-0.008416,-0.000000,0.001876,0.009480,0.000000,0.013772,0
1790548271.5112,-0.034447,0.007792,-0.019224,0.011925,-0.034447,0.000000,0.011676,0.000000,0.084749,-0.010334,-0.008890,-0.000000,0.002338,0.009587,0.000000,0.013782,0
1790548271.5252,-0.035865,0.006347,-0.020152,0.011580,-0.035865,0.000000,0.008738,0.000000,0.115192,-0.010759,-0.009393,-0.000000,0.001904,0.009676,-0.000000,0.014004,0
1790548271.5393,-0.034060,0.001217,-0.020091,0.010058,-0.034060,0.000000,0.006179,0.000000,0.145852,-0.010218,-0.009873,0.000000,0.000365,0.009693,-0.000000,0.014104,0
1790548271.5536,-0.027950,-0.006227,-0.018657,0.007736,-0.027950,0.000000,0.004018,0.000000,0.176927,-0.008385,-0.010272,0.000000,-0.001868,0.009604,-0.000000,0.014294,0
1790548271.5675,-0.022054,-0.009654,-0.017197,0.006573,-0.022054,0.000000,0.002339,0.000000,0.207324,-0.006616,-0.010581,0.000000,-0.002896,0.009469,-0.000000,0.013983,0
1790548271.5816,-0.017203,-0.014331,-0.015982,0.004970,-0.017203,0.000000,0.001108,0.000000,0.237674,-0.005161,-0.010821,0.000000,-0.004299,0.009269,-0.000000,0.013961,0
1790548271.5956,-0.013488,-0.020161,-0.015057,0.002937,-0.013488,0.000000,0.000325,0.000000,0.268244,-0.004046,-0.011011,0.000000,-0.006048,0.008986,-0.000000,0.014062,0
1790548271.6099,-0.012789,-0.025599,-0.015030,0.000940,-0.012789,0.000000,0.000006,0.000000,0.299287,-0.003837,-0.011193,0.000000,-0.007680,0.008620,-0.000000,0.014280,0
1790548271.6240,-0.017159,-0.029062,-0.016583,-0.000509,-0.017159,0.000000,0.000000,0.000000,0.330006,-0.005148,-0.011436,-0.000000,-0.008719,0.008209,-0.000000,0.014131,0
