t,imu_roll,imu_pitch,pid_roll,pid_pitch,roll_meas,banked_roll,eff_lin,eff_ang,phase,p_roll,i_roll,d_roll,p_pitch,i_pitch,d_pitch,dt,ik_clamped
1790548001.5587,-0.035625,-0.030119,-0.011044,-0.009337,-0.035625,0.000000,0.000000,0.000000,0.000077,-0.010687,-0.000356,0.000000,-0.009036,-0.000301,0.000000,0.010000,0
1790548001.5729,-0.034063,-0.040395,-0.011098,-0.013040,-0.034063,0.000000,0.000279,0.000000,0.033464,-0.010219,-0.000879,0.000000,-0.012119,-0.000922,-0.000000,0.015358,0
1790548001.5867,-0.038931,-0.042374,-0.013100,-0.014223,-0.038931,0.000000,0.001012,0.000000,0.063702,-0.011679,-0.001421,-0.000000,-0.012712,-0.001511,-0.000000,0.013910,0
1790548001.6003,-0.041620,-0.044185,-0.014476,-0.015371,-0.041620,0.000000,0.002171,0.000000,0.093444,-0.012486,-0.001990,-0.000000,-0.013255,-0.002115,-0.000000,0.013681,0
1790548001.6144,-0.042259,-0.042283,-0.015263,-0.015396,-0.042259,0.000000,0.003810,0.000000,0.124039,-0.012678,-0.002585,-0.000000,-0.012685,-0.002711,0.000000,0.014074,0
1790548001.6284,-0.040189,-0.042087,-0.015205,-0.015927,-0.040189,0.000000,0.005879,0.000000,0.154520,-0.012057,-0.003149,0.000000,-0.012626,-0.003301,0.000000,0.014021,0
1790548001.6430,-0.038642,-0.040426,-0.015287,-0.016000,-0.038642,0.000000,0.008388,0.000000,0.185227,-0.011593,-0.003694,0.000000,-0.012128,-0.003872,0.000000,0.014125,0
1790548001.6576,-0.038803,-0.036360,-0.015914,-0.015322,-0.038803,0.000000,0.011476,0.000000,0.217639,-0.011641,-0.004273,-0.000000,-0.010908,-0.004414,0.000000,0.014910,0
1790548001.6716,-0.042095,-0.031060,-0.017493,-0.014168,-0.042095,0.000000,0.014777,0.000000,0.248189,-0.012628,-0.004864,-0.000000,-0.009318,-0.004850,0.000000,0.014053,0
1790548001.6857,-0.044010,-0.023009,-0.018687,-0.012077,-0.044010,0.000000,0.018441,0.000000,0.278816,-0.013203,-0.005485,-0.000000,-0.006903,-0.005174,0.000000,0.014089,0
1790548001.7001,-0.045292,-0.018457,-0.019724,-0.010977,-0.045292,0.000000,0.022516,0.000000,0.310084,-0.013588,-0.006136,-0.000000,-0.005537,-0.005440,0.000000,0.014383,0
1790548001.7140,-0.045129,-0.021136,-0.020306,-0.012076,-0.045129,0.000000,0.026772,0.000000,0.340485,-0.013539,-0.006767,0.000000,-0.006341,-0.005735,-0.000000,0.013984,0
1790548001.7280,-0.052620,-0.030021,-0.023290,-0.015162,-0.052620,0.000000,0.031289,0.000000,0.370918,-0.015786,-0.007504,-0.000000,-0.009006,-0.006156,-0.000000,0.013999,0
1790548001.7420,-0.054871,-0.029766,-0.024735,-0.015503,-0.054871,0.000000,0.036038,0.000000,0.401416,-0.016461,-0.008273,-0.000000,-0.008930,-0.006573,0.000000,0.014029,0
1790548001.7559,-0.048741,-0.035574,-0.023575,-0.017741,-0.048741,0.000000,0.040941,0.000000,0.431712,-0.014622,-0.008953,0.000000,-0.010672,-0.007069,-0.000000,0.013936,0
1790548001.7699,-0.042782,-0.041696,-0.022382,-0.020157,-0.042782,0.000000,0.045974,0.000000,0.461921,-0.012835,-0.009547,0.000000,-0.012509,-0.007649,-0.000000,0.013896,0
1790548001.7838,-0.039056,-0.046296,-0.021812,-0.022187,-0.039056,0.000000,0.051165,0.000000,0.492421,-0.011717,-0.010095,0.000000,-0.013889,-0.008298,-0.000000,0.014030,0
1790548001.7978,-0.034986,-0.048501,-0.021077,-0.023522,-0.034986,0.000000,0.056372,0.000000,0.522620,-0.010496,-0.010581,0.000000,-0.014550,-0.008972,-0.000000,0.013892,0
1790548001.8114,-0.035047,-0.045157,-0.021573,-0.023134,-0.035047,0.000000,0.061506,0.000000,0.552241,-0.010514,-0.011059,-0.000000,-0.013547,-0.009587,0.000000,0.013625,0
1790548001.8250,-0.032800,-0.040377,-0.021346,-0.022250,-0.032800,0.000000,0.066630,0.000000,0.581865,-0.009840,-0.011506,0.000000,-0.012113,-0.010137,0.000000,0.013627,0
1790548001.8388,-0.032743,-0.037283,-0.021783,-0.021839,-0.032743,0.000000,0.071795,0.000000,0.612014,-0.009823,-0.011960,0.000000,-0.011185,-0.010654,0.000000,0.013869,0
1790548001.8528,-0.032368,-0.032599,-0.022119,-0.020886,-0.032368,0.000000,0.076871,0.000000,0.642170,-0.009711,-0.012409,0.000000,-0.009780,-0.011107,0.000000,0.013872,0
1790548001.8667,-0.031415,-0.027152,-0.022272,-0.019631,-0.031415,0.000000,0.081852,0.000000,0.672533,-0.009425,-0.012848,0.000000,-0.008146,-0.011486,0.000000,0.013967,0
1790548001.8806,-0.027469,-0.016560,-0.021470,-0.016684,-0.027469,0.000000,0.086641,0.000000,0.702738,-0.008241,-0.013229,0.000000,-0.004968,-0.011716,0.000000,0.013894,0
1790548001.8950,-0.033411,-0.012863,-0.023722,-0.015756,-0.033411,0.000000,0.091278,0.000000,0.733288,-0.010023,-0.013699,-0.000000,-0.003859,-0.011897,0.000000,0.014053,0
1790548001.9091,-0.040313,-0.019628,-0.026373,-0.018067,-0.040313,0.000000,0.095774,0.000000,0.764576,-0.012094,-0.014279,-0.000000,-0.005888,-0.012179,-0.000000,0.014392,0
1790548001.9231,-0.037464,-0.012694,-0.026043,-0.016165,-0.037464,0.000000,0.099871,0.000000,0.795033,-0.011239,-0.014804,0.000000,-0.003808,-0.012357,0.000000,0.014010,0
1790548001.9371,-0.033558,-0.015683,-0.025342,-0.017282,-0.033558,0.000000,0.103662,0.000000,0.825521,-0.010067,-0.015275,0.000000,-0.004705,-0.012577,-0.000000,0.014024,0
1790548001.9511,-0.021257,-0.014746,-0.021949,-0.017208,-0.021257,0.000000,0.107111,0.000000,0.855983,-0.006377,-0.015572,0.000000,-0.004424,-0.012784,0.000000,0.014013,0
1790548001.9650,-0.025308,-0.010762,-0.023517,-0.016162,-0.025308,0.000000,0.110172,0.000000,0.886199,-0.007592,-0.015924,-0.000000,-0.003229,-0.012933,0.000000,0.013899,0
1790548001.9795,-0.030409,-0.007382,-0.025484,-0.015254,-0.030409,0.000000,0.112936,0.000000,0.917445,-0.009123,-0.016361,-0.000000,-0.002215,-0.013039,0.000000,0.014373,0
1790548001.9937,-0.024428,-0.006634,-0.024038,-0.015124,-0.024428,0.000000,0.115251,0.000000,0.948448,-0.007328,-0.016710,0.000000,-0.001990,-0.013134,0.000000,0.014261,0
1790548002.0077,-0.026227,-0.005777,-0.024948,-0.014949,-0.026227,0.000000,0.117104,0.000000,0.979105,-0.007868,-0.017079,-0.000000,-0.001733,-0.013215,0.000000,0.014102,0
1790548002.0215,-0.027331,-0.002092,-0.025656,-0.013872,-0.027331,0.000000,0.118485,0.000000,0.009129,-0.008199,-0.017457,-0.000000,-0.000628,-0.013244,0.000000,0.013811,0
1790548002.0351,-0.032369,0.007161,-0.027606,-0.010999,-0.032369,0.000000,0.119413,0.000000,0.038590,-0.009711,-0.017896,-0.000000,0.002148,-0.013147,0.000000,0.013552,0
1790548002.0488,-0.036709,0.012595,-0.029409,-0.009197,-0.036709,0.000000,0.119911,0.000000,0.068235,-0.011013,-0.018396,-0.000000,0.003779,-0.012975,0.000000,0.013637,0
1790548002.0628,-0.036394,0.013208,-0.029826,-0.008827,-0.036394,0.000000,0.120000,0.000000,0.098806,-0.010918,-0.018908,0.000000,0.003962,-0.012790,0.000000,0.014063,0
1790548002.0768,-0.035309,0.012250,-0.029996,-0.008943,-0.035309,0.000000,0.120000,0.000000,0.129283,-0.010593,-0.019403,0.000000,0.003675,-0.012618,-0.000000,0.014019,0
1790548002.0907,-0.037973,0.014745,-0.031321,-0.007990,-0.037973,0.000000,0.120000,0.000000,0.159409,-0.011392,-0.019929,-0.000000,0.004424,-0.012414,0.000000,0.013858,0
1790548002.1047,-0.029452,0.012457,-0.029178,-0.008502,-0.029452,0.000000,0.120000,0.000000,0.189914,-0.008836,-0.020342,0.000000,0.003737,-0.012239,-0.000000,0.014033,0
1790548002.1186,-0.030899,0.005207,-0.030044,-0.010604,-0.030899,0.000000,0.120000,0.000000,0.220319,-0.009270,-0.020775,-0.000000,0.001562,-0.012166,-0.000000,0.013986,0
1790548002.1325,-0.031259,-0.005271,-0.030584,-0.013820,-0.031259,0.000000,0.120000,0.000000,0.250352,-0.009378,-0.021207,-0.000000,-0.001581,-0.012239,-0.000000,0.013815,0
1790548002.1467,-0.032287,-0.016399,-0.031347,-0.017389,-0.032287,0.000000,0.120000,0.000000,0.280918,-0.009686,-0.021660,-0.000000,-0.004920,-0.012469,-0.000000,0.014060,0
1790548002.1615,-0.037970,-0.016849,-0.033611,-0.017772,-0.037970,0.000000,0.120000,0.000000,0.312944,-0.011391,-0.022220,-0.000000,-0.005055,-0.012718,-0.000000,0.014732,0
1790548002.1758,-0.042508,-0.018513,-0.035578,-0.018535,-0.042508,0.000000,0.120000,0.000000,0.343911,-0.012752,-0.022825,-0.000000,-0.005554,-0.012981,-0.000000,0.014245,0
1790548002.1898,-0.041438,-0.027321,-0.035843,-0.021564,-0.041438,0.000000,0.120000,0.000000,0.374677,-0.012431,-0.023412,0.000000,-0.008196,-0.013368,-0.000000,0.014152,0
1790548002.2038,-0.041709,-0.033466,-0.036511,-0.023878,-0.041709,0.000000,0.120000,0.000000,0.405233,-0.012513,-0.023998,-0.000000,-0.010040,-0.013838,-0.000000,0.014056,0
1790548002.2177,-0.031881,-0.039664,-0.034006,-0.026290,-0.031881,0.000000,0.120000,0.000000,0.435498,-0.009564,-0.024442,0.000000,-0.011899,-0.014391,-0.000000,0.013922,0
1790548002.2317,-0.034800,-0.047019,-0.035368,-0.029154,-0.034800,0.000000,0.120000,0.000000,0.465891,-0.010440,-0.024928,-0.000000,-0.014106,-0.015048,-0.000000,0.013981,0
1790548002.2468,-0.037662,-0.053543,-0.036779,-0.031895,-0.037662,0.000000,0.120000,0.000000,0.497720,-0.011299,-0.025480,-0.000000,-0.016063,-0.015832,-0.000000,0.014641,0
1790548002.2614,-0.034125,-0.053563,-0.036225,-0.032698,-0.034125,0.000000,0.120000,0.000000,0.530088,-0.010237,-0.025988,0.000000,-0.016069,-0.016629,-0.000000,0.014889,0
1790548002.2754,-0.029555,-0.048273,-0.035268,-0.031787,-0.029555,0.000000,0.120000,0.000000,0.560506,-0.008866,-0.026401,0.000000,-0.014482,-0.017305,0.000000,0.013992,0
1790548002.2894,-0.023956,-0.043821,-0.033921,-0.031060,-0.023956,0.000000,0.120000,0.000000,0.590713,-0.007187,-0.026734,0.000000,-0.013146,-0.017914,0.000000,0.013896,0
1790548002.3057,-0.021279,-0.040314,-0.033470,-0.030675,-0.021279,0.000000,0.120000,0.000000,0.626677,-0.006384,-0.027086,0.000000,-0.012094,-0.018581,0.000000,0.016543,0
1790548002.3194,-0.019915,-0.037299,-0.033335,-0.030283,-0.019915,0.000000,0.120000,0.000000,0.656569,-0.005975,-0.027360,0.000000,-0.011190,-0.019094,0.000000,0.013750,0
1790548002.3330,-0.016111,-0.032531,-0.032413,-0.029296,-0.016111,0.000000,0.120000,0.000000,0.686161,-0.004833,-0.027580,0.000000,-0.009759,-0.019536,0.000000,0.013613,0
1790548002.3469,-0.011360,-0.023876,-0.031146,-0.027032,-0.011360,0.000000,0.120000,0.000000,0.716425,-0.003408,-0.027738,0.000000,-0.007163,-0.019869,0.000000,0.013921,0
1790548002.3610,-0.003849,-0.015911,-0.028946,-0.024865,-0.003849,0.000000,0.120000,0.000000,0.746950,-0.001155,-0.027792,0.000000,-0.004773,-0.020092,0.000000,0.014042,0
1790548002.3751,-0.005470,-0.014646,-0.029510,-0.024693,-0.005470,0.000000,0.120000,0.000000,0.777616,-0.001641,-0.027869,-0.000000,-0.004394,-0.020299,0.000000,0.014107,0
1790548002.3890,-0.004004,-0.016205,-0.029126,-0.025386,-0.004004,0.000000,0.120000,0.000000,0.807893,-0.001201,-0.027925,0.000000,-0.004862,-0.020525,-0.000000,0.013927,0
1790548002.4034,-0.002989,-0.013542,-0.028864,-0.024779,-0.002989,0.000000,0.120000,0.000000,0.838686,-0.000897,-0.027967,0.000000,-0.004063,-0.020716,0.000000,0.014165,0
1790548002.4175,-0.003156,-0.016836,-0.028959,-0.026009,-0.003156,0.000000,0.120000,0.000000,0.869872,-0.000947,-0.028012,-0.000000,-0.005051,-0.020958,-0.000000,0.014345,0
1790548002.4314,-0.004460,-0.018237,-0.029412,-0.026683,-0.004460,0.000000,0.120000,0.000000,0.900217,-0.001338,-0.028075,-0.000000,-0.005471,-0.021212,-0.000000,0.013959,0
1790548002.4454,-0.008574,-0.017100,-0.030767,-0.026581,-0.008574,0.000000,0.120000,0.000000,0.930605,-0.002572,-0.028194,-0.000000,-0.005130,-0.021451,0.000000,0.013978,0
1790548002.4593,-0.001132,-0.019344,-0.028550,-0.027524,-0.001132,0.000000,0.120000,0.000000,0.960926,-0.000339,-0.028210,0.000000,-0.005803,-0.021721,-0.000000,0.013948,0
1790548002.4734,-0.000244,-0.019862,-0.028287,-0.027957,-0.000244,0.000000,0.120000,0.000000,0.991297,-0.000073,-0.028214,0.000000,-0.005958,-0.021999,-0.000000,0.013971,0
1790548002.4873,0.004482,-0.019839,-0.026806,-0.028228,0.004482,0.000000,0.120000,0.000000,0.021751,0.001345,-0.028151,0.000000,-0.005952,-0.022277,0.000000,0.014009,0
1790548002.5009,0.004076,-0.018229,-0.026873,-0.027993,0.004076,0.000000,0.120000,0.000000,0.051274,0.001223,-0.028095,-0.000000,-0.005469,-0.022524,0.000000,0.013581,0
1790548002.5146,0.006520,-0.021406,-0.026051,-0.029238,0.006520,0.000000,0.120000,0.000000,0.080883,0.001956,-0.028007,0.000000,-0.006422,-0.022816,-0.000000,0.013620,0
1790548002.5285,0.009818,-0.025003,-0.024924,-0.030667,0.009818,0.000000,0.120000,0.000000,0.111331,0.002945,-0.027869,0.000000,-0.007501,-0.023166,-0.000000,0.014006,0
1790548002.5423,0.010858,-0.027332,-0.024462,-0.031742,0.010858,0.000000,0.120000,0.000000,0.141280,0.003257,-0.027720,0.000000,-0.008200,-0.023542,-0.000000,0.013776,0
1790548002.5562,0.010892,-0.024653,-0.024300,-0.031281,0.010892,0.000000,0.120000,0.000000,0.171528,0.003268,-0.027568,0.000000,-0.007396,-0.023886,0.000000,0.013914,0
1790548002.5701,0.000265,-0.019047,-0.027485,-0.029863,0.000265,0.000000,0.120000,0.000000,0.201600,0.000080,-0.027564,-0.000000,-0.005714,-0.024149,0.000000,0.013833,0
1790548002.5841,-0.005472,-0.010096,-0.029283,-0.027320,-0.005472,0.000000,0.120000,0.000000,0.232227,-0.001642,-0.027641,-0.000000,-0.003029,-0.024291,0.000000,0.014088,0
1790548002.5981,-0.008226,-0.001056,-0.030224,-0.024623,-0.008226,0.000000,0.120000,0.000000,0.262511,-0.002468,-0.027756,-0.000000,-0.000317,-0.024306,0.000000,0.013931,0
1790548002.6120,-0.005772,0.002570,-0.029568,-0.023499,-0.005772,0.000000,0.120000,0.000000,0.292647,-0.001732,-0.027836,0.000000,0.000771,-0.024270,0.000000,0.013862,0
1790548002.6260,-0.000162,0.002430,-0.027887,-0.023507,-0.000162,0.000000,0.120000,0.000000,0.323170,-0.000048,-0.027838,0.000000,0.000729,-0.024236,-0.000000,0.014040,0
1790548002.6399,-0.005323,-0.004953,-0.029509,-0.025791,-0.005323,0.000000,0.120000,0.000000,0.353501,-0.001597,-0.027913,-0.000000,-0.001486,-0.024305,-0.000000,0.013952,0
1790548002.6542,-0.010557,-0.014466,-0.031228,-0.028848,-0.010557,0.000000,0.120000,0.000000,0.384054,-0.003167,-0.028061,-0.000000,-0.004340,-0.024509,-0.000000,0.014054,0
1790548002.6686,-0.009240,-0.022863,-0.030967,-0.031698,-0.009240,0.000000,0.120000,0.000000,0.415495,-0.002772,-0.028195,0.000000,-0.006859,-0.024839,-0.000000,0.014463,0
1790548002.6828,-0.013397,-0.028335,-0.032404,-0.033742,-0.013397,0.000000,0.120000,0.000000,0.446336,-0.004019,-0.028385,-0.000000,-0.008500,-0.025241,-0.000000,0.014187,0
1790548002.6971,-0.027427,-0.037528,-0.037007,-0.037039,-0.027427,0.000000,0.120000,0.000000,0.477591,-0.008228,-0.028779,-0.000000,-0.011258,-0.025781,-0.000000,0.014378,0
1790548002.7111,-0.039746,-0.045073,-0.041263,-0.039938,-0.039746,0.000000,0.120000,0.000000,0.508240,-0.011924,-0.029339,-0.000000,-0.013522,-0.026416,-0.000000,0.014098,0
1790548002.7249,-0.053090,-0.052077,-0.045997,-0.042756,-0.053090,0.000000,0.120000,0.000000,0.538150,-0.015927,-0.030070,-0.000000,-0.015623,-0.027133,-0.000000,0.013759,0
1790548002.7387,-0.060876,-0.057104,-0.049169,-0.045048,-0.060876,0.000000,0.120000,0.000000,0.568013,-0.018263,-0.030906,-0.000000,-0.017131,-0.027917,-0.000000,0.013737,0
1790548002.7527,-0.063367,-0.060262,-0.050806,-0.046842,-0.063367,0.000000,0.120000,0.000000,0.598551,-0.019010,-0.031796,-0.000000,-0.018079,-0.028764,-0.000000,0.014047,0
1790548002.7670,-0.059261,-0.065014,-0.050414,-0.049189,-0.059261,0.000000,0.120000,0.000000,0.629337,-0.017778,-0.032635,0.000000,-0.019504,-0.029684,-0.000000,0.014162,0
1790548002.7808,-0.051656,-0.067585,-0.048856,-0.050907,-0.051656,0.000000,0.120000,0.000000,0.659804,-0.015497,-0.033359,0.000000,-0.020276,-0.030632,-0.000000,0.014015,0
1790548002.7947,-0.045533,-0.065696,-0.047650,-0.051251,-0.045533,0.000000,0.120000,0.000000,0.689936,-0.013660,-0.033990,0.000000,-0.019709,-0.031542,0.000000,0.013860,0
1790548002.8086,-0.039904,-0.061466,-0.046517,-0.050838,-0.039904,0.000000,0.120000,0.000000,0.720199,-0.011971,-0.034546,0.000000,-0.018440,-0.032398,0.000000,0.013921,0
1790548002.8225,-0.031580,-0.053506,-0.044459,-0.049194,-0.031580,0.000000,0.120000,0.000000,0.750450,-0.009474,-0.034985,0.000000,-0.016052,-0.033142,0.000000,0.013915,0
1790548002.8364,-0.019000,-0.041351,-0.040950,-0.046124,-0.019000,0.000000,0.120000,0.000000,0.780721,-0.005700,-0.035250,0.000000,-0.012405,-0.033718,0.000000,0.013925,0
1790548002.8503,-0.006367,-0.026047,-0.037249,-0.041895,-0.006367,0.000000,0.120000,0.000000,0.810945,-0.001910,-0.035338,0.000000,-0.007814,-0.034080,0.000000,0.013903,0
1790548002.8641,0.003731,-0.008641,-0.034168,-0.036792,0.003731,0.000000,0.120000,0.000000,0.840892,0.001119,-0.035287,0.000000,-0.002592,-0.034199,0.000000,0.013776,0
1790548002.8781,-0.004258,-0.008864,-0.036624,-0.036982,-0.004258,0.000000,0.120000,0.000000,0.871193,-0.001277,-0.035346,-0.000000,-0.002659,-0.034323,-0.000000,0.013938,0
1790548002.8922,-0.001130,-0.014163,-0.035701,-0.038771,-0.001130,0.000000,0.120000,0.000000,0.901742,-0.000339,-0.035362,0.000000,-0.004249,-0.034522,-0.000000,0.014052,0
1790548002.9069,0.012984,-0.018364,-0.031282,-0.040293,0.012984,0.000000,0.120000,0.000000,0.932690,0.003895,-0.035177,0.000000,-0.005509,-0.034783,-0.000000,0.014236,0
1790548002.9210,0.016558,-0.023274,-0.029970,-0.042104,0.016558,0.000000,0.120000,0.000000,0.964280,0.004967,-0.034937,0.000000,-0.006982,-0.035122,-0.000000,0.014532,0
1790548002.9351,0.024436,-0.028490,-0.027261,-0.044071,0.024436,0.000000,0.120000,0.000000,0.994997,0.007331,-0.034592,0.000000,-0.008547,-0.035524,-0.000000,0.014130,0
1790548002.9490,0.036103,-0.037402,-0.023255,-0.047268,0.036103,0.000000,0.120000,0.000000,0.025432,0.010831,-0.034086,0.000000,-0.011220,-0.036048,-0.000000,0.014000,0
1790548002.9626,0.044688,-0.045907,-0.020071,-0.050445,0.044688,0.000000,0.120000,0.000000,0.055039,0.013406,-0.033478,0.000000,-0.013772,-0.036673,-0.000000,0.013619,0
1790548002.9762,0.052893,-0.050868,-0.016893,-0.052622,0.052893,0.000000,0.120000,0.000000,0.084488,0.015868,-0.032761,0.000000,-0.015260,-0.037362,-0.000000,0.013546,0
1790548002.9902,0.060023,-0.060215,-0.013915,-0.056268,0.060023,0.000000,0.120000,0.000000,0.114880,0.018007,-0.031922,0.000000,-0.018064,-0.038204,-0.000000,0.013980,0
1790548003.0042,0.050187,-0.068249,-0.016161,-0.059637,0.050187,0.000000,0.120000,0.000000,0.145419,0.015056,-0.031217,-0.000000,-0.020475,-0.039163,-0.000000,0.014048,0
1790548003.0181,0.038583,-0.062195,-0.019105,-0.058686,0.038583,0.000000,0.120000,0.000000,0.175646,0.011575,-0.030680,-0.000000,-0.018658,-0.040027,0.000000,0.013905,0
1790548003.0321,0.032449,-0.051107,-0.020493,-0.056073,0.032449,0.000000,0.120000,0.000000,0.206008,0.009735,-0.030227,-0.000000,-0.015332,-0.040741,0.000000,0.013967,0
1790548003.0460,0.027414,-0.036949,-0.021619,-0.052343,0.027414,0.000000,0.120000,0.000000,0.236440,0.008224,-0.029843,-0.000000,-0.011085,-0.041258,0.000000,0.013999,0
1790548003.0599,0.016924,-0.019589,-0.024532,-0.047406,0.016924,0.000000,0.120000,0.000000,0.266503,0.005077,-0.029609,-0.000000,-0.005877,-0.041529,0.000000,0.013829,0
1790548003.0738,0.005882,-0.004708,-0.027763,-0.043007,0.005882,0.000000,0.120000,0.000000,0.296745,0.001765,-0.029528,-0.000000,-0.001412,-0.041595,0.000000,0.013911,0
1790548003.0879,-0.004536,0.006216,-0.030952,-0.039643,-0.004536,0.000000,0.120000,0.000000,0.327161,-0.001361,-0.029591,-0.000000,0.001865,-0.041508,0.000000,0.013991,0
1790548003.1018,0.001004,0.004241,-0.029276,-0.040176,0.001004,0.000000,0.120000,0.000000,0.357571,0.000301,-0.029577,0.000000,0.001272,-0.041449,-0.000000,0.013988,0
1790548003.1158,0.003891,0.008368,-0.028355,-0.038822,0.003891,0.000000,0.120000,0.000000,0.387863,0.001167,-0.029523,0.000000,0.002510,-0.041332,0.000000,0.013934,0
1790548003.1297,0.000657,0.006909,-0.029316,-0.039163,0.000657,0.000000,0.120000,0.000000,0.418207,0.000197,-0.029514,-0.000000,0.002073,-0.041236,-0.000000,0.013958,0
1790548003.1435,0.001413,-0.005215,-0.029070,-0.042872,0.001413,0.000000,0.120000,0.000000,0.448335,0.000424,-0.029494,0.000000,-0.001565,-0.041308,-0.000000,0.013859,0
1790548003.1578,-0.008929,-0.012006,-0.032298,-0.045078,-0.008929,0.000000,0.120000,0.000000,0.478835,-0.002679,-0.029619,-0.000000,-0.003602,-0.041476,-0.000000,0.014030,0
1790548003.1720,-0.019796,-0.022347,-0.035841,-0.048500,-0.019796,0.000000,0.120000,0.000000,0.509915,-0.005939,-0.029902,-0.000000,-0.006704,-0.041796,-0.000000,0.014297,0
1790548003.1857,-0.034225,-0.030831,-0.040640,-0.051469,-0.034225,0.000000,0.120000,0.000000,0.539792,-0.010267,-0.030373,-0.000000,-0.009249,-0.042219,-0.000000,0.013743,0
1790548003.1994,-0.042186,-0.037004,-0.043608,-0.053829,-0.042186,0.000000,0.120000,0.000000,0.569664,-0.012656,-0.030952,-0.000000,-0.011101,-0.042728,-0.000000,0.013741,0
1790548003.2133,-0.046451,-0.040897,-0.045536,-0.055568,-0.046451,0.000000,0.120000,0.000000,0.600017,-0.013935,-0.031601,-0.000000,-0.012269,-0.043299,-0.000000,0.013963,0
1790548003.2272,-0.042623,-0.044347,-0.044978,-0.057218,-0.042623,0.000000,0.120000,0.000000,0.630136,-0.012787,-0.032191,0.000000,-0.013304,-0.043913,-0.000000,0.013855,0
1790548003.2411,-0.035760,-0.044010,-0.043418,-0.057730,-0.035760,0.000000,0.120000,0.000000,0.660463,-0.010728,-0.032690,0.000000,-0.013203,-0.044527,0.000000,0.013950,0
1790548003.2549,-0.030592,-0.041142,-0.042292,-0.057440,-0.030592,0.000000,0.120000,0.000000,0.690568,-0.009178,-0.033114,0.000000,-0.012343,-0.045097,0.000000,0.013849,0
1790548003.2690,-0.025281,-0.036348,-0.041050,-0.056507,-0.025281,0.000000,0.120000,0.000000,0.720822,-0.007584,-0.033466,0.000000,-0.010904,-0.045603,0.000000,0.013916,0
1790548003.2829,-0.018274,-0.028232,-0.039202,-0.054466,-0.018274,0.000000,0.120000,0.000000,0.751085,-0.005482,-0.033720,0.000000,-0.008470,-0.045996,0.000000,0.013921,0
1790548003.2969,-0.007628,-0.016657,-0.036115,-0.051225,-0.007628,0.000000,0.120000,0.000000,0.781426,-0.002288,-0.033827,0.000000,-0.004997,-0.046228,0.000000,0.013957,0
1790548003.3110,0.002092,-0.002968,-0.033170,-0.047161,0.002092,0.000000,0.120000,0.000000,0.812095,0.000627,-0.033797,0.000000,-0.000890,-0.046270,0.000000,0.014108,0
1790548003.3250,0.003360,0.005062,-0.032742,-0.044681,0.003360,0.000000,0.120000,0.000000,0.842622,0.001008,-0.033750,0.000000,0.001518,-0.046199,0.000000,0.014042,0
1790548003.3389,0.002047,0.005890,-0.033107,-0.044350,0.002047,0.000000,0.120000,0.000000,0.872953,0.000614,-0.033721,-0.000000,0.001767,-0.046117,0.000000,0.013952,0
1790548003.3529,0.013676,0.002038,-0.029427,-0.045477,0.013676,0.000000,0.120000,0.000000,0.903434,0.004103,-0.033530,0.000000,0.000612,-0.046088,-0.000000,0.014021,0
1790548003.3670,0.013882,-0.004617,-0.029170,-0.047538,0.013882,0.000000,0.120000,0.000000,0.933905,0.004165,-0.033335,0.000000,-0.001385,-0.046153,-0.000000,0.014017,0
1790548003.3810,0.015305,-0.012348,-0.028528,-0.050031,0.015305,0.000000,0.120000,0.000000,0.964518,0.004592,-0.033120,0.000000,-0.003704,-0.046327,-0.000000,0.014082,0
1790548003.3950,0.023406,-0.016141,-0.025770,-0.051395,0.023406,0.000000,0.120000,0.000000,0.994925,0.007022,-0.032792,0.000000,-0.004842,-0.046553,-0.000000,0.013987,0
1790548003.4092,0.027762,-0.024339,-0.024076,-0.054194,0.027762,0.000000,0.120000,0.000000,0.025244,0.008328,-0.032405,0.000000,-0.007302,-0.046892,-0.000000,0.013947,0
1790548003.4231,0.034575,-0.028505,-0.021545,-0.055846,0.034575,0.000000,0.120000,0.000000,0.055897,0.010372,-0.031917,0.000000,-0.008551,-0.047294,-0.000000,0.014100,0
1790548003.4367,0.037909,-0.033566,-0.020028,-0.057822,0.037909,0.000000,0.120000,0.000000,0.085547,0.011373,-0.031400,0.000000,-0.010070,-0.047752,-0.000000,0.013639,0
1790548003.4507,0.041554,-0.042756,-0.018352,-0.061178,0.041554,0.000000,0.120000,0.000000,0.116010,0.012466,-0.030818,0.000000,-0.012827,-0.048351,-0.000000,0.014013,0
1790548003.4645,0.048101,-0.050217,-0.015723,-0.064110,0.048101,0.000000,0.120000,0.000000,0.146072,0.014430,-0.030153,0.000000,-0.015065,-0.049046,-0.000000,0.013828,0
1790548003.4785,0.035212,-0.044441,-0.019097,-0.063000,0.035212,0.000000,0.120000,0.000000,0.176495,0.010564,-0.029660,-0.000000,-0.013332,-0.049667,0.000000,0.013995,0
1790548003.4925,0.033257,-0.032224,-0.019217,-0.059787,0.033257,0.000000,0.120000,0.000000,0.206980,0.009977,-0.029194,-0.000000,-0.009667,-0.050119,0.000000,0.014023,0
1790548003.5064,0.030547,-0.020358,-0.019607,-0.056509,0.030547,0.000000,0.120000,0.000000,0.237082,0.009164,-0.028771,-0.000000,-0.006107,-0.050401,0.000000,0.013847,0
1790548003.5203,0.021002,-0.009285,-0.022177,-0.053316,0.021002,0.000000,0.120000,0.000000,0.267405,0.006301,-0.028478,-0.000000,-0.002785,-0.050531,0.000000,0.013949,0
1790548003.5342,0.008012,0.008045,-0.025963,-0.048005,0.008012,0.000000,0.120000,0.000000,0.297639,0.002404,-0.028366,-0.000000,0.002414,-0.050419,0.000000,0.013908,0
1790548003.5481,0.004545,0.010912,-0.026940,-0.046993,0.004545,0.000000,0.120000,0.000000,0.327892,0.001363,-0.028303,-0.000000,0.003274,-0.050267,0.000000,0.013916,0
1790548003.5621,0.008085,0.007902,-0.025765,-0.047786,0.008085,0.000000,0.120000,0.000000,0.358296,0.002426,-0.028190,0.000000,0.002371,-0.050157,-0.000000,0.013986,0
1790548003.5761,0.000414,0.010101,-0.028060,-0.046986,0.000414,0.000000,0.120000,0.000000,0.388509,0.000124,-0.028184,-0.000000,0.003030,-0.050016,0.000000,0.013898,0
1790548003.5901,-0.001308,0.008411,-0.028595,-0.047375,-0.001308,0.000000,0.120000,0.000000,0.418967,-0.000392,-0.028203,-0.000000,0.002523,-0.049898,-0.000000,0.014010,0
1790548003.6041,-0.001205,0.002020,-0.028581,-0.049264,-0.001205,0.000000,0.120000,0.000000,0.449426,-0.000362,-0.028220,0.000000,0.000606,-0.049870,-0.000000,0.014011,0
1790548003.6180,-0.012068,-0.004293,-0.032008,-0.051218,-0.012068,0.000000,0.120000,0.000000,0.479711,-0.003620,-0.028388,-0.000000,-0.001288,-0.049930,-0.000000,0.013932,0
1790548003.6319,-0.026447,-0.014042,-0.036688,-0.054337,-0.026447,0.000000,0.120000,0.000000,0.509837,-0.007934,-0.028754,-0.000000,-0.004212,-0.050124,-0.000000,0.013858,0
1790548003.6454,-0.036094,-0.023398,-0.040073,-0.057462,-0.036094,0.000000,0.120000,0.000000,0.539395,-0.010828,-0.029245,-0.000000,-0.007019,-0.050443,-0.000000,0.013597,0
1790548003.6595,-0.047018,-0.030627,-0.043999,-0.060053,-0.047018,0.000000,0.120000,0.000000,0.569374,-0.014105,-0.029893,-0.000000,-0.009188,-0.050865,-0.000000,0.013791,0
1790548003.6739,-0.051779,-0.035065,-0.046180,-0.061894,-0.051779,0.000000,0.120000,0.000000,0.600983,-0.015534,-0.030646,-0.000000,-0.010520,-0.051375,-0.000000,0.014540,0
1790548003.6879,-0.047150,-0.038180,-0.045455,-0.063367,-0.047150,0.000000,0.120000,0.000000,0.631599,-0.014145,-0.031310,0.000000,-0.011454,-0.051912,-0.000000,0.014083,0
1790548003.7019,-0.039711,-0.036196,-0.043780,-0.063279,-0.039711,0.000000,0.120000,0.000000,0.662081,-0.011913,-0.031867,0.000000,-0.010859,-0.052420,0.000000,0.014022,0
1790548003.7159,-0.033464,-0.031580,-0.042375,-0.062336,-0.033464,0.000000,0.120000,0.000000,0.692535,-0.010039,-0.032336,0.000000,-0.009474,-0.052862,0.000000,0.014009,0
1790548003.7297,-0.028122,-0.025315,-0.041161,-0.060807,-0.028122,0.000000,0.120000,0.000000,0.722572,-0.008437,-0.032724,0.000000,-0.007594,-0.053212,0.000000,0.013817,0
1790548003.7436,-0.019897,-0.016508,-0.038970,-0.058394,-0.019897,0.000000,0.120000,0.000000,0.752745,-0.005969,-0.033001,0.000000,-0.004952,-0.053441,0.000000,0.013879,0
1790548003.7575,-0.010919,-0.003537,-0.036428,-0.054552,-0.010919,0.000000,0.120000,0.000000,0.783052,-0.003276,-0.033153,0.000000,-0.001061,-0.053491,0.000000,0.013942,0
1790548003.7715,-0.004072,0.011938,-0.034431,-0.049743,-0.004072,0.000000,0.120000,0.000000,0.813373,-0.001222,-0.033210,0.000000,0.003581,-0.053324,0.000000,0.013947,0
1790548003.7854,-0.004725,0.015722,-0.034693,-0.048389,-0.004725,0.000000,0.120000,0.000000,0.843562,-0.001418,-0.033275,-0.000000,0.004717,-0.053106,0.000000,0.013887,0
1790548003.7993,-0.001932,0.014451,-0.033882,-0.048569,-0.001932,0.000000,0.120000,0.000000,0.873868,-0.000579,-0.033302,0.000000,0.004335,-0.052904,-0.000000,0.013941,0
1790548003.8134,0.002419,0.010655,-0.032543,-0.049559,0.002419,0.000000,0.120000,0.000000,0.904194,0.000726,-0.033268,0.000000,0.003196,-0.052756,-0.000000,0.013950,0
1790548003.8276,0.000726,0.006402,-0.033040,-0.050744,0.000726,0.000000,0.120000,0.000000,0.935250,0.000218,-0.033258,-0.000000,0.001920,-0.052664,-0.000000,0.014286,0
1790548003.8415,0.011076,-0.002067,-0.029781,-0.053313,0.011076,0.000000,0.120000,0.000000,0.965539,0.003323,-0.033104,0.000000,-0.000620,-0.052693,-0.000000,0.013933,0
1790548003.8555,0.021413,-0.008370,-0.026380,-0.055321,0.021413,0.000000,0.120000,0.000000,0.995954,0.006424,-0.032804,0.000000,-0.002511,-0.052810,-0.000000,0.013991,0
1790548003.8694,0.029455,-0.015289,-0.023557,-0.057610,0.029455,0.000000,0.120000,0.000000,0.026275,0.008836,-0.032393,0.000000,-0.004587,-0.053023,-0.000000,0.013948,0
1790548003.8831,0.033132,-0.019514,-0.022002,-0.059144,0.033132,0.000000,0.120000,0.000000,0.055902,0.009940,-0.031942,0.000000,-0.005854,-0.053289,-0.000000,0.013628,0
1790548003.8968,0.038084,-0.026483,-0.019994,-0.061598,0.038084,0.000000,0.120000,0.000000,0.085758,0.011425,-0.031419,0.000000,-0.007945,-0.053653,-0.000000,0.013734,0
1790548003.9111,0.045095,-0.035107,-0.017261,-0.064675,0.045095,0.000000,0.120000,0.000000,0.116101,0.013528,-0.030789,0.000000,-0.010532,-0.054143,-0.000000,0.013958,0
1790548003.9254,0.036825,-0.039996,-0.019203,-0.066726,0.036825,0.000000,0.120000,0.000000,0.147876,0.011048,-0.030251,-0.000000,-0.011999,-0.054728,-0.000000,0.014616,0
1790548003.9395,0.023334,-0.034241,-0.022922,-0.065483,0.023334,0.000000,0.120000,0.000000,0.178541,0.007000,-0.029922,-0.000000,-0.010272,-0.055211,0.000000,0.014106,0
1790548003.9534,0.017564,-0.022577,-0.024408,-0.062298,0.017564,0.000000,0.120000,0.000000,0.208828,0.005269,-0.029677,-0.000000,-0.006773,-0.055525,0.000000,0.013932,0
1790548003.9674,0.009864,-0.011394,-0.026580,-0.059103,0.009864,0.000000,0.120000,0.000000,0.239261,0.002959,-0.029539,-0.000000,-0.003418,-0.055685,0.000000,0.013999,0
1790548003.9813,-0.002706,0.001600,-0.030389,-0.055182,-0.002706,0.000000,0.120000,0.000000,0.269408,-0.000812,-0.029577,-0.000000,0.000480,-0.055662,0.000000,0.013867,0
1790548003.9955,-0.012806,0.012023,-0.033599,-0.051886,-0.012806,0.000000,0.120000,0.000000,0.300146,-0.003842,-0.029758,-0.000000,0.003607,-0.055492,0.000000,0.014140,0
1790548004.0094,-0.008620,0.007874,-0.032464,-0.053020,-0.008620,0.000000,0.120000,0.000000,0.330469,-0.002586,-0.029878,0.000000,0.002362,-0.055383,-0.000000,0.013949,0
1790548004.0234,-0.008291,0.007065,-0.032482,-0.053164,-0.008291,0.000000,0.120000,0.000000,0.360970,-0.002487,-0.029994,0.000000,0.002119,-0.055284,-0.000000,0.014030,0
1790548004.0372,-0.017280,0.006641,-0.035419,-0.053199,-0.017280,0.000000,0.120000,0.000000,0.391203,-0.005184,-0.030235,-0.000000,0.001992,-0.055191,-0.000000,0.013907,0
1790548004.0511,-0.022511,0.001813,-0.037300,-0.054622,-0.022511,0.000000,0.120000,0.000000,0.421353,-0.006753,-0.030547,-0.000000,0.000544,-0.055166,-0.000000,0.013869,0
1790548004.0650,-0.029569,-0.009544,-0.039826,-0.058161,-0.029569,0.000000,0.120000,0.000000,0.451405,-0.008871,-0.030956,-0.000000,-0.002863,-0.055298,-0.000000,0.013824,0
1790548004.0788,-0.040726,-0.018744,-0.043739,-0.061182,-0.040726,0.000000,0.120000,0.000000,0.481613,-0.012218,-0.031521,-0.000000,-0.005623,-0.055558,-0.000000,0.013896,0
1790548004.0931,-0.052078,-0.027265,-0.047878,-0.064122,-0.052078,0.000000,0.120000,0.000000,0.512224,-0.015623,-0.032255,-0.000000,-0.008179,-0.055942,-0.000000,0.014081,0
1790548004.1068,-0.064273,-0.036020,-0.052422,-0.067244,-0.064273,0.000000,0.120000,0.000000,0.542156,-0.019282,-0.033140,-0.000000,-0.010806,-0.056438,-0.000000,0.013769,0
1790548004.1204,-0.072066,-0.042176,-0.055746,-0.069668,-0.072066,0.000000,0.120000,0.000000,0.571915,-0.021620,-0.034126,-0.000000,-0.012653,-0.057016,-0.000000,0.013689,0
1790548004.1344,-0.074011,-0.045762,-0.057364,-0.071384,-0.074011,0.000000,0.120000,0.000000,0.602298,-0.022203,-0.035161,-0.000000,-0.013729,-0.057655,-0.000000,0.013976,0
1790548004.1483,-0.070770,-0.044614,-0.057380,-0.071662,-0.070770,0.000000,0.120000,0.000000,0.632645,-0.021231,-0.036149,0.000000,-0.013384,-0.058278,0.000000,0.013960,0
1790548004.1626,-0.062889,-0.042815,-0.055894,-0.071721,-0.062889,0.000000,0.120000,0.000000,0.663036,-0.018867,-0.037028,0.000000,-0.012844,-0.058877,0.000000,0.013980,0
1790548004.1771,-0.056462,-0.038456,-0.054794,-0.070977,-0.056462,0.000000,0.120000,0.000000,0.694902,-0.016939,-0.037855,0.000000,-0.011537,-0.059440,0.000000,0.014658,0
1790548004.1910,-0.049824,-0.030561,-0.053499,-0.069036,-0.049824,0.000000,0.120000,0.000000,0.725280,-0.014947,-0.038552,0.000000,-0.009168,-0.059867,0.000000,0.013974,0
1790548004.2050,-0.037781,-0.020360,-0.050417,-0.066262,-0.037781,0.000000,0.120000,0.000000,0.755833,-0.011334,-0.039083,0.000000,-0.006108,-0.060153,0.000000,0.014055,0
1790548004.2189,-0.022316,-0.007379,-0.046087,-0.062469,-0.022316,0.000000,0.120000,0.000000,0.785996,-0.006695,-0.039392,0.000000,-0.002214,-0.060256,0.000000,0.013875,0
1790548004.2329,-0.009599,0.008278,-0.042406,-0.057657,-0.009599,0.000000,0.120000,0.000000,0.816355,-0.002880,-0.039526,0.000000,0.002483,-0.060140,0.000000,0.013965,0
1790548004.2468,-0.009480,0.018391,-0.042503,-0.054366,-0.009480,0.000000,0.120000,0.000000,0.846689,-0.002844,-0.039659,0.000000,0.005517,-0.059884,0.000000,0.013953,0
1790548004.2608,-0.011506,0.020296,-0.043270,-0.053512,-0.011506,0.000000,0.120000,0.000000,0.876964,-0.003452,-0.039819,-0.000000,0.006089,-0.059601,0.000000,0.013927,0
1790548004.2747,0.000375,0.022244,-0.039701,-0.052617,0.000375,0.000000,0.120000,0.000000,0.907346,0.000113,-0.039814,0.000000,0.006673,-0.059290,0.000000,0.013976,0
1790548004.2886,0.005797,0.023850,-0.037994,-0.051806,0.005797,0.000000,0.120000,0.000000,0.937369,0.001739,-0.039734,0.000000,0.007155,-0.058961,0.000000,0.013811,0
1790548004.3025,0.005890,0.018768,-0.037884,-0.053067,0.005890,0.000000,0.120000,0.000000,0.967820,0.001767,-0.039651,0.000000,0.005630,-0.058698,-0.000000,0.014007,0
1790548004.3165,0.015946,0.008608,-0.034645,-0.055995,0.015946,0.000000,0.120000,0.000000,0.998159,0.004784,-0.039428,0.000000,0.002582,-0.058578,-0.000000,0.013956,0
1790548004.3316,0.024340,-0.002522,-0.031768,-0.059371,0.024340,0.000000,0.120000,0.000000,0.030154,0.007302,-0.039070,0.000000,-0.000757,-0.058615,-0.000000,0.014718,0
1790548004.3458,0.030533,-0.009784,-0.029475,-0.061690,0.030533,0.000000,0.120000,0.000000,0.061165,0.009160,-0.038635,0.000000,-0.002935,-0.058754,-0.000000,0.014265,0
1790548004.3599,0.036203,-0.017212,-0.027260,-0.064162,0.036203,0.000000,0.120000,0.000000,0.091998,0.010861,-0.038121,0.000000,-0.005164,-0.058999,-0.000000,0.014183,0
1790548004.3747,0.045565,-0.026827,-0.023781,-0.067441,0.045565,0.000000,0.120000,0.000000,0.123996,0.013670,-0.037451,0.000000,-0.008048,-0.059393,-0.000000,0.014719,0
1790548004.3898,0.047239,-0.038252,-0.022577,-0.071438,0.047239,0.000000,0.120000,0.000000,0.156303,0.014172,-0.036748,0.000000,-0.011476,-0.059962,-0.000000,0.014861,0
1790548004.4037,0.029053,-0.036106,-0.027615,-0.071313,0.029053,0.000000,0.120000,0.000000,0.187587,0.008716,-0.036330,-0.000000,-0.010832,-0.060481,0.000000,0.014391,0
1790548004.4177,0.026883,-0.024799,-0.027890,-0.068267,0.026883,0.000000,0.120000,0.000000,0.217938,0.008065,-0.035955,-0.000000,-0.007440,-0.060828,0.000000,0.013962,0
1790548004.4318,0.020625,-0.012296,-0.029476,-0.064690,0.020625,0.000000,0.120000,0.000000,0.248687,0.006187,-0.035663,-0.000000,-0.003689,-0.061002,0.000000,0.014144,0
1790548004.4459,0.008429,-0.000318,-0.033016,-0.061101,0.008429,0.000000,0.120000,0.000000,0.279395,0.002529,-0.035544,-0.000000,-0.000095,-0.061006,0.000000,0.014126,0
1790548004.4597,0.002476,0.010769,-0.034767,-0.057626,0.002476,0.000000,0.120000,0.000000,0.309521,0.000743,-0.035510,-0.000000,0.003231,-0.060857,0.000000,0.013858,0
1790548004.4737,0.000484,0.010826,-0.035358,-0.057458,0.000484,0.000000,0.120000,0.000000,0.339912,0.000145,-0.035503,-0.000000,0.003248,-0.060706,0.000000,0.013980,0
1790548004.4877,0.004679,0.006177,-0.034034,-0.058766,0.004679,0.000000,0.120000,0.000000,0.370237,0.001404,-0.035438,0.000000,0.001853,-0.060619,-0.000000,0.013949,0
1790548004.5015,0.002806,0.004972,-0.034557,-0.059059,0.002806,0.000000,0.120000,0.000000,0.400456,0.000842,-0.035399,-0.000000,0.001491,-0.060550,-0.000000,0.013901,0
1790548004.5155,-0.000345,0.003066,-0.035507,-0.059588,-0.000345,0.000000,0.120000,0.000000,0.430813,-0.000104,-0.035404,-0.000000,0.000920,-0.060507,-0.000000,0.013964,0
1790548004.5294,-0.003166,-0.003825,-0.036398,-0.061708,-0.003166,0.000000,0.120000,0.000000,0.461124,-0.000950,-0.035448,-0.000000,-0.001148,-0.060561,-0.000000,0.013943,0
1790548004.5434,-0.016003,-0.011298,-0.040471,-0.064107,-0.016003,0.000000,0.120000,0.000000,0.491287,-0.004801,-0.035670,-0.000000,-0.003390,-0.060718,-0.000000,0.013875,0
1790548004.5573,-0.029711,-0.021083,-0.045000,-0.067338,-0.029711,0.000000,0.120000,0.000000,0.521755,-0.008913,-0.036086,-0.000000,-0.006325,-0.061013,-0.000000,0.014015,0
1790548004.5710,-0.044344,-0.032799,-0.049992,-0.071298,-0.044344,0.000000,0.120000,0.000000,0.551287,-0.013303,-0.036689,-0.000000,-0.009840,-0.061459,-0.000000,0.013585,0
1790548004.5846,-0.057826,-0.039530,-0.054828,-0.073859,-0.057826,0.000000,0.120000,0.000000,0.581056,-0.017348,-0.037481,-0.000000,-0.011859,-0.062000,-0.000000,0.013694,0
1790548004.5986,-0.057721,-0.043830,-0.055603,-0.075761,-0.057721,0.000000,0.120000,0.000000,0.611426,-0.017316,-0.038287,0.000000,-0.013149,-0.062612,-0.000000,0.013970,0
1790548004.6125,-0.051588,-0.043254,-0.054484,-0.076193,-0.051588,0.000000,0.120000,0.000000,0.641782,-0.015476,-0.039007,0.000000,-0.012976,-0.063216,0.000000,0.013964,0
1790548004.6264,-0.044337,-0.039507,-0.052925,-0.075617,-0.044337,0.000000,0.120000,0.000000,0.671993,-0.013301,-0.039623,0.000000,-0.011852,-0.063765,0.000000,0.013897,0
1790548004.6403,-0.038175,-0.035926,-0.051604,-0.075040,-0.038175,0.000000,0.120000,0.000000,0.702088,-0.011452,-0.040152,0.000000,-0.010778,-0.064263,0.000000,0.013844,0
1790548004.6542,-0.031384,-0.027130,-0.050004,-0.072779,-0.031384,0.000000,0.120000,0.000000,0.732352,-0.009415,-0.040589,0.000000,-0.008139,-0.064640,0.000000,0.013921,0
1790548004.6688,-0.019049,-0.015662,-0.046575,-0.069562,-0.019049,0.000000,0.120000,0.000000,0.763285,-0.005715,-0.040860,0.000000,-0.004698,-0.064863,0.000000,0.014229,0
1790548004.6833,-0.009122,-0.001047,-0.043730,-0.065193,-0.009122,0.000000,0.120000,0.000000,0.795178,-0.002736,-0.040994,0.000000,-0.000314,-0.064878,0.000000,0.014671,0
1790548004.6974,0.000638,0.015912,-0.040793,-0.059878,0.000638,0.000000,0.120000,0.000000,0.826097,0.000192,-0.040985,0.000000,0.004774,-0.064652,0.000000,0.014223,0
1790548004.7113,0.003461,0.022541,-0.039898,-0.057574,0.003461,0.000000,0.120000,0.000000,0.856539,0.001038,-0.040936,0.000000,0.006762,-0.064337,0.000000,0.014004,0
1790548004.7253,0.011220,0.017567,-0.037413,-0.058821,0.011220,0.000000,0.120000,0.000000,0.886902,0.003366,-0.040779,0.000000,0.005270,-0.064091,-0.000000,0.013967,0
1790548004.7393,0.020442,0.013274,-0.034361,-0.059923,0.020442,0.000000,0.120000,0.000000,0.917306,0.006132,-0.040494,0.000000,0.003982,-0.063906,-0.000000,0.013986,0
1790548004.7532,0.025222,0.010392,-0.032576,-0.060643,0.025222,0.000000,0.120000,0.000000,0.947546,0.007567,-0.040143,0.000000,0.003118,-0.063761,-0.000000,0.013910,0
1790548004.7672,0.034493,0.001238,-0.029315,-0.063372,0.034493,0.000000,0.120000,0.000000,0.977820,0.010348,-0.039662,0.000000,0.000372,-0.063744,-0.000000,0.013926,0
1790548004.7813,0.050651,-0.012694,-0.023751,-0.067732,0.050651,0.000000,0.120000,0.000000,0.008551,0.015195,-0.038946,0.000000,-0.003808,-0.063923,-0.000000,0.014136,0
1790548004.7952,0.059915,-0.019913,-0.020142,-0.070173,0.059915,0.000000,0.120000,0.000000,0.038658,0.017974,-0.038117,0.000000,-0.005974,-0.064199,-0.000000,0.013849,0
1790548004.8089,0.062428,-0.024709,-0.018530,-0.071951,0.062428,0.000000,0.120000,0.000000,0.068556,0.018728,-0.037258,0.000000,-0.007413,-0.064539,-0.000000,0.013753,0
1790548004.8229,0.066331,-0.031552,-0.016433,-0.074445,0.066331,0.000000,0.120000,0.000000,0.098895,0.019899,-0.036332,0.000000,-0.009466,-0.064979,-0.000000,0.013956,0
1790548004.8368,0.072900,-0.039876,-0.013442,-0.077500,0.072900,0.000000,0.120000,0.000000,0.129329,0.021870,-0.035312,0.000000,-0.011963,-0.065537,-0.000000,0.013999,0
1790548004.8507,0.062475,-0.043934,-0.015699,-0.079329,0.062475,0.000000,0.120000,0.000000,0.159594,0.018742,-0.034442,-0.000000,-0.013180,-0.066149,-0.000000,0.013922,0
1790548004.8647,0.050677,-0.036437,-0.018534,-0.077587,0.050677,0.000000,0.120000,0.000000,0.189832,0.015203,-0.033737,-0.000000,-0.010931,-0.066656,0.000000,0.013909,0
1790548004.8787,0.042201,-0.022723,-0.020486,-0.073791,0.042201,0.000000,0.120000,0.000000,0.220246,0.012660,-0.033147,-0.000000,-0.006817,-0.066974,0.000000,0.013990,0
1790548004.8928,0.036524,-0.008829,-0.021678,-0.069746,0.036524,0.000000,0.120000,0.000000,0.250711,0.010957,-0.032635,-0.000000,-0.002649,-0.067097,0.000000,0.014014,0
1790548004.9067,0.020529,0.008452,-0.026189,-0.064444,0.020529,0.000000,0.120000,0.000000,0.281090,0.006159,-0.032348,-0.000000,0.002536,-0.066979,0.000000,0.013974,0
1790548004.9210,0.005973,0.021798,-0.030472,-0.060134,0.005973,0.000000,0.120000,0.000000,0.311584,0.001792,-0.032264,-0.000000,0.006540,-0.066674,0.000000,0.014027,0
1790548004.9352,0.009382,0.022960,-0.029314,-0.059453,0.009382,0.000000,0.120000,0.000000,0.343014,0.002815,-0.032129,0.000000,0.006888,-0.066342,0.000000,0.014458,0
1790548004.9492,0.006469,0.020999,-0.030096,-0.059746,0.006469,0.000000,0.120000,0.000000,0.373706,0.001941,-0.032037,-0.000000,0.006300,-0.066045,-0.000000,0.014118,0
1790548004.9630,0.002528,0.018137,-0.031244,-0.060353,0.002528,0.000000,0.120000,0.000000,0.403786,0.000758,-0.032002,-0.000000,0.005441,-0.065794,-0.000000,0.013837,0
1790548004.9770,-0.001072,0.015212,-0.032339,-0.061020,-0.001072,0.000000,0.120000,0.000000,0.433962,-0.000322,-0.032017,-0.000000,0.004563,-0.065583,-0.000000,0.013881,0
1790548004.9912,-0.010231,0.007826,-0.035231,-0.063124,-0.010231,0.000000,0.120000,0.000000,0.464790,-0.003069,-0.032162,-0.000000,0.002348,-0.065472,-0.000000,0.014181,0
1790548005.0052,-0.026547,-0.000318,-0.040497,-0.065572,-0.026547,0.000000,0.120000,0.000000,0.495157,-0.007964,-0.032533,-0.000000,-0.000095,-0.065476,-0.000000,0.013969,0
1790548005.0192,-0.040763,-0.012490,-0.045335,-0.069399,-0.040763,0.000000,0.120000,0.000000,0.525717,-0.012229,-0.033106,-0.000000,-0.003747,-0.065652,-0.000000,0.014058,0
1790548005.0327,-0.053212,-0.021716,-0.049789,-0.072460,-0.053212,0.000000,0.120000,0.000000,0.555089,-0.015964,-0.033825,-0.000000,-0.006515,-0.065945,-0.000000,0.013511,0
1790548005.0463,-0.059468,-0.027040,-0.052478,-0.074427,-0.059468,0.000000,0.120000,0.000000,0.584788,-0.017840,-0.034637,-0.000000,-0.008112,-0.066315,-0.000000,0.013662,0
1790548005.0603,-0.056359,-0.028774,-0.052332,-0.075349,-0.056359,0.000000,0.120000,0.000000,0.615143,-0.016908,-0.035424,0.000000,-0.008632,-0.066717,-0.000000,0.013963,0
1790548005.0741,-0.048313,-0.025715,-0.050584,-0.074786,-0.048313,0.000000,0.120000,0.000000,0.645111,-0.014494,-0.036090,0.000000,-0.007715,-0.067071,0.000000,0.013785,0
1790548005.0882,-0.043943,-0.019424,-0.049890,-0.073171,-0.043943,0.000000,0.120000,0.000000,0.675619,-0.013183,-0.036707,0.000000,-0.005827,-0.067344,0.000000,0.014034,0
1790548005.1024,-0.037227,-0.012416,-0.048407,-0.071246,-0.037227,0.000000,0.120000,0.000000,0.706656,-0.011168,-0.037239,0.000000,-0.003725,-0.067521,0.000000,0.014277,0
1790548005.1163,-0.029993,-0.004109,-0.046653,-0.068811,-0.029993,0.000000,0.120000,0.000000,0.736843,-0.008998,-0.037655,0.000000,-0.001233,-0.067578,0.000000,0.013886,0
1790548005.1304,-0.022514,0.006703,-0.044727,-0.065473,-0.022514,0.000000,0.120000,0.000000,0.767483,-0.006754,-0.037972,0.000000,0.002011,-0.067484,0.000000,0.014095,0
1790548005.1444,-0.016377,0.018128,-0.043115,-0.061791,-0.016377,0.000000,0.120000,0.000000,0.797967,-0.004913,-0.038202,0.000000,0.005438,-0.067229,0.000000,0.014022,0
1790548005.1582,-0.012286,0.022495,-0.042057,-0.060170,-0.012286,0.000000,0.120000,0.000000,0.827961,-0.003686,-0.038372,0.000000,0.006749,-0.066919,0.000000,0.013797,0
1790548005.1728,-0.004814,0.019382,-0.039883,-0.060832,-0.004814,0.000000,0.120000,0.000000,0.858506,-0.001444,-0.038439,0.000000,0.005815,-0.066647,-0.000000,0.014051,0
1790548005.1877,0.008322,0.010074,-0.035815,-0.063471,0.008322,0.000000,0.120000,0.000000,0.891739,0.002497,-0.038312,0.000000,0.003022,-0.066493,-0.000000,0.015287,0
1790548005.2018,0.009867,0.005166,-0.035212,-0.064870,0.009867,0.000000,0.120000,0.000000,0.922425,0.002960,-0.038173,0.000000,0.001550,-0.066420,-0.000000,0.014115,0
1790548005.2159,0.017763,0.000670,-0.032591,-0.066209,0.017763,0.000000,0.120000,0.000000,0.953387,0.005329,-0.037920,0.000000,0.000201,-0.066410,-0.000000,0.014242,0
1790548005.2299,0.028353,-0.005568,-0.029018,-0.068158,0.028353,0.000000,0.120000,0.000000,0.983722,0.008506,-0.037524,0.000000,-0.001670,-0.066488,-0.000000,0.013954,0
1790548005.2440,0.036985,-0.015287,-0.025907,-0.071289,0.036985,0.000000,0.120000,0.000000,0.014357,0.011096,-0.037003,0.000000,-0.004586,-0.066703,-0.000000,0.014092,0
1790548005.2577,0.043320,-0.020024,-0.023413,-0.072985,0.043320,0.000000,0.120000,0.000000,0.044165,0.012996,-0.036409,0.000000,-0.006007,-0.066978,-0.000000,0.013712,0
1790548005.2714,0.051368,-0.028525,-0.020294,-0.075927,0.051368,0.000000,0.120000,0.000000,0.073984,0.015410,-0.035704,0.000000,-0.008557,-0.067369,-0.000000,0.013716,0
1790548005.2856,0.059961,-0.037658,-0.016871,-0.079197,0.059961,0.000000,0.120000,0.000000,0.104601,0.017988,-0.034860,0.000000,-0.011298,-0.067900,-0.000000,0.014084,0
1790548005.2997,0.051401,-0.043977,-0.018705,-0.081720,0.051401,0.000000,0.120000,0.000000,0.135644,0.015420,-0.034126,-0.000000,-0.013193,-0.068528,-0.000000,0.014280,0
1790548005.3138,0.036021,-0.039029,-0.022816,-0.080782,0.036021,0.000000,0.120000,0.000000,0.166045,0.010806,-0.033622,-0.000000,-0.011709,-0.069073,0.000000,0.013984,0
1790548005.3279,0.033950,-0.028357,-0.022958,-0.077981,0.033950,0.000000,0.120000,0.000000,0.196712,0.010185,-0.033143,-0.000000,-0.008507,-0.069473,0.000000,0.014107,0
1790548005.3421,0.026705,-0.014992,-0.024751,-0.074185,0.026705,0.000000,0.120000,0.000000,0.227727,0.008011,-0.032762,-0.000000,-0.004498,-0.069687,0.000000,0.014267,0
1790548005.3561,0.020835,-0.002843,-0.026219,-0.070580,0.020835,0.000000,0.120000,0.000000,0.258200,0.006251,-0.032470,-0.000000,-0.000853,-0.069727,0.000000,0.014018,0
1790548005.3702,0.013610,0.010944,-0.028197,-0.066291,0.013610,0.000000,0.120000,0.000000,0.288560,0.004083,-0.032280,-0.000000,0.003283,-0.069574,0.000000,0.013966,0
1790548005.3844,0.010763,0.016520,-0.028897,-0.064382,0.010763,0.000000,0.120000,0.000000,0.319668,0.003229,-0.032126,-0.000000,0.004956,-0.069338,0.000000,0.014310,0
1790548005.3986,0.015930,0.013889,-0.027121,-0.064974,0.015930,0.000000,0.120000,0.000000,0.350481,0.004779,-0.031900,0.000000,0.004167,-0.069141,-0.000000,0.014174,0
1790548005.4125,0.016109,0.015721,-0.026843,-0.064205,0.016109,0.000000,0.120000,0.000000,0.380815,0.004833,-0.031675,0.000000,0.004716,-0.068922,0.000000,0.013953,0
1790548005.4269,0.015197,0.008951,-0.026903,-0.066110,0.015197,0.000000,0.120000,0.000000,0.411390,0.004559,-0.031462,-0.000000,0.002685,-0.068796,-0.000000,0.014065,0
1790548005.4411,0.007325,-0.002911,-0.029158,-0.069711,0.007325,0.000000,0.120000,0.000000,0.442942,0.002198,-0.031355,-0.000000,-0.000873,-0.068838,-0.000000,0.014514,0
1790548005.4552,-0.004509,-0.013851,-0.032771,-0.073188,-0.004509,0.000000,0.120000,0.000000,0.473483,-0.001353,-0.031419,-0.000000,-0.004155,-0.069033,-0.000000,0.014049,0
1790548005.4696,-0.019664,-0.022171,-0.037598,-0.076000,-0.019664,0.000000,0.120000,0.000000,0.504457,-0.005899,-0.031699,-0.000000,-0.006651,-0.069348,-0.000000,0.014248,0
1790548005.4834,-0.033927,-0.031598,-0.042353,-0.079271,-0.033927,0.000000,0.120000,0.000000,0.534952,-0.010178,-0.032175,-0.000000,-0.009479,-0.069792,-0.000000,0.014028,0
1790548005.4966,-0.043301,-0.036387,-0.045737,-0.081188,-0.043301,0.000000,0.120000,0.000000,0.563646,-0.012990,-0.032746,-0.000000,-0.010916,-0.070272,-0.000000,0.013199,0
1790548005.5102,-0.046547,-0.038405,-0.047342,-0.082314,-0.046547,0.000000,0.120000,0.000000,0.593128,-0.013964,-0.033378,-0.000000,-0.011522,-0.070793,-0.000000,0.013562,0
1790548005.5240,-0.042887,-0.040301,-0.046838,-0.083441,-0.042887,0.000000,0.120000,0.000000,0.623233,-0.012866,-0.033971,0.000000,-0.012090,-0.071351,-0.000000,0.013848,0
1790548005.5379,-0.036013,-0.038172,-0.045276,-0.083333,-0.036013,0.000000,0.120000,0.000000,0.653419,-0.010804,-0.034472,0.000000,-0.011452,-0.071881,0.000000,0.013886,0
1790548005.5519,-0.030721,-0.035973,-0.044117,-0.083176,-0.030721,0.000000,0.120000,0.000000,0.683814,-0.009216,-0.034901,0.000000,-0.010792,-0.072384,0.000000,0.013982,0
1790548005.5658,-0.023611,-0.028583,-0.042312,-0.081355,-0.023611,0.000000,0.120000,0.000000,0.713959,-0.007083,-0.035228,0.000000,-0.008575,-0.072780,0.000000,0.013867,0
1790548005.5797,-0.018351,-0.018224,-0.040990,-0.078502,-0.018351,0.000000,0.120000,0.000000,0.744288,-0.005505,-0.035485,0.000000,-0.005467,-0.073035,0.000000,0.013951,0
1790548005.5937,-0.008377,-0.006591,-0.038115,-0.075104,-0.008377,0.000000,0.120000,0.000000,0.774698,-0.002513,-0.035602,0.000000,-0.001977,-0.073127,0.000000,0.013989,0
1790548005.6078,0.003323,0.006219,-0.034558,-0.071174,0.003323,0.000000,0.120000,0.000000,0.805164,0.000997,-0.035555,0.000000,0.001866,-0.073040,0.000000,0.014014,0
1790548005.6217,0.010936,0.022348,-0.032122,-0.066024,0.010936,0.000000,0.120000,0.000000,0.835486,0.003281,-0.035403,0.000000,0.006704,-0.072728,0.000000,0.013948,0
1790548005.6357,0.010120,0.030057,-0.032225,-0.063289,0.010120,0.000000,0.120000,0.000000,0.865991,0.003036,-0.035261,-0.000000,0.009017,-0.072306,0.000000,0.014033,0
1790548005.6496,0.008697,0.031724,-0.032530,-0.062347,0.008697,0.000000,0.120000,0.000000,0.896283,0.002609,-0.035139,-0.000000,0.009517,-0.071864,0.000000,0.013934,0
1790548005.6635,0.023324,0.035026,-0.027818,-0.060870,0.023324,0.000000,0.120000,0.000000,0.926475,0.006997,-0.034815,0.000000,0.010508,-0.071378,0.000000,0.013888,0
1790548005.6776,0.023591,0.029571,-0.027411,-0.062096,0.023591,0.000000,0.120000,0.000000,0.956654,0.007077,-0.034488,0.000000,0.008871,-0.070967,-0.000000,0.013882,0
1790548005.6919,0.033875,0.022283,-0.023838,-0.063961,0.033875,0.000000,0.120000,0.000000,0.987941,0.010162,-0.034000,0.000000,0.006685,-0.070646,-0.000000,0.014392,0
1790548005.7060,0.044033,0.013860,-0.020165,-0.066291,0.044033,0.000000,0.120000,0.000000,0.018811,0.013210,-0.033375,0.000000,0.004158,-0.070450,-0.000000,0.014200,0
1790548005.7195,0.050853,0.007432,-0.017431,-0.068119,0.050853,0.000000,0.120000,0.000000,0.048256,0.015256,-0.032686,0.000000,0.002230,-0.070349,-0.000000,0.013545,0
1790548005.7331,0.052436,0.006456,-0.016244,-0.068324,0.052436,0.000000,0.120000,0.000000,0.077775,0.015731,-0.031974,0.000000,0.001937,-0.070261,-0.000000,0.013579,0
1790548005.7470,0.052911,0.000156,-0.015364,-0.070212,0.052911,0.000000,0.120000,0.000000,0.108052,0.015873,-0.031237,0.000000,0.000047,-0.070259,-0.000000,0.013927,0
1790548005.7610,0.060759,-0.005559,-0.012163,-0.072004,0.060759,0.000000,0.120000,0.000000,0.138341,0.018228,-0.030391,0.000000,-0.001668,-0.070336,-0.000000,0.013933,0
1790548005.7751,0.050671,-0.007679,-0.014483,-0.072747,0.050671,0.000000,0.120000,0.000000,0.168645,0.015201,-0.029685,-0.000000,-0.002304,-0.070444,-0.000000,0.013940,0
1790548005.7897,0.040808,0.000451,-0.016843,-0.070302,0.040808,0.000000,0.120000,0.000000,0.200544,0.012242,-0.029086,-0.000000,0.000135,-0.070437,0.000000,0.014674,0
1790548005.8037,0.034244,0.014764,-0.018330,-0.065800,0.034244,0.000000,0.120000,0.000000,0.231155,0.010273,-0.028604,-0.000000,0.004429,-0.070229,0.000000,0.014081,0
1790548005.8178,0.024855,0.023983,-0.020799,-0.062698,0.024855,0.000000,0.120000,0.000000,0.261631,0.007457,-0.028255,-0.000000,0.007195,-0.069893,0.000000,0.014019,0
1790548005.8319,0.015881,0.036870,-0.023265,-0.058308,0.015881,0.000000,0.120000,0.000000,0.292526,0.004764,-0.028029,-0.000000,0.011061,-0.069369,0.000000,0.014212,0
1790548005.8458,0.022356,0.035295,-0.021013,-0.058292,0.022356,0.000000,0.120000,0.000000,0.322597,0.006707,-0.027720,0.000000,0.010589,-0.068881,-0.000000,0.013833,0
1790548005.8600,0.019495,0.030003,-0.021593,-0.059451,0.019495,0.000000,0.120000,0.000000,0.353681,0.005848,-0.027441,-0.000000,0.009001,-0.068452,-0.000000,0.014298,0
1790548005.8741,0.007700,0.023796,-0.025024,-0.060979,0.007700,0.000000,0.120000,0.000000,0.384146,0.002310,-0.027334,-0.000000,0.007139,-0.068118,-0.000000,0.014014,0
1790548005.8884,0.000857,0.018423,-0.027064,-0.062329,0.000857,0.000000,0.120000,0.000000,0.415104,0.000257,-0.027321,-0.000000,0.005527,-0.067856,-0.000000,0.014240,0
1790548005.9024,-0.006779,0.013510,-0.029451,-0.063612,-0.006779,0.000000,0.120000,0.000000,0.445809,-0.002034,-0.027417,-0.000000,0.004053,-0.067665,-0.000000,0.014125,0
1790548005.9166,-0.016869,0.005813,-0.032715,-0.065839,-0.016869,0.000000,0.120000,0.000000,0.476364,-0.005061,-0.027654,-0.000000,0.001744,-0.067583,-0.000000,0.014055,0
1790548005.9310,-0.031575,-0.005118,-0.037575,-0.069191,-0.031575,0.000000,0.120000,0.000000,0.507202,-0.009473,-0.028102,-0.000000,-0.001536,-0.067656,-0.000000,0.014185,0
1790548005.9448,-0.044586,-0.013679,-0.042106,-0.071952,-0.044586,0.000000,0.120000,0.000000,0.537814,-0.013376,-0.028730,-0.000000,-0.004104,-0.067848,-0.000000,0.014081,0
1790548005.9584,-0.051708,-0.017080,-0.044952,-0.073207,-0.051708,0.000000,0.120000,0.000000,0.567639,-0.015512,-0.029439,-0.000000,-0.005124,-0.068083,-0.000000,0.013720,0
1790548005.9724,-0.053499,-0.019782,-0.046235,-0.074293,-0.053499,0.000000,0.120000,0.000000,0.597956,-0.016050,-0.030185,-0.000000,-0.005935,-0.068359,-0.000000,0.013946,0
1790548005.9864,-0.052782,-0.019948,-0.046753,-0.074620,-0.052782,0.000000,0.120000,0.000000,0.628154,-0.015835,-0.030919,0.000000,-0.005984,-0.068636,-0.000000,0.013891,0
1790548006.0005,-0.047407,-0.017098,-0.045814,-0.074008,-0.047407,0.000000,0.120000,0.000000,0.659017,-0.014222,-0.031592,0.000000,-0.005129,-0.068879,0.000000,0.014197,0
1790548006.0146,-0.043022,-0.013221,-0.045102,-0.073030,-0.043022,0.000000,0.120000,0.000000,0.689538,-0.012907,-0.032196,0.000000,-0.003966,-0.069064,0.000000,0.014040,0
1790548006.0285,-0.035822,-0.005025,-0.043444,-0.070642,-0.035822,0.000000,0.120000,0.000000,0.719959,-0.010747,-0.032697,0.000000,-0.001507,-0.069134,0.000000,0.013993,0
1790548006.0424,-0.027659,0.004690,-0.041378,-0.067663,-0.027659,0.000000,0.120000,0.000000,0.750088,-0.008298,-0.033080,0.000000,0.001407,-0.069069,0.000000,0.013860,0
1790548006.0563,-0.015569,0.016479,-0.037968,-0.063896,-0.015569,0.000000,0.120000,0.000000,0.780384,-0.004671,-0.033297,0.000000,0.004944,-0.068840,0.000000,0.013936,0
1790548006.0701,-0.004043,0.029383,-0.034566,-0.059618,-0.004043,0.000000,0.120000,0.000000,0.810479,-0.001213,-0.033353,0.000000,0.008815,-0.068433,0.000000,0.013844,0
1790548006.0840,-0.001029,0.036507,-0.033676,-0.056975,-0.001029,0.000000,0.120000,0.000000,0.840627,-0.000309,-0.033368,0.000000,0.010952,-0.067927,0.000000,0.013868,0
1790548006.0980,-0.003370,0.034910,-0.034426,-0.056965,-0.003370,0.000000,0.120000,0.000000,0.871042,-0.001011,-0.033415,-0.000000,0.010473,-0.067438,-0.000000,0.013991,0
1790548006.1120,0.003617,0.032015,-0.032279,-0.057386,0.003617,0.000000,0.120000,0.000000,0.901466,0.001085,-0.033364,0.000000,0.009604,-0.066990,-0.000000,0.013995,0
1790548006.1260,0.002580,0.027124,-0.032554,-0.058474,0.002580,0.000000,0.120000,0.000000,0.931846,0.000774,-0.033328,-0.000000,0.008137,-0.066611,-0.000000,0.013975,0
1790548006.1398,0.008538,0.022234,-0.030648,-0.059633,0.008538,0.000000,0.120000,0.000000,0.961922,0.002561,-0.033210,0.000000,0.006670,-0.066304,-0.000000,0.013835,0
1790548006.1538,0.018173,0.010808,-0.027504,-0.062910,0.018173,0.000000,0.120000,0.000000,0.992251,0.005452,-0.032956,0.000000,0.003242,-0.066153,-0.000000,0.013951,0
1790548006.1677,0.035010,-0.003009,-0.021964,-0.067098,0.035010,0.000000,0.120000,0.000000,0.022645,0.010503,-0.032467,0.000000,-0.000903,-0.066195,-0.000000,0.013981,0
1790548006.1818,0.043799,-0.011181,-0.018724,-0.069703,0.043799,0.000000,0.120000,0.000000,0.052582,0.013140,-0.031864,0.000000,-0.003354,-0.066349,-0.000000,0.013771,0
1790548006.1958,0.047970,-0.015721,-0.016796,-0.071287,0.047970,0.000000,0.120000,0.000000,0.083274,0.014391,-0.031186,0.000000,-0.004716,-0.066571,-0.000000,0.014118,0
1790548006.2099,0.052367,-0.021277,-0.014733,-0.073256,0.052367,0.000000,0.120000,0.000000,0.114128,0.015710,-0.030443,0.000000,-0.006383,-0.066873,-0.000000,0.014193,0
1790548006.2238,0.046412,-0.025869,-0.015871,-0.074995,0.046412,0.000000,0.120000,0.000000,0.144511,0.013924,-0.029795,-0.000000,-0.007761,-0.067234,-0.000000,0.013976,0
1790548006.2378,0.039261,-0.022132,-0.017469,-0.074182,0.039261,0.000000,0.120000,0.000000,0.174807,0.011778,-0.029247,-0.000000,-0.006640,-0.067543,0.000000,0.013936,0
1790548006.2517,0.032711,-0.010215,-0.018977,-0.070750,0.032711,0.000000,0.120000,0.000000,0.205189,0.009813,-0.028790,-0.000000,-0.003064,-0.067686,0.000000,0.013976,0
1790548006.2656,0.028647,0.006028,-0.019798,-0.065794,0.028647,0.000000,0.120000,0.000000,0.235390,0.008594,-0.028392,-0.000000,0.001808,-0.067602,0.000000,0.013893,0
1790548006.2796,0.021732,0.023190,-0.021569,-0.060321,0.021732,0.000000,0.120000,0.000000,0.265743,0.006519,-0.028089,-0.000000,0.006957,-0.067278,0.000000,0.013962,0
1790548006.2935,0.013388,0.035898,-0.023886,-0.056008,0.013388,0.000000,0.120000,0.000000,0.296048,0.004016,-0.027902,-0.000000,0.010769,-0.066778,0.000000,0.013940,0
1790548006.3074,0.005152,0.042331,-0.026285,-0.053488,0.005152,0.000000,0.120000,0.000000,0.326352,0.001545,-0.027830,-0.000000,0.012699,-0.066188,0.000000,0.013940,0
1790548006.3214,0.007167,0.041400,-0.025580,-0.053190,0.007167,0.000000,0.120000,0.000000,0.356663,0.002150,-0.027730,0.000000,0.012420,-0.065610,-0.000000,0.013943,0
1790548006.3353,0.000806,0.039566,-0.027477,-0.053189,0.000806,0.000000,0.120000,0.000000,0.386939,0.000242,-0.027719,-0.000000,0.011870,-0.065059,-0.000000,0.013927,0
1790548006.3492,-0.003143,0.035894,-0.028706,-0.053792,-0.003143,0.000000,0.120000,0.000000,0.417151,-0.000943,-0.027763,-0.000000,0.010768,-0.064560,-0.000000,0.013898,0
1790548006.3632,0.004693,0.030024,-0.026290,-0.055135,0.004693,0.000000,0.120000,0.000000,0.447397,0.001408,-0.027698,0.000000,0.009007,-0.064143,-0.000000,0.013913,0
1790548006.3774,-0.008859,0.022025,-0.030481,-0.057222,-0.008859,0.000000,0.120000,0.000000,0.478361,-0.002658,-0.027824,-0.000000,0.006607,-0.063829,-0.000000,0.014243,0
1790548006.3914,-0.022234,0.011777,-0.034807,-0.060130,-0.022234,0.000000,0.120000,0.000000,0.508941,-0.006670,-0.028137,-0.000000,0.003533,-0.063663,-0.000000,0.014066,0
1790548006.4051,-0.037048,0.000109,-0.039755,-0.063629,-0.037048,0.000000,0.120000,0.000000,0.538519,-0.011115,-0.028641,-0.000000,0.000033,-0.063662,-0.000000,0.013606,0
1790548006.4201,-0.049721,-0.006667,-0.044267,-0.065757,-0.049721,0.000000,0.120000,0.000000,0.569582,-0.014916,-0.029351,-0.000000,-0.002000,-0.063757,-0.000000,0.014289,0
1790548006.4351,-0.049426,-0.007469,-0.044929,-0.066111,-0.049426,0.000000,0.120000,0.000000,0.602594,-0.014828,-0.030102,0.000000,-0.002241,-0.063871,-0.000000,0.015186,0
1790548006.4497,-0.045010,-0.007593,-0.044274,-0.066261,-0.045010,0.000000,0.120000,0.000000,0.634948,-0.013503,-0.030772,0.000000,-0.002278,-0.063984,-0.000000,0.014883,0
1790548006.4638,-0.037786,-0.005956,-0.042644,-0.065855,-0.037786,0.000000,0.120000,0.000000,0.665809,-0.011336,-0.031308,0.000000,-0.001787,-0.064068,0.000000,0.014196,0
1790548006.4787,-0.033492,-0.002306,-0.041847,-0.064794,-0.033492,0.000000,0.120000,0.000000,0.697727,-0.010048,-0.031800,0.000000,-0.000692,-0.064102,0.000000,0.014682,0
1790548006.4926,-0.026279,0.002763,-0.040057,-0.063234,-0.026279,0.000000,0.120000,0.000000,0.728677,-0.007884,-0.032174,0.000000,0.000829,-0.064063,0.000000,0.014237,0
1790548006.5064,-0.016602,0.012010,-0.037383,-0.060294,-0.016602,0.000000,0.120000,0.000000,0.758669,-0.004981,-0.032403,0.000000,0.003603,-0.063897,0.000000,0.013796,0
1790548006.5203,-0.006367,0.022056,-0.034402,-0.056973,-0.006367,0.000000,0.120000,0.000000,0.788957,-0.001910,-0.032492,0.000000,0.006617,-0.063590,0.000000,0.013933,0
1790548006.5343,0.001039,0.032442,-0.032165,-0.053401,0.001039,0.000000,0.120000,0.000000,0.819501,0.000312,-0.032477,0.000000,0.009733,-0.063134,0.000000,0.014050,0
1790548006.5482,0.004626,0.035952,-0.031025,-0.051849,0.004626,0.000000,0.120000,0.000000,0.849705,0.001388,-0.032413,0.000000,0.010786,-0.062634,0.000000,0.013894,0
1790548006.5621,0.011352,0.033787,-0.028849,-0.052028,0.011352,0.000000,0.120000,0.000000,0.879927,0.003406,-0.032255,0.000000,0.010136,-0.062165,-0.000000,0.013902,0
1790548006.5761,0.025888,0.025784,-0.024126,-0.054068,0.025888,0.000000,0.120000,0.000000,0.910364,0.007767,-0.031892,0.000000,0.007735,-0.061804,-0.000000,0.014001,0
1790548006.5900,0.032479,0.016954,-0.021696,-0.056481,0.032479,0.000000,0.120000,0.000000,0.940623,0.009744,-0.031440,0.000000,0.005086,-0.061568,-0.000000,0.013919,0
1790548006.6041,0.038410,0.006017,-0.019379,-0.059678,0.038410,0.000000,0.120000,0.000000,0.971098,0.011523,-0.030902,0.000000,0.001805,-0.061483,-0.000000,0.014018,0
1790548006.6179,0.052899,-0.005304,-0.014298,-0.063148,0.052899,0.000000,0.120000,0.000000,0.001267,0.015870,-0.030168,0.000000,-0.001591,-0.061557,-0.000000,0.013878,0
1790548006.6316,0.064378,-0.014141,-0.009976,-0.065992,0.064378,0.000000,0.120000,0.000000,0.030921,0.019313,-0.029290,0.000000,-0.004242,-0.061750,-0.000000,0.013641,0
1790548006.6451,0.071298,-0.021208,-0.006931,-0.068400,0.071298,0.000000,0.120000,0.000000,0.060467,0.021389,-0.028321,0.000000,-0.006362,-0.062038,-0.000000,0.013591,0
1790548006.6593,0.074856,-0.028663,-0.004831,-0.071032,0.074856,0.000000,0.120000,0.000000,0.090443,0.022457,-0.027288,0.000000,-0.008599,-0.062433,-0.000000,0.013789,0
1790548006.6734,0.072416,-0.039115,-0.004521,-0.074731,0.072416,0.000000,0.120000,0.000000,0.121753,0.021725,-0.026245,-0.000000,-0.011734,-0.062997,-0.000000,0.014402,0
1790548006.6877,0.057209,-0.039856,-0.008270,-0.075519,0.057209,0.000000,0.120000,0.000000,0.152614,0.017163,-0.025433,-0.000000,-0.011957,-0.063562,-0.000000,0.014196,0
1790548006.7020,0.056034,-0.030669,-0.007830,-0.073197,0.056034,0.000000,0.120000,0.000000,0.183400,0.016810,-0.024640,-0.000000,-0.009201,-0.063997,0.000000,0.014162,0
1790548006.7162,0.051020,-0.014885,-0.008598,-0.068677,0.051020,0.000000,0.120000,0.000000,0.214765,0.015306,-0.023904,-0.000000,-0.004465,-0.064211,0.000000,0.014428,0
1790548006.7302,0.043133,0.003036,-0.010360,-0.063258,0.043133,0.000000,0.120000,0.000000,0.245181,0.012940,-0.023300,-0.000000,0.000911,-0.064169,0.000000,0.013991,0
1790548006.7442,0.035556,0.016532,-0.012136,-0.058978,0.035556,0.000000,0.120000,0.000000,0.275608,0.010667,-0.022802,-0.000000,0.004959,-0.063938,0.000000,0.013996,0
1790548006.7582,0.027092,0.030662,-0.014294,-0.054308,0.027092,0.000000,0.120000,0.000000,0.306148,0.008128,-0.022422,-0.000000,0.009199,-0.063507,0.000000,0.014048,0
1790548006.7722,0.025418,0.032455,-0.014443,-0.053319,0.025418,0.000000,0.120000,0.000000,0.336406,0.007625,-0.022068,-0.000000,0.009737,-0.063055,0.000000,0.013919,0
1790548006.7861,0.028916,0.030748,-0.012988,-0.053400,0.028916,0.000000,0.120000,0.000000,0.366837,0.008675,-0.021663,0.000000,0.009224,-0.062625,-0.000000,0.013998,0
1790548006.8001,0.024291,0.031016,-0.014035,-0.052885,0.024291,0.000000,0.120000,0.000000,0.397343,0.007287,-0.021322,-0.000000,0.009305,-0.062189,0.000000,0.014032,0
1790548006.8140,0.020713,0.028577,-0.014821,-0.053220,0.020713,0.000000,0.120000,0.000000,0.427502,0.006214,-0.021035,-0.000000,0.008573,-0.061793,-0.000000,0.013873,0
1790548006.8279,0.007405,0.018977,-0.018711,-0.055836,0.007405,0.000000,0.120000,0.000000,0.457700,0.002221,-0.020932,-0.000000,0.005693,-0.061529,-0.000000,0.013891,0
1790548006.8418,-0.008178,0.007768,-0.023500,-0.059090,-0.008178,0.000000,0.120000,0.000000,0.488032,-0.002453,-0.021046,-0.000000,0.002330,-0.061421,-0.000000,0.013953,0
1790548006.8557,-0.022927,-0.001105,-0.028243,-0.061768,-0.022927,0.000000,0.120000,0.000000,0.518221,-0.006878,-0.021365,-0.000000,-0.000331,-0.061436,-0.000000,0.013887,0
1790548006.8692,-0.038553,-0.010157,-0.033452,-0.064621,-0.038553,0.000000,0.120000,0.000000,0.547628,-0.011566,-0.021886,-0.000000,-0.003047,-0.061574,-0.000000,0.013527,0
1790548006.8830,-0.047504,-0.016337,-0.036787,-0.066698,-0.047504,0.000000,0.120000,0.000000,0.577371,-0.014251,-0.022536,-0.000000,-0.004901,-0.061797,-0.000000,0.013682,0
1790548006.8971,-0.051024,-0.019017,-0.038565,-0.067771,-0.051024,0.000000,0.120000,0.000000,0.608118,-0.015307,-0.023258,-0.000000,-0.005705,-0.062066,-0.000000,0.014144,0
1790548006.9110,-0.049622,-0.020493,-0.038836,-0.068500,-0.049622,0.000000,0.120000,0.000000,0.638420,-0.014887,-0.023949,0.000000,-0.006148,-0.062352,-0.000000,0.013939,0
1790548006.9251,-0.044566,-0.018157,-0.037947,-0.068055,-0.044566,0.000000,0.120000,0.000000,0.669038,-0.013370,-0.024577,0.000000,-0.005447,-0.062608,0.000000,0.014084,0
1790548006.9390,-0.038111,-0.014681,-0.036540,-0.067216,-0.038111,0.000000,0.120000,0.000000,0.699258,-0.011433,-0.025107,0.000000,-0.004404,-0.062812,0.000000,0.013901,0
1790548006.9532,-0.029893,-0.008000,-0.034491,-0.065323,-0.029893,0.000000,0.120000,0.000000,0.729499,-0.008968,-0.025523,0.000000,-0.002400,-0.062923,0.000000,0.013911,0
1790548006.9673,-0.022521,0.002463,-0.032603,-0.062149,-0.022521,0.000000,0.120000,0.000000,0.760802,-0.006756,-0.025847,0.000000,0.000739,-0.062887,0.000000,0.014400,0
1790548006.9812,-0.011141,0.015555,-0.029344,-0.058005,-0.011141,0.000000,0.120000,0.000000,0.791015,-0.003342,-0.026002,0.000000,0.004666,-0.062671,0.000000,0.013898,0
1790548006.9955,-0.003048,0.028332,-0.026959,-0.053770,-0.003048,0.000000,0.120000,0.000000,0.821847,-0.000914,-0.026045,0.000000,0.008499,-0.062269,0.000000,0.014183,0
1790548007.0095,-0.002820,0.031662,-0.026931,-0.052325,-0.002820,0.000000,0.120000,0.000000,0.852455,-0.000846,-0.026085,0.000000,0.009498,-0.061824,0.000000,0.014079,0
1790548007.0235,0.003215,0.030724,-0.025075,-0.052175,0.003215,0.000000,0.120000,0.000000,0.882998,0.000964,-0.026040,0.000000,0.009217,-0.061392,-0.000000,0.014050,0
1790548007.0374,0.015784,0.024182,-0.021086,-0.053802,0.015784,0.000000,0.120000,0.000000,0.913134,0.004735,-0.025821,0.000000,0.007255,-0.061057,-0.000000,0.013862,0
1790548007.0513,0.023886,0.019200,-0.018324,-0.055031,0.023886,0.000000,0.120000,0.000000,0.943292,0.007166,-0.025490,0.000000,0.005760,-0.060790,-0.000000,0.013873,0
1790548007.0652,0.028451,0.010327,-0.016557,-0.057548,0.028451,0.000000,0.120000,0.000000,0.973662,0.008535,-0.025092,0.000000,0.003098,-0.060646,-0.000000,0.013970,0
1790548007.0791,0.039867,-0.000564,-0.012579,-0.060823,0.039867,0.000000,0.120000,0.000000,0.003791,0.011960,-0.024540,0.000000,-0.000169,-0.060654,-0.000000,0.013860,0
1790548007.0927,0.051510,-0.008500,-0.008385,-0.063320,0.051510,0.000000,0.120000,0.000000,0.033419,0.015453,-0.023837,0.000000,-0.002550,-0.060770,-0.000000,0.013629,0
1790548007.1064,0.058216,-0.014972,-0.005578,-0.065466,0.058216,0.000000,0.120000,0.000000,0.063088,0.017465,-0.023043,0.000000,-0.004492,-0.060974,-0.000000,0.013648,0
1790548007.1200,0.064310,-0.021541,-0.002872,-0.067731,0.064310,0.000000,0.120000,0.000000,0.092773,0.019293,-0.022165,0.000000,-0.006462,-0.061268,-0.000000,0.013655,0
1790548007.1339,0.072198,-0.028512,0.000498,-0.070218,0.072198,0.000000,0.120000,0.000000,0.122972,0.021660,-0.021162,0.000000,-0.008554,-0.061664,-0.000000,0.013892,0
1790548007.1479,0.064637,-0.035097,-0.000865,-0.072685,0.064637,0.000000,0.120000,0.000000,0.153432,0.019391,-0.020256,-0.000000,-0.010529,-0.062156,-0.000000,0.014012,0
1790548007.1617,0.058766,-0.030799,-0.001816,-0.071821,0.058766,0.000000,0.120000,0.000000,0.183423,0.017630,-0.019445,-0.000000,-0.009240,-0.062581,0.000000,0.013796,0
1790548007.1756,0.053438,-0.019577,-0.002671,-0.068726,0.053438,0.000000,0.120000,0.000000,0.213642,0.016031,-0.018703,-0.000000,-0.005873,-0.062853,0.000000,0.013901,0
1790548007.1900,0.043018,-0.007380,-0.005191,-0.065171,0.043018,0.000000,0.120000,0.000000,0.244287,0.012905,-0.018096,-0.000000,-0.002214,-0.062957,0.000000,0.014096,0
1790548007.2043,0.028735,0.004925,-0.009061,-0.061409,0.028735,0.000000,0.120000,0.000000,0.275703,0.008620,-0.017681,-0.000000,0.001477,-0.062886,0.000000,0.014452,0
1790548007.2183,0.019259,0.013744,-0.011631,-0.058568,0.019259,0.000000,0.120000,0.000000,0.306490,0.005778,-0.017408,-0.000000,0.004123,-0.062691,0.000000,0.014162,0
1790548007.2322,0.022262,0.011021,-0.010420,-0.059232,0.022262,0.000000,0.120000,0.000000,0.336730,0.006679,-0.017099,0.000000,0.003306,-0.062538,-0.000000,0.013911,0
1790548007.2461,0.023306,0.007956,-0.009783,-0.060041,0.023306,0.000000,0.120000,0.000000,0.366942,0.006992,-0.016775,0.000000,0.002387,-0.062428,-0.000000,0.013897,0
1790548007.2604,0.018555,0.006129,-0.010948,-0.060503,0.018555,0.000000,0.120000,0.000000,0.397389,0.005566,-0.016515,-0.000000,0.001839,-0.062342,-0.000000,0.014006,0
1790548007.2749,0.017525,-0.001272,-0.011001,-0.062742,0.017525,0.000000,0.120000,0.000000,0.429146,0.005258,-0.016259,-0.000000,-0.000382,-0.062360,-0.000000,0.014608,0
1790548007.2891,0.006196,-0.012607,-0.014311,-0.066324,0.006196,0.000000,0.120000,0.000000,0.460392,0.001859,-0.016170,-0.000000,-0.003782,-0.062541,-0.000000,0.014373,0
1790548007.3030,-0.008162,-0.023029,-0.018732,-0.069770,-0.008162,0.000000,0.120000,0.000000,0.490554,-0.002449,-0.016283,-0.000000,-0.006909,-0.062861,-0.000000,0.013875,0
1790548007.3172,-0.023304,-0.032441,-0.023604,-0.073052,-0.023304,0.000000,0.120000,0.000000,0.521284,-0.006991,-0.016612,-0.000000,-0.009732,-0.063320,-0.000000,0.014136,0
1790548007.3309,-0.036420,-0.040508,-0.028035,-0.076024,-0.036420,0.000000,0.120000,0.000000,0.550907,-0.010926,-0.017109,-0.000000,-0.012152,-0.063872,-0.000000,0.013627,0
1790548007.3447,-0.043712,-0.046315,-0.030827,-0.078407,-0.043712,0.000000,0.120000,0.000000,0.581002,-0.013113,-0.017714,-0.000000,-0.013895,-0.064513,-0.000000,0.013844,0
1790548007.3587,-0.044004,-0.050688,-0.031535,-0.080433,-0.044004,0.000000,0.120000,0.000000,0.611626,-0.013201,-0.018334,-0.000000,-0.015206,-0.065227,-0.000000,0.014087,0
1790548007.3726,-0.040405,-0.051159,-0.031015,-0.081283,-0.040405,0.000000,0.120000,0.000000,0.641756,-0.012121,-0.018894,0.000000,-0.015348,-0.065936,-0.000000,0.013860,0
1790548007.3864,-0.036440,-0.049977,-0.030333,-0.081625,-0.036440,0.000000,0.120000,0.000000,0.672036,-0.010932,-0.019401,0.000000,-0.014993,-0.066632,0.000000,0.013929,0
1790548007.4004,-0.030451,-0.047293,-0.028961,-0.081479,-0.030451,0.000000,0.120000,0.000000,0.702325,-0.009135,-0.019826,0.000000,-0.014188,-0.067291,0.000000,0.013933,0
1790548007.4143,-0.025536,-0.039652,-0.027842,-0.079738,-0.025536,0.000000,0.120000,0.000000,0.732564,-0.007661,-0.020181,0.000000,-0.011896,-0.067842,0.000000,0.013910,0
1790548007.4281,-0.013871,-0.027240,-0.024534,-0.076392,-0.013871,0.000000,0.120000,0.000000,0.762688,-0.004161,-0.020373,0.000000,-0.008172,-0.068220,0.000000,0.013857,0
1790548007.4416,-0.001204,-0.011490,-0.020750,-0.071819,-0.001204,0.000000,0.120000,0.000000,0.791536,-0.000361,-0.020389,0.000000,-0.003447,-0.068372,0.000000,0.013270,0
1790548007.4551,0.007801,0.008205,-0.017942,-0.065799,0.007801,0.000000,0.120000,0.000000,0.821272,0.002340,-0.020282,0.000000,0.002462,-0.068260,0.000000,0.013678,0
1790548007.4686,0.014038,0.021810,-0.015883,-0.061426,0.014038,0.000000,0.120000,0.000000,0.850330,0.004212,-0.020095,0.000000,0.006543,-0.067969,0.000000,0.013367,0
1790548007.4829,0.008770,0.019596,-0.017338,-0.061810,0.008770,0.000000,0.120000,0.000000,0.881399,0.002631,-0.019969,-0.000000,0.005879,-0.067689,-0.000000,0.014292,0
1790548007.4970,0.013826,0.015121,-0.015625,-0.062938,0.013826,0.000000,0.120000,0.000000,0.912215,0.004148,-0.019773,0.000000,0.004536,-0.067474,-0.000000,0.014175,0
1790548007.5111,0.016624,0.012944,-0.014551,-0.063408,0.016624,0.000000,0.120000,0.000000,0.942934,0.004987,-0.019538,0.000000,0.003883,-0.067291,-0.000000,0.014131,0
1790548007.5251,0.019931,0.010711,-0.013280,-0.063928,0.019931,0.000000,0.120000,0.000000,0.973387,0.005979,-0.019259,0.000000,0.003213,-0.067141,-0.000000,0.014009,0
1790548007.5392,0.024658,0.005127,-0.011515,-0.065531,0.024658,0.000000,0.120000,0.000000,0.003924,0.007397,-0.018913,0.000000,0.001538,-0.067069,-0.000000,0.014047,0
1790548007.5530,0.035463,-0.004618,-0.007784,-0.068518,0.035463,0.000000,0.120000,0.000000,0.033934,0.010639,-0.018423,0.000000,-0.001385,-0.067133,-0.000000,0.013805,0
1790548007.5666,0.045595,-0.010194,-0.004124,-0.070330,0.045595,0.000000,0.120000,0.000000,0.063546,0.013679,-0.017802,0.000000,-0.003058,-0.067272,-0.000000,0.013622,0
1790548007.5802,0.048569,-0.012533,-0.002571,-0.071202,0.048569,0.000000,0.120000,0.000000,0.093123,0.014571,-0.017141,0.000000,-0.003760,-0.067442,-0.000000,0.013605,0
1790548007.5941,0.052410,-0.015644,-0.000684,-0.072355,0.052410,0.000000,0.120000,0.000000,0.123603,0.015723,-0.016406,0.000000,-0.004693,-0.067662,-0.000000,0.014021,0
1790548007.6081,0.055421,-0.019161,0.000986,-0.073675,0.055421,0.000000,0.120000,0.000000,0.153655,0.016626,-0.015640,0.000000,-0.005748,-0.067927,-0.000000,0.013824,0
1790548007.6221,0.040984,-0.017239,-0.002768,-0.073341,0.040984,0.000000,0.120000,0.000000,0.184260,0.012295,-0.015063,-0.000000,-0.005172,-0.068169,0.000000,0.014079,0
1790548007.6360,0.030455,-0.010502,-0.005504,-0.071466,0.030455,0.000000,0.120000,0.000000,0.214459,0.009136,-0.014640,-0.000000,-0.003150,-0.068315,0.000000,0.013891,0
1790548007.6499,0.024263,0.001668,-0.007023,-0.067791,0.024263,0.000000,0.120000,0.000000,0.244815,0.007279,-0.014302,-0.000000,0.000500,-0.068292,0.000000,0.013964,0
1790548007.6637,0.022354,0.012645,-0.007287,-0.064324,0.022354,0.000000,0.120000,0.000000,0.274759,0.006706,-0.013994,-0.000000,0.003794,-0.068118,0.000000,0.013774,0
1790548007.6775,0.017809,0.023827,-0.008406,-0.060641,0.017809,0.000000,0.120000,0.000000,0.304711,0.005343,-0.013748,-0.000000,0.007148,-0.067789,0.000000,0.013778,0
1790548007.6921,0.019090,0.020854,-0.007752,-0.061239,0.019090,0.000000,0.120000,0.000000,0.335360,0.005727,-0.013479,0.000000,0.006256,-0.067495,-0.000000,0.014098,0
1790548007.7069,0.008115,0.011486,-0.010921,-0.063875,0.008115,0.000000,0.120000,0.000000,0.368376,0.002434,-0.013356,-0.000000,0.003446,-0.067321,-0.000000,0.015187,0
1790548007.7210,-0.000526,0.003726,-0.013521,-0.066151,-0.000526,0.000000,0.120000,0.000000,0.398973,-0.000158,-0.013363,-0.000000,0.001118,-0.067269,-0.000000,0.014075,0
1790548007.7350,-0.007040,-0.003525,-0.015575,-0.068376,-0.007040,0.000000,0.120000,0.000000,0.429684,-0.002112,-0.013463,-0.000000,-0.001057,-0.067318,-0.000000,0.014127,0
1790548007.7489,-0.015197,-0.011320,-0.018233,-0.070871,-0.015197,0.000000,0.120000,0.000000,0.459835,-0.004559,-0.013673,-0.000000,-0.003396,-0.067475,-0.000000,0.013870,0
1790548007.7629,-0.031260,-0.018831,-0.023489,-0.073389,-0.031260,0.000000,0.120000,0.000000,0.490291,-0.009378,-0.014111,-0.000000,-0.005649,-0.067739,-0.000000,0.014009,0
1790548007.7769,-0.041999,-0.025331,-0.027299,-0.075693,-0.041999,0.000000,0.120000,0.000000,0.520729,-0.012600,-0.014699,-0.000000,-0.007599,-0.068094,-0.000000,0.014001,0
1790548007.7906,-0.053663,-0.030710,-0.031533,-0.077727,-0.053663,0.000000,0.120000,0.000000,0.550490,-0.016099,-0.015434,-0.000000,-0.009213,-0.068514,-0.000000,0.013690,0
1790548007.8042,-0.061440,-0.035356,-0.034702,-0.079602,-0.061440,0.000000,0.120000,0.000000,0.580079,-0.018432,-0.016270,-0.000000,-0.010607,-0.068995,-0.000000,0.013611,0
1790548007.8181,-0.063399,-0.039118,-0.036175,-0.081277,-0.063399,0.000000,0.120000,0.000000,0.610436,-0.019020,-0.017156,-0.000000,-0.011735,-0.069542,-0.000000,0.013964,0
1790548007.8321,-0.058769,-0.039206,-0.035606,-0.081850,-0.058769,0.000000,0.120000,0.000000,0.640746,-0.017631,-0.017975,0.000000,-0.011762,-0.070088,-0.000000,0.013943,0
1790548007.8459,-0.052315,-0.035079,-0.034394,-0.081098,-0.052315,0.000000,0.120000,0.000000,0.670843,-0.015695,-0.018699,0.000000,-0.010524,-0.070574,0.000000,0.013844,0
1790548007.8599,-0.046633,-0.027979,-0.033340,-0.079358,-0.046633,0.000000,0.120000,0.000000,0.701165,-0.013990,-0.019350,0.000000,-0.008394,-0.070964,0.000000,0.013948,0
1790548007.8738,-0.035075,-0.015031,-0.030362,-0.075683,-0.035075,0.000000,0.120000,0.000000,0.731492,-0.010522,-0.019839,0.000000,-0.004509,-0.071174,0.000000,0.013950,0
1790548007.8880,-0.022195,-0.003585,-0.026808,-0.072300,-0.022195,0.000000,0.120000,0.000000,0.761876,-0.006658,-0.020149,0.000000,-0.001076,-0.071224,0.000000,0.013977,0
1790548007.9024,-0.014532,0.007106,-0.024721,-0.068989,-0.014532,0.000000,0.120000,0.000000,0.793578,-0.004360,-0.020361,0.000000,0.002132,-0.071120,0.000000,0.014583,0
1790548007.9165,-0.007760,0.012072,-0.022798,-0.067329,-0.007760,0.000000,0.120000,0.000000,0.824127,-0.002328,-0.020470,0.000000,0.003622,-0.070951,0.000000,0.014052,0
1790548007.9307,-0.005592,0.009633,-0.022228,-0.067924,-0.005592,0.000000,0.120000,0.000000,0.855077,-0.001678,-0.020550,0.000000,0.002890,-0.070814,-0.000000,0.014237,0
1790548007.9452,0.002867,0.009140,-0.019649,-0.067942,0.002867,0.000000,0.120000,0.000000,0.885779,0.000860,-0.020509,0.000000,0.002742,-0.070685,-0.000000,0.014123,0
1790548007.9595,0.005732,0.001633,-0.018706,-0.070171,0.005732,0.000000,0.120000,0.000000,0.917576,0.001719,-0.020426,0.000000,0.000490,-0.070661,-0.000000,0.014627,0
1790548007.9736,0.013615,-0.007722,-0.016150,-0.073086,0.013615,0.000000,0.120000,0.000000,0.948169,0.004084,-0.020234,0.000000,-0.002317,-0.070769,-0.000000,0.014073,0
1790548007.9879,0.028043,-0.013626,-0.011424,-0.075050,0.028043,0.000000,0.120000,0.000000,0.978981,0.008413,-0.019837,0.000000,-0.004088,-0.070962,-0.000000,0.014174,0
1790548008.0023,0.041120,-0.024794,-0.006902,-0.078762,0.041120,0.000000,0.120000,0.000000,0.010639,0.012336,-0.019238,0.000000,-0.007438,-0.071324,-0.000000,0.014563,0
1790548008.0160,0.055804,-0.035438,-0.001727,-0.082444,0.055804,0.000000,0.120000,0.000000,0.040634,0.016741,-0.018468,0.000000,-0.010631,-0.071813,-0.000000,0.013798,0
1790548008.0298,0.065851,-0.041376,0.002193,-0.084794,0.065851,0.000000,0.120000,0.000000,0.070529,0.019755,-0.017562,0.000000,-0.012413,-0.072381,-0.000000,0.013752,0
1790548008.0437,0.058830,-0.045945,0.000904,-0.086803,0.058830,0.000000,0.120000,0.000000,0.100728,0.017649,-0.016745,-0.000000,-0.013783,-0.073020,-0.000000,0.013892,0
1790548008.0576,0.051219,-0.047310,-0.000665,-0.087873,0.051219,0.000000,0.120000,0.000000,0.131046,0.015366,-0.016031,-0.000000,-0.014193,-0.073680,-0.000000,0.013946,0
1790548008.0715,0.043667,-0.045888,-0.002323,-0.088085,0.043667,0.000000,0.120000,0.000000,0.161292,0.013100,-0.015423,-0.000000,-0.013767,-0.074318,0.000000,0.013913,0
1790548008.0854,0.039205,-0.042207,-0.003119,-0.087564,0.039205,0.000000,0.120000,0.000000,0.191369,0.011762,-0.014881,-0.000000,-0.012662,-0.074902,0.000000,0.013835,0
1790548008.0994,0.029788,-0.029688,-0.005526,-0.084225,0.029788,0.000000,0.120000,0.000000,0.221870,0.008936,-0.014463,-0.000000,-0.008906,-0.075318,0.000000,0.014031,0
1790548008.1133,0.024584,-0.014172,-0.006744,-0.079768,0.024584,0.000000,0.120000,0.000000,0.252220,0.007375,-0.014119,-0.000000,-0.004252,-0.075516,0.000000,0.013961,0
1790548008.1273,0.016369,0.003810,-0.008980,-0.074320,0.016369,0.000000,0.120000,0.000000,0.282644,0.004911,-0.013890,-0.000000,0.001143,-0.075463,0.000000,0.013995,0
1790548008.1413,0.004925,0.025806,-0.012344,-0.067360,0.004925,0.000000,0.120000,0.000000,0.313047,0.001478,-0.013822,-0.000000,0.007742,-0.075102,0.000000,0.013985,0
1790548008.1551,0.002563,0.040046,-0.013017,-0.062534,0.002563,0.000000,0.120000,0.000000,0.343119,0.000769,-0.013786,-0.000000,0.012014,-0.074548,0.000000,0.013833,0
1790548008.1691,0.003536,0.041125,-0.012676,-0.061637,0.003536,0.000000,0.120000,0.000000,0.373409,0.001061,-0.013737,0.000000,0.012338,-0.073975,0.000000,0.013933,0
1790548008.1831,-0.003819,0.035653,-0.014936,-0.062781,-0.003819,0.000000,0.120000,0.000000,0.403777,-0.001146,-0.013790,-0.000000,0.010696,-0.073477,-0.000000,0.013969,0
1790548008.1974,-0.003066,0.033935,-0.014753,-0.062819,-0.003066,0.000000,0.120000,0.000000,0.434362,-0.000920,-0.013833,0.000000,0.010181,-0.073000,-0.000000,0.014070,0
1790548008.2119,-0.008500,0.032416,-0.016508,-0.062799,-0.008500,0.000000,0.120000,0.000000,0.466276,-0.002550,-0.013958,-0.000000,0.009725,-0.072524,-0.000000,0.014680,0
1790548008.2259,-0.019205,0.025398,-0.019988,-0.064550,-0.019205,0.000000,0.120000,0.000000,0.496635,-0.005762,-0.014226,-0.000000,0.007619,-0.072169,-0.000000,0.013965,0
1790548008.2399,-0.033124,0.014721,-0.024629,-0.067546,-0.033124,0.000000,0.120000,0.000000,0.527203,-0.009937,-0.014692,-0.000000,0.004416,-0.071962,-0.000000,0.014061,0
1790548008.2534,-0.043021,0.008144,-0.028183,-0.069408,-0.043021,0.000000,0.120000,0.000000,0.556738,-0.012906,-0.015277,-0.000000,0.002443,-0.071851,-0.000000,0.013586,0
1790548008.2671,-0.047416,0.003616,-0.030149,-0.070717,-0.047416,0.000000,0.120000,0.000000,0.586453,-0.014225,-0.015925,-0.000000,0.001085,-0.071802,-0.000000,0.013669,0
1790548008.2811,-0.049455,0.003494,-0.031455,-0.070705,-0.049455,0.000000,0.120000,0.000000,0.616949,-0.014837,-0.016618,-0.000000,0.001048,-0.071753,-0.000000,0.014028,0
1790548008.2953,-0.050129,0.001288,-0.032365,-0.071348,-0.050129,0.000000,0.120000,0.000000,0.647653,-0.015039,-0.017326,-0.000000,0.000386,-0.071735,-0.000000,0.014124,0
1790548008.3093,-0.051823,-0.001075,-0.033603,-0.072073,-0.051823,0.000000,0.120000,0.000000,0.678280,-0.015547,-0.018057,-0.000000,-0.000323,-0.071750,-0.000000,0.014088,0
1790548008.3233,-0.039099,-0.000176,-0.030332,-0.071805,-0.039099,0.000000,0.120000,0.000000,0.708599,-0.011730,-0.018602,0.000000,-0.000053,-0.071752,0.000000,0.013947,0
1790548008.3373,-0.027401,0.004805,-0.027207,-0.070244,-0.027401,0.000000,0.120000,0.000000,0.739118,-0.008220,-0.018987,0.000000,0.001441,-0.071685,0.000000,0.014039,0
1790548008.3512,-0.018667,0.013218,-0.024845,-0.067537,-0.018667,0.000000,0.120000,0.000000,0.769218,-0.005600,-0.019245,0.000000,0.003965,-0.071502,0.000000,0.013846,0
1790548008.3651,-0.012286,0.023649,-0.023101,-0.064079,-0.012286,0.000000,0.120000,0.000000,0.799420,-0.003686,-0.019416,0.000000,0.007095,-0.071173,0.000000,0.013893,0
1790548008.3791,-0.004130,0.037205,-0.020713,-0.059489,-0.004130,0.000000,0.120000,0.000000,0.829975,-0.001239,-0.019474,0.000000,0.011162,-0.070650,0.000000,0.014055,0
1790548008.3930,-0.002219,0.042843,-0.020170,-0.057203,-0.002219,0.000000,0.120000,0.000000,0.860116,-0.000666,-0.019504,0.000000,0.012853,-0.070056,0.000000,0.013865,0
1790548008.4069,0.004021,0.040695,-0.018242,-0.057282,0.004021,0.000000,0.120000,0.000000,0.890368,0.001206,-0.019449,0.000000,0.012209,-0.069490,-0.000000,0.013916,0
1790548008.4209,0.009681,0.039552,-0.016409,-0.057072,0.009681,0.000000,0.120000,0.000000,0.920719,0.002904,-0.019313,0.000000,0.011866,-0.068938,-0.000000,0.013962,0
1790548008.4348,0.010135,0.033921,-0.016131,-0.058288,0.010135,0.000000,0.120000,0.000000,0.951080,0.003041,-0.019172,0.000000,0.010176,-0.068464,-0.000000,0.013966,0
1790548008.4491,0.010695,0.027273,-0.015815,-0.059904,0.010695,0.000000,0.120000,0.000000,0.981225,0.003208,-0.019024,0.000000,0.008182,-0.068086,-0.000000,0.013866,0
1790548008.4637,0.021017,0.018667,-0.012406,-0.062208,0.021017,0.000000,0.120000,0.000000,0.013584,0.006305,-0.018711,0.000000,0.005600,-0.067808,-0.000000,0.014885,0
1790548008.4776,0.028313,0.010919,-0.009824,-0.064381,0.028313,0.000000,0.120000,0.000000,0.043753,0.008494,-0.018318,0.000000,0.003276,-0.067657,-0.000000,0.013878,0
1790548008.4912,0.033556,0.004532,-0.007792,-0.066235,0.033556,0.000000,0.120000,0.000000,0.073491,0.010067,-0.017859,0.000000,0.001360,-0.067595,-0.000000,0.013680,0
1790548008.5062,0.039299,-0.000657,-0.005498,-0.067801,0.039299,0.000000,0.120000,0.000000,0.105060,0.011790,-0.017288,0.000000,-0.000197,-0.067604,-0.000000,0.014522,0
1790548008.5212,0.044282,-0.007115,-0.003324,-0.069848,0.044282,0.000000,0.120000,0.000000,0.138427,0.013285,-0.016608,0.000000,-0.002135,-0.067713,-0.000000,0.015349,0
1790548008.5360,0.035633,-0.010046,-0.005395,-0.070875,0.035633,0.000000,0.120000,0.000000,0.170356,0.010690,-0.016085,-0.000000,-0.003014,-0.067861,-0.000000,0.014687,0
1790548008.5505,0.026682,-0.006979,-0.007688,-0.070057,0.026682,0.000000,0.120000,0.000000,0.202313,0.008005,-0.015693,-0.000000,-0.002094,-0.067964,0.000000,0.014700,0
1790548008.5652,0.021710,0.003877,-0.008863,-0.066744,0.021710,0.000000,0.120000,0.000000,0.233999,0.006513,-0.015376,-0.000000,0.001163,-0.067907,0.000000,0.014575,0
1790548008.5793,0.020270,0.013797,-0.009008,-0.063572,0.020270,0.000000,0.120000,0.000000,0.264818,0.006081,-0.015089,-0.000000,0.004139,-0.067711,0.000000,0.014177,0
1790548008.5934,0.015606,0.029111,-0.010186,-0.058566,0.015606,0.000000,0.120000,0.000000,0.295584,0.004682,-0.014868,-0.000000,0.008733,-0.067299,0.000000,0.014152,0
1790548008.6074,0.014237,0.040273,-0.010398,-0.054653,0.014237,0.000000,0.120000,0.000000,0.326040,0.004271,-0.014669,-0.000000,0.012082,-0.066735,0.000000,0.014010,0
1790548008.6213,0.015489,0.039953,-0.009806,-0.054191,0.015489,0.000000,0.120000,0.000000,0.356426,0.004647,-0.014452,0.000000,0.011986,-0.066177,-0.000000,0.013977,0
1790548008.6356,0.006498,0.032239,-0.012411,-0.056050,0.006498,0.000000,0.120000,0.000000,0.387090,0.001949,-0.014360,-0.000000,0.009672,-0.065722,-0.000000,0.014106,0
1790548008.6498,0.000617,0.026301,-0.014167,-0.057456,0.000617,0.000000,0.120000,0.000000,0.418183,0.000185,-0.014352,-0.000000,0.007890,-0.065346,-0.000000,0.014303,0
1790548008.6637,0.004368,0.017745,-0.012980,-0.059774,0.004368,0.000000,0.120000,0.000000,0.448663,0.001310,-0.014290,0.000000,0.005323,-0.065097,-0.000000,0.014021,0
1790548008.6776,-0.004513,0.007068,-0.015707,-0.062879,-0.004513,0.000000,0.120000,0.000000,0.478771,-0.001354,-0.014353,-0.000000,0.002120,-0.064999,-0.000000,0.013850,0
1790548008.6917,-0.018492,-0.004205,-0.020158,-0.066319,-0.018492,0.000000,0.120000,0.000000,0.509049,-0.005548,-0.014610,-0.000000,-0.001261,-0.065058,-0.000000,0.013928,0
1790548008.7064,-0.033288,-0.014120,-0.025081,-0.069499,-0.033288,0.000000,0.120000,0.000000,0.540666,-0.009987,-0.015095,-0.000000,-0.004236,-0.065263,-0.000000,0.014544,0
1790548008.7205,-0.048270,-0.022727,-0.030268,-0.072407,-0.048270,0.000000,0.120000,0.000000,0.571856,-0.014481,-0.015787,-0.000000,-0.006818,-0.065589,-0.000000,0.014347,0
1790548008.7346,-0.054436,-0.029560,-0.032887,-0.074875,-0.054436,0.000000,0.120000,0.000000,0.602563,-0.016331,-0.016556,-0.000000,-0.008868,-0.066007,-0.000000,0.014125,0
1790548008.7486,-0.053336,-0.032797,-0.033307,-0.076307,-0.053336,0.000000,0.120000,0.000000,0.633118,-0.016001,-0.017306,0.000000,-0.009839,-0.066468,-0.000000,0.014055,0
1790548008.7625,-0.043959,-0.032307,-0.031105,-0.076609,-0.043959,0.000000,0.120000,0.000000,0.663383,-0.013188,-0.017918,0.000000,-0.009692,-0.066917,0.000000,0.013922,0
1790548008.7765,-0.037019,-0.029203,-0.029540,-0.076086,-0.037019,0.000000,0.120000,0.000000,0.693716,-0.011106,-0.018434,0.000000,-0.008761,-0.067325,0.000000,0.013953,0
1790548008.7904,-0.034158,-0.022534,-0.029158,-0.074400,-0.034158,0.000000,0.120000,0.000000,0.724051,-0.010247,-0.018911,0.000000,-0.006760,-0.067639,0.000000,0.013954,0
1790548008.8044,-0.026728,-0.013262,-0.027304,-0.071804,-0.026728,0.000000,0.120000,0.000000,0.754500,-0.008018,-0.019285,0.000000,-0.003979,-0.067825,0.000000,0.014006,0
1790548008.8183,-0.019387,0.000946,-0.025372,-0.067528,-0.019387,0.000000,0.120000,0.000000,0.784814,-0.005816,-0.019556,0.000000,0.000284,-0.067812,0.000000,0.013944,0
1790548008.8322,-0.010712,0.018151,-0.022917,-0.062115,-0.010712,0.000000,0.120000,0.000000,0.814916,-0.003214,-0.019704,0.000000,0.005445,-0.067561,0.000000,0.013847,0
1790548008.8461,0.000091,0.037208,-0.019675,-0.055880,0.000091,0.000000,0.120000,0.000000,0.845189,0.000027,-0.019703,0.000000,0.011162,-0.067042,0.000000,0.013926,0
1790548008.8600,-0.010285,0.044830,-0.022931,-0.052969,-0.010285,0.000000,0.120000,0.000000,0.875458,-0.003085,-0.019846,-0.000000,0.013449,-0.066418,0.000000,0.013924,0
1790548008.8739,0.004022,0.037706,-0.018583,-0.054582,0.004022,0.000000,0.120000,0.000000,0.905666,0.001207,-0.019790,0.000000,0.011312,-0.065894,-0.000000,0.013896,0
1790548008.8880,0.005470,0.035419,-0.018073,-0.054777,0.005470,0.000000,0.120000,0.000000,0.935862,0.001641,-0.019714,0.000000,0.010626,-0.065402,-0.000000,0.013890,0
1790548008.9025,0.005244,0.028218,-0.018064,-0.056524,0.005244,0.000000,0.120000,0.000000,0.967650,0.001573,-0.019637,-0.000000,0.008465,-0.064990,-0.000000,0.014623,0
1790548008.9166,0.018779,0.020992,-0.013739,-0.058396,0.018779,0.000000,0.120000,0.000000,0.998280,0.005634,-0.019373,0.000000,0.006298,-0.064694,-0.000000,0.014090,0
1790548008.9308,0.028377,0.010461,-0.010456,-0.061407,0.028377,0.000000,0.120000,0.000000,0.029212,0.008513,-0.018969,0.000000,0.003138,-0.064545,-0.000000,0.014229,0
1790548008.9446,0.040313,0.001935,-0.006318,-0.063938,0.040313,0.000000,0.120000,0.000000,0.059261,0.012094,-0.018412,0.000000,0.000581,-0.064518,-0.000000,0.013823,0
1790548008.9586,0.048072,-0.003449,-0.003329,-0.065600,0.048072,0.000000,0.120000,0.000000,0.089164,0.014422,-0.017750,0.000000,-0.001035,-0.064566,-0.000000,0.013755,0
1790548008.9725,0.054356,-0.009156,-0.000679,-0.067441,0.054356,0.000000,0.120000,0.000000,0.119759,0.016307,-0.016985,0.000000,-0.002747,-0.064695,-0.000000,0.014074,0
1790548008.9866,0.061326,-0.015492,0.002275,-0.069560,0.061326,0.000000,0.120000,0.000000,0.150328,0.018398,-0.016123,0.000000,-0.004648,-0.064912,-0.000000,0.014062,0
1790548009.0007,0.052380,-0.016682,0.000331,-0.070153,0.052380,0.000000,0.120000,0.000000,0.181060,0.015714,-0.015383,-0.000000,-0.005005,-0.065148,-0.000000,0.014137,0
1790548009.0148,0.042718,-0.009535,-0.001966,-0.068143,0.042718,0.000000,0.120000,0.000000,0.211645,0.012815,-0.014782,-0.000000,-0.002861,-0.065282,0.000000,0.014069,0
1790548009.0288,0.034543,0.001497,-0.003932,-0.064812,0.034543,0.000000,0.120000,0.000000,0.242253,0.010363,-0.014295,-0.000000,0.000449,-0.065261,0.000000,0.014080,0
1790548009.0427,0.030645,0.010762,-0.004675,-0.061883,0.030645,0.000000,0.120000,0.000000,0.272550,0.009193,-0.013868,-0.000000,0.003229,-0.065111,0.000000,0.013937,0
1790548009.0565,0.027513,0.017362,-0.005234,-0.059662,0.027513,0.000000,0.120000,0.000000,0.302641,0.008254,-0.013487,-0.000000,0.005209,-0.064871,0.000000,0.013842,0
1790548009.0704,0.020755,0.026457,-0.006972,-0.056566,0.020755,0.000000,0.120000,0.000000,0.332892,0.006227,-0.013199,-0.000000,0.007937,-0.064503,0.000000,0.013915,0
1790548009.0844,0.013297,0.036349,-0.009024,-0.053092,0.013297,0.000000,0.120000,0.000000,0.363180,0.003989,-0.013013,-0.000000,0.010905,-0.063996,0.000000,0.013933,0
1790548009.0983,0.014280,0.034104,-0.008531,-0.053291,0.014280,0.000000,0.120000,0.000000,0.393423,0.004284,-0.012815,0.000000,0.010231,-0.063522,-0.000000,0.013912,0
1790548009.1123,0.013263,0.027793,-0.008650,-0.054795,0.013263,0.000000,0.120000,0.000000,0.423833,0.003979,-0.012629,-0.000000,0.008338,-0.063133,-0.000000,0.013988,0
1790548009.1262,0.009766,0.019833,-0.009563,-0.056907,0.009766,0.000000,0.120000,0.000000,0.454086,0.002930,-0.012493,-0.000000,0.005950,-0.062857,-0.000000,0.013916,0
1790548009.1401,0.000994,0.010484,-0.012181,-0.059566,0.000994,0.000000,0.120000,0.000000,0.484342,0.000298,-0.012479,-0.000000,0.003145,-0.062711,-0.000000,0.013918,0
1790548009.1540,-0.009133,0.000025,-0.015346,-0.062703,-0.009133,0.000000,0.120000,0.000000,0.514521,-0.002740,-0.012606,-0.000000,0.000008,-0.062711,-0.000000,0.013882,0
1790548009.1676,-0.022791,-0.010035,-0.019753,-0.065858,-0.022791,0.000000,0.120000,0.000000,0.544092,-0.006837,-0.012916,-0.000000,-0.003011,-0.062847,-0.000000,0.013603,0
1790548009.1812,-0.038198,-0.020485,-0.024896,-0.069272,-0.038198,0.000000,0.120000,0.000000,0.573675,-0.011460,-0.013436,-0.000000,-0.006146,-0.063126,-0.000000,0.013608,0
1790548009.1952,-0.052325,-0.030021,-0.029866,-0.072553,-0.052325,0.000000,0.120000,0.000000,0.604126,-0.015697,-0.014169,-0.000000,-0.009006,-0.063547,-0.000000,0.014008,0
1790548009.2099,-0.060970,-0.041893,-0.033329,-0.076711,-0.060970,0.000000,0.120000,0.000000,0.635098,-0.018291,-0.015038,-0.000000,-0.012568,-0.064144,-0.000000,0.014247,0
1790548009.2246,-0.054408,-0.049475,-0.032174,-0.079726,-0.054408,0.000000,0.120000,0.000000,0.667604,-0.016323,-0.015851,0.000000,-0.014842,-0.064883,-0.000000,0.014953,0
1790548009.2385,-0.047578,-0.047206,-0.030793,-0.079708,-0.047578,0.000000,0.120000,0.000000,0.698152,-0.014274,-0.016520,0.000000,-0.014162,-0.065547,0.000000,0.014052,0
1790548009.2524,-0.042827,-0.041158,-0.029964,-0.078467,-0.042827,0.000000,0.120000,0.000000,0.728420,-0.012848,-0.017116,0.000000,-0.012348,-0.066120,0.000000,0.013923,0
1790548009.2663,-0.032283,-0.030173,-0.027249,-0.075591,-0.032283,0.000000,0.120000,0.000000,0.758603,-0.009685,-0.017564,0.000000,-0.009052,-0.066539,0.000000,0.013884,0
1790548009.2803,-0.025398,-0.015371,-0.025541,-0.071366,-0.025398,0.000000,0.120000,0.000000,0.789162,-0.007620,-0.017921,0.000000,-0.004611,-0.066755,0.000000,0.014057,0
1790548009.2943,-0.018103,0.004464,-0.023604,-0.065354,-0.018103,0.000000,0.120000,0.000000,0.819355,-0.005431,-0.018173,0.000000,0.001339,-0.066693,0.000000,0.013889,0
1790548009.3082,-0.008154,0.028468,-0.020733,-0.057754,-0.008154,0.000000,0.120000,0.000000,0.849788,-0.002446,-0.018287,0.000000,0.008540,-0.066294,0.000000,0.013999,0
1790548009.3222,-0.003633,0.044953,-0.019427,-0.052180,-0.003633,0.000000,0.120000,0.000000,0.880164,-0.001090,-0.018338,0.000000,0.013486,-0.065666,0.000000,0.013973,0
1790548009.3362,0.002763,0.044722,-0.017470,-0.051622,0.002763,0.000000,0.120000,0.000000,0.910641,0.000829,-0.018299,0.000000,0.013417,-0.065039,-0.000000,0.014019,0
1790548009.3503,-0.006213,0.049930,-0.020250,-0.049363,-0.006213,0.000000,0.120000,0.000000,0.941010,-0.001864,-0.018386,-0.000000,0.014979,-0.064342,0.000000,0.013970,0
1790548009.3643,-0.009587,0.055105,-0.021397,-0.047035,-0.009587,0.000000,0.120000,0.000000,0.971582,-0.002876,-0.018520,-0.000000,0.016531,-0.063567,0.000000,0.014063,0
1790548009.3783,-0.012796,0.058715,-0.022539,-0.045129,-0.012796,0.000000,0.120000,0.000000,0.002064,-0.003839,-0.018700,-0.000000,0.017614,-0.062743,0.000000,0.014022,0
1790548009.3920,-0.007412,0.050627,-0.021025,-0.046864,-0.007412,0.000000,0.120000,0.000000,0.031729,-0.002224,-0.018801,0.000000,0.015188,-0.062053,-0.000000,0.013646,0
1790548009.4056,0.000318,0.043352,-0.018701,-0.048455,0.000318,0.000000,0.120000,0.000000,0.061414,0.000095,-0.018797,0.000000,0.013006,-0.061461,-0.000000,0.013655,0
1790548009.4193,0.008472,0.037357,-0.016139,-0.049742,0.008472,0.000000,0.120000,0.000000,0.091184,0.002542,-0.018681,0.000000,0.011207,-0.060949,-0.000000,0.013694,0
1790548009.4331,0.014046,0.031683,-0.014273,-0.051006,0.014046,0.000000,0.120000,0.000000,0.121282,0.004214,-0.018486,0.000000,0.009505,-0.060510,-0.000000,0.013845,0
1790548009.4471,0.020110,0.027856,-0.012172,-0.051764,0.020110,0.000000,0.120000,0.000000,0.151669,0.006033,-0.018205,0.000000,0.008357,-0.060121,-0.000000,0.013978,0
1790548009.4614,0.025987,0.024121,-0.010045,-0.052547,0.025987,0.000000,0.120000,0.000000,0.182093,0.007796,-0.017841,0.000000,0.007236,-0.059783,-0.000000,0.013995,0
1790548009.4760,0.025727,0.021639,-0.009743,-0.052972,0.025727,0.000000,0.120000,0.000000,0.214215,0.007718,-0.017461,-0.000000,0.006492,-0.059464,-0.000000,0.014776,0
1790548009.4899,0.020947,0.017469,-0.010884,-0.053978,0.020947,0.000000,0.120000,0.000000,0.244673,0.006284,-0.017168,-0.000000,0.005241,-0.059219,-0.000000,0.014010,0
1790548009.5039,0.015228,0.020493,-0.012387,-0.052785,0.015228,0.000000,0.120000,0.000000,0.275035,0.004569,-0.016955,-0.000000,0.006148,-0.058933,0.000000,0.013967,0
1790548009.5180,0.011366,0.028901,-0.013386,-0.049857,0.011366,0.000000,0.120000,0.000000,0.305533,0.003410,-0.016796,-0.000000,0.008670,-0.058527,0.000000,0.014029,0
1790548009.5325,0.008477,0.036366,-0.014129,-0.047088,0.008477,0.000000,0.120000,0.000000,0.337171,0.002543,-0.016672,-0.000000,0.010910,-0.057998,0.000000,0.014553,0
1790548009.5466,0.006994,0.035597,-0.014476,-0.046818,0.006994,0.000000,0.120000,0.000000,0.367770,0.002098,-0.016574,-0.000000,0.010679,-0.057497,-0.000000,0.014076,0
1790548009.5608,0.004606,0.029871,-0.015126,-0.048109,0.004606,0.000000,0.120000,0.000000,0.398804,0.001382,-0.016508,-0.000000,0.008961,-0.057070,-0.000000,0.014275,0
1790548009.5748,0.001898,0.021277,-0.015912,-0.050390,0.001898,0.000000,0.120000,0.000000,0.429166,0.000569,-0.016482,-0.000000,0.006383,-0.056773,-0.000000,0.013967,0
1790548009.5886,-0.006233,0.010312,-0.018438,-0.053537,-0.006233,0.000000,0.120000,0.000000,0.459336,-0.001870,-0.016568,-0.000000,0.003093,-0.056630,-0.000000,0.013878,0
1790548009.6026,-0.016375,0.000382,-0.021709,-0.056510,-0.016375,0.000000,0.120000,0.000000,0.489707,-0.004913,-0.016797,-0.000000,0.000115,-0.056625,-0.000000,0.013971,0
1790548009.6165,-0.028401,-0.007857,-0.025711,-0.059091,-0.028401,0.000000,0.120000,0.000000,0.519866,-0.008520,-0.017191,-0.000000,-0.002357,-0.056734,-0.000000,0.013873,0
1790548009.6301,-0.041880,-0.014276,-0.030326,-0.061211,-0.041880,0.000000,0.120000,0.000000,0.549505,-0.012564,-0.017762,-0.000000,-0.004283,-0.056929,-0.000000,0.013634,0
1790548009.6438,-0.053928,-0.021988,-0.034676,-0.063825,-0.053928,0.000000,0.120000,0.000000,0.579174,-0.016178,-0.018498,-0.000000,-0.006596,-0.057229,-0.000000,0.013648,0
1790548009.6578,-0.062643,-0.028991,-0.038167,-0.066331,-0.062643,0.000000,0.120000,0.000000,0.609569,-0.018793,-0.019374,-0.000000,-0.008697,-0.057634,-0.000000,0.013982,0
1790548009.6717,-0.058356,-0.032997,-0.037695,-0.067994,-0.058356,0.000000,0.120000,0.000000,0.639930,-0.017507,-0.020189,0.000000,-0.009899,-0.058095,-0.000000,0.013966,0
1790548009.6856,-0.051228,-0.032032,-0.036271,-0.068151,-0.051228,0.000000,0.120000,0.000000,0.670217,-0.015368,-0.020902,0.000000,-0.009610,-0.058541,0.000000,0.013932,0
1790548009.6996,-0.044331,-0.029761,-0.034821,-0.067885,-0.044331,0.000000,0.120000,0.000000,0.700568,-0.013299,-0.021521,0.000000,-0.008928,-0.058957,0.000000,0.013962,0
1790548009.7142,-0.036597,-0.024427,-0.033017,-0.066629,-0.036597,0.000000,0.120000,0.000000,0.731239,-0.010979,-0.022038,0.000000,-0.007328,-0.059301,0.000000,0.014109,0
1790548009.7289,-0.029438,-0.010149,-0.031313,-0.062499,-0.029438,0.000000,0.120000,0.000000,0.764032,-0.008831,-0.022482,0.000000,-0.003045,-0.059454,0.000000,0.015085,0
1790548009.7427,-0.019063,0.008978,-0.028466,-0.056636,-0.019063,0.000000,0.120000,0.000000,0.794276,-0.005719,-0.022747,0.000000,0.002694,-0.059329,0.000000,0.013912,0
1790548009.7567,-0.005303,0.026896,-0.024412,-0.050884,-0.005303,0.000000,0.120000,0.000000,0.824708,-0.001591,-0.022821,0.000000,0.008069,-0.058953,0.000000,0.013999,0
1790548009.7706,0.002438,0.039162,-0.022056,-0.046662,0.002438,0.000000,0.120000,0.000000,0.854826,0.000731,-0.022787,0.000000,0.011748,-0.058410,0.000000,0.013854,0
1790548009.7847,0.010546,0.039642,-0.019475,-0.045960,0.010546,0.000000,0.120000,0.000000,0.885411,0.003164,-0.022639,0.000000,0.011893,-0.057853,0.000000,0.014069,0
1790548009.7987,0.025676,0.036379,-0.014574,-0.046426,0.025676,0.000000,0.120000,0.000000,0.916041,0.007703,-0.022277,0.000000,0.010914,-0.057340,-0.000000,0.014090,0
1790548009.8127,0.021510,0.032179,-0.015525,-0.047239,0.021510,0.000000,0.120000,0.000000,0.946247,0.006453,-0.021978,-0.000000,0.009654,-0.056893,-0.000000,0.013895,0
1790548009.8266,0.024479,0.025939,-0.014294,-0.048750,0.024479,0.000000,0.120000,0.000000,0.976550,0.007344,-0.021637,0.000000,0.007782,-0.056531,-0.000000,0.013940,0
1790548009.8405,0.036795,0.016282,-0.010085,-0.051419,0.036795,0.000000,0.120000,0.000000,0.006923,0.011039,-0.021123,0.000000,0.004885,-0.056304,-0.000000,0.013971,0
1790548009.8541,0.042840,0.003454,-0.007689,-0.055221,0.042840,0.000000,0.120000,0.000000,0.036486,0.012852,-0.020541,0.000000,0.001036,-0.056257,-0.000000,0.013599,0
1790548009.8677,0.052650,-0.003071,-0.004031,-0.057220,0.052650,0.000000,0.120000,0.000000,0.065982,0.015795,-0.019826,0.000000,-0.000921,-0.056299,-0.000000,0.013568,0
1790548009.8817,0.055819,-0.007745,-0.002303,-0.058730,0.055819,0.000000,0.120000,0.000000,0.096287,0.016746,-0.019048,0.000000,-0.002324,-0.056407,-0.000000,0.013940,0
1790548009.8960,0.059105,-0.013914,-0.000475,-0.060779,0.059105,0.000000,0.120000,0.000000,0.127230,0.017732,-0.018207,0.000000,-0.004174,-0.056605,-0.000000,0.014234,0
1790548009.9100,0.064938,-0.020656,0.002192,-0.063093,0.064938,0.000000,0.120000,0.000000,0.157924,0.019481,-0.017290,0.000000,-0.006197,-0.056896,-0.000000,0.014119,0
1790548009.9239,0.055915,-0.024236,0.000263,-0.064505,0.055915,0.000000,0.120000,0.000000,0.188199,0.016774,-0.016511,-0.000000,-0.007271,-0.057234,-0.000000,0.013927,0
1790548009.9379,0.048997,-0.017528,-0.001126,-0.062738,0.048997,0.000000,0.120000,0.000000,0.218621,0.014699,-0.015826,-0.000000,-0.005258,-0.057479,0.000000,0.013994,0
1790548009.9519,0.045535,-0.004919,-0.001527,-0.059024,0.045535,0.000000,0.120000,0.000000,0.249055,0.013661,-0.015188,-0.000000,-0.001476,-0.057548,0.000000,0.013999,0
1790548009.9661,0.045350,0.006979,-0.000953,-0.055357,0.045350,0.000000,0.120000,0.000000,0.279266,0.013605,-0.014558,-0.000000,0.002094,-0.057451,0.000000,0.013897,0
1790548009.9802,0.039187,0.024707,-0.002238,-0.049683,0.039187,0.000000,0.120000,0.000000,0.310548,0.011756,-0.013994,-0.000000,0.007412,-0.057095,0.000000,0.014390,0
1790548009.9942,0.027691,0.038460,-0.005299,-0.045019,0.027691,0.000000,0.120000,0.000000,0.340957,0.008307,-0.013607,-0.000000,0.011538,-0.056557,0.000000,0.013988,0
1790548010.0083,0.029295,0.040877,-0.004407,-0.043720,0.029295,0.000000,0.120000,0.000000,0.371499,0.008788,-0.013195,0.000000,0.012263,-0.055983,0.000000,0.014050,0
1790548010.0222,0.032927,0.037494,-0.002855,-0.044209,0.032927,0.000000,0.120000,0.000000,0.401996,0.009878,-0.012733,0.000000,0.011248,-0.055457,-0.000000,0.014029,0
1790548010.0361,0.023553,0.033491,-0.005341,-0.044946,0.023553,0.000000,0.120000,0.000000,0.432107,0.007066,-0.012407,-0.000000,0.010047,-0.054993,-0.000000,0.013851,0
1790548010.0502,0.021976,0.029800,-0.005505,-0.045634,0.021976,0.000000,0.120000,0.000000,0.462707,0.006593,-0.012098,-0.000000,0.008940,-0.054574,-0.000000,0.014076,0
1790548010.0642,0.011272,0.021654,-0.008557,-0.047773,0.011272,0.000000,0.120000,0.000000,0.493248,0.003382,-0.011939,-0.000000,0.006496,-0.054270,-0.000000,0.014049,0
1790548010.0780,-0.001072,0.012399,-0.012275,-0.050379,-0.001072,0.000000,0.120000,0.000000,0.523271,-0.000322,-0.011954,-0.000000,0.003720,-0.054098,-0.000000,0.013811,0
1790548010.0916,-0.014983,0.001766,-0.016652,-0.053544,-0.014983,0.000000,0.120000,0.000000,0.552711,-0.004495,-0.012157,-0.000000,0.000530,-0.054074,-0.000000,0.013542,0
1790548010.1052,-0.031186,-0.007410,-0.021939,-0.056399,-0.031186,0.000000,0.120000,0.000000,0.582420,-0.009356,-0.012583,-0.000000,-0.002223,-0.054176,-0.000000,0.013666,0
1790548010.1192,-0.038790,-0.013461,-0.024762,-0.058402,-0.038790,0.000000,0.120000,0.000000,0.612780,-0.011637,-0.013125,-0.000000,-0.004038,-0.054364,-0.000000,0.013966,0
1790548010.1332,-0.033964,-0.015300,-0.023789,-0.059168,-0.033964,0.000000,0.120000,0.000000,0.643205,-0.010189,-0.013600,0.000000,-0.004590,-0.054578,-0.000000,0.013995,0
1790548010.1472,-0.028623,-0.011128,-0.022588,-0.058072,-0.028623,0.000000,0.120000,0.000000,0.673664,-0.008587,-0.014001,0.000000,-0.003338,-0.054734,0.000000,0.014011,0
1790548010.1611,-0.026895,-0.005945,-0.022443,-0.056600,-0.026895,0.000000,0.120000,0.000000,0.703814,-0.008068,-0.014374,0.000000,-0.001784,-0.054816,0.000000,0.013869,0
1790548010.1750,-0.017579,0.004326,-0.019893,-0.053458,-0.017579,0.000000,0.120000,0.000000,0.734070,-0.005274,-0.014619,0.000000,0.001298,-0.054756,0.000000,0.013918,0
1790548010.1889,-0.010176,0.017096,-0.017813,-0.049389,-0.010176,0.000000,0.120000,0.000000,0.764302,-0.003053,-0.014760,0.000000,0.005129,-0.054518,0.000000,0.013907,0
1790548010.2028,-0.002003,0.030035,-0.015389,-0.045090,-0.002003,0.000000,0.120000,0.000000,0.794531,-0.000601,-0.014788,0.000000,0.009010,-0.054101,0.000000,0.013905,0
1790548010.2171,0.000573,0.037599,-0.014608,-0.042294,0.000573,0.000000,0.120000,0.000000,0.824974,0.000172,-0.014780,0.000000,0.011280,-0.053574,0.000000,0.014004,0
1790548010.2315,0.002985,0.035094,-0.013841,-0.042538,0.002985,0.000000,0.120000,0.000000,0.856452,0.000896,-0.014737,0.000000,0.010528,-0.053066,-0.000000,0.014480,0
1790548010.2455,0.015038,0.031311,-0.010013,-0.043229,0.015038,0.000000,0.120000,0.000000,0.887263,0.004511,-0.014524,0.000000,0.009393,-0.052622,-0.000000,0.014173,0
1790548010.2595,0.015580,0.028387,-0.009632,-0.043709,0.015580,0.000000,0.120000,0.000000,0.917650,0.004674,-0.014306,0.000000,0.008516,-0.052225,-0.000000,0.013978,0
1790548010.2734,0.022678,0.023084,-0.007186,-0.044978,0.022678,0.000000,0.120000,0.000000,0.947968,0.006803,-0.013990,0.000000,0.006925,-0.051903,-0.000000,0.013947,0
1790548010.2873,0.037084,0.011759,-0.002349,-0.048212,0.037084,0.000000,0.120000,0.000000,0.978183,0.011125,-0.013474,0.000000,0.003528,-0.051740,-0.000000,0.013899,0
1790548010.3012,0.050202,0.001118,0.002282,-0.051389,0.050202,0.000000,0.120000,0.000000,0.008314,0.015061,-0.012779,0.000000,0.000335,-0.051724,-0.000000,0.013860,0
1790548010.3147,0.057335,-0.001132,0.005200,-0.052079,0.057335,0.000000,0.120000,0.000000,0.037812,0.017200,-0.012001,0.000000,-0.000339,-0.051740,-0.000000,0.013569,0
1790548010.3282,0.061727,-0.003795,0.007355,-0.052930,0.061727,0.000000,0.120000,0.000000,0.067307,0.018518,-0.011163,0.000000,-0.001138,-0.051791,-0.000000,0.013568,0
1790548010.3421,0.065490,-0.011219,0.009388,-0.055312,0.065490,0.000000,0.120000,0.000000,0.097310,0.019647,-0.010259,0.000000,-0.003366,-0.051946,-0.000000,0.013801,0
1790548010.3562,0.072266,-0.019263,0.012440,-0.057997,0.072266,0.000000,0.120000,0.000000,0.127973,0.021680,-0.009240,0.000000,-0.005779,-0.052218,-0.000000,0.014105,0
1790548010.3702,0.067394,-0.024393,0.011916,-0.059875,0.067394,0.000000,0.120000,0.000000,0.158215,0.020218,-0.008302,-0.000000,-0.007318,-0.052557,-0.000000,0.013911,0
1790548010.3842,0.061720,-0.018689,0.011084,-0.058427,0.061720,0.000000,0.120000,0.000000,0.188853,0.018516,-0.007432,-0.000000,-0.005607,-0.052821,0.000000,0.014094,0
1790548010.3981,0.052263,-0.009755,0.008975,-0.055883,0.052263,0.000000,0.120000,0.000000,0.219153,0.015679,-0.006704,-0.000000,-0.002927,-0.052957,0.000000,0.013938,0
1790548010.4121,0.049168,-0.001473,0.008733,-0.053419,0.049168,0.000000,0.120000,0.000000,0.249526,0.014750,-0.006017,-0.000000,-0.000442,-0.052977,0.000000,0.013972,0
1790548010.4261,0.043245,0.011363,0.007560,-0.049409,0.043245,0.000000,0.120000,0.000000,0.279893,0.012973,-0.005413,-0.000000,0.003409,-0.052818,0.000000,0.013969,0
1790548010.4400,0.038484,0.021023,0.006668,-0.046218,0.038484,0.000000,0.120000,0.000000,0.310183,0.011545,-0.004877,-0.000000,0.006307,-0.052525,0.000000,0.013933,0
1790548010.4538,0.028282,0.035371,0.003998,-0.041426,0.028282,0.000000,0.120000,0.000000,0.340199,0.008484,-0.004486,-0.000000,0.010611,-0.052037,0.000000,0.013808,0
1790548010.4681,0.015892,0.052203,0.000503,-0.035647,0.015892,0.000000,0.120000,0.000000,0.370549,0.004767,-0.004264,-0.000000,0.015661,-0.051308,0.000000,0.013961,0
1790548010.4824,0.025774,0.052612,0.003842,-0.034761,0.025774,0.000000,0.120000,0.000000,0.402121,0.007732,-0.003890,0.000000,0.015784,-0.050544,0.000000,0.014523,0
1790548010.4964,0.022998,0.047664,0.003332,-0.035576,0.022998,0.000000,0.120000,0.000000,0.432645,0.006899,-0.003567,-0.000000,0.014299,-0.049875,-0.000000,0.014041,0
1790548010.5104,0.016706,0.044175,0.001678,-0.036004,0.016706,0.000000,0.120000,0.000000,0.463067,0.005012,-0.003333,-0.000000,0.013252,-0.049257,-0.000000,0.013994,0
1790548010.5244,0.011256,0.038235,0.000202,-0.037249,0.011256,0.000000,0.120000,0.000000,0.493629,0.003377,-0.003175,-0.000000,0.011470,-0.048719,-0.000000,0.014058,0
1790548010.5383,0.000281,0.030637,-0.003087,-0.039103,0.000281,0.000000,0.120000,0.000000,0.523816,0.000084,-0.003171,-0.000000,0.009191,-0.048294,-0.000000,0.013886,0
1790548010.5519,-0.013374,0.021738,-0.007366,-0.041476,-0.013374,0.000000,0.120000,0.000000,0.553413,-0.004012,-0.003353,-0.000000,0.006521,-0.047998,-0.000000,0.013615,0
1790548010.5653,-0.025483,0.012136,-0.011341,-0.044194,-0.025483,0.000000,0.120000,0.000000,0.582671,-0.007645,-0.003696,-0.000000,0.003641,-0.047834,-0.000000,0.013459,0
1790548010.5794,-0.037028,0.005829,-0.015323,-0.046004,-0.037028,0.000000,0.120000,0.000000,0.613066,-0.011109,-0.004214,-0.000000,0.001749,-0.047753,-0.000000,0.013982,0
1790548010.5946,-0.046923,-0.000105,-0.018973,-0.047786,-0.046923,0.000000,0.120000,0.000000,0.644642,-0.014077,-0.004896,-0.000000,-0.000032,-0.047755,-0.000000,0.014525,0
1790548010.6091,-0.040154,-0.006086,-0.017543,-0.049671,-0.040154,0.000000,0.120000,0.000000,0.677184,-0.012046,-0.005497,0.000000,-0.001826,-0.047846,-0.000000,0.014969,0
1790548010.6236,-0.032988,-0.002909,-0.015871,-0.048761,-0.032988,0.000000,0.120000,0.000000,0.708673,-0.009896,-0.005975,0.000000,-0.000873,-0.047888,0.000000,0.014485,0
1790548010.6381,-0.022532,0.003265,-0.013065,-0.046860,-0.022532,0.000000,0.120000,0.000000,0.740586,-0.006760,-0.006305,0.000000,0.000979,-0.047840,0.000000,0.014680,0
1790548010.6528,-0.012804,0.013559,-0.010332,-0.043576,-0.012804,0.000000,0.120000,0.000000,0.772087,-0.003841,-0.006491,0.000000,0.004068,-0.047643,0.000000,0.014491,0
1790548010.6669,-0.005613,0.025379,-0.008255,-0.039666,-0.005613,0.000000,0.120000,0.000000,0.803236,-0.001684,-0.006571,0.000000,0.007614,-0.047280,0.000000,0.014328,0
1790548010.6806,0.002860,0.036698,-0.005674,-0.035765,0.002860,0.000000,0.120000,0.000000,0.833198,0.000858,-0.006532,0.000000,0.011009,-0.046774,0.000000,0.013782,0
1790548010.6944,-0.006240,0.041780,-0.008489,-0.033666,-0.006240,0.000000,0.120000,0.000000,0.863078,-0.001872,-0.006618,-0.000000,0.012534,-0.046200,0.000000,0.013745,0
1790548010.7085,0.004364,0.041687,-0.005247,-0.033106,0.004364,0.000000,0.120000,0.000000,0.893715,0.001309,-0.006556,0.000000,0.012506,-0.045612,-0.000000,0.014093,0
1790548010.7229,0.010576,0.041526,-0.003234,-0.032567,0.010576,0.000000,0.120000,0.000000,0.924478,0.003173,-0.006406,0.000000,0.012458,-0.045025,-0.000000,0.014151,0
1790548010.7375,0.009235,0.034619,-0.003500,-0.034127,0.009235,0.000000,0.120000,0.000000,0.956602,0.002770,-0.006270,-0.000000,0.010386,-0.044513,-0.000000,0.014777,0
1790548010.7517,0.021431,0.025255,0.000464,-0.036577,0.021431,0.000000,0.120000,0.000000,0.987515,0.006429,-0.005965,0.000000,0.007576,-0.044154,-0.000000,0.014220,0
1790548010.7658,0.033193,0.013247,0.004463,-0.039992,0.033193,0.000000,0.120000,0.000000,0.018332,0.009958,-0.005495,0.000000,0.003974,-0.043966,-0.000000,0.014176,0
1790548010.7798,0.042535,0.001752,0.007858,-0.043416,0.042535,0.000000,0.120000,0.000000,0.048601,0.012760,-0.004902,0.000000,0.000525,-0.043942,-0.000000,0.013924,0
1790548010.7937,0.054679,-0.007523,0.012262,-0.046303,0.054679,0.000000,0.120000,0.000000,0.078869,0.016404,-0.004141,0.000000,-0.002257,-0.044046,-0.000000,0.013923,0
1790548010.8077,0.063720,-0.017070,0.015868,-0.049407,0.063720,0.000000,0.120000,0.000000,0.109349,0.019116,-0.003248,0.000000,-0.005121,-0.044286,-0.000000,0.014021,0
1790548010.8219,0.071911,-0.025374,0.019348,-0.052259,0.071911,0.000000,0.120000,0.000000,0.140260,0.021573,-0.002225,0.000000,-0.007612,-0.044647,-0.000000,0.014219,0
1790548010.8360,0.059808,-0.027789,0.016565,-0.053377,0.059808,0.000000,0.120000,0.000000,0.171088,0.017942,-0.001377,-0.000000,-0.008337,-0.045041,-0.000000,0.014181,0
1790548010.8500,0.050478,-0.023458,0.014470,-0.052405,0.050478,0.000000,0.120000,0.000000,0.201382,0.015143,-0.000674,-0.000000,-0.007037,-0.045368,0.000000,0.013935,0
1790548010.8639,0.042223,-0.014208,0.012580,-0.049828,0.042223,0.000000,0.120000,0.000000,0.231613,0.012667,-0.000087,-0.000000,-0.004262,-0.045565,0.000000,0.013906,0
1790548010.8779,0.040184,-0.005038,0.012527,-0.047147,0.040184,0.000000,0.120000,0.000000,0.261827,0.012055,0.000472,-0.000000,-0.001512,-0.045635,0.000000,0.013898,0
1790548010.8921,0.036365,0.009249,0.011902,-0.042728,0.036365,0.000000,0.120000,0.000000,0.292955,0.010909,0.000993,-0.000000,0.002775,-0.045503,0.000000,0.014319,0
1790548010.9062,0.035101,0.020264,0.012016,-0.039139,0.035101,0.000000,0.120000,0.000000,0.323488,0.010530,0.001486,-0.000000,0.006079,-0.045218,0.000000,0.014045,0
1790548010.9202,0.029108,0.034592,0.010625,-0.034357,0.029108,0.000000,0.120000,0.000000,0.353885,0.008732,0.001893,-0.000000,0.010377,-0.044734,0.000000,0.013983,0
1790548010.9342,0.021524,0.046654,0.008653,-0.030082,0.021524,0.000000,0.120000,0.000000,0.384455,0.006457,0.002195,-0.000000,0.013996,-0.044078,0.000000,0.014062,0
1790548010.9483,0.025551,0.046914,0.010222,-0.029341,0.025551,0.000000,0.120000,0.000000,0.415168,0.007665,0.002556,0.000000,0.014074,-0.043416,0.000000,0.014128,0
1790548010.9623,0.013137,0.041808,0.006681,-0.030288,0.013137,0.000000,0.120000,0.000000,0.445583,0.003941,0.002740,-0.000000,0.012542,-0.042831,-0.000000,0.013991,0
1790548010.9767,0.010549,0.035139,0.006053,-0.031795,0.010549,0.000000,0.120000,0.000000,0.476157,0.003165,0.002889,-0.000000,0.010542,-0.042336,-0.000000,0.014064,0
1790548010.9909,-0.000647,0.026727,0.002685,-0.033931,-0.000647,0.000000,0.120000,0.000000,0.507692,-0.000194,0.002879,-0.000000,0.008018,-0.041949,-0.000000,0.014506,0
1790548011.0047,-0.013434,0.016386,-0.001335,-0.036808,-0.013434,0.000000,0.120000,0.000000,0.537518,-0.004030,0.002695,-0.000000,0.004916,-0.041724,-0.000000,0.013720,0
1790548011.0184,-0.025520,0.005062,-0.005313,-0.040135,-0.025520,0.000000,0.120000,0.000000,0.567520,-0.007656,0.002343,-0.000000,0.001519,-0.041654,-0.000000,0.013801,0
1790548011.0325,-0.036635,-0.003424,-0.009165,-0.042729,-0.036635,0.000000,0.120000,0.000000,0.598221,-0.010991,0.001825,-0.000000,-0.001027,-0.041702,-0.000000,0.014122,0
1790548011.0466,-0.047254,-0.009329,-0.013011,-0.044631,-0.047254,0.000000,0.120000,0.000000,0.628596,-0.014176,0.001165,-0.000000,-0.002799,-0.041833,-0.000000,0.013972,0
1790548011.0607,-0.055345,-0.015963,-0.016223,-0.046848,-0.055345,0.000000,0.120000,0.000000,0.659418,-0.016603,0.000380,-0.000000,-0.004789,-0.042059,-0.000000,0.014178,0
1790548011.0747,-0.052503,-0.016974,-0.016109,-0.047390,-0.052503,0.000000,0.120000,0.000000,0.689984,-0.015751,-0.000358,0.000000,-0.005092,-0.042298,-0.000000,0.014060,0
1790548011.0888,-0.044981,-0.012209,-0.014482,-0.046132,-0.044981,0.000000,0.120000,0.000000,0.720448,-0.013494,-0.000988,0.000000,-0.003663,-0.042469,0.000000,0.014013,0
1790548011.1028,-0.035259,-0.001080,-0.012059,-0.042808,-0.035259,0.000000,0.120000,0.000000,0.750843,-0.010578,-0.001481,0.000000,-0.000324,-0.042484,0.000000,0.013982,0
1790548011.1170,-0.025336,0.012019,-0.009440,-0.038708,-0.025336,0.000000,0.120000,0.000000,0.781552,-0.007601,-0.001839,0.000000,0.003606,-0.042314,0.000000,0.014126,0
1790548011.1311,-0.019749,0.026694,-0.008045,-0.033926,-0.019749,0.000000,0.120000,0.000000,0.812476,-0.005925,-0.002120,0.000000,0.008008,-0.041934,0.000000,0.014225,0
1790548011.1450,-0.013511,0.039072,-0.006361,-0.029670,-0.013511,0.000000,0.120000,0.000000,0.842659,-0.004053,-0.002308,0.000000,0.011722,-0.041392,0.000000,0.013885,0
1790548011.1591,-0.014078,0.038913,-0.006728,-0.029173,-0.014078,0.000000,0.120000,0.000000,0.873117,-0.004223,-0.002505,-0.000000,0.011674,-0.040847,-0.000000,0.014011,0
1790548011.1732,-0.008470,0.037119,-0.005166,-0.029184,-0.008470,0.000000,0.120000,0.000000,0.903985,-0.002541,-0.002625,0.000000,0.011136,-0.040320,-0.000000,0.014199,0
1790548011.1873,-0.004174,0.032112,-0.003936,-0.030233,-0.004174,0.000000,0.120000,0.000000,0.934690,-0.001252,-0.002684,0.000000,0.009633,-0.039866,-0.000000,0.014124,0
1790548011.2013,-0.000215,0.027136,-0.002752,-0.031345,-0.000215,0.000000,0.120000,0.000000,0.965149,-0.000065,-0.002687,0.000000,0.008141,-0.039486,-0.000000,0.014011,0
1790548011.2153,0.010868,0.018929,0.000725,-0.033544,0.010868,0.000000,0.120000,0.000000,0.995420,0.003260,-0.002536,0.000000,0.005679,-0.039222,-0.000000,0.013925,0
1790548011.2300,0.019614,0.006055,0.003632,-0.037318,0.019614,0.000000,0.120000,0.000000,0.026814,0.005884,-0.002253,0.000000,0.001816,-0.039135,-0.000000,0.014441,0
1790548011.2441,0.030468,-0.009036,0.007323,-0.041975,0.030468,0.000000,0.120000,0.000000,0.057857,0.009140,-0.001817,0.000000,-0.002711,-0.039264,-0.000000,0.014280,0
1790548011.2580,0.041579,-0.020942,0.011235,-0.045838,0.041579,0.000000,0.120000,0.000000,0.088101,0.012474,-0.001239,0.000000,-0.006283,-0.039555,-0.000000,0.013912,0
1790548011.2723,0.052118,-0.030451,0.015144,-0.049127,0.052118,0.000000,0.120000,0.000000,0.119289,0.015635,-0.000491,0.000000,-0.009135,-0.039992,-0.000000,0.014346,0
1790548011.2862,0.060989,-0.037576,0.018660,-0.051792,0.060989,0.000000,0.120000,0.000000,0.149760,0.018297,0.000364,0.000000,-0.011273,-0.040519,-0.000000,0.014017,0
1790548011.3003,0.051696,-0.042540,0.016595,-0.053875,0.051696,0.000000,0.120000,0.000000,0.180130,0.015509,0.001086,-0.000000,-0.012762,-0.041113,-0.000000,0.013970,0
1790548011.3145,0.045493,-0.033880,0.015385,-0.051762,0.045493,0.000000,0.120000,0.000000,0.211249,0.013648,0.001737,-0.000000,-0.010164,-0.041598,0.000000,0.014315,0
1790548011.3286,0.039866,-0.023992,0.014256,-0.049132,0.039866,0.000000,0.120000,0.000000,0.241754,0.011960,0.002296,-0.000000,-0.007198,-0.041935,0.000000,0.014032,0
1790548011.3425,0.036773,-0.013491,0.013842,-0.046170,0.036773,0.000000,0.120000,0.000000,0.272095,0.011032,0.002810,-0.000000,-0.004047,-0.042123,0.000000,0.013957,0
1790548011.3564,0.031459,0.002609,0.012685,-0.041304,0.031459,0.000000,0.120000,0.000000,0.302332,0.009438,0.003247,-0.000000,0.000783,-0.042087,0.000000,0.013909,0
1790548011.3707,0.019628,0.018987,0.009413,-0.036122,0.019628,0.000000,0.120000,0.000000,0.333077,0.005888,0.003525,-0.000000,0.005696,-0.041818,0.000000,0.014143,0
1790548011.3849,0.007705,0.031575,0.005946,-0.031895,0.007705,0.000000,0.120000,0.000000,0.364115,0.002311,0.003635,-0.000000,0.009472,-0.041367,0.000000,0.014277,0
1790548011.3989,0.006863,0.036889,0.005790,-0.029783,0.006863,0.000000,0.120000,0.000000,0.394645,0.002059,0.003731,-0.000000,0.011067,-0.040849,0.000000,0.014044,0
1790548011.4131,0.002980,0.037129,0.004667,-0.029186,0.002980,0.000000,0.120000,0.000000,0.425377,0.000894,0.003773,-0.000000,0.011139,-0.040324,0.000000,0.014137,0
1790548011.4272,-0.002139,0.038514,0.003101,-0.028223,-0.002139,0.000000,0.120000,0.000000,0.456236,-0.000642,0.003743,-0.000000,0.011554,-0.039778,0.000000,0.014195,0
1790548011.4411,-0.002971,0.034772,0.002810,-0.028862,-0.002971,0.000000,0.120000,0.000000,0.486506,-0.000891,0.003702,-0.000000,0.010431,-0.039294,-0.000000,0.013924,0
1790548011.4551,-0.013392,0.028801,-0.000503,-0.030252,-0.013392,0.000000,0.120000,0.000000,0.516779,-0.004018,0.003515,-0.000000,0.008640,-0.038893,-0.000000,0.013926,0
1790548011.4688,-0.025253,0.021242,-0.004406,-0.032229,-0.025253,0.000000,0.120000,0.000000,0.546524,-0.007576,0.003170,-0.000000,0.006373,-0.038602,-0.000000,0.013683,0
1790548011.4828,-0.034819,0.012008,-0.007757,-0.034834,-0.034819,0.000000,0.120000,0.000000,0.576559,-0.010446,0.002688,-0.000000,0.003602,-0.038436,-0.000000,0.013816,0
1790548011.4969,-0.043760,0.005576,-0.011064,-0.036684,-0.043760,0.000000,0.120000,0.000000,0.607576,-0.013128,0.002064,-0.000000,0.001673,-0.038356,-0.000000,0.014268,0
1790548011.5109,-0.052981,0.001080,-0.014573,-0.038017,-0.052981,0.000000,0.120000,0.000000,0.638049,-0.015894,0.001321,-0.000000,0.000324,-0.038341,-0.000000,0.014017,0
1790548011.5249,-0.060001,-0.005032,-0.017521,-0.039921,-0.060001,0.000000,0.120000,0.000000,0.668557,-0.018000,0.000479,-0.000000,-0.001510,-0.038412,-0.000000,0.014034,0
1790548011.5388,-0.062925,-0.013863,-0.019271,-0.042763,-0.062925,0.000000,0.120000,0.000000,0.698725,-0.018877,-0.000394,-0.000000,-0.004159,-0.038604,-0.000000,0.013877,0
1790548011.5526,-0.049075,-0.014583,-0.015799,-0.043182,-0.049075,0.000000,0.120000,0.000000,0.728959,-0.014723,-0.001076,0.000000,-0.004375,-0.038807,-0.000000,0.013908,0
1790548011.5665,-0.041737,-0.007793,-0.014176,-0.041253,-0.041737,0.000000,0.120000,0.000000,0.759117,-0.012521,-0.001655,0.000000,-0.002338,-0.038915,0.000000,0.013872,0
1790548011.5804,-0.034270,0.000609,-0.012413,-0.038724,-0.034270,0.000000,0.120000,0.000000,0.789363,-0.010281,-0.002132,0.000000,0.000183,-0.038907,0.000000,0.013913,0
1790548011.5944,-0.028653,0.012712,-0.011127,-0.034916,-0.028653,0.000000,0.120000,0.000000,0.819628,-0.008596,-0.002531,0.000000,0.003814,-0.038730,0.000000,0.013922,0
1790548011.6083,-0.027533,0.024426,-0.011175,-0.031061,-0.027533,0.000000,0.120000,0.000000,0.849970,-0.008260,-0.002915,0.000000,0.007328,-0.038389,0.000000,0.013958,0
1790548011.6222,-0.027761,0.026008,-0.011629,-0.030226,-0.027761,0.000000,0.120000,0.000000,0.880117,-0.008328,-0.003300,-0.000000,0.007802,-0.038028,0.000000,0.013868,0
1790548011.6360,-0.026487,0.024653,-0.011613,-0.030291,-0.026487,0.000000,0.120000,0.000000,0.910197,-0.007946,-0.003667,0.000000,0.007396,-0.037687,-0.000000,0.013837,0
1790548011.6500,-0.023959,0.019642,-0.011189,-0.031520,-0.023959,0.000000,0.120000,0.000000,0.940531,-0.007188,-0.004001,0.000000,0.005892,-0.037413,-0.000000,0.013954,0
1790548011.6640,-0.019424,0.015961,-0.010100,-0.032401,-0.019424,0.000000,0.120000,0.000000,0.970945,-0.005827,-0.004273,0.000000,0.004788,-0.037190,-0.000000,0.013990,0
1790548011.6784,-0.008333,0.008299,-0.006892,-0.034581,-0.008333,0.000000,0.120000,0.000000,0.002059,-0.002500,-0.004392,0.000000,0.002490,-0.037071,-0.000000,0.014313,0
1790548011.6921,-0.000254,-0.005079,-0.004472,-0.038664,-0.000254,0.000000,0.120000,0.000000,0.031979,-0.000076,-0.004396,0.000000,-0.001524,-0.037141,-0.000000,0.013763,0
1790548011.7058,0.010745,-0.018372,-0.001025,-0.042905,0.010745,0.000000,0.120000,0.000000,0.061842,0.003223,-0.004248,0.000000,-0.005512,-0.037393,-0.000000,0.013737,0
1790548011.7194,0.021045,-0.027316,0.002353,-0.045961,0.021045,0.000000,0.120000,0.000000,0.091561,0.006314,-0.003960,0.000000,-0.008195,-0.037767,-0.000000,0.013671,0
1790548011.7341,0.031706,-0.035959,0.006003,-0.049066,0.031706,0.000000,0.120000,0.000000,0.122490,0.009512,-0.003509,0.000000,-0.010788,-0.038278,-0.000000,0.014227,0
1790548011.7488,0.041950,-0.045819,0.009700,-0.052705,0.041950,0.000000,0.120000,0.000000,0.154828,0.012585,-0.002885,0.000000,-0.013746,-0.038960,-0.000000,0.014875,0
1790548011.7628,0.031015,-0.045669,0.006858,-0.053306,0.031015,0.000000,0.120000,0.000000,0.185575,0.009305,-0.002447,-0.000000,-0.013701,-0.039606,0.000000,0.014144,0
1790548011.7767,0.025859,-0.036648,0.005672,-0.051111,0.025859,0.000000,0.120000,0.000000,0.215904,0.007758,-0.002086,-0.000000,-0.010994,-0.040117,0.000000,0.013951,0
1790548011.7907,0.022559,-0.027475,0.004998,-0.048745,0.022559,0.000000,0.120000,0.000000,0.246390,0.006768,-0.001769,-0.000000,-0.008242,-0.040502,0.000000,0.014023,0
1790548011.8046,0.017175,-0.018469,0.003622,-0.046300,0.017175,0.000000,0.120000,0.000000,0.276580,0.005153,-0.001531,-0.000000,-0.005541,-0.040759,0.000000,0.013888,0
1790548011.8185,0.013199,-0.006070,0.002613,-0.042664,0.013199,0.000000,0.120000,0.000000,0.306896,0.003960,-0.001347,-0.000000,-0.001821,-0.040843,0.000000,0.013945,0
1790548011.8324,0.009186,0.007770,0.001537,-0.038404,0.009186,0.000000,0.120000,0.000000,0.337252,0.002756,-0.001219,-0.000000,0.002331,-0.040735,0.000000,0.013964,0
1790548011.8464,0.001241,0.020880,-0.000829,-0.034179,0.001241,0.000000,0.120000,0.000000,0.367608,0.000372,-0.001201,-0.000000,0.006264,-0.040443,0.000000,0.013964,0
1790548011.8603,-0.001463,0.028060,-0.001660,-0.031634,-0.001463,0.000000,0.120000,0.000000,0.397901,-0.000439,-0.001222,-0.000000,0.008418,-0.040052,0.000000,0.013935,0
1790548011.8741,0.000737,0.027307,-0.000990,-0.031485,0.000737,0.000000,0.120000,0.000000,0.427799,0.000221,-0.001211,0.000000,0.008192,-0.039677,-0.000000,0.013753,0
1790548011.8881,-0.004551,0.025022,-0.002640,-0.031821,-0.004551,0.000000,0.120000,0.000000,0.458107,-0.001365,-0.001275,-0.000000,0.007506,-0.039328,-0.000000,0.013941,0
1790548011.9021,-0.004568,0.021149,-0.002709,-0.032688,-0.004568,0.000000,0.120000,0.000000,0.488511,-0.001370,-0.001339,-0.000000,0.006345,-0.039032,-0.000000,0.013986,0
1790548011.9160,-0.010792,0.018715,-0.004728,-0.033156,-0.010792,0.000000,0.120000,0.000000,0.518927,-0.003238,-0.001490,-0.000000,0.005614,-0.038770,-0.000000,0.013992,0
1790548011.9295,-0.019823,0.014944,-0.007705,-0.034085,-0.019823,0.000000,0.120000,0.000000,0.548327,-0.005947,-0.001758,-0.000000,0.004483,-0.038568,-0.000000,0.013524,0
1790548011.9431,-0.024474,0.008701,-0.009432,-0.035840,-0.024474,0.000000,0.120000,0.000000,0.577838,-0.007342,-0.002090,-0.000000,0.002610,-0.038450,-0.000000,0.013575,0
1790548011.9570,-0.033397,0.003868,-0.012574,-0.037236,-0.033397,0.000000,0.120000,0.000000,0.608104,-0.010019,-0.002555,-0.000000,0.001160,-0.038396,-0.000000,0.013922,0
1790548011.9710,-0.040887,0.000599,-0.015390,-0.038208,-0.040887,0.000000,0.120000,0.000000,0.638363,-0.012266,-0.003124,-0.000000,0.000180,-0.038388,-0.000000,0.013919,0
1790548011.9855,-0.046199,-0.001886,-0.017631,-0.038980,-0.046199,0.000000,0.120000,0.000000,0.668817,-0.013860,-0.003771,-0.000000,-0.000566,-0.038414,-0.000000,0.014009,0
1790548012.0000,-0.040817,-0.002215,-0.016625,-0.039112,-0.040817,0.000000,0.120000,0.000000,0.701244,-0.012245,-0.004380,0.000000,-0.000664,-0.038447,-0.000000,0.014916,0
1790548012.0141,-0.032961,0.006403,-0.014734,-0.036436,-0.032961,0.000000,0.120000,0.000000,0.731912,-0.009888,-0.004845,0.000000,0.001921,-0.038357,0.000000,0.014107,0
1790548012.0283,-0.025114,0.015302,-0.012737,-0.033548,-0.025114,0.000000,0.120000,0.000000,0.762894,-0.007534,-0.005203,0.000000,0.004591,-0.038139,0.000000,0.014252,0
1790548012.0423,-0.018556,0.022636,-0.011030,-0.031030,-0.018556,0.000000,0.120000,0.000000,0.793414,-0.005567,-0.005464,0.000000,0.006791,-0.037821,0.000000,0.014039,0
1790548012.0563,-0.021699,0.024441,-0.012277,-0.030147,-0.021699,0.000000,0.120000,0.000000,0.823843,-0.006510,-0.005767,-0.000000,0.007332,-0.037479,0.000000,0.013997,0
1790548012.0702,-0.024959,0.024756,-0.013602,-0.029708,-0.024959,0.000000,0.120000,0.000000,0.854079,-0.007488,-0.006115,-0.000000,0.007427,-0.037135,0.000000,0.013909,0
1790548012.0844,-0.016975,0.023289,-0.011446,-0.029820,-0.016975,0.000000,0.120000,0.000000,0.884741,-0.005092,-0.006354,0.000000,0.006987,-0.036806,-0.000000,0.014104,0
1790548012.0985,-0.014996,0.016579,-0.011065,-0.031598,-0.014996,0.000000,0.120000,0.000000,0.915497,-0.004499,-0.006566,0.000000,0.004974,-0.036572,-0.000000,0.014148,0
1790548012.1124,-0.011032,0.008141,-0.010030,-0.034015,-0.011032,0.000000,0.120000,0.000000,0.945956,-0.003309,-0.006721,0.000000,0.002442,-0.036458,-0.000000,0.014011,0
1790548012.1265,-0.004595,0.000103,-0.008163,-0.036425,-0.004595,0.000000,0.120000,0.000000,0.976267,-0.001378,-0.006785,0.000000,0.000031,-0.036456,-0.000000,0.013943,0
1790548012.1405,0.000000,-0.008292,-0.006785,-0.039060,0.000000,0.000000,0.120000,0.000000,0.006727,0.000000,-0.006785,0.000000,-0.002488,-0.036572,-0.000000,0.014012,0
1790548012.1542,0.004443,-0.014574,-0.005391,-0.041144,0.004443,0.000000,0.120000,0.000000,0.036532,0.001333,-0.006724,0.000000,-0.004372,-0.036772,-0.000000,0.013710,0
1790548012.1680,0.010307,-0.020724,-0.003490,-0.043274,0.010307,0.000000,0.120000,0.000000,0.066402,0.003092,-0.006582,0.000000,-0.006217,-0.037057,-0.000000,0.013740,0
1790548012.1822,0.017317,-0.028947,-0.001140,-0.046155,0.017317,0.000000,0.120000,0.000000,0.097472,0.005195,-0.006335,0.000000,-0.008684,-0.037471,-0.000000,0.014292,0
1790548012.1962,0.024489,-0.036759,0.001354,-0.049012,0.024489,0.000000,0.120000,0.000000,0.127864,0.007347,-0.005992,0.000000,-0.011028,-0.037985,-0.000000,0.013980,0
1790548012.2101,0.033725,-0.042566,0.004596,-0.051349,0.033725,0.000000,0.120000,0.000000,0.158225,0.010117,-0.005521,0.000000,-0.012770,-0.038579,-0.000000,0.013966,0
1790548012.2242,0.025238,-0.045563,0.002404,-0.052887,0.025238,0.000000,0.119767,0.000000,0.188722,0.007571,-0.005167,-0.000000,-0.013669,-0.039218,-0.000000,0.014029,0
1790548012.2390,0.017353,-0.039111,0.000289,-0.051517,0.017353,0.000000,0.119042,0.000000,0.220146,0.005206,-0.004916,-0.000000,-0.011733,-0.039784,0.000000,0.014455,0
1790548012.2536,0.009267,-0.027753,-0.001998,-0.048522,0.009267,0.000000,0.117787,0.000000,0.252488,0.002780,-0.004779,-0.000000,-0.008326,-0.040196,0.000000,0.014877,0
1790548012.2678,-0.000263,-0.017767,-0.004861,-0.045777,-0.000263,0.000000,0.116132,0.000000,0.283140,-0.000079,-0.004782,-0.000000,-0.005330,-0.040447,0.000000,0.014100,0
1790548012.2820,-0.009390,-0.004712,-0.007734,-0.041928,-0.009390,0.000000,0.113996,0.000000,0.314332,-0.002817,-0.004917,-0.000000,-0.001414,-0.040515,0.000000,0.014348,0
1790548012.2961,-0.019052,0.008139,-0.010903,-0.037958,-0.019052,0.000000,0.111456,0.000000,0.345134,-0.005716,-0.005187,-0.000000,0.002442,-0.040399,0.000000,0.014169,0
1790548012.3102,-0.018483,0.011605,-0.010991,-0.036755,-0.018483,0.000000,0.108541,0.000000,0.375613,-0.005545,-0.005446,0.000000,0.003482,-0.040237,0.000000,0.014021,0
1790548012.3243,-0.015832,0.011459,-0.010420,-0.036636,-0.015832,0.000000,0.105214,0.000000,0.406414,-0.004750,-0.005670,0.000000,0.003438,-0.040074,-0.000000,0.014169,0
1790548012.3385,-0.019195,0.011865,-0.011701,-0.036346,-0.019195,0.000000,0.101519,0.000000,0.437289,-0.005758,-0.005943,-0.000000,0.003560,-0.039906,0.000000,0.014202,0
1790548012.3524,-0.028306,0.008052,-0.014830,-0.037378,-0.028306,0.000000,0.097562,0.000000,0.467655,-0.008492,-0.006338,-0.000000,0.002416,-0.039793,-0.000000,0.013968,0
1790548012.3666,-0.040104,0.003417,-0.018930,-0.038720,-0.040104,0.000000,0.093315,0.000000,0.498031,-0.012031,-0.006899,-0.000000,0.001025,-0.039745,-0.000000,0.013973,0
1790548012.3808,-0.051837,-0.002740,-0.023194,-0.040607,-0.051837,0.000000,0.088684,0.000000,0.529245,-0.015551,-0.007643,-0.000000,-0.000822,-0.039785,-0.000000,0.014358,0
1790548012.3947,-0.063276,-0.010016,-0.027500,-0.042928,-0.063276,0.000000,0.084009,0.000000,0.559268,-0.018983,-0.008517,-0.000000,-0.003005,-0.039923,-0.000000,0.013810,0
1790548012.4084,-0.072881,-0.017163,-0.031385,-0.045308,-0.072881,0.000000,0.079168,0.000000,0.589198,-0.021864,-0.009520,-0.000000,-0.005149,-0.040159,-0.000000,0.013768,0
1790548012.4223,-0.078039,-0.024352,-0.034025,-0.047806,-0.078039,0.000000,0.074099,0.000000,0.619637,-0.023412,-0.010613,-0.000000,-0.007306,-0.040500,-0.000000,0.014002,0
1790548012.4362,-0.073274,-0.026077,-0.033613,-0.048686,-0.073274,0.000000,0.068962,0.000000,0.649827,-0.021982,-0.011631,0.000000,-0.007823,-0.040863,-0.000000,0.013888,0
1790548012.4501,-0.068281,-0.022940,-0.033062,-0.048062,-0.068281,0.000000,0.063768,0.000000,0.679963,-0.020484,-0.012577,0.000000,-0.006882,-0.041181,0.000000,0.013863,0
1790548012.4642,-0.059922,-0.018199,-0.031391,-0.046894,-0.059922,0.000000,0.058505,0.000000,0.710325,-0.017977,-0.013414,0.000000,-0.005460,-0.041435,0.000000,0.013967,0
1790548012.4782,-0.047971,-0.009660,-0.028483,-0.044469,-0.047971,0.000000,0.053194,0.000000,0.741034,-0.014391,-0.014092,0.000000,-0.002898,-0.041571,0.000000,0.014126,0
1790548012.4925,-0.039426,0.002539,-0.026474,-0.040774,-0.039426,0.000000,0.047963,0.000000,0.771589,-0.011828,-0.014646,0.000000,0.000762,-0.041536,0.000000,0.014055,0
1790548012.5065,-0.028250,0.014984,-0.023523,-0.036827,-0.028250,0.000000,0.042760,0.000000,0.802536,-0.008475,-0.015048,0.000000,0.004495,-0.041322,0.000000,0.014236,0
1790548012.5205,-0.030012,0.019847,-0.024471,-0.035090,-0.030012,0.000000,0.037783,0.000000,0.832941,-0.009004,-0.015468,-0.000000,0.005954,-0.041045,0.000000,0.013986,0
1790548012.5345,-0.032125,0.020577,-0.025554,-0.034584,-0.032125,0.000000,0.032980,0.000000,0.863326,-0.009638,-0.015917,-0.000000,0.006173,-0.040757,0.000000,0.013977,0
1790548012.5485,-0.020781,0.017727,-0.022442,-0.035191,-0.020781,0.000000,0.028377,0.000000,0.893769,-0.006234,-0.016208,0.000000,0.005318,-0.040509,-0.000000,0.014004,0
1790548012.5623,-0.023230,0.012824,-0.023499,-0.036483,-0.023230,0.000000,0.024053,0.000000,0.923965,-0.006969,-0.016531,-0.000000,0.003847,-0.040331,-0.000000,0.013890,0
1790548012.5767,-0.017355,0.005492,-0.021983,-0.038605,-0.017355,0.000000,0.019927,0.000000,0.954745,-0.005207,-0.016776,0.000000,0.001648,-0.040253,-0.000000,0.014159,0
1790548012.5906,-0.003834,-0.003713,-0.017981,-0.041419,-0.003834,0.000000,0.016140,0.000000,0.985339,-0.001150,-0.016830,0.000000,-0.001114,-0.040305,-0.000000,0.014073,0
1790548012.6044,0.002629,-0.009828,-0.016005,-0.043390,0.002629,0.000000,0.012754,0.000000,0.015391,0.000789,-0.016794,0.000000,-0.002949,-0.040441,-0.000000,0.013824,0
1790548012.6180,0.010132,-0.013355,-0.013616,-0.044629,0.010132,0.000000,0.009766,0.000000,0.044995,0.003040,-0.016656,0.000000,-0.004006,-0.040623,-0.000000,0.013618,0
1790548012.6316,0.016177,-0.015983,-0.011583,-0.045635,0.016177,0.000000,0.007150,0.000000,0.074545,0.004853,-0.016436,0.000000,-0.004795,-0.040840,-0.000000,0.013593,0
1790548012.6455,0.022381,-0.022724,-0.009410,-0.047974,0.022381,0.000000,0.004870,0.000000,0.104818,0.006714,-0.016124,0.000000,-0.006817,-0.041157,-0.000000,0.013926,0
1790548012.6594,0.028138,-0.027877,-0.007294,-0.049906,0.028138,0.000000,0.003022,0.000000,0.134912,0.008441,-0.015735,0.000000,-0.008363,-0.041542,-0.000000,0.013843,0
1790548012.6740,0.031030,-0.030806,-0.005992,-0.051215,0.031030,0.000000,0.001592,0.000000,0.165300,0.009309,-0.015301,0.000000,-0.009242,-0.041973,-0.000000,0.013979,0
1790548012.6893,0.021306,-0.025270,-0.008576,-0.049949,0.021306,0.000000,0.000527,0.000000,0.199272,0.006392,-0.014968,-0.000000,-0.007581,-0.042368,0.000000,0.015627,0
1790548012.7039,0.015157,-0.012522,-0.010199,-0.046308,0.015157,0.000000,0.000050,0.000000,0.231045,0.004547,-0.014747,-0.000000,-0.003757,-0.042551,0.000000,0.014616,0
1790548012.7187,0.009836,-0.001938,-0.011651,-0.043161,0.009836,0.000000,0.000000,0.000000,0.263143,0.002951,-0.014601,-0.000000,-0.000581,-0.042580,0.000000,0.014765,0
