t,imu_roll,imu_pitch,pid_roll,pid_pitch,roll_meas,banked_roll,eff_lin,eff_ang,phase,p_roll,i_roll,d_roll,p_pitch,i_pitch,d_pitch,dt,ik_clamped
1790549110.3578,-0.007024,-0.019652,-0.002178,-0.006092,-0.007024,0.000000,0.000000,-0.000000,0.000080,-0.002107,-0.000070,0.000000,-0.005896,-0.000197,0.000000,0.010000,0
1790549110.3722,-0.000267,-0.030063,-0.000154,-0.009687,-0.000267,-0.000000,0.000291,-0.001214,0.034195,-0.000080,-0.000074,0.000000,-0.009019,-0.000668,-0.000000,0.015693,0
1790549110.3860,0.002933,-0.035307,0.000846,-0.011748,0.002933,-0.000000,0.001028,-0.004284,0.064221,0.000880,-0.000034,0.000000,-0.010592,-0.001156,-0.000000,0.013812,0
1790549110.3997,0.006633,-0.037917,0.002048,-0.013055,0.006631,-0.000002,0.002209,-0.009203,0.094249,0.001990,0.000058,0.000000,-0.011375,-0.001680,-0.000000,0.013813,0
1790549110.4138,0.004210,-0.038895,0.001380,-0.013897,0.004204,-0.000006,0.003862,-0.016092,0.124894,0.001263,0.000117,-0.000000,-0.011669,-0.002228,-0.000000,0.014097,0
1790549110.4277,0.002863,-0.039523,0.001016,-0.014636,0.002848,-0.000015,0.005930,-0.024710,0.155206,0.000859,0.000157,-0.000000,-0.011857,-0.002779,-0.000000,0.013944,0
1790549110.4421,0.000478,-0.038754,0.000307,-0.014950,0.000448,-0.000030,0.008433,-0.035137,0.185737,0.000143,0.000164,-0.000000,-0.011626,-0.003323,0.000000,0.014044,0
1790549110.4564,0.001860,-0.037917,0.000749,-0.015249,0.001805,-0.000056,0.011439,-0.047663,0.217276,0.000558,0.000191,0.000000,-0.011375,-0.003873,0.000000,0.014508,0
1790549110.4703,0.003863,-0.037032,0.001404,-0.015502,0.003771,-0.000092,0.014725,-0.061354,0.247730,0.001159,0.000245,0.000000,-0.011110,-0.004392,0.000000,0.014009,0
1790549110.4843,0.007648,-0.034672,0.002646,-0.015278,0.007505,-0.000143,0.018350,-0.076459,0.278095,0.002294,0.000352,0.000000,-0.010402,-0.004877,0.000000,0.013968,0
1790549110.4982,0.012473,-0.031294,0.004268,-0.014701,0.012262,-0.000211,0.022289,-0.092871,0.308408,0.003742,0.000526,0.000000,-0.009388,-0.005313,0.000000,0.013944,0
1790549110.5122,0.010098,-0.029788,0.003697,-0.014667,0.009799,-0.000299,0.026543,-0.110594,0.338898,0.003029,0.000667,-0.000000,-0.008936,-0.005731,0.000000,0.014025,0
1790549110.5262,0.005636,-0.030990,0.002437,-0.015461,0.005227,-0.000409,0.031045,-0.129354,0.369317,0.001691,0.000746,-0.000000,-0.009297,-0.006164,-0.000000,0.013993,0
1790549110.5403,0.002675,-0.026493,0.001586,-0.014485,0.002131,-0.000544,0.035793,-0.149137,0.399874,0.000803,0.000784,-0.000000,-0.007948,-0.006537,0.000000,0.014056,0
1790549110.5541,0.006967,-0.026789,0.002970,-0.014943,0.006265,-0.000702,0.040644,-0.169352,0.429912,0.002090,0.000880,0.000000,-0.008037,-0.006907,-0.000000,0.013818,0
1790549110.5681,0.007617,-0.028109,0.003272,-0.015733,0.006729,-0.000887,0.045707,-0.190447,0.460340,0.002285,0.000987,0.000000,-0.008433,-0.007300,-0.000000,0.013997,0
1790549110.5821,0.002277,-0.027515,0.001702,-0.015942,0.001176,-0.001101,0.050907,-0.212112,0.490920,0.000683,0.001019,-0.000000,-0.008254,-0.007687,0.000000,0.014067,0
1790549110.5961,-0.003319,-0.027204,-0.000023,-0.016227,-0.004657,-0.001337,0.056114,-0.233807,0.521132,-0.000996,0.000972,-0.000000,-0.008161,-0.008065,0.000000,0.013898,0
1790549110.6097,-0.009890,-0.027798,-0.002129,-0.016782,-0.011482,-0.001592,0.061230,-0.255125,0.550652,-0.002967,0.000838,-0.000000,-0.008339,-0.008443,-0.000000,0.013579,0
1790549110.6233,-0.014242,-0.026982,-0.003629,-0.016907,-0.016113,-0.001872,0.066380,-0.276584,0.580419,-0.004273,0.000643,-0.000000,-0.008095,-0.008812,0.000000,0.013693,0
1790549110.6373,-0.016493,-0.026317,-0.004536,-0.017076,-0.018671,-0.002177,0.071600,-0.298335,0.610876,-0.004948,0.000412,-0.000000,-0.007895,-0.009181,0.000000,0.014010,0
1790549110.6512,-0.018632,-0.023613,-0.005437,-0.016593,-0.021130,-0.002498,0.076688,-0.319534,0.641076,-0.005590,0.000153,-0.000000,-0.007084,-0.009509,0.000000,0.013892,0
1790549110.6653,-0.017881,-0.020484,-0.005462,-0.015942,-0.020716,-0.002835,0.081695,-0.340395,0.671560,-0.005364,-0.000098,0.000000,-0.006145,-0.009796,0.000000,0.014023,0
1790549110.6794,-0.018513,-0.017676,-0.005912,-0.015348,-0.021694,-0.003182,0.086549,-0.360620,0.702147,-0.005554,-0.000358,-0.000000,-0.005303,-0.010045,0.000000,0.014070,0
1790549110.6937,-0.013917,-0.010380,-0.004729,-0.013305,-0.017449,-0.003533,0.091200,-0.380000,0.732762,-0.004175,-0.000554,0.000000,-0.003114,-0.010191,0.000000,0.014083,0
1790549110.7078,-0.015189,-0.010181,-0.005329,-0.013391,-0.019078,-0.003889,0.095687,-0.398697,0.763954,-0.004557,-0.000772,-0.000000,-0.003054,-0.010337,0.000000,0.014348,0
1790549110.7219,-0.014171,-0.012210,-0.005224,-0.014173,-0.018404,-0.004232,0.099823,-0.415929,0.794669,-0.004251,-0.000972,0.000000,-0.003663,-0.010510,-0.000000,0.014129,0
1790549110.7360,-0.010259,-0.008012,-0.004195,-0.013026,-0.014821,-0.004562,0.103639,-0.431830,0.825334,-0.003078,-0.001117,0.000000,-0.002404,-0.010623,0.000000,0.014106,0
1790549110.7502,-0.002312,-0.007585,-0.001843,-0.013004,-0.007182,-0.004870,0.107075,-0.446144,0.855645,-0.000694,-0.001149,0.000000,-0.002275,-0.010729,0.000000,0.013943,0
1790549110.7660,-0.005108,-0.002099,-0.002761,-0.011391,-0.010291,-0.005184,0.110474,-0.460307,0.889391,-0.001532,-0.001228,-0.000000,-0.000630,-0.010761,0.000000,0.015523,0
1790549110.7810,-0.008483,-0.004692,-0.003902,-0.012240,-0.013938,-0.005455,0.113333,-0.472220,0.922379,-0.002545,-0.001357,-0.000000,-0.001408,-0.010832,-0.000000,0.015174,0
1790549110.7964,-0.006304,-0.008471,-0.003345,-0.013504,-0.011993,-0.005690,0.115740,-0.482251,0.955877,-0.001891,-0.001454,0.000000,-0.002541,-0.010963,-0.000000,0.015409,0
1790549110.8115,-0.010822,-0.004542,-0.004860,-0.012392,-0.016691,-0.005869,0.117550,-0.489791,0.987817,-0.003247,-0.001613,-0.000000,-0.001363,-0.011030,0.000000,0.014693,0
1790549110.8264,-0.015979,0.001329,-0.006655,-0.010610,-0.021987,-0.006008,0.118930,-0.495540,0.021587,-0.004794,-0.001861,-0.000000,0.000399,-0.011009,0.000000,0.015534,0
1790549110.8402,-0.018913,0.004149,-0.007798,-0.009706,-0.024998,-0.006084,0.119689,-0.498704,0.051790,-0.005674,-0.002124,-0.000000,0.001245,-0.010951,0.000000,0.013894,0
1790549110.8541,-0.023031,0.005811,-0.009349,-0.009128,-0.029146,-0.006115,0.119993,-0.499969,0.081596,-0.006909,-0.002440,-0.000000,0.001743,-0.010872,0.000000,0.013711,0
1790549110.8687,-0.028641,0.009468,-0.011454,-0.007892,-0.034757,-0.006116,0.120000,-0.500000,0.113578,-0.008592,-0.002861,-0.000000,0.002840,-0.010732,0.000000,0.014712,0
1790549110.8830,-0.035000,0.016516,-0.013861,-0.005542,-0.041116,-0.006116,0.120000,-0.500000,0.144623,-0.010500,-0.003361,-0.000000,0.004955,-0.010497,0.000000,0.014281,0
1790549110.8971,-0.038993,0.023195,-0.015615,-0.003207,-0.045109,-0.006116,0.120000,-0.500000,0.175622,-0.011698,-0.003917,-0.000000,0.006959,-0.010166,0.000000,0.014260,0
1790549110.9110,-0.034476,0.022549,-0.014740,-0.003087,-0.040592,-0.006116,0.120000,-0.500000,0.205878,-0.010343,-0.004397,0.000000,0.006765,-0.009852,-0.000000,0.013918,0
1790549110.9249,-0.034607,0.017927,-0.015259,-0.004225,-0.040723,-0.006116,0.120000,-0.500000,0.235998,-0.010382,-0.004877,-0.000000,0.005378,-0.009604,-0.000000,0.013855,0
1790549110.9394,-0.039469,0.017202,-0.017288,-0.004194,-0.045585,-0.006116,0.120000,-0.500000,0.267425,-0.011841,-0.005447,-0.000000,0.005161,-0.009355,-0.000000,0.014456,0
1790549110.9537,-0.035613,0.008591,-0.016637,-0.006655,-0.041729,-0.006116,0.120000,-0.500000,0.298321,-0.010684,-0.005953,0.000000,0.002577,-0.009233,-0.000000,0.014212,0
1790549110.9685,-0.031236,-0.003101,-0.015784,-0.010209,-0.037352,-0.006116,0.120000,-0.500000,0.330302,-0.009371,-0.006413,0.000000,-0.000930,-0.009278,-0.000000,0.014711,0
1790549110.9832,-0.040214,-0.005818,-0.019073,-0.011110,-0.046330,-0.006116,0.120000,-0.500000,0.362544,-0.012064,-0.007009,-0.000000,-0.001746,-0.009365,-0.000000,0.014831,0
1790549110.9976,-0.044887,-0.006145,-0.021119,-0.011296,-0.051003,-0.006116,0.120000,-0.500000,0.393720,-0.013466,-0.007653,-0.000000,-0.001843,-0.009453,-0.000000,0.014341,0
1790549111.0116,-0.043228,-0.013506,-0.021229,-0.013695,-0.049344,-0.006116,0.120000,-0.500000,0.424295,-0.012968,-0.008261,0.000000,-0.004052,-0.009643,-0.000000,0.014065,0
1790549111.0257,-0.049016,-0.018917,-0.023660,-0.015586,-0.055133,-0.006116,0.120000,-0.500000,0.455071,-0.014705,-0.008955,-0.000000,-0.005675,-0.009911,-0.000000,0.014157,0
1790549111.0399,-0.046260,-0.025959,-0.023487,-0.018065,-0.052376,-0.006116,0.120000,-0.500000,0.485810,-0.013878,-0.009609,0.000000,-0.007788,-0.010278,-0.000000,0.014140,0
1790549111.0538,-0.054100,-0.035375,-0.026594,-0.021384,-0.060217,-0.006116,0.120000,-0.500000,0.516155,-0.016230,-0.010364,-0.000000,-0.010612,-0.010771,-0.000000,0.013959,0
1790549111.0675,-0.057797,-0.043669,-0.028496,-0.024471,-0.063913,-0.006116,0.120000,-0.500000,0.545976,-0.017339,-0.011157,-0.000000,-0.013101,-0.011370,-0.000000,0.013718,0
1790549111.0812,-0.058868,-0.049272,-0.029625,-0.026828,-0.064984,-0.006116,0.120000,-0.500000,0.575803,-0.017660,-0.011965,-0.000000,-0.014782,-0.012046,-0.000000,0.013721,0
1790549111.0951,-0.057476,-0.053506,-0.030010,-0.028845,-0.063592,-0.006116,0.120000,-0.500000,0.606146,-0.017243,-0.012767,0.000000,-0.016052,-0.012793,-0.000000,0.013958,0
1790549111.1091,-0.053981,-0.058969,-0.029713,-0.031305,-0.060097,-0.006116,0.120000,-0.500000,0.636413,-0.016194,-0.013518,0.000000,-0.017691,-0.013614,-0.000000,0.013923,0
1790549111.1230,-0.044891,-0.059724,-0.027612,-0.032365,-0.051007,-0.006116,0.120000,-0.500000,0.666759,-0.013467,-0.014145,0.000000,-0.017917,-0.014448,-0.000000,0.013959,0
1790549111.1370,-0.040187,-0.056231,-0.026762,-0.032102,-0.046303,-0.006116,0.120000,-0.500000,0.697087,-0.012056,-0.014706,0.000000,-0.016869,-0.015232,0.000000,0.013951,0
1790549111.1509,-0.037537,-0.050701,-0.026489,-0.031148,-0.043653,-0.006116,0.120000,-0.500000,0.727313,-0.011261,-0.015228,0.000000,-0.015210,-0.015937,0.000000,0.013904,0
1790549111.1649,-0.033338,-0.034677,-0.025694,-0.026825,-0.039454,-0.006116,0.120000,-0.500000,0.757655,-0.010001,-0.015693,0.000000,-0.010403,-0.016421,0.000000,0.013957,0
1790549111.1789,-0.024419,-0.013811,-0.023363,-0.020759,-0.030535,-0.006116,0.120000,-0.500000,0.788275,-0.007326,-0.016037,0.000000,-0.004143,-0.016616,0.000000,0.014085,0
1790549111.1929,-0.024038,-0.002199,-0.023584,-0.017306,-0.030154,-0.006116,0.120000,-0.500000,0.818612,-0.007211,-0.016372,0.000000,-0.000660,-0.016647,0.000000,0.013955,0
1790549111.2068,-0.028892,-0.001767,-0.025443,-0.017201,-0.035008,-0.006116,0.120000,-0.500000,0.848912,-0.008668,-0.016775,-0.000000,-0.000530,-0.016671,0.000000,0.013938,0
1790549111.2214,-0.014779,-0.001911,-0.021421,-0.017272,-0.020896,-0.006116,0.120000,-0.500000,0.880070,-0.004434,-0.016987,0.000000,-0.000573,-0.016699,-0.000000,0.014333,0
1790549111.2353,-0.010445,0.001265,-0.020268,-0.016301,-0.016561,-0.006116,0.120000,-0.500000,0.910890,-0.003133,-0.017135,0.000000,0.000380,-0.016681,0.000000,0.014177,0
1790549111.2493,-0.004950,-0.004320,-0.018689,-0.018037,-0.011066,-0.006116,0.120000,-0.500000,0.941204,-0.001485,-0.017204,0.000000,-0.001296,-0.016741,-0.000000,0.013944,0
1790549111.2633,0.008299,-0.015844,-0.014598,-0.021717,0.002182,-0.006116,0.120000,-0.500000,0.971751,0.002490,-0.017087,0.000000,-0.004753,-0.016964,-0.000000,0.014052,0
1790549111.2772,0.021299,-0.023233,-0.010402,-0.024255,0.015183,-0.006116,0.120000,-0.500000,0.001883,0.006390,-0.016792,0.000000,-0.006970,-0.017286,-0.000000,0.013861,0
1790549111.2907,0.022494,-0.027368,-0.009739,-0.025867,0.016378,-0.006116,0.120000,-0.500000,0.031341,0.006748,-0.016487,0.000000,-0.008210,-0.017656,-0.000000,0.013551,0
1790549111.3043,0.026250,-0.030675,-0.008255,-0.027276,0.020134,-0.006116,0.120000,-0.500000,0.060906,0.007875,-0.016130,0.000000,-0.009202,-0.018074,-0.000000,0.013600,0
1790549111.3179,0.033086,-0.036684,-0.005758,-0.029574,0.026970,-0.006116,0.120000,-0.500000,0.090265,0.009926,-0.015684,0.000000,-0.011005,-0.018569,-0.000000,0.013505,0
1790549111.3319,0.033087,-0.043195,-0.005294,-0.032133,0.026971,-0.006116,0.120000,-0.500000,0.120735,0.009926,-0.015220,0.000000,-0.012958,-0.019175,-0.000000,0.014016,0
1790549111.3459,0.024811,-0.041645,-0.007427,-0.032254,0.018695,-0.006116,0.120000,-0.500000,0.151320,0.007443,-0.014871,-0.000000,-0.012493,-0.019760,0.000000,0.014069,0
1790549111.3597,0.017187,-0.040275,-0.009477,-0.032400,0.011071,-0.006116,0.120000,-0.500000,0.181368,0.005156,-0.014633,-0.000000,-0.012083,-0.020317,0.000000,0.013822,0
1790549111.3738,0.013495,-0.036232,-0.010396,-0.031693,0.007379,-0.006116,0.120000,-0.500000,0.211729,0.004048,-0.014445,-0.000000,-0.010870,-0.020823,0.000000,0.013966,0
1790549111.3878,0.009679,-0.031464,-0.011405,-0.030706,0.003563,-0.006116,0.120000,-0.500000,0.242362,0.002904,-0.014308,-0.000000,-0.009439,-0.021266,0.000000,0.014091,0
1790549111.4017,0.003214,-0.026936,-0.013299,-0.029722,-0.002902,-0.006116,0.120000,-0.500000,0.272579,0.000964,-0.014264,-0.000000,-0.008081,-0.021641,0.000000,0.013900,0
1790549111.4157,-0.002536,-0.022106,-0.015060,-0.028582,-0.008652,-0.006116,0.120000,-0.500000,0.303005,-0.000761,-0.014299,-0.000000,-0.006632,-0.021950,0.000000,0.013996,0
1790549111.4297,-0.010829,-0.017627,-0.017699,-0.027485,-0.016945,-0.006116,0.120000,-0.500000,0.333433,-0.003249,-0.014451,-0.000000,-0.005288,-0.022197,0.000000,0.013997,0
1790549111.4437,-0.012565,-0.020325,-0.018396,-0.028579,-0.018681,-0.006116,0.120000,-0.500000,0.363829,-0.003770,-0.014626,-0.000000,-0.006098,-0.022481,-0.000000,0.013982,0
1790549111.4583,-0.018568,-0.020998,-0.020461,-0.029080,-0.024684,-0.006116,0.120000,-0.500000,0.394816,-0.005570,-0.014891,-0.000000,-0.006299,-0.022780,-0.000000,0.014254,0
1790549111.4727,-0.026000,-0.027071,-0.023071,-0.031297,-0.032117,-0.006116,0.120000,-0.500000,0.426575,-0.007800,-0.015271,-0.000000,-0.008121,-0.023176,-0.000000,0.014609,0
1790549111.4868,-0.030938,-0.034880,-0.024990,-0.034134,-0.037055,-0.006116,0.120000,-0.500000,0.457340,-0.009282,-0.015709,-0.000000,-0.010464,-0.023670,-0.000000,0.014152,0
1790549111.5007,-0.034096,-0.041923,-0.026413,-0.036832,-0.040212,-0.006116,0.120000,-0.500000,0.487685,-0.010229,-0.016185,-0.000000,-0.012577,-0.024255,-0.000000,0.013959,0
1790549111.5146,-0.045848,-0.050038,-0.030579,-0.039964,-0.051965,-0.006116,0.120000,-0.500000,0.518013,-0.013755,-0.016824,-0.000000,-0.015011,-0.024953,-0.000000,0.013951,0
1790549111.5284,-0.055069,-0.059956,-0.034101,-0.043763,-0.061185,-0.006116,0.120000,-0.500000,0.547867,-0.016521,-0.017581,-0.000000,-0.017987,-0.025776,-0.000000,0.013733,0
1790549111.5421,-0.062500,-0.069860,-0.037189,-0.047694,-0.068616,-0.006116,0.120000,-0.500000,0.577742,-0.018750,-0.018439,-0.000000,-0.020958,-0.026736,-0.000000,0.013742,0
1790549111.5561,-0.067314,-0.077519,-0.039578,-0.051080,-0.073430,-0.006116,0.120000,-0.500000,0.608251,-0.020194,-0.019384,-0.000000,-0.023256,-0.027824,-0.000000,0.014034,0
1790549111.5703,-0.058777,-0.083369,-0.037842,-0.054004,-0.064893,-0.006116,0.120000,-0.500000,0.638750,-0.017633,-0.020209,0.000000,-0.025011,-0.028994,-0.000000,0.014030,0
1790549111.5841,-0.054271,-0.085379,-0.037250,-0.055804,-0.060387,-0.006116,0.120000,-0.500000,0.669202,-0.016281,-0.020969,0.000000,-0.025614,-0.030190,-0.000000,0.014008,0
1790549111.5981,-0.050146,-0.082223,-0.036714,-0.056006,-0.056262,-0.006116,0.120000,-0.500000,0.699585,-0.015044,-0.021670,0.000000,-0.024667,-0.031339,0.000000,0.013976,0
1790549111.6121,-0.041276,-0.071769,-0.034631,-0.053876,-0.047393,-0.006116,0.120000,-0.500000,0.730063,-0.012383,-0.022248,0.000000,-0.021531,-0.032345,0.000000,0.014020,0
1790549111.6261,-0.030528,-0.056365,-0.031834,-0.050043,-0.036645,-0.006116,0.120000,-0.500000,0.760452,-0.009159,-0.022675,0.000000,-0.016910,-0.033133,0.000000,0.013979,0
1790549111.6401,-0.020613,-0.034766,-0.029147,-0.044049,-0.026729,-0.006116,0.120000,-0.500000,0.790863,-0.006184,-0.022964,0.000000,-0.010430,-0.033619,0.000000,0.013989,0
1790549111.6543,-0.003659,-0.009771,-0.024113,-0.036689,-0.009775,-0.006116,0.120000,-0.500000,0.821649,-0.001098,-0.023015,0.000000,-0.002931,-0.033758,0.000000,0.014162,0
1790549111.6683,0.008589,0.014613,-0.020319,-0.029171,0.002473,-0.006116,0.120000,-0.500000,0.851872,0.002577,-0.022896,0.000000,0.004384,-0.033555,0.000000,0.013903,0
1790549111.6822,-0.009532,0.017224,-0.025889,-0.028145,-0.015648,-0.006116,0.120000,-0.500000,0.882426,-0.002859,-0.023030,-0.000000,0.005167,-0.033313,0.000000,0.014055,0
1790549111.6962,0.009352,0.011050,-0.020094,-0.029843,0.003236,-0.006116,0.120000,-0.500000,0.912801,0.002806,-0.022899,0.000000,0.003315,-0.033158,-0.000000,0.013973,0
1790549111.7106,0.005176,0.011615,-0.021274,-0.029511,-0.000940,-0.006116,0.120000,-0.500000,0.943168,0.001553,-0.022827,-0.000000,0.003485,-0.032996,0.000000,0.013969,0
1790549111.7252,0.007270,0.008097,-0.020538,-0.030447,0.001154,-0.006116,0.120000,-0.500000,0.975359,0.002181,-0.022719,0.000000,0.002429,-0.032876,-0.000000,0.014808,0
1790549111.7393,0.014908,0.002464,-0.018034,-0.032102,0.008792,-0.006116,0.120000,-0.500000,0.006355,0.004472,-0.022507,0.000000,0.000739,-0.032841,-0.000000,0.014258,0
1790549111.7534,0.017296,-0.004079,-0.017077,-0.034121,0.011180,-0.006116,0.120000,-0.500000,0.036650,0.005189,-0.022266,0.000000,-0.001224,-0.032898,-0.000000,0.013936,0
1790549111.7672,0.020846,-0.008647,-0.015722,-0.035612,0.014729,-0.006116,0.120000,-0.500000,0.066931,0.006254,-0.021975,0.000000,-0.002594,-0.033018,-0.000000,0.013929,0
1790549111.7811,0.025302,-0.013685,-0.014031,-0.037315,0.019185,-0.006116,0.120000,-0.500000,0.097376,0.007590,-0.021621,0.000000,-0.004106,-0.033210,-0.000000,0.014005,0
1790549111.7952,0.024888,-0.019059,-0.013806,-0.039194,0.018771,-0.006116,0.120000,-0.500000,0.127810,0.007466,-0.021273,-0.000000,-0.005718,-0.033477,-0.000000,0.014000,0
1790549111.8092,0.024216,-0.019999,-0.013666,-0.039759,0.018100,-0.006116,0.120000,-0.500000,0.158504,0.007265,-0.020931,-0.000000,-0.006000,-0.033759,-0.000000,0.014119,0
1790549111.8230,0.021634,-0.021685,-0.014142,-0.040564,0.015518,-0.006116,0.120000,-0.500000,0.188545,0.006490,-0.020632,-0.000000,-0.006505,-0.034059,-0.000000,0.013819,0
1790549111.8370,0.018846,-0.023990,-0.014716,-0.041590,0.012729,-0.006116,0.120000,-0.500000,0.218804,0.005654,-0.020369,-0.000000,-0.007197,-0.034393,-0.000000,0.013919,0
1790549111.8510,0.017124,-0.021445,-0.014993,-0.041126,0.011007,-0.006116,0.120000,-0.500000,0.249241,0.005137,-0.020130,-0.000000,-0.006434,-0.034693,0.000000,0.014001,0
1790549111.8650,0.011238,-0.016998,-0.016601,-0.040030,0.005122,-0.006116,0.120000,-0.500000,0.279674,0.003371,-0.019972,-0.000000,-0.005099,-0.034931,0.000000,0.013999,0
1790549111.8790,0.005539,-0.008471,-0.018233,-0.037591,-0.000578,-0.006116,0.120000,-0.500000,0.310138,0.001662,-0.019895,-0.000000,-0.002541,-0.035049,0.000000,0.014014,0
1790549111.8929,0.005894,-0.003716,-0.018045,-0.036216,-0.000223,-0.006116,0.120000,-0.500000,0.340307,0.001768,-0.019813,0.000000,-0.001115,-0.035101,0.000000,0.013878,0
1790549111.9069,0.007184,-0.007063,-0.017557,-0.037319,0.001068,-0.006116,0.120000,-0.500000,0.370797,0.002155,-0.019712,0.000000,-0.002119,-0.035200,-0.000000,0.014025,0
1790549111.9210,-0.002040,-0.011008,-0.020353,-0.038657,-0.008156,-0.006116,0.120000,-0.500000,0.401362,-0.000612,-0.019741,-0.000000,-0.003302,-0.035355,-0.000000,0.014060,0
1790549111.9350,-0.006177,-0.014615,-0.021681,-0.039945,-0.012293,-0.006116,0.120000,-0.500000,0.431964,-0.001853,-0.019828,-0.000000,-0.004385,-0.035561,-0.000000,0.014077,0
1790549111.9490,-0.007203,-0.017553,-0.022090,-0.041072,-0.013319,-0.006116,0.120000,-0.500000,0.462418,-0.002161,-0.019929,-0.000000,-0.005266,-0.035807,-0.000000,0.014009,0
1790549111.9633,-0.011210,-0.022270,-0.023450,-0.042802,-0.017326,-0.006116,0.120000,-0.500000,0.493131,-0.003363,-0.020087,-0.000000,-0.006681,-0.036121,-0.000000,0.014128,0
1790549111.9776,-0.018293,-0.029564,-0.025838,-0.045415,-0.024409,-0.006116,0.120000,-0.500000,0.524376,-0.005488,-0.020350,-0.000000,-0.008869,-0.036546,-0.000000,0.014373,0
1790549111.9912,-0.027299,-0.037018,-0.028911,-0.048156,-0.033415,-0.006116,0.120000,-0.500000,0.553976,-0.008190,-0.020722,-0.000000,-0.011106,-0.037050,-0.000000,0.013616,0
1790549112.0049,-0.036620,-0.044797,-0.032210,-0.051103,-0.042736,-0.006116,0.120000,-0.500000,0.583767,-0.010986,-0.021224,-0.000000,-0.013439,-0.037664,-0.000000,0.013704,0
1790549112.0189,-0.041548,-0.051684,-0.034270,-0.053894,-0.047664,-0.006116,0.120000,-0.500000,0.614249,-0.012464,-0.021806,-0.000000,-0.015505,-0.038389,-0.000000,0.014022,0
1790549112.0328,-0.034845,-0.054213,-0.032746,-0.055410,-0.040961,-0.006116,0.120000,-0.500000,0.644614,-0.010454,-0.022293,0.000000,-0.016264,-0.039146,-0.000000,0.013968,0
1790549112.0467,-0.025806,-0.054477,-0.030391,-0.056242,-0.031922,-0.006116,0.120000,-0.500000,0.674648,-0.007742,-0.022649,0.000000,-0.016343,-0.039899,-0.000000,0.013816,0
1790549112.0608,-0.020870,-0.051524,-0.029203,-0.056079,-0.026986,-0.006116,0.120000,-0.500000,0.705162,-0.006261,-0.022942,0.000000,-0.015457,-0.040622,0.000000,0.014036,0
1790549112.0749,-0.012511,-0.046273,-0.026872,-0.055156,-0.018628,-0.006116,0.120000,-0.500000,0.735804,-0.003753,-0.023119,0.000000,-0.013882,-0.041274,0.000000,0.014095,0
1790549112.0892,-0.003444,-0.033749,-0.024201,-0.051883,-0.009560,-0.006116,0.120000,-0.500000,0.766961,-0.001033,-0.023168,0.000000,-0.010125,-0.041758,0.000000,0.014332,0
1790549112.1034,0.008460,-0.014357,-0.020510,-0.046268,0.002344,-0.006116,0.120000,-0.500000,0.797763,0.002538,-0.023048,0.000000,-0.004307,-0.041961,0.000000,0.014169,0
1790549112.1174,0.019532,0.009257,-0.016913,-0.039053,0.013416,-0.006116,0.120000,-0.500000,0.828409,0.005860,-0.022773,0.000000,0.002777,-0.041831,0.000000,0.014097,0
1790549112.1316,0.003823,0.013840,-0.021572,-0.037484,-0.002293,-0.006116,0.120000,-0.500000,0.859031,0.001147,-0.022719,-0.000000,0.004152,-0.041636,0.000000,0.014086,0
1790549112.1457,0.004645,0.009183,-0.021259,-0.038751,-0.001471,-0.006116,0.120000,-0.500000,0.889837,0.001394,-0.022653,0.000000,0.002755,-0.041506,-0.000000,0.014171,0
1790549112.1596,0.000835,0.013643,-0.022391,-0.037222,-0.005281,-0.006116,0.120000,-0.500000,0.920280,0.000250,-0.022641,-0.000000,0.004093,-0.041315,0.000000,0.014004,0
1790549112.1737,-0.008044,0.012180,-0.025168,-0.037489,-0.014160,-0.006116,0.120000,-0.500000,0.950839,-0.002413,-0.022754,-0.000000,0.003654,-0.041143,-0.000000,0.014057,0
1790549112.1878,0.001291,0.004503,-0.022349,-0.039729,-0.004825,-0.006116,0.120000,-0.500000,0.981467,0.000387,-0.022736,0.000000,0.001351,-0.041080,-0.000000,0.014089,0
1790549112.2018,0.009065,-0.002453,-0.019889,-0.041850,0.002949,-0.006116,0.120000,-0.500000,0.011975,0.002720,-0.022609,0.000000,-0.000736,-0.041114,-0.000000,0.014034,0
1790549112.2157,0.008806,-0.006403,-0.019848,-0.043122,0.002690,-0.006116,0.120000,-0.500000,0.041496,0.002642,-0.022490,-0.000000,-0.001921,-0.041201,-0.000000,0.013579,0
1790549112.2295,0.012580,-0.008465,-0.018539,-0.043860,0.006463,-0.006116,0.120000,-0.500000,0.071992,0.003774,-0.022313,0.000000,-0.002540,-0.041320,-0.000000,0.014028,0
1790549112.2435,0.016837,-0.013852,-0.017025,-0.045670,0.010721,-0.006116,0.120000,-0.500000,0.102545,0.005051,-0.022076,0.000000,-0.004156,-0.041515,-0.000000,0.014054,0
1790549112.2574,0.017390,-0.019067,-0.016618,-0.047500,0.011274,-0.006116,0.120000,-0.500000,0.132791,0.005217,-0.021834,0.000000,-0.005720,-0.041780,-0.000000,0.013913,0
1790549112.2714,0.016709,-0.020661,-0.016588,-0.048267,0.010593,-0.006116,0.120000,-0.500000,0.163236,0.005013,-0.021600,-0.000000,-0.006198,-0.042069,-0.000000,0.014005,0
1790549112.2853,0.008818,-0.024222,-0.018832,-0.049673,0.002702,-0.006116,0.120000,-0.500000,0.193496,0.002645,-0.021478,-0.000000,-0.007267,-0.042406,-0.000000,0.013920,0
1790549112.2992,0.005543,-0.024332,-0.019738,-0.050044,-0.000574,-0.006116,0.120000,-0.500000,0.223739,0.001663,-0.021401,-0.000000,-0.007300,-0.042745,-0.000000,0.013912,0
1790549112.3131,0.000967,-0.017762,-0.021097,-0.048319,-0.005149,-0.006116,0.120000,-0.500000,0.253766,0.000290,-0.021387,-0.000000,-0.005328,-0.042990,0.000000,0.013812,0
1790549112.3270,-0.005807,-0.012749,-0.023211,-0.046993,-0.011923,-0.006116,0.120000,-0.500000,0.284172,-0.001742,-0.021468,-0.000000,-0.003825,-0.043169,0.000000,0.013987,0
1790549112.3411,-0.015900,-0.004589,-0.026462,-0.044610,-0.022016,-0.006116,0.120000,-0.500000,0.314746,-0.004770,-0.021692,-0.000000,-0.001377,-0.043233,0.000000,0.014064,0
1790549112.3551,-0.013324,-0.003988,-0.025876,-0.044486,-0.019440,-0.006116,0.120000,-0.500000,0.345209,-0.003997,-0.021879,0.000000,-0.001197,-0.043289,0.000000,0.014013,0
1790549112.3692,-0.020397,-0.007659,-0.028283,-0.045694,-0.026513,-0.006116,0.120000,-0.500000,0.375626,-0.006119,-0.022164,-0.000000,-0.002298,-0.043396,-0.000000,0.013992,0
1790549112.3832,-0.029877,-0.011235,-0.031549,-0.046925,-0.035994,-0.006116,0.120000,-0.500000,0.406283,-0.008963,-0.022586,-0.000000,-0.003371,-0.043555,-0.000000,0.014102,0
1790549112.3972,-0.032750,-0.015398,-0.032869,-0.048390,-0.038866,-0.006116,0.120000,-0.500000,0.436697,-0.009825,-0.023044,-0.000000,-0.004619,-0.043770,-0.000000,0.013990,0
1790549112.4112,-0.035029,-0.021349,-0.034044,-0.050475,-0.041145,-0.006116,0.120000,-0.500000,0.467214,-0.010509,-0.023535,-0.000000,-0.006405,-0.044070,-0.000000,0.014038,0
1790549112.4251,-0.038547,-0.026084,-0.035634,-0.052257,-0.044663,-0.006116,0.120000,-0.500000,0.497374,-0.011564,-0.024070,-0.000000,-0.007825,-0.044432,-0.000000,0.013873,0
1790549112.4391,-0.046473,-0.033400,-0.038662,-0.054919,-0.052589,-0.006116,0.120000,-0.500000,0.527796,-0.013942,-0.024721,-0.000000,-0.010020,-0.044899,-0.000000,0.013994,0
1790549112.4528,-0.055631,-0.041677,-0.042168,-0.057970,-0.061747,-0.006116,0.120000,-0.500000,0.557428,-0.016689,-0.025479,-0.000000,-0.012503,-0.045467,-0.000000,0.013631,0
1790549112.4668,-0.060881,-0.050103,-0.044585,-0.061191,-0.066997,-0.006116,0.120000,-0.500000,0.587500,-0.018264,-0.026321,-0.000000,-0.015031,-0.046160,-0.000000,0.013833,0
1790549112.4811,-0.057892,-0.055716,-0.044523,-0.063678,-0.064008,-0.006116,0.120000,-0.500000,0.618842,-0.017367,-0.027156,0.000000,-0.016715,-0.046964,-0.000000,0.014417,0
1790549112.4951,-0.047943,-0.056533,-0.042214,-0.064720,-0.054059,-0.006116,0.120000,-0.500000,0.649473,-0.014383,-0.027831,0.000000,-0.016960,-0.047760,-0.000000,0.014090,0
1790549112.5091,-0.040565,-0.053645,-0.040568,-0.064604,-0.046681,-0.006116,0.120000,-0.500000,0.679881,-0.012169,-0.028399,0.000000,-0.016094,-0.048510,0.000000,0.013988,0
1790549112.5233,-0.035137,-0.048060,-0.039438,-0.063610,-0.041253,-0.006116,0.120000,-0.500000,0.710710,-0.010541,-0.028897,0.000000,-0.014418,-0.049192,0.000000,0.014181,0
1790549112.5372,-0.026854,-0.035548,-0.037328,-0.060354,-0.032970,-0.006116,0.120000,-0.500000,0.741108,-0.008056,-0.029272,0.000000,-0.010665,-0.049689,0.000000,0.013983,0
1790549112.5513,-0.015249,-0.016980,-0.034061,-0.055021,-0.021365,-0.006116,0.120000,-0.500000,0.771585,-0.004575,-0.029486,0.000000,-0.005094,-0.049927,0.000000,0.014019,0
1790549112.5654,0.000830,0.004646,-0.029225,-0.048468,-0.005286,-0.006116,0.120000,-0.500000,0.802324,0.000249,-0.029474,0.000000,0.001394,-0.049861,0.000000,0.014140,0
1790549112.5793,0.001854,0.022602,-0.028892,-0.042766,-0.004262,-0.006116,0.120000,-0.500000,0.832629,0.000556,-0.029449,0.000000,0.006780,-0.049546,0.000000,0.013940,0
1790549112.5932,-0.016594,0.016300,-0.034657,-0.044430,-0.022711,-0.006116,0.120000,-0.500000,0.862790,-0.004978,-0.029679,-0.000000,0.004890,-0.049320,-0.000000,0.013874,0
1790549112.6072,-0.014420,0.012567,-0.034207,-0.045374,-0.020536,-0.006116,0.120000,-0.500000,0.893253,-0.004326,-0.029881,0.000000,0.003770,-0.049144,-0.000000,0.014013,0
1790549112.6212,-0.013187,0.016330,-0.034021,-0.044018,-0.019303,-0.006116,0.120000,-0.500000,0.923530,-0.003956,-0.030065,0.000000,0.004899,-0.048917,0.000000,0.013927,0
1790549112.6352,-0.016939,0.017002,-0.035384,-0.043577,-0.023055,-0.006116,0.120000,-0.500000,0.954070,-0.005082,-0.030303,-0.000000,0.005101,-0.048678,0.000000,0.014049,0
1790549112.6491,-0.013314,0.009475,-0.034482,-0.045704,-0.019430,-0.006116,0.120000,-0.500000,0.984333,-0.003994,-0.030488,0.000000,0.002842,-0.048546,-0.000000,0.013921,0
1790549112.6631,-0.000295,0.003494,-0.030580,-0.047449,-0.006411,-0.006116,0.120000,-0.500000,0.014742,-0.000088,-0.030492,0.000000,0.001048,-0.048497,-0.000000,0.013988,0
1790549112.6770,0.001790,-0.000494,-0.029930,-0.048652,-0.004326,-0.006116,0.120000,-0.500000,0.044791,0.000537,-0.030467,0.000000,-0.000148,-0.048504,-0.000000,0.013822,0
1790549112.6907,0.005756,-0.004450,-0.028661,-0.049900,-0.000360,-0.006116,0.120000,-0.500000,0.074711,0.001727,-0.030388,0.000000,-0.001335,-0.048565,-0.000000,0.013763,0
1790549112.7047,0.011724,-0.009872,-0.026707,-0.051664,0.005608,-0.006116,0.120000,-0.500000,0.105040,0.003517,-0.030224,0.000000,-0.002961,-0.048703,-0.000000,0.013952,0
1790549112.7190,0.012243,-0.013353,-0.026381,-0.052895,0.006126,-0.006116,0.120000,-0.500000,0.135405,0.003673,-0.030053,0.000000,-0.004006,-0.048889,-0.000000,0.013968,0
1790549112.7332,0.013958,-0.017405,-0.025663,-0.054364,0.007842,-0.006116,0.120000,-0.500000,0.167021,0.004187,-0.029850,0.000000,-0.005222,-0.049142,-0.000000,0.014544,0
1790549112.7473,0.010522,-0.018348,-0.026545,-0.054906,0.004406,-0.006116,0.120000,-0.500000,0.197690,0.003157,-0.029702,-0.000000,-0.005505,-0.049401,-0.000000,0.014107,0
1790549112.7611,0.007206,-0.015450,-0.027440,-0.054250,0.001090,-0.006116,0.120000,-0.500000,0.227811,0.002162,-0.029602,-0.000000,-0.004635,-0.049615,0.000000,0.013856,0
1790549112.7753,-0.000414,-0.010555,-0.029732,-0.052930,-0.006530,-0.006116,0.120000,-0.500000,0.258381,-0.000124,-0.029608,-0.000000,-0.003167,-0.049764,0.000000,0.014062,0
1790549112.7893,-0.010171,-0.005026,-0.032803,-0.051343,-0.016287,-0.006116,0.120000,-0.500000,0.289100,-0.003051,-0.029752,-0.000000,-0.001508,-0.049835,0.000000,0.014130,0
1790549112.8034,-0.016406,0.000540,-0.034904,-0.049665,-0.022522,-0.006116,0.120000,-0.500000,0.319595,-0.004922,-0.029982,-0.000000,0.000162,-0.049827,0.000000,0.014028,0
1790549112.8173,-0.013159,-0.004583,-0.034113,-0.051266,-0.019275,-0.006116,0.120000,-0.500000,0.349870,-0.003948,-0.030165,0.000000,-0.001375,-0.049891,-0.000000,0.013927,0
1790549112.8313,-0.020609,-0.008788,-0.036636,-0.052650,-0.026725,-0.006116,0.120000,-0.500000,0.380280,-0.006183,-0.030453,-0.000000,-0.002636,-0.050014,-0.000000,0.013988,0
1790549112.8468,-0.026710,-0.014878,-0.038862,-0.054698,-0.032826,-0.006116,0.120000,-0.500000,0.412455,-0.008013,-0.030849,-0.000000,-0.004463,-0.050234,-0.000000,0.014801,0
1790549112.8617,-0.026558,-0.020528,-0.039225,-0.056708,-0.032674,-0.006116,0.120000,-0.500000,0.445897,-0.007967,-0.031257,0.000000,-0.006158,-0.050550,-0.000000,0.015383,0
1790549112.8767,-0.029893,-0.025389,-0.040663,-0.058539,-0.036009,-0.006116,0.120000,-0.500000,0.477775,-0.008968,-0.031696,-0.000000,-0.007617,-0.050922,-0.000000,0.014664,0
1790549112.8913,-0.039993,-0.031774,-0.044287,-0.060926,-0.046110,-0.006116,0.120000,-0.500000,0.510032,-0.011998,-0.032289,-0.000000,-0.009532,-0.051394,-0.000000,0.014838,0
1790549112.9061,-0.047616,-0.039264,-0.047284,-0.063758,-0.053732,-0.006116,0.120000,-0.500000,0.542435,-0.014285,-0.032999,-0.000000,-0.011779,-0.051979,-0.000000,0.014906,0
1790549112.9200,-0.053166,-0.047495,-0.049691,-0.066891,-0.059282,-0.006116,0.120000,-0.500000,0.572810,-0.015950,-0.033742,-0.000000,-0.014249,-0.052643,-0.000000,0.013973,0
1790549112.9338,-0.051856,-0.054672,-0.050021,-0.069806,-0.057972,-0.006116,0.120000,-0.500000,0.603085,-0.015557,-0.034464,0.000000,-0.016402,-0.053404,-0.000000,0.013927,0
1790549112.9480,-0.045780,-0.055313,-0.048846,-0.070782,-0.051896,-0.006116,0.120000,-0.500000,0.633886,-0.013734,-0.035112,0.000000,-0.016594,-0.054188,-0.000000,0.014169,0
1790549112.9620,-0.039099,-0.051792,-0.047394,-0.070456,-0.045215,-0.006116,0.120000,-0.500000,0.664571,-0.011730,-0.035664,0.000000,-0.015537,-0.054919,0.000000,0.014115,0
1790549112.9768,-0.030955,-0.046289,-0.045392,-0.069465,-0.037071,-0.006116,0.120000,-0.500000,0.695550,-0.009286,-0.036105,0.000000,-0.013887,-0.055578,0.000000,0.014251,0
1790549112.9914,-0.023042,-0.036304,-0.043360,-0.067008,-0.029158,-0.006116,0.120000,-0.500000,0.727791,-0.006913,-0.036447,0.000000,-0.010891,-0.056117,0.000000,0.014831,0
1790549113.0058,-0.011993,-0.020652,-0.040219,-0.062612,-0.018109,-0.006116,0.120000,-0.500000,0.759338,-0.003598,-0.036621,0.000000,-0.006196,-0.056417,0.000000,0.014512,0
1790549113.0199,0.000036,-0.001598,-0.036610,-0.056919,-0.006080,-0.006116,0.120000,-0.500000,0.790234,0.000011,-0.036621,0.000000,-0.000479,-0.056439,0.000000,0.014212,0
1790549113.0341,0.012162,0.017379,-0.032800,-0.050980,0.006045,-0.006116,0.120000,-0.500000,0.820997,0.003648,-0.036449,0.000000,0.005214,-0.056193,0.000000,0.014151,0
1790549113.0482,0.005451,0.019697,-0.034735,-0.050003,-0.000665,-0.006116,0.120000,-0.500000,0.852020,0.001635,-0.036371,-0.000000,0.005909,-0.055912,0.000000,0.014271,0
1790549113.0623,0.004626,0.015465,-0.034918,-0.051056,-0.001491,-0.006116,0.120000,-0.500000,0.882550,0.001388,-0.036306,-0.000000,0.004640,-0.055695,-0.000000,0.014044,0
1790549113.0764,0.007956,0.014886,-0.033808,-0.051021,0.001840,-0.006116,0.120000,-0.500000,0.912998,0.002387,-0.036194,0.000000,0.004466,-0.055487,-0.000000,0.014006,0
1790549113.0906,-0.002752,0.011616,-0.037059,-0.051836,-0.008869,-0.006116,0.120000,-0.500000,0.943954,-0.000826,-0.036234,-0.000000,0.003485,-0.055321,-0.000000,0.014240,0
1790549113.1046,0.003165,0.007835,-0.035239,-0.052860,-0.002951,-0.006116,0.120000,-0.500000,0.974588,0.000950,-0.036189,0.000000,0.002351,-0.055211,-0.000000,0.014092,0
1790549113.1186,0.004496,0.003166,-0.034777,-0.054217,-0.001620,-0.006116,0.120000,-0.500000,0.004999,0.001349,-0.036126,0.000000,0.000950,-0.055166,-0.000000,0.013989,0
1790549113.1323,0.006585,0.000434,-0.034060,-0.055030,0.000469,-0.006116,0.120000,-0.500000,0.034740,0.001976,-0.036036,0.000000,0.000130,-0.055161,-0.000000,0.013681,0
1790549113.1460,0.011377,-0.002690,-0.032468,-0.056004,0.005261,-0.006116,0.120000,-0.500000,0.064394,0.003413,-0.035881,0.000000,-0.000807,-0.055197,-0.000000,0.013641,0
1790549113.1597,0.016157,-0.008905,-0.030812,-0.057991,0.010041,-0.006116,0.120000,-0.500000,0.094193,0.004847,-0.035659,0.000000,-0.002672,-0.055319,-0.000000,0.013708,0
1790549113.1736,0.022866,-0.017024,-0.028481,-0.060664,0.016750,-0.006116,0.120000,-0.500000,0.124509,0.006860,-0.035340,0.000000,-0.005107,-0.055557,-0.000000,0.013945,0
1790549113.1876,0.024484,-0.022029,-0.027652,-0.062474,0.018368,-0.006116,0.120000,-0.500000,0.154973,0.007345,-0.034997,0.000000,-0.006609,-0.055865,-0.000000,0.014014,0
1790549113.2015,0.018405,-0.024852,-0.029219,-0.063668,0.012289,-0.006116,0.120000,-0.500000,0.185337,0.005521,-0.034740,-0.000000,-0.007456,-0.056213,-0.000000,0.013967,0
1790549113.2155,0.012680,-0.024065,-0.030760,-0.063767,0.006564,-0.006116,0.120000,-0.500000,0.215551,0.003804,-0.034564,-0.000000,-0.007220,-0.056547,0.000000,0.013899,0
1790549113.2298,0.005219,-0.020039,-0.032925,-0.062841,-0.000897,-0.006116,0.120000,-0.500000,0.246213,0.001566,-0.034490,-0.000000,-0.006012,-0.056830,0.000000,0.014105,0
1790549113.2440,-0.004102,-0.017342,-0.035780,-0.062282,-0.010218,-0.006116,0.120000,-0.500000,0.277536,-0.001231,-0.034550,-0.000000,-0.005203,-0.057080,0.000000,0.014408,0
1790549113.2581,-0.011756,-0.008502,-0.038242,-0.059750,-0.017872,-0.006116,0.120000,-0.500000,0.308129,-0.003527,-0.034715,-0.000000,-0.002551,-0.057199,0.000000,0.014073,0
1790549113.2720,-0.020035,0.000443,-0.041005,-0.057060,-0.026151,-0.006116,0.120000,-0.500000,0.338418,-0.006011,-0.034994,-0.000000,0.000133,-0.057193,0.000000,0.013933,0
1790549113.2860,-0.026278,-0.003400,-0.043245,-0.058261,-0.032395,-0.006116,0.120000,-0.500000,0.368807,-0.007884,-0.035361,-0.000000,-0.001020,-0.057241,-0.000000,0.013979,0
1790549113.3000,-0.034112,-0.008095,-0.046072,-0.059782,-0.040228,-0.006116,0.120000,-0.500000,0.399184,-0.010234,-0.035838,-0.000000,-0.002429,-0.057354,-0.000000,0.013973,0
1790549113.3139,-0.038268,-0.012790,-0.047853,-0.061369,-0.044384,-0.006116,0.120000,-0.500000,0.429546,-0.011480,-0.036373,-0.000000,-0.003837,-0.057532,-0.000000,0.013967,0
1790549113.3279,-0.040584,-0.021082,-0.049114,-0.064151,-0.046700,-0.006116,0.120000,-0.500000,0.459847,-0.012175,-0.036938,-0.000000,-0.006325,-0.057826,-0.000000,0.013938,0
1790549113.3419,-0.048696,-0.027809,-0.052230,-0.066559,-0.054812,-0.006116,0.120000,-0.500000,0.490329,-0.014609,-0.037621,-0.000000,-0.008343,-0.058216,-0.000000,0.014022,0
1790549113.3558,-0.062836,-0.034647,-0.057344,-0.069091,-0.068952,-0.006116,0.120000,-0.500000,0.520515,-0.018851,-0.038494,-0.000000,-0.010394,-0.058697,-0.000000,0.013886,0
1790549113.3694,-0.072014,-0.043241,-0.061080,-0.072259,-0.078130,-0.006116,0.120000,-0.500000,0.550166,-0.021604,-0.039476,-0.000000,-0.012972,-0.059287,-0.000000,0.013639,0
1790549113.3832,-0.077084,-0.053577,-0.063660,-0.076096,-0.083200,-0.006116,0.120000,-0.500000,0.580018,-0.023125,-0.040534,-0.000000,-0.016073,-0.060023,-0.000000,0.013732,0
1790549113.3971,-0.076511,-0.061313,-0.064559,-0.079275,-0.082627,-0.006116,0.120000,-0.500000,0.610451,-0.022953,-0.041605,0.000000,-0.018394,-0.060881,-0.000000,0.013999,0
1790549113.4111,-0.067235,-0.063051,-0.062716,-0.080678,-0.073351,-0.006116,0.120000,-0.500000,0.640857,-0.020171,-0.042546,0.000000,-0.018915,-0.061763,-0.000000,0.013987,0
1790549113.4251,-0.060877,-0.061877,-0.061660,-0.081191,-0.066993,-0.006116,0.120000,-0.500000,0.671251,-0.018263,-0.043397,0.000000,-0.018563,-0.062628,0.000000,0.013982,0
1790549113.4390,-0.052867,-0.057155,-0.059994,-0.080571,-0.058983,-0.006116,0.120000,-0.500000,0.701543,-0.015860,-0.044134,0.000000,-0.017146,-0.063424,0.000000,0.013934,0
1790549113.4530,-0.043896,-0.046227,-0.057918,-0.077940,-0.050012,-0.006116,0.120000,-0.500000,0.732014,-0.013169,-0.044749,0.000000,-0.013868,-0.064072,0.000000,0.014017,0
1790549113.4670,-0.026146,-0.028463,-0.052956,-0.073007,-0.032262,-0.006116,0.120000,-0.500000,0.762249,-0.007844,-0.045113,0.000000,-0.008539,-0.064468,0.000000,0.013908,0
1790549113.4812,-0.011276,-0.004862,-0.048653,-0.065995,-0.017392,-0.006116,0.120000,-0.500000,0.792623,-0.003383,-0.045270,0.000000,-0.001459,-0.064536,0.000000,0.013972,0
1790549113.4963,0.005196,0.023350,-0.043633,-0.057178,-0.000920,-0.006116,0.120000,-0.500000,0.825526,0.001559,-0.045191,0.000000,0.007005,-0.064183,0.000000,0.015135,0
1790549113.5106,-0.006132,0.029681,-0.047119,-0.054852,-0.012248,-0.006116,0.120000,-0.500000,0.856775,-0.001840,-0.045280,-0.000000,0.008904,-0.063756,0.000000,0.014374,0
1790549113.5248,0.001248,0.026900,-0.044888,-0.055301,-0.004869,-0.006116,0.120000,-0.500000,0.887853,0.000374,-0.045262,0.000000,0.008070,-0.063371,-0.000000,0.014296,0
1790549113.5390,0.001918,0.034238,-0.044659,-0.052617,-0.004198,-0.006116,0.120000,-0.500000,0.918522,0.000575,-0.045235,0.000000,0.010271,-0.062888,0.000000,0.014108,0
1790549113.5532,-0.002595,0.042560,-0.046050,-0.049510,-0.008711,-0.006116,0.120000,-0.500000,0.949703,-0.000778,-0.045272,-0.000000,0.012768,-0.062278,0.000000,0.014343,0
1790549113.5672,0.000511,0.041139,-0.045111,-0.049364,-0.005605,-0.006116,0.120000,-0.500000,0.979918,0.000153,-0.045265,0.000000,0.012342,-0.061706,-0.000000,0.013899,0
1790549113.5815,0.010012,0.038580,-0.042118,-0.049581,0.003896,-0.006116,0.120000,-0.500000,0.010991,0.003004,-0.045122,0.000000,0.011574,-0.061155,-0.000000,0.014293,0
1790549113.5954,0.010971,0.035231,-0.041678,-0.050097,0.004854,-0.006116,0.120000,-0.500000,0.041156,0.003291,-0.044970,0.000000,0.010569,-0.060666,-0.000000,0.013876,0
1790549113.6091,0.012707,0.033009,-0.040981,-0.050306,0.006590,-0.006116,0.120000,-0.500000,0.071302,0.003812,-0.044793,0.000000,0.009903,-0.060208,-0.000000,0.013867,0
1790549113.6234,0.013190,0.031239,-0.040648,-0.050391,0.007074,-0.006116,0.120000,-0.500000,0.102266,0.003957,-0.044605,0.000000,0.009372,-0.059763,-0.000000,0.014243,0
1790549113.6373,0.011466,0.029735,-0.041005,-0.050427,0.005350,-0.006116,0.120000,-0.500000,0.132667,0.003440,-0.044445,-0.000000,0.008920,-0.059347,-0.000000,0.013985,0
1790549113.6515,0.010835,0.027729,-0.041042,-0.050639,0.004719,-0.006116,0.120000,-0.500000,0.163221,0.003251,-0.044293,-0.000000,0.008319,-0.058958,-0.000000,0.014055,0
1790549113.6659,0.008276,0.021540,-0.041691,-0.052186,0.002160,-0.006116,0.120000,-0.500000,0.194485,0.002483,-0.044174,-0.000000,0.006462,-0.058648,-0.000000,0.014381,0
1790549113.6800,0.004373,0.015802,-0.042800,-0.053684,-0.001743,-0.006116,0.120000,-0.500000,0.225219,0.001312,-0.044112,-0.000000,0.004741,-0.058424,-0.000000,0.014138,0
1790549113.6941,-0.000771,0.015779,-0.044354,-0.053468,-0.006887,-0.006116,0.120000,-0.500000,0.255902,-0.000231,-0.044123,-0.000000,0.004734,-0.058202,-0.000000,0.014114,0
1790549113.7083,-0.008038,0.016550,-0.046649,-0.053001,-0.014154,-0.006116,0.120000,-0.500000,0.286900,-0.002411,-0.044237,-0.000000,0.004965,-0.057966,0.000000,0.014259,0
1790549113.7222,-0.013088,0.015257,-0.048347,-0.053176,-0.019204,-0.006116,0.120000,-0.500000,0.317237,-0.003926,-0.044420,-0.000000,0.004577,-0.057753,-0.000000,0.013955,0
1790549113.7366,-0.013895,0.008170,-0.048785,-0.055186,-0.020011,-0.006116,0.120000,-0.500000,0.347989,-0.004168,-0.044617,-0.000000,0.002451,-0.057637,-0.000000,0.014146,0
1790549113.7505,-0.024122,-0.001897,-0.052193,-0.058233,-0.030238,-0.006116,0.120000,-0.500000,0.378614,-0.007237,-0.044956,-0.000000,-0.000569,-0.057664,-0.000000,0.014087,0
1790549113.7646,-0.034516,-0.012806,-0.055796,-0.061686,-0.040632,-0.006116,0.120000,-0.500000,0.409133,-0.010355,-0.045441,-0.000000,-0.003842,-0.057844,-0.000000,0.014039,0
1790549113.7787,-0.037672,-0.023066,-0.057276,-0.065090,-0.043788,-0.006116,0.120000,-0.500000,0.439889,-0.011302,-0.045974,-0.000000,-0.006920,-0.058170,-0.000000,0.014148,0
1790549113.7928,-0.043416,-0.031015,-0.059607,-0.067909,-0.049532,-0.006116,0.120000,-0.500000,0.470355,-0.013025,-0.046582,-0.000000,-0.009304,-0.058605,-0.000000,0.014014,0
1790549113.8067,-0.054407,-0.038480,-0.063666,-0.070687,-0.060523,-0.006116,0.120000,-0.500000,0.500764,-0.016322,-0.047343,-0.000000,-0.011544,-0.059143,-0.000000,0.013988,0
1790549113.8202,-0.063137,-0.046537,-0.067138,-0.073733,-0.069253,-0.006116,0.120000,-0.500000,0.530153,-0.018941,-0.048197,-0.000000,-0.013961,-0.059772,-0.000000,0.013519,0
1790549113.8339,-0.069474,-0.055480,-0.069987,-0.077173,-0.075590,-0.006116,0.120000,-0.500000,0.559799,-0.020842,-0.049144,-0.000000,-0.016644,-0.060529,-0.000000,0.013637,0
1790549113.8475,-0.072615,-0.065333,-0.071920,-0.081020,-0.078731,-0.006116,0.120000,-0.500000,0.589476,-0.021784,-0.050136,-0.000000,-0.019600,-0.061421,-0.000000,0.013652,0
1790549113.8615,-0.069151,-0.070419,-0.071849,-0.083532,-0.075268,-0.006116,0.120000,-0.500000,0.619899,-0.020745,-0.051103,0.000000,-0.021126,-0.062406,-0.000000,0.013994,0
1790549113.8756,-0.063949,-0.070690,-0.071184,-0.084603,-0.070066,-0.006116,0.120000,-0.500000,0.650348,-0.019185,-0.051999,0.000000,-0.021207,-0.063396,-0.000000,0.014007,0
1790549113.8895,-0.055542,-0.067178,-0.069442,-0.084494,-0.061658,-0.006116,0.120000,-0.500000,0.680899,-0.016663,-0.052780,0.000000,-0.020153,-0.064340,0.000000,0.014053,0
1790549113.9034,-0.047598,-0.057571,-0.067717,-0.082407,-0.053714,-0.006116,0.120000,-0.500000,0.710950,-0.014279,-0.053438,0.000000,-0.017271,-0.065136,0.000000,0.013824,0
1790549113.9175,-0.035591,-0.040182,-0.064614,-0.077755,-0.041707,-0.006116,0.120000,-0.500000,0.741444,-0.010677,-0.053937,0.000000,-0.012055,-0.065700,0.000000,0.014027,0
1790549113.9315,-0.016103,-0.016372,-0.058995,-0.070842,-0.022220,-0.006116,0.120000,-0.500000,0.772094,-0.004831,-0.054164,0.000000,-0.004912,-0.065931,0.000000,0.014099,0
1790549113.9454,-0.001051,0.011157,-0.054494,-0.062428,-0.007167,-0.006116,0.120000,-0.500000,0.802293,-0.000315,-0.054179,0.000000,0.003347,-0.065776,0.000000,0.013891,0
1790549113.9594,0.000916,0.032994,-0.053891,-0.055416,-0.005200,-0.006116,0.120000,-0.500000,0.832708,0.000275,-0.054166,0.000000,0.009898,-0.065314,0.000000,0.013991,0
1790549113.9734,-0.012269,0.030203,-0.058018,-0.055830,-0.018385,-0.006116,0.120000,-0.500000,0.863150,-0.003681,-0.054338,-0.000000,0.009061,-0.064891,-0.000000,0.014004,0
1790549113.9879,-0.001445,0.025840,-0.054792,-0.056773,-0.007561,-0.006116,0.120000,-0.500000,0.893989,-0.000433,-0.054358,0.000000,0.007752,-0.064525,-0.000000,0.014186,0
1790549114.0023,-0.000153,0.029623,-0.054406,-0.055205,-0.006270,-0.006116,0.120000,-0.500000,0.925732,-0.000046,-0.054360,0.000000,0.008887,-0.064092,0.000000,0.014601,0
1790549114.0164,-0.000649,0.030331,-0.054564,-0.054561,-0.006765,-0.006116,0.120000,-0.500000,0.956681,-0.000195,-0.054370,-0.000000,0.009099,-0.063660,0.000000,0.014236,0
1790549114.0304,0.005520,0.027192,-0.052636,-0.055122,-0.000596,-0.006116,0.120000,-0.500000,0.987084,0.001656,-0.054292,0.000000,0.008158,-0.063280,-0.000000,0.013986,0
1790549114.0444,0.010652,0.026624,-0.050947,-0.054919,0.004536,-0.006116,0.120000,-0.500000,0.017605,0.003196,-0.054143,0.000000,0.007987,-0.062906,-0.000000,0.014040,0
1790549114.0580,0.012300,0.027476,-0.050286,-0.054291,0.006184,-0.006116,0.120000,-0.500000,0.047092,0.003690,-0.053976,0.000000,0.008243,-0.062533,0.000000,0.013564,0
1790549114.0717,0.011972,0.028361,-0.050220,-0.053636,0.005856,-0.006116,0.120000,-0.500000,0.076893,0.003591,-0.053812,-0.000000,0.008508,-0.062145,0.000000,0.013708,0
1790549114.0857,0.014579,0.025706,-0.049233,-0.054072,0.008463,-0.006116,0.120000,-0.500000,0.107417,0.004374,-0.053607,0.000000,0.007712,-0.061784,-0.000000,0.014041,0
1790549114.0996,0.012085,0.024108,-0.049814,-0.054217,0.005969,-0.006116,0.120000,-0.500000,0.137574,0.003625,-0.053440,-0.000000,0.007233,-0.061449,-0.000000,0.013872,0
1790549114.1136,0.007685,0.025744,-0.051027,-0.053366,0.001569,-0.006116,0.120000,-0.500000,0.167936,0.002305,-0.053332,-0.000000,0.007723,-0.061090,0.000000,0.013967,0
1790549114.1275,0.003565,0.025842,-0.052213,-0.052976,-0.002551,-0.006116,0.120000,-0.500000,0.198301,0.001069,-0.053282,-0.000000,0.007753,-0.060729,0.000000,0.013968,0
1790549114.1417,0.007176,0.014063,-0.051029,-0.056312,0.001060,-0.006116,0.120000,-0.500000,0.228839,0.002153,-0.053182,0.000000,0.004219,-0.060531,-0.000000,0.014047,0
1790549114.1558,0.003891,0.009924,-0.051960,-0.057414,-0.002225,-0.006116,0.120000,-0.500000,0.259439,0.001167,-0.053127,-0.000000,0.002977,-0.060392,-0.000000,0.014076,0
1790549114.1701,-0.002755,0.012963,-0.053993,-0.056317,-0.008871,-0.006116,0.120000,-0.500000,0.290552,-0.000827,-0.053166,-0.000000,0.003889,-0.060206,0.000000,0.014312,0
1790549114.1844,-0.009243,0.013999,-0.056073,-0.055804,-0.015360,-0.006116,0.120000,-0.500000,0.321931,-0.002773,-0.053300,-0.000000,0.004200,-0.060004,0.000000,0.014434,0
1790549114.1984,-0.010673,0.007975,-0.056651,-0.057500,-0.016789,-0.006116,0.120000,-0.500000,0.352310,-0.003202,-0.053449,-0.000000,0.002392,-0.059892,-0.000000,0.013974,0
1790549114.2123,-0.014214,0.000596,-0.057912,-0.059705,-0.020331,-0.006116,0.120000,-0.500000,0.382650,-0.004264,-0.053647,-0.000000,0.000179,-0.059884,-0.000000,0.013956,0
1790549114.2265,-0.021505,-0.010160,-0.060401,-0.063075,-0.027622,-0.006116,0.120000,-0.500000,0.413242,-0.006452,-0.053950,-0.000000,-0.003048,-0.060027,-0.000000,0.014073,0
1790549114.2410,-0.024578,-0.019359,-0.061675,-0.066112,-0.030694,-0.006116,0.120000,-0.500000,0.444355,-0.007373,-0.054302,-0.000000,-0.005808,-0.060304,-0.000000,0.014312,0
1790549114.2552,-0.029142,-0.026048,-0.063463,-0.068493,-0.035258,-0.006116,0.120000,-0.500000,0.475627,-0.008743,-0.054721,-0.000000,-0.007814,-0.060679,-0.000000,0.014385,0
1790549114.2692,-0.038113,-0.033315,-0.066692,-0.071143,-0.044229,-0.006116,0.120000,-0.500000,0.506275,-0.011434,-0.055258,-0.000000,-0.009994,-0.061149,-0.000000,0.014098,0
1790549114.2828,-0.047590,-0.042272,-0.070180,-0.074404,-0.053706,-0.006116,0.120000,-0.500000,0.535761,-0.014277,-0.055904,-0.000000,-0.012682,-0.061722,-0.000000,0.013564,0
1790549114.2964,-0.057448,-0.051195,-0.073920,-0.077777,-0.063564,-0.006116,0.120000,-0.500000,0.565334,-0.017234,-0.056685,-0.000000,-0.015358,-0.062418,-0.000000,0.013603,0
1790549114.3103,-0.061405,-0.058836,-0.075964,-0.080891,-0.067521,-0.006116,0.120000,-0.500000,0.595705,-0.018421,-0.057543,-0.000000,-0.017651,-0.063240,-0.000000,0.013971,0
1790549114.3243,-0.058806,-0.064408,-0.076006,-0.083462,-0.064922,-0.006116,0.120000,-0.500000,0.626056,-0.017642,-0.058364,0.000000,-0.019322,-0.064140,-0.000000,0.013961,0
1790549114.3383,-0.049383,-0.064796,-0.073871,-0.084487,-0.055499,-0.006116,0.120000,-0.500000,0.656525,-0.014815,-0.059056,0.000000,-0.019439,-0.065048,-0.000000,0.014016,0
1790549114.3521,-0.044482,-0.062268,-0.073016,-0.084589,-0.050598,-0.006116,0.120000,-0.500000,0.686586,-0.013345,-0.059671,0.000000,-0.018680,-0.065909,0.000000,0.013828,0
1790549114.3660,-0.037751,-0.054823,-0.071520,-0.083117,-0.043867,-0.006116,0.120000,-0.500000,0.716763,-0.011325,-0.060195,0.000000,-0.016447,-0.066670,0.000000,0.013881,0
1790549114.3801,-0.024590,-0.038922,-0.067917,-0.078892,-0.030707,-0.006116,0.120000,-0.500000,0.747249,-0.007377,-0.060540,0.000000,-0.011677,-0.067216,0.000000,0.014024,0
1790549114.3939,-0.007187,-0.018067,-0.062796,-0.072886,-0.013303,-0.006116,0.120000,-0.500000,0.777359,-0.002156,-0.060640,0.000000,-0.005420,-0.067466,0.000000,0.013850,0
1790549114.4078,0.006981,0.008011,-0.058448,-0.064951,0.000865,-0.006116,0.120000,-0.500000,0.807582,0.002094,-0.060543,0.000000,0.002403,-0.067354,0.000000,0.013903,0
1790549114.4219,0.009978,0.028002,-0.057409,-0.058561,0.003862,-0.006116,0.120000,-0.500000,0.838059,0.002993,-0.060403,0.000000,0.008401,-0.066962,0.000000,0.014019,0
1790549114.4359,-0.006340,0.024969,-0.062393,-0.059121,-0.012456,-0.006116,0.120000,-0.500000,0.868547,-0.001902,-0.060492,-0.000000,0.007491,-0.066612,-0.000000,0.014024,0
1790549114.4498,0.011126,0.018482,-0.056999,-0.060811,0.005009,-0.006116,0.120000,-0.500000,0.898736,0.003338,-0.060337,0.000000,0.005545,-0.066355,-0.000000,0.013887,0
1790549114.4638,0.010304,0.014728,-0.057101,-0.061730,0.004188,-0.006116,0.120000,-0.500000,0.929263,0.003091,-0.060192,-0.000000,0.004418,-0.066148,-0.000000,0.014043,0
1790549114.4777,0.010747,0.017452,-0.056819,-0.060670,0.004631,-0.006116,0.120000,-0.500000,0.959505,0.003224,-0.060043,0.000000,0.005235,-0.065905,0.000000,0.013911,0
1790549114.4921,0.015329,0.013713,-0.055227,-0.061597,0.009213,-0.006116,0.120000,-0.500000,0.990313,0.004599,-0.059826,0.000000,0.004114,-0.065711,-0.000000,0.014172,0
1790549114.5064,0.018490,0.009288,-0.054011,-0.062790,0.012374,-0.006116,0.120000,-0.500000,0.021766,0.005547,-0.059558,0.000000,0.002787,-0.065577,-0.000000,0.014468,0
1790549114.5201,0.021808,0.005881,-0.052717,-0.063732,0.015692,-0.006116,0.120000,-0.500000,0.051545,0.006542,-0.059259,0.000000,0.001764,-0.065496,-0.000000,0.013698,0
1790549114.5338,0.024477,0.004994,-0.051580,-0.063929,0.018361,-0.006116,0.120000,-0.500000,0.081370,0.007343,-0.058924,0.000000,0.001498,-0.065428,-0.000000,0.013720,0
1790549114.5477,0.022745,0.004408,-0.051782,-0.064044,0.016629,-0.006116,0.120000,-0.500000,0.111769,0.006823,-0.058606,-0.000000,0.001322,-0.065366,-0.000000,0.013983,0
1790549114.5619,0.021070,0.005063,-0.051988,-0.063776,0.014953,-0.006116,0.120000,-0.500000,0.142326,0.006321,-0.058309,-0.000000,0.001519,-0.065295,0.000000,0.014056,0
1790549114.5760,0.019107,0.003458,-0.052307,-0.064208,0.012991,-0.006116,0.120000,-0.500000,0.173034,0.005732,-0.058039,-0.000000,0.001038,-0.065246,-0.000000,0.014125,0
1790549114.5899,0.012969,-0.002104,-0.053967,-0.065907,0.006853,-0.006116,0.120000,-0.500000,0.203487,0.003891,-0.057858,-0.000000,-0.000631,-0.065275,-0.000000,0.014009,0
1790549114.6039,0.011125,-0.005229,-0.054365,-0.066917,0.005009,-0.006116,0.120000,-0.500000,0.233828,0.003337,-0.057703,-0.000000,-0.001569,-0.065348,-0.000000,0.013957,0
1790549114.6177,0.009065,-0.003975,-0.054858,-0.066596,0.002949,-0.006116,0.120000,-0.500000,0.263878,0.002719,-0.057577,-0.000000,-0.001193,-0.065403,0.000000,0.013823,0
1790549114.6318,0.000385,-0.000213,-0.057456,-0.065470,-0.005731,-0.006116,0.120000,-0.500000,0.294382,0.000115,-0.057572,-0.000000,-0.000064,-0.065406,0.000000,0.014032,0
1790549114.6457,-0.005276,0.001551,-0.059228,-0.064920,-0.011392,-0.006116,0.120000,-0.500000,0.324577,-0.001583,-0.057645,-0.000000,0.000465,-0.065385,0.000000,0.013890,0
1790549114.6597,-0.003664,-0.003797,-0.058796,-0.066577,-0.009780,-0.006116,0.120000,-0.500000,0.355071,-0.001099,-0.057697,0.000000,-0.001139,-0.065438,-0.000000,0.014027,0
1790549114.6738,-0.011234,-0.011506,-0.061225,-0.069052,-0.017350,-0.006116,0.120000,-0.500000,0.385612,-0.003370,-0.057854,-0.000000,-0.003452,-0.065600,-0.000000,0.014049,0
1790549114.6878,-0.017401,-0.018706,-0.063320,-0.071475,-0.023517,-0.006116,0.120000,-0.500000,0.416223,-0.005220,-0.058099,-0.000000,-0.005612,-0.065863,-0.000000,0.014081,0
1790549114.7018,-0.014668,-0.024146,-0.062705,-0.073444,-0.020784,-0.006116,0.120000,-0.500000,0.446601,-0.004400,-0.058304,0.000000,-0.007244,-0.066201,-0.000000,0.013974,0
1790549114.7158,-0.018063,-0.028121,-0.063977,-0.075032,-0.024179,-0.006116,0.120000,-0.500000,0.477150,-0.005419,-0.058558,-0.000000,-0.008436,-0.066596,-0.000000,0.014053,0
1790549114.7297,-0.028619,-0.033787,-0.067541,-0.077201,-0.034735,-0.006116,0.120000,-0.500000,0.507340,-0.008586,-0.058956,-0.000000,-0.010136,-0.067065,-0.000000,0.013887,0
1790549114.7437,-0.035885,-0.039424,-0.070213,-0.079432,-0.042002,-0.006116,0.120000,-0.500000,0.537136,-0.010766,-0.059447,-0.000000,-0.011827,-0.067605,-0.000000,0.013706,0
1790549114.7576,-0.044973,-0.046776,-0.073573,-0.082297,-0.051089,-0.006116,0.120000,-0.500000,0.567771,-0.013492,-0.060081,-0.000000,-0.014033,-0.068265,-0.000000,0.014092,0
1790549114.7715,-0.053198,-0.056085,-0.076786,-0.085875,-0.059314,-0.006116,0.120000,-0.500000,0.598215,-0.015959,-0.060826,-0.000000,-0.016826,-0.069050,-0.000000,0.014004,0
1790549114.7856,-0.055441,-0.061181,-0.078237,-0.088263,-0.061557,-0.006116,0.120000,-0.500000,0.628721,-0.016632,-0.061604,-0.000000,-0.018354,-0.069908,-0.000000,0.014033,0
1790549114.7996,-0.049726,-0.057718,-0.077222,-0.088036,-0.055842,-0.006116,0.120000,-0.500000,0.659305,-0.014918,-0.062304,0.000000,-0.017315,-0.070720,0.000000,0.014069,0
1790549114.8135,-0.045623,-0.052454,-0.076625,-0.087186,-0.051739,-0.006116,0.120000,-0.500000,0.689536,-0.013687,-0.062938,0.000000,-0.015736,-0.071450,0.000000,0.013906,0
1790549114.8274,-0.038388,-0.042723,-0.074988,-0.084860,-0.044504,-0.006116,0.120000,-0.500000,0.719725,-0.011516,-0.063471,0.000000,-0.012817,-0.072043,0.000000,0.013887,0
1790549114.8414,-0.027460,-0.026804,-0.072093,-0.080459,-0.033576,-0.006116,0.120000,-0.500000,0.750116,-0.008238,-0.063855,0.000000,-0.008041,-0.072418,0.000000,0.013980,0
1790549114.8557,-0.007288,-0.004299,-0.066145,-0.073769,-0.013404,-0.006116,0.120000,-0.500000,0.781035,-0.002186,-0.063959,0.000000,-0.001290,-0.072479,0.000000,0.014223,0
1790549114.8698,0.005236,0.020017,-0.062314,-0.066190,-0.000880,-0.006116,0.120000,-0.500000,0.811874,0.001571,-0.063885,0.000000,0.006005,-0.072195,0.000000,0.014186,0
1790549114.8836,-0.008771,0.019874,-0.066637,-0.065958,-0.014887,-0.006116,0.120000,-0.500000,0.841954,-0.002631,-0.064006,-0.000000,0.005962,-0.071920,-0.000000,0.013837,0
1790549114.8977,0.003216,0.018713,-0.062996,-0.066044,-0.002900,-0.006116,0.120000,-0.500000,0.872454,0.000965,-0.063961,0.000000,0.005614,-0.071658,-0.000000,0.014030,0
1790549114.9117,0.013577,0.023562,-0.059698,-0.064260,0.007461,-0.006116,0.120000,-0.500000,0.902792,0.004073,-0.063771,0.000000,0.007068,-0.071329,0.000000,0.013956,0
1790549114.9264,0.010740,0.030070,-0.060396,-0.061878,0.004624,-0.006116,0.120000,-0.500000,0.933875,0.003222,-0.063618,-0.000000,0.009021,-0.070899,0.000000,0.014298,0
1790549114.9413,0.016577,0.028036,-0.058392,-0.062061,0.010460,-0.006116,0.120000,-0.500000,0.966969,0.004973,-0.063365,0.000000,0.008411,-0.070472,-0.000000,0.015223,0
1790549114.9560,0.026614,0.025713,-0.054991,-0.062381,0.020497,-0.006116,0.120000,-0.500000,0.998888,0.007984,-0.062975,0.000000,0.007714,-0.070095,-0.000000,0.014683,0
1790549114.9702,0.027381,0.024291,-0.054371,-0.062462,0.021265,-0.006116,0.120000,-0.500000,0.029768,0.008214,-0.062586,0.000000,0.007287,-0.069749,-0.000000,0.014205,0
1790549114.9850,0.026423,0.025304,-0.054274,-0.061790,0.020307,-0.006116,0.120000,-0.500000,0.061453,0.007927,-0.062201,-0.000000,0.007591,-0.069381,0.000000,0.014575,0
1790549114.9994,0.026239,0.024792,-0.053944,-0.061579,0.020122,-0.006116,0.120000,-0.500000,0.093372,0.007872,-0.061815,-0.000000,0.007438,-0.069017,-0.000000,0.014683,0
1790549115.0141,0.026785,0.020116,-0.053386,-0.062686,0.020669,-0.006116,0.120000,-0.500000,0.125349,0.008035,-0.061421,0.000000,0.006035,-0.068721,-0.000000,0.014710,0
1790549115.0280,0.026321,0.015096,-0.053157,-0.063981,0.020205,-0.006116,0.120000,-0.500000,0.155784,0.007896,-0.061053,-0.000000,0.004529,-0.068509,-0.000000,0.014000,0
1790549115.0420,0.025069,0.012820,-0.053179,-0.064483,0.018953,-0.006116,0.120000,-0.500000,0.186359,0.007521,-0.060700,-0.000000,0.003846,-0.068329,-0.000000,0.014065,0
1790549115.0559,0.021150,0.006174,-0.054061,-0.066391,0.015034,-0.006116,0.120000,-0.500000,0.216564,0.006345,-0.060406,-0.000000,0.001852,-0.068243,-0.000000,0.013894,0
1790549115.0700,0.016925,0.002540,-0.055093,-0.067446,0.010809,-0.006116,0.120000,-0.500000,0.246933,0.005077,-0.060170,-0.000000,0.000762,-0.068208,-0.000000,0.013969,0
1790549115.0839,0.012368,0.005572,-0.056286,-0.066458,0.006252,-0.006116,0.120000,-0.500000,0.277438,0.003710,-0.059996,-0.000000,0.001672,-0.068130,0.000000,0.014033,0
1790549115.0978,0.001744,0.012565,-0.059449,-0.064186,-0.004372,-0.006116,0.120000,-0.500000,0.307534,0.000523,-0.059972,-0.000000,0.003769,-0.067956,0.000000,0.013844,0
1790549115.1117,-0.001794,0.012940,-0.060535,-0.063893,-0.007910,-0.006116,0.120000,-0.500000,0.337780,-0.000538,-0.059997,-0.000000,0.003882,-0.067776,0.000000,0.013913,0
1790549115.1257,0.003949,0.008186,-0.058757,-0.065205,-0.002167,-0.006116,0.120000,-0.500000,0.368188,0.001185,-0.059942,0.000000,0.002456,-0.067661,-0.000000,0.013988,0
1790549115.1397,-0.004536,0.004202,-0.061366,-0.066342,-0.010652,-0.006116,0.120000,-0.500000,0.398634,-0.001361,-0.060006,-0.000000,0.001260,-0.067602,-0.000000,0.014005,0
1790549115.1537,-0.011506,-0.001136,-0.063618,-0.067959,-0.017622,-0.006116,0.120000,-0.500000,0.429056,-0.003452,-0.060167,-0.000000,-0.000341,-0.067618,-0.000000,0.013994,0
1790549115.1676,-0.013737,-0.007143,-0.064478,-0.069860,-0.019853,-0.006116,0.120000,-0.500000,0.459156,-0.004121,-0.060357,-0.000000,-0.002143,-0.067717,-0.000000,0.013846,0
1790549115.1818,-0.016901,-0.011865,-0.065666,-0.071444,-0.023018,-0.006116,0.120000,-0.500000,0.489885,-0.005070,-0.060596,-0.000000,-0.003559,-0.067885,-0.000000,0.014135,0
1790549115.1957,-0.023602,-0.019195,-0.068008,-0.073913,-0.029718,-0.006116,0.120000,-0.500000,0.520454,-0.007081,-0.060928,-0.000000,-0.005759,-0.068155,-0.000000,0.014062,0
1790549115.2093,-0.035757,-0.026155,-0.072140,-0.076357,-0.041873,-0.006116,0.120000,-0.500000,0.549988,-0.010727,-0.061413,-0.000000,-0.007847,-0.068510,-0.000000,0.013586,0
1790549115.2230,-0.044706,-0.035290,-0.075438,-0.079581,-0.050822,-0.006116,0.120000,-0.500000,0.579809,-0.013412,-0.062027,-0.000000,-0.010587,-0.068994,-0.000000,0.013718,0
1790549115.2370,-0.050780,-0.040709,-0.077972,-0.081777,-0.056896,-0.006116,0.120000,-0.500000,0.610268,-0.015234,-0.062738,-0.000000,-0.012213,-0.069565,-0.000000,0.014011,0
1790549115.2515,-0.044217,-0.044993,-0.076635,-0.083705,-0.050333,-0.006116,0.120000,-0.500000,0.641317,-0.013265,-0.063370,0.000000,-0.013498,-0.070207,-0.000000,0.014282,0
1790549115.2657,-0.034050,-0.042633,-0.074071,-0.083606,-0.040166,-0.006116,0.120000,-0.500000,0.672368,-0.010215,-0.063856,0.000000,-0.012790,-0.070816,0.000000,0.014284,0
1790549115.2795,-0.030355,-0.036949,-0.073385,-0.082415,-0.036471,-0.006116,0.120000,-0.500000,0.702640,-0.009107,-0.064279,0.000000,-0.011085,-0.071331,0.000000,0.013925,0
1790549115.2934,-0.022883,-0.028085,-0.071462,-0.080147,-0.028999,-0.006116,0.120000,-0.500000,0.732885,-0.006865,-0.064597,0.000000,-0.008426,-0.071721,0.000000,0.013913,0
1790549115.3074,-0.011025,-0.015328,-0.068058,-0.076533,-0.017141,-0.006116,0.120000,-0.500000,0.763142,-0.003308,-0.064750,0.000000,-0.004598,-0.071935,0.000000,0.013918,0
1790549115.3212,0.009908,0.002195,-0.061640,-0.071246,0.003792,-0.006116,0.120000,-0.500000,0.793424,0.002972,-0.064612,0.000000,0.000658,-0.071904,0.000000,0.013929,0
1790549115.3356,0.024282,0.023579,-0.056991,-0.064503,0.018166,-0.006116,0.120000,-0.500000,0.823611,0.007285,-0.064275,0.000000,0.007074,-0.071577,0.000000,0.013886,0
1790549115.3499,0.016860,0.024270,-0.058970,-0.063940,0.010744,-0.006116,0.120000,-0.500000,0.855426,0.005058,-0.064029,-0.000000,0.007281,-0.071221,0.000000,0.014635,0
1790549115.3639,0.016307,0.018302,-0.058908,-0.065474,0.010191,-0.006116,0.120000,-0.500000,0.885918,0.004892,-0.063800,-0.000000,0.005491,-0.070965,-0.000000,0.014026,0
1790549115.3783,0.021695,0.013444,-0.056984,-0.066741,0.015578,-0.006116,0.120000,-0.500000,0.916712,0.006508,-0.063492,0.000000,0.004033,-0.070774,-0.000000,0.014166,0
1790549115.3921,0.019417,0.008144,-0.057395,-0.068217,0.013300,-0.006116,0.120000,-0.500000,0.947225,0.005825,-0.063220,-0.000000,0.002443,-0.070660,-0.000000,0.014036,0
1790549115.4054,0.026568,0.000806,-0.054892,-0.070408,0.020452,-0.006116,0.120000,-0.500000,0.976463,0.007970,-0.062863,0.000000,0.000242,-0.070649,-0.000000,0.013449,0
1790549115.4195,0.034706,-0.006386,-0.051967,-0.072654,0.028590,-0.006116,0.120000,-0.500000,0.006775,0.010412,-0.062379,0.000000,-0.001916,-0.070738,-0.000000,0.013943,0
1790549115.4332,0.038859,-0.014679,-0.050188,-0.075343,0.032743,-0.006116,0.120000,-0.500000,0.036610,0.011658,-0.061845,0.000000,-0.004404,-0.070940,-0.000000,0.013724,0
1790549115.4468,0.046149,-0.023412,-0.047374,-0.078281,0.040033,-0.006116,0.120000,-0.500000,0.066139,0.013845,-0.061219,0.000000,-0.007024,-0.071258,-0.000000,0.013583,0
1790549115.4607,0.056339,-0.032512,-0.043529,-0.081466,0.050223,-0.006116,0.120000,-0.500000,0.096550,0.016902,-0.060430,0.000000,-0.009754,-0.071713,-0.000000,0.013989,0
1790549115.4746,0.059723,-0.043804,-0.041684,-0.085462,0.053607,-0.006116,0.120000,-0.500000,0.126749,0.017917,-0.059601,0.000000,-0.013141,-0.072321,-0.000000,0.013891,0
1790549115.4885,0.050712,-0.047216,-0.043681,-0.087144,0.044596,-0.006116,0.120000,-0.500000,0.157026,0.015214,-0.058894,-0.000000,-0.014165,-0.072979,-0.000000,0.013927,0
1790549115.5028,0.048683,-0.041500,-0.043609,-0.086009,0.042567,-0.006116,0.120000,-0.500000,0.187410,0.014605,-0.058214,-0.000000,-0.012450,-0.073559,0.000000,0.013977,0
1790549115.5171,0.043376,-0.032606,-0.044574,-0.083812,0.037260,-0.006116,0.120000,-0.500000,0.218866,0.013013,-0.057586,-0.000000,-0.009782,-0.074030,0.000000,0.014470,0
1790549115.5311,0.036178,-0.021645,-0.046224,-0.080828,0.030062,-0.006116,0.120000,-0.500000,0.249459,0.010853,-0.057077,-0.000000,-0.006493,-0.074335,0.000000,0.014073,0
1790549115.5451,0.026909,-0.010606,-0.048628,-0.077665,0.020793,-0.006116,0.120000,-0.500000,0.279896,0.008073,-0.056701,-0.000000,-0.003182,-0.074484,0.000000,0.014001,0
1790549115.5591,0.015282,-0.000547,-0.051902,-0.074655,0.009166,-0.006116,0.120000,-0.500000,0.310334,0.004585,-0.056487,-0.000000,-0.000164,-0.074491,0.000000,0.014002,0
1790549115.5731,-0.001735,0.007313,-0.057031,-0.072195,-0.007851,-0.006116,0.120000,-0.500000,0.340726,-0.000521,-0.056511,-0.000000,0.002194,-0.074389,0.000000,0.013981,0
1790549115.5871,-0.003910,0.006128,-0.057739,-0.072465,-0.010026,-0.006116,0.120000,-0.500000,0.371238,-0.001173,-0.056566,-0.000000,0.001838,-0.074303,-0.000000,0.014035,0
1790549115.6013,-0.003163,0.003762,-0.057559,-0.073121,-0.009279,-0.006116,0.120000,-0.500000,0.402015,-0.000949,-0.056610,0.000000,0.001129,-0.074250,-0.000000,0.014158,0
1790549115.6152,-0.007238,0.000713,-0.058883,-0.074026,-0.013354,-0.006116,0.120000,-0.500000,0.432504,-0.002171,-0.056712,-0.000000,0.000214,-0.074240,-0.000000,0.014025,0
1790549115.6292,-0.012261,-0.007995,-0.060561,-0.076749,-0.018377,-0.006116,0.120000,-0.500000,0.462735,-0.003678,-0.056883,-0.000000,-0.002398,-0.074351,-0.000000,0.013906,0
1790549115.6516,-0.025448,-0.019121,-0.064873,-0.080355,-0.031565,-0.006116,0.120000,-0.500000,0.493146,-0.007635,-0.057239,-0.000000,-0.005736,-0.074618,-0.000000,0.013989,0
1790549115.6660,-0.040055,-0.031062,-0.070163,-0.084641,-0.046171,-0.006116,0.120000,-0.500000,0.542426,-0.012016,-0.058147,-0.000000,-0.009319,-0.075323,-0.000000,0.022669,0
1790549115.6800,-0.046443,-0.038311,-0.072730,-0.087352,-0.052559,-0.006116,0.120000,-0.500000,0.572880,-0.013933,-0.058797,-0.000000,-0.011493,-0.075859,-0.000000,0.014009,0
1790549115.6942,-0.048474,-0.044348,-0.074031,-0.089797,-0.054590,-0.006116,0.120000,-0.500000,0.603914,-0.014542,-0.059489,-0.000000,-0.013304,-0.076492,-0.000000,0.014276,0
1790549115.7081,-0.046520,-0.049676,-0.074096,-0.092090,-0.052636,-0.006116,0.120000,-0.500000,0.634335,-0.013956,-0.060140,0.000000,-0.014903,-0.077187,-0.000000,0.013994,0
1790549115.7221,-0.034593,-0.049181,-0.071002,-0.092630,-0.040709,-0.006116,0.120000,-0.500000,0.664740,-0.010378,-0.060624,0.000000,-0.014754,-0.077875,0.000000,0.013987,0
1790549115.7360,-0.028651,-0.043143,-0.069616,-0.091415,-0.034767,-0.006116,0.120000,-0.500000,0.694834,-0.008595,-0.061021,0.000000,-0.012943,-0.078473,0.000000,0.013843,0
1790549115.7499,-0.022901,-0.031983,-0.068210,-0.088513,-0.029018,-0.006116,0.120000,-0.500000,0.725102,-0.006870,-0.061339,0.000000,-0.009595,-0.078918,0.000000,0.013923,0
1790549115.7643,-0.014695,-0.014523,-0.065958,-0.083482,-0.020811,-0.006116,0.120000,-0.500000,0.756124,-0.004409,-0.061549,0.000000,-0.004357,-0.079125,0.000000,0.014270,0
1790549115.7784,0.000828,0.008387,-0.061289,-0.076490,-0.005288,-0.006116,0.120000,-0.500000,0.786939,0.000249,-0.061537,0.000000,0.002516,-0.079006,0.000000,0.014175,0
1790549115.7924,0.020151,0.035169,-0.055211,-0.067964,0.014035,-0.006116,0.120000,-0.500000,0.817299,0.006045,-0.061256,0.000000,0.010551,-0.078515,0.000000,0.013966,0
1790549115.8065,0.016628,0.039377,-0.056032,-0.066144,0.010512,-0.006116,0.120000,-0.500000,0.848081,0.004988,-0.061021,-0.000000,0.011813,-0.077958,0.000000,0.014160,0
1790549115.8204,0.014271,0.029076,-0.056541,-0.068830,0.008155,-0.006116,0.120000,-0.500000,0.878363,0.004281,-0.060822,-0.000000,0.008723,-0.077553,-0.000000,0.013930,0
1790549115.8344,0.027888,0.020151,-0.052063,-0.071224,0.021772,-0.006116,0.120000,-0.500000,0.908928,0.008366,-0.060430,0.000000,0.006045,-0.077269,-0.000000,0.014060,0
1790549115.8483,0.028926,0.020328,-0.051349,-0.070888,0.022810,-0.006116,0.120000,-0.500000,0.939171,0.008678,-0.060027,0.000000,0.006098,-0.076986,0.000000,0.013912,0
1790549115.8623,0.031161,0.019982,-0.050243,-0.070713,0.025045,-0.006116,0.120000,-0.500000,0.969557,0.009348,-0.059592,0.000000,0.005994,-0.076707,-0.000000,0.013978,0
1790549115.8763,0.041493,0.020074,-0.046564,-0.070404,0.035376,-0.006116,0.120000,-0.500000,0.999948,0.012448,-0.059012,0.000000,0.006022,-0.076426,0.000000,0.013980,0
1790549115.8902,0.045320,0.018375,-0.044784,-0.070658,0.039204,-0.006116,0.120000,-0.500000,0.030234,0.013596,-0.058380,0.000000,0.005513,-0.076170,-0.000000,0.013932,0
1790549115.9037,0.043706,0.016905,-0.044679,-0.070871,0.037590,-0.006116,0.120000,-0.500000,0.059566,0.013112,-0.057790,-0.000000,0.005072,-0.075942,-0.000000,0.013493,0
1790549115.9173,0.042799,0.017608,-0.044368,-0.070420,0.036683,-0.006116,0.120000,-0.500000,0.089161,0.012840,-0.057208,-0.000000,0.005282,-0.075703,0.000000,0.013614,0
1790549115.9313,0.038288,0.016768,-0.045184,-0.070437,0.032172,-0.006116,0.120000,-0.500000,0.119650,0.011487,-0.056671,-0.000000,0.005030,-0.075467,-0.000000,0.014025,0
1790549115.9454,0.034538,0.014130,-0.045825,-0.071030,0.028422,-0.006116,0.120000,-0.500000,0.150174,0.010361,-0.056186,-0.000000,0.004239,-0.075269,-0.000000,0.014041,0
1790549115.9593,0.030200,0.015242,-0.046707,-0.070485,0.024084,-0.006116,0.120000,-0.500000,0.180356,0.009060,-0.055767,-0.000000,0.004573,-0.075057,0.000000,0.013884,0
1790549115.9733,0.024856,0.016261,-0.047961,-0.069951,0.018740,-0.006116,0.120000,-0.500000,0.210867,0.007457,-0.055418,-0.000000,0.004878,-0.074829,0.000000,0.014035,0
1790549115.9874,0.018808,0.017349,-0.049511,-0.069381,0.012692,-0.006116,0.120000,-0.500000,0.241407,0.005642,-0.055154,-0.000000,0.005205,-0.074586,0.000000,0.014048,0
1790549116.0013,0.015795,0.018480,-0.050194,-0.068783,0.009679,-0.006116,0.120000,-0.500000,0.271805,0.004738,-0.054933,-0.000000,0.005544,-0.074327,0.000000,0.013983,0
1790549116.0156,0.010336,0.021857,-0.051687,-0.067463,0.004220,-0.006116,0.120000,-0.500000,0.302344,0.003101,-0.054787,-0.000000,0.006557,-0.074020,0.000000,0.014048,0
1790549116.0299,0.008658,0.019233,-0.052066,-0.067974,0.002542,-0.006116,0.120000,-0.500000,0.333562,0.002598,-0.054663,-0.000000,0.005770,-0.073744,-0.000000,0.014360,0
1790549116.0439,0.001768,0.012251,-0.054108,-0.069896,-0.004348,-0.006116,0.120000,-0.500000,0.364220,0.000530,-0.054638,-0.000000,0.003675,-0.073571,-0.000000,0.014103,0
1790549116.0578,-0.011298,0.004020,-0.058186,-0.072309,-0.017414,-0.006116,0.120000,-0.500000,0.394595,-0.003389,-0.054796,-0.000000,0.001206,-0.073515,-0.000000,0.013972,0
1790549116.0718,-0.014675,-0.004088,-0.059402,-0.074798,-0.020791,-0.006116,0.120000,-0.500000,0.424743,-0.004402,-0.055000,-0.000000,-0.001226,-0.073572,-0.000000,0.013868,0
1790549116.0857,-0.017817,-0.011325,-0.060595,-0.077128,-0.023934,-0.006116,0.120000,-0.500000,0.455224,-0.005345,-0.055249,-0.000000,-0.003397,-0.073730,-0.000000,0.014021,0
1790549116.0997,-0.026451,-0.018211,-0.063554,-0.079448,-0.032567,-0.006116,0.120000,-0.500000,0.485605,-0.007935,-0.055619,-0.000000,-0.005463,-0.073985,-0.000000,0.013975,0
1790549116.1136,-0.037908,-0.025995,-0.067517,-0.082143,-0.044024,-0.006116,0.120000,-0.500000,0.515728,-0.011372,-0.056144,-0.000000,-0.007798,-0.074345,-0.000000,0.013857,0
1790549116.1271,-0.051363,-0.033207,-0.072252,-0.084759,-0.057479,-0.006116,0.120000,-0.500000,0.545324,-0.015409,-0.056844,-0.000000,-0.009962,-0.074797,-0.000000,0.013614,0
1790549116.1408,-0.059844,-0.040901,-0.075609,-0.087623,-0.065960,-0.006116,0.120000,-0.500000,0.574846,-0.017953,-0.057656,-0.000000,-0.012270,-0.075353,-0.000000,0.013580,0
1790549116.1548,-0.058321,-0.046530,-0.075969,-0.089963,-0.064437,-0.006116,0.120000,-0.500000,0.605272,-0.017496,-0.058473,0.000000,-0.013959,-0.076004,-0.000000,0.013996,0
1790549116.1688,-0.053166,-0.046749,-0.075165,-0.090682,-0.059282,-0.006116,0.120000,-0.500000,0.635645,-0.015950,-0.059215,0.000000,-0.014025,-0.076657,-0.000000,0.013971,0
1790549116.1829,-0.048218,-0.044551,-0.074361,-0.090651,-0.054334,-0.006116,0.120000,-0.500000,0.666317,-0.014465,-0.059896,0.000000,-0.013365,-0.077286,0.000000,0.014109,0
1790549116.1968,-0.040742,-0.037058,-0.072689,-0.088922,-0.046859,-0.006116,0.120000,-0.500000,0.696741,-0.012223,-0.060466,0.000000,-0.011118,-0.077804,0.000000,0.013995,0
1790549116.2107,-0.032170,-0.024561,-0.070565,-0.085515,-0.038286,-0.006116,0.120000,-0.500000,0.727044,-0.009651,-0.060914,0.000000,-0.007368,-0.078147,0.000000,0.013940,0
1790549116.2246,-0.016841,-0.005136,-0.066199,-0.079759,-0.022957,-0.006116,0.120000,-0.500000,0.757100,-0.005052,-0.061147,0.000000,-0.001541,-0.078218,0.000000,0.013825,0
1790549116.2387,-0.001245,0.018703,-0.061538,-0.072346,-0.007361,-0.006116,0.120000,-0.500000,0.787394,-0.000373,-0.061164,0.000000,0.005611,-0.077957,0.000000,0.013936,0
1790549116.2527,0.008264,0.039595,-0.058568,-0.065516,0.002148,-0.006116,0.120000,-0.500000,0.818266,0.002479,-0.061047,0.000000,0.011878,-0.077395,0.000000,0.014201,0
1790549116.2670,-0.011252,0.036245,-0.064579,-0.066018,-0.017368,-0.006116,0.120000,-0.500000,0.848428,-0.003376,-0.061203,-0.000000,0.010873,-0.076892,-0.000000,0.013874,0
1790549116.2813,0.006482,0.029757,-0.059164,-0.067529,0.000366,-0.006116,0.120000,-0.500000,0.880242,0.001945,-0.061108,0.000000,0.008927,-0.076456,-0.000000,0.014635,0
1790549116.2952,0.015584,0.025778,-0.056215,-0.068362,0.009468,-0.006116,0.120000,-0.500000,0.910643,0.004675,-0.060890,0.000000,0.007733,-0.076096,-0.000000,0.013984,0
1790549116.3093,0.019583,0.023300,-0.054741,-0.068779,0.013467,-0.006116,0.120000,-0.500000,0.941146,0.005875,-0.060616,0.000000,0.006990,-0.075769,-0.000000,0.014031,0
1790549116.3232,0.026020,0.019209,-0.052445,-0.069737,0.019904,-0.006116,0.120000,-0.500000,0.971622,0.007806,-0.060251,0.000000,0.005763,-0.075500,-0.000000,0.014019,0
1790549116.3371,0.035456,0.014728,-0.049123,-0.070877,0.029340,-0.006116,0.120000,-0.500000,0.001728,0.010637,-0.059760,0.000000,0.004418,-0.075296,-0.000000,0.013849,0
1790549116.3507,0.038158,0.010729,-0.047795,-0.071932,0.032042,-0.006116,0.120000,-0.500000,0.031186,0.011448,-0.059243,0.000000,0.003219,-0.075150,-0.000000,0.013551,0
1790549116.3643,0.042590,0.008818,-0.045884,-0.072384,0.036474,-0.006116,0.120000,-0.500000,0.060894,0.012777,-0.058661,0.000000,0.002645,-0.075030,-0.000000,0.013666,0
1790549116.3782,0.044537,0.006034,-0.044686,-0.073136,0.038421,-0.006116,0.120000,-0.500000,0.090846,0.013361,-0.058047,0.000000,0.001810,-0.074947,-0.000000,0.013778,0
1790549116.3923,0.044430,0.002710,-0.044090,-0.074095,0.038314,-0.006116,0.120000,-0.500000,0.121560,0.013329,-0.057419,-0.000000,0.000813,-0.074908,-0.000000,0.014128,0
1790549116.4062,0.042006,0.001142,-0.044233,-0.074550,0.035890,-0.006116,0.120000,-0.500000,0.151841,0.012602,-0.056834,-0.000000,0.000343,-0.074892,-0.000000,0.013929,0
1790549116.4202,0.036598,-0.000378,-0.045342,-0.075011,0.030482,-0.006116,0.120000,-0.500000,0.182320,0.010979,-0.056321,-0.000000,-0.000113,-0.074898,-0.000000,0.014021,0
1790549116.4342,0.031894,-0.002281,-0.046306,-0.075614,0.025778,-0.006116,0.120000,-0.500000,0.212750,0.009568,-0.055875,-0.000000,-0.000684,-0.074930,-0.000000,0.013998,0
1790549116.4481,0.028429,0.000007,-0.046950,-0.074927,0.022313,-0.006116,0.120000,-0.500000,0.243015,0.008529,-0.055479,-0.000000,0.000002,-0.074930,0.000000,0.013922,0
1790549116.4621,0.024384,0.003819,-0.047823,-0.073731,0.018268,-0.006116,0.120000,-0.500000,0.273355,0.007315,-0.055139,-0.000000,0.001146,-0.074876,0.000000,0.013956,0
1790549116.4761,0.014713,0.007408,-0.050519,-0.072550,0.008597,-0.006116,0.120000,-0.500000,0.303799,0.004414,-0.054933,-0.000000,0.002222,-0.074773,0.000000,0.014004,0
1790549116.4900,0.010401,0.007003,-0.051668,-0.072574,0.004284,-0.006116,0.120000,-0.500000,0.334083,0.003120,-0.054788,-0.000000,0.002101,-0.074675,-0.000000,0.013931,0
1790549116.5040,0.010368,0.000553,-0.051532,-0.074501,0.004252,-0.006116,0.120000,-0.500000,0.364454,0.003110,-0.054643,-0.000000,0.000166,-0.074667,-0.000000,0.013971,0
1790549116.5182,-0.000931,-0.006266,-0.054935,-0.076635,-0.007048,-0.006116,0.120000,-0.500000,0.394963,-0.000279,-0.054656,-0.000000,-0.001880,-0.074755,-0.000000,0.014034,0
1790549116.5327,-0.003599,-0.012375,-0.055788,-0.078648,-0.009715,-0.006116,0.120000,-0.500000,0.426683,-0.001080,-0.054708,-0.000000,-0.003713,-0.074936,-0.000000,0.014591,0
1790549116.5468,-0.003970,-0.019750,-0.055955,-0.081138,-0.010086,-0.006116,0.120000,-0.500000,0.457173,-0.001191,-0.054764,-0.000000,-0.005925,-0.075213,-0.000000,0.014025,0
1790549116.5608,-0.013473,-0.026924,-0.058997,-0.083671,-0.019590,-0.006116,0.120000,-0.500000,0.487943,-0.004042,-0.054955,-0.000000,-0.008077,-0.075594,-0.000000,0.014154,0
1790549116.5749,-0.023645,-0.035933,-0.062382,-0.086881,-0.029761,-0.006116,0.120000,-0.500000,0.518606,-0.007094,-0.055288,-0.000000,-0.010780,-0.076101,-0.000000,0.014105,0
1790549116.5890,-0.035242,-0.044163,-0.066351,-0.089964,-0.041358,-0.006116,0.120000,-0.500000,0.548853,-0.010573,-0.055779,-0.000000,-0.013249,-0.076715,-0.000000,0.013914,0
1790549116.6031,-0.042708,-0.053263,-0.069199,-0.093452,-0.048824,-0.006116,0.120000,-0.500000,0.579792,-0.012812,-0.056386,-0.000000,-0.015979,-0.077473,-0.000000,0.014232,0
1790549116.6172,-0.045973,-0.059840,-0.070831,-0.096275,-0.052089,-0.006116,0.120000,-0.500000,0.610655,-0.013792,-0.057039,-0.000000,-0.017952,-0.078323,-0.000000,0.014197,0
1790549116.6314,-0.041327,-0.059738,-0.070019,-0.097085,-0.047443,-0.006116,0.120000,-0.500000,0.641253,-0.012398,-0.057621,0.000000,-0.017921,-0.079164,0.000000,0.014075,0
1790549116.6456,-0.035302,-0.055081,-0.068714,-0.096473,-0.041418,-0.006116,0.120000,-0.500000,0.672238,-0.010590,-0.058124,0.000000,-0.016524,-0.079949,0.000000,0.014253,0
1790549116.6597,-0.029268,-0.048129,-0.067319,-0.095069,-0.035384,-0.006116,0.120000,-0.500000,0.703007,-0.008780,-0.058538,0.000000,-0.014439,-0.080630,0.000000,0.014154,0
1790549116.6740,-0.018551,-0.035831,-0.064367,-0.091888,-0.024668,-0.006116,0.120000,-0.500000,0.733884,-0.005565,-0.058802,0.000000,-0.010749,-0.081139,0.000000,0.014204,0
1790549116.6880,-0.001452,-0.016403,-0.059258,-0.086291,-0.007568,-0.006116,0.120000,-0.500000,0.764591,-0.000436,-0.058822,0.000000,-0.004921,-0.081370,0.000000,0.014125,0
1790549116.7020,0.019884,0.008133,-0.052580,-0.078817,0.013767,-0.006116,0.120000,-0.500000,0.794863,0.005965,-0.058545,0.000000,0.002440,-0.081257,0.000000,0.013925,0
1790549116.7164,0.015076,0.024982,-0.053807,-0.073406,0.008959,-0.006116,0.120000,-0.500000,0.825938,0.004523,-0.058330,-0.000000,0.007494,-0.080900,0.000000,0.014295,0
1790549116.7306,0.006751,0.019659,-0.056208,-0.074721,0.000635,-0.006116,0.120000,-0.500000,0.857072,0.002025,-0.058233,-0.000000,0.005898,-0.080619,-0.000000,0.014322,0
1790549116.7448,0.019445,0.016335,-0.052125,-0.075487,0.013328,-0.006116,0.120000,-0.500000,0.887816,0.005833,-0.057958,0.000000,0.004900,-0.080388,-0.000000,0.014142,0
1790549116.7589,0.021659,0.017545,-0.051156,-0.074877,0.015543,-0.006116,0.120000,-0.500000,0.918388,0.006498,-0.057654,0.000000,0.005264,-0.080141,0.000000,0.014063,0
1790549116.7734,0.019908,0.016710,-0.051394,-0.074887,0.013792,-0.006116,0.120000,-0.500000,0.949763,0.005972,-0.057366,-0.000000,0.005013,-0.079900,-0.000000,0.014432,0
1790549116.7875,0.028465,0.012817,-0.048422,-0.075872,0.022349,-0.006116,0.120000,-0.500000,0.980694,0.008540,-0.056961,0.000000,0.003845,-0.079717,-0.000000,0.014228,0
1790549116.8015,0.030429,0.009427,-0.047405,-0.076757,0.024313,-0.006116,0.120000,-0.500000,0.011248,0.009129,-0.056534,0.000000,0.002828,-0.079585,-0.000000,0.014055,0
1790549116.8151,0.027967,0.008459,-0.047763,-0.076932,0.021851,-0.006116,0.120000,-0.500000,0.040819,0.008390,-0.056153,-0.000000,0.002538,-0.079470,-0.000000,0.013602,0
1790549116.8288,0.029835,0.009875,-0.046796,-0.076373,0.023719,-0.006116,0.120000,-0.500000,0.070449,0.008951,-0.055747,0.000000,0.002963,-0.079335,0.000000,0.013630,0
1790549116.8427,0.030961,0.010078,-0.046025,-0.076171,0.024845,-0.006116,0.120000,-0.500000,0.100843,0.009288,-0.055314,0.000000,0.003024,-0.079194,0.000000,0.013981,0
1790549116.8567,0.029042,0.008737,-0.046195,-0.076451,0.022926,-0.006116,0.120000,-0.500000,0.131207,0.008713,-0.054908,-0.000000,0.002621,-0.079072,-0.000000,0.013967,0
1790549116.8707,0.025525,0.009054,-0.046893,-0.076229,0.019409,-0.006116,0.120000,-0.500000,0.161630,0.007658,-0.054551,-0.000000,0.002716,-0.078945,0.000000,0.013995,0
1790549116.8845,0.025010,0.009033,-0.046702,-0.076111,0.018894,-0.006116,0.120000,-0.500000,0.191729,0.007503,-0.054205,-0.000000,0.002710,-0.078820,-0.000000,0.013845,0
1790549116.8984,0.026660,0.001136,-0.045835,-0.078464,0.020544,-0.006116,0.120000,-0.500000,0.222057,0.007998,-0.053833,0.000000,0.000341,-0.078805,-0.000000,0.013951,0
1790549116.9123,0.023024,-0.004440,-0.046607,-0.080198,0.016908,-0.006116,0.120000,-0.500000,0.252080,0.006907,-0.053515,-0.000000,-0.001332,-0.078866,-0.000000,0.013810,0
1790549116.9261,0.020079,-0.000714,-0.047212,-0.079090,0.013963,-0.006116,0.120000,-0.500000,0.282329,0.006024,-0.053235,-0.000000,-0.000214,-0.078876,0.000000,0.013914,0
1790549116.9400,0.013418,0.003996,-0.049024,-0.077621,0.007302,-0.006116,0.120000,-0.500000,0.312483,0.004025,-0.053049,-0.000000,0.001199,-0.078820,0.000000,0.013871,0
1790549116.9540,0.005855,0.001443,-0.051211,-0.078367,-0.000261,-0.006116,0.120000,-0.500000,0.342882,0.001757,-0.052967,-0.000000,0.000433,-0.078800,-0.000000,0.013983,0
1790549116.9679,-0.000146,-0.003993,-0.053013,-0.080053,-0.006263,-0.006116,0.120000,-0.500000,0.373060,-0.000044,-0.052969,-0.000000,-0.001198,-0.078856,-0.000000,0.013882,0
1790549116.9823,-0.008573,-0.014393,-0.055663,-0.083379,-0.014689,-0.006116,0.120000,-0.500000,0.404055,-0.002572,-0.053091,-0.000000,-0.004318,-0.079061,-0.000000,0.014258,0
1790549116.9964,-0.017011,-0.023438,-0.058436,-0.086424,-0.023127,-0.006116,0.120000,-0.500000,0.434835,-0.005103,-0.053332,-0.000000,-0.007031,-0.079393,-0.000000,0.014159,0
1790549117.0120,-0.019953,-0.028729,-0.059616,-0.088440,-0.026069,-0.006116,0.120000,-0.500000,0.467247,-0.005986,-0.053630,-0.000000,-0.008619,-0.079821,-0.000000,0.014910,0
1790549117.0277,-0.029687,-0.034530,-0.063012,-0.090734,-0.035803,-0.006116,0.120000,-0.500000,0.502113,-0.008906,-0.054106,-0.000000,-0.010359,-0.080375,-0.000000,0.016039,0
1790549117.0422,-0.037306,-0.041702,-0.065843,-0.093494,-0.043422,-0.006116,0.120000,-0.500000,0.533866,-0.011192,-0.054651,-0.000000,-0.012511,-0.080984,-0.000000,0.014606,0
1790549117.0566,-0.045710,-0.049467,-0.069015,-0.096529,-0.051827,-0.006116,0.120000,-0.500000,0.564841,-0.013713,-0.055302,-0.000000,-0.014840,-0.081689,-0.000000,0.014248,0
1790549117.0714,-0.051919,-0.058708,-0.071651,-0.100175,-0.058035,-0.006116,0.120000,-0.500000,0.597210,-0.015576,-0.056075,-0.000000,-0.017612,-0.082563,-0.000000,0.014890,0
1790549117.0852,-0.051725,-0.065760,-0.072326,-0.103223,-0.057841,-0.006116,0.120000,-0.500000,0.628017,-0.015518,-0.056808,0.000000,-0.019728,-0.083495,-0.000000,0.014171,0
1790549117.0990,-0.044696,-0.065194,-0.070833,-0.103951,-0.050812,-0.006116,0.120000,-0.500000,0.657958,-0.013409,-0.057424,0.000000,-0.019558,-0.084393,0.000000,0.013772,0
1790549117.1130,-0.037105,-0.062137,-0.069073,-0.103900,-0.043221,-0.006116,0.120000,-0.500000,0.688276,-0.011131,-0.057941,0.000000,-0.018641,-0.085259,0.000000,0.013946,0
1790549117.1270,-0.026752,-0.055431,-0.066346,-0.102674,-0.032868,-0.006116,0.120000,-0.500000,0.719078,-0.008026,-0.058320,0.000000,-0.016629,-0.086045,0.000000,0.014169,0
1790549117.1403,-0.015245,-0.043591,-0.063097,-0.099702,-0.021361,-0.006116,0.120000,-0.500000,0.748023,-0.004574,-0.058523,0.000000,-0.013077,-0.086625,0.000000,0.013315,0
1790549117.1533,0.000808,-0.026694,-0.058270,-0.094982,-0.005308,-0.006116,0.120000,-0.500000,0.776414,0.000243,-0.058513,0.000000,-0.008008,-0.086974,0.000000,0.013060,0
1790549117.1665,0.018560,-0.004040,-0.052702,-0.088238,0.012444,-0.006116,0.120000,-0.500000,0.804875,0.005568,-0.058270,0.000000,-0.001212,-0.087027,0.000000,0.013092,0
1790549117.1806,0.014714,0.010352,-0.053651,-0.083777,0.008598,-0.006116,0.120000,-0.500000,0.835117,0.004414,-0.058065,-0.000000,0.003106,-0.086883,0.000000,0.013911,0
1790549117.1945,0.008448,0.006226,-0.055412,-0.084928,0.002332,-0.006116,0.120000,-0.500000,0.865589,0.002534,-0.057947,-0.000000,0.001868,-0.086795,-0.000000,0.014017,0
1790549117.2086,0.021807,0.006371,-0.051098,-0.084794,0.015691,-0.006116,0.120000,-0.500000,0.896169,0.006542,-0.057640,0.000000,0.001911,-0.086706,0.000000,0.014067,0
1790549117.2224,0.022835,0.009832,-0.050472,-0.083619,0.016719,-0.006116,0.120000,-0.500000,0.926416,0.006850,-0.057322,0.000000,0.002949,-0.086569,0.000000,0.013914,0
1790549117.2364,0.023603,0.010268,-0.049912,-0.083345,0.017487,-0.006116,0.120000,-0.500000,0.956713,0.007081,-0.056993,0.000000,0.003081,-0.086426,0.000000,0.013937,0
1790549117.2503,0.029631,0.005897,-0.047691,-0.084575,0.023515,-0.006116,0.120000,-0.500000,0.986999,0.008889,-0.056580,0.000000,0.001769,-0.086344,-0.000000,0.013931,0
1790549117.2642,0.036049,0.002583,-0.045265,-0.085533,0.029933,-0.006116,0.120000,-0.500000,0.017184,0.010815,-0.056080,0.000000,0.000775,-0.086308,-0.000000,0.013885,0
1790549117.2782,0.036289,0.001743,-0.044698,-0.085761,0.030173,-0.006116,0.120000,-0.500000,0.046825,0.010887,-0.055585,0.000000,0.000523,-0.086284,-0.000000,0.013635,0
1790549117.2921,0.039513,0.002605,-0.043172,-0.085466,0.033397,-0.006116,0.120000,-0.500000,0.077604,0.011854,-0.055026,0.000000,0.000781,-0.086247,0.000000,0.014158,0
1790549117.3062,0.037272,0.002385,-0.043318,-0.085498,0.031156,-0.006116,0.120000,-0.500000,0.108264,0.011182,-0.054500,-0.000000,0.000715,-0.086214,-0.000000,0.014104,0
1790549117.3201,0.034614,0.002777,-0.043634,-0.085342,0.028498,-0.006116,0.120000,-0.500000,0.138508,0.010384,-0.054018,-0.000000,0.000833,-0.086175,0.000000,0.013912,0
1790549117.3341,0.031874,0.002239,-0.044009,-0.085472,0.025758,-0.006116,0.120000,-0.500000,0.169041,0.009562,-0.053571,-0.000000,0.000672,-0.086143,-0.000000,0.014045,0
1790549117.3483,0.034387,-0.005258,-0.042768,-0.087795,0.028271,-0.006116,0.120000,-0.500000,0.199826,0.010316,-0.053084,0.000000,-0.001577,-0.086218,-0.000000,0.014161,0
1790549117.3622,0.029741,-0.010999,-0.043747,-0.089671,0.023625,-0.006116,0.120000,-0.500000,0.230157,0.008922,-0.052669,-0.000000,-0.003300,-0.086371,-0.000000,0.013952,0
1790549117.3762,0.025254,-0.006168,-0.044740,-0.088308,0.019138,-0.006116,0.120000,-0.500000,0.260493,0.007576,-0.052316,-0.000000,-0.001850,-0.086457,0.000000,0.013955,0
1790549117.3903,0.017371,-0.001096,-0.046860,-0.086802,0.011255,-0.006116,0.120000,-0.500000,0.291139,0.005211,-0.052072,-0.000000,-0.000329,-0.086473,0.000000,0.014097,0
1790549117.4042,0.012859,-0.002913,-0.048035,-0.087387,0.006743,-0.006116,0.120000,-0.500000,0.321419,0.003858,-0.051892,-0.000000,-0.000874,-0.086513,-0.000000,0.013929,0
1790549117.4182,0.011161,-0.005136,-0.048388,-0.088126,0.005045,-0.006116,0.120000,-0.500000,0.351766,0.003348,-0.051737,-0.000000,-0.001541,-0.086585,-0.000000,0.013960,0
1790549117.4321,0.005716,-0.010632,-0.049942,-0.089923,-0.000400,-0.006116,0.120000,-0.500000,0.382026,0.001715,-0.051657,-0.000000,-0.003190,-0.086733,-0.000000,0.013920,0
1790549117.4461,-0.000765,-0.017747,-0.051897,-0.092306,-0.006881,-0.006116,0.120000,-0.500000,0.412462,-0.000229,-0.051668,-0.000000,-0.005324,-0.086982,-0.000000,0.014001,0
1790549117.4602,-0.000491,-0.024856,-0.051822,-0.094789,-0.006607,-0.006116,0.120000,-0.500000,0.443152,-0.000147,-0.051675,0.000000,-0.007457,-0.087333,-0.000000,0.014117,0
1790549117.4741,-0.004043,-0.029423,-0.052944,-0.096569,-0.010159,-0.006116,0.120000,-0.500000,0.473455,-0.001213,-0.051731,-0.000000,-0.008827,-0.087743,-0.000000,0.013939,0
1790549117.4881,-0.012117,-0.035633,-0.055536,-0.098931,-0.018233,-0.006116,0.120000,-0.500000,0.503879,-0.003635,-0.051901,-0.000000,-0.010690,-0.088241,-0.000000,0.013995,0
1790549117.5017,-0.023126,-0.044459,-0.059151,-0.102180,-0.029242,-0.006116,0.120000,-0.500000,0.533258,-0.006938,-0.052213,-0.000000,-0.013338,-0.088842,-0.000000,0.013514,0
1790549117.5154,-0.036502,-0.053182,-0.063668,-0.105530,-0.042618,-0.006116,0.120000,-0.500000,0.563250,-0.010951,-0.052717,-0.000000,-0.015955,-0.089576,-0.000000,0.013796,0
1790549117.5297,-0.044103,-0.060957,-0.066564,-0.108715,-0.050219,-0.006116,0.120000,-0.500000,0.593627,-0.013231,-0.053333,-0.000000,-0.018287,-0.090428,-0.000000,0.013973,0
1790549117.5440,-0.043345,-0.065257,-0.066966,-0.110952,-0.049461,-0.006116,0.120000,-0.500000,0.625186,-0.013003,-0.053962,0.000000,-0.019577,-0.091375,-0.000000,0.014517,0
1790549117.5581,-0.039064,-0.065101,-0.066234,-0.111827,-0.045180,-0.006116,0.120000,-0.500000,0.655948,-0.011719,-0.054515,0.000000,-0.019530,-0.092296,0.000000,0.014150,0
1790549117.5722,-0.032868,-0.062298,-0.064837,-0.111860,-0.038984,-0.006116,0.120000,-0.500000,0.686454,-0.009860,-0.054976,0.000000,-0.018689,-0.093170,0.000000,0.014033,0
1790549117.5863,-0.023548,-0.054768,-0.062374,-0.110376,-0.029664,-0.006116,0.120000,-0.500000,0.717221,-0.007064,-0.055310,0.000000,-0.016430,-0.093946,0.000000,0.014153,0
1790549117.6003,-0.012074,-0.041757,-0.059101,-0.107058,-0.018191,-0.006116,0.120000,-0.500000,0.747701,-0.003622,-0.055479,0.000000,-0.012527,-0.094531,0.000000,0.014021,0
1790549117.6143,0.003407,-0.020748,-0.054409,-0.101047,-0.002709,-0.006116,0.120000,-0.500000,0.778227,0.001022,-0.055431,0.000000,-0.006224,-0.094822,0.000000,0.014042,0
1790549117.6282,0.018202,0.004113,-0.049717,-0.093531,0.012086,-0.006116,0.120000,-0.500000,0.808479,0.005461,-0.055178,0.000000,0.001234,-0.094765,0.000000,0.013916,0
1790549117.6422,0.018811,0.023219,-0.049270,-0.087474,0.012695,-0.006116,0.120000,-0.500000,0.838970,0.005643,-0.054914,0.000000,0.006966,-0.094439,0.000000,0.014026,0
1790549117.6562,0.006107,0.021965,-0.052997,-0.087544,-0.000009,-0.006116,0.120000,-0.500000,0.869205,0.001832,-0.054829,-0.000000,0.006590,-0.094134,-0.000000,0.013908,0
1790549117.6703,0.028906,0.020412,-0.045751,-0.087723,0.022790,-0.006116,0.120000,-0.500000,0.899779,0.008672,-0.054422,0.000000,0.006123,-0.093847,-0.000000,0.014064,0
1790549117.6844,0.032881,0.019498,-0.044095,-0.087723,0.026765,-0.006116,0.120000,-0.500000,0.930423,0.009864,-0.053959,0.000000,0.005849,-0.093572,-0.000000,0.014096,0
1790549117.6984,0.032484,0.019215,-0.043757,-0.087537,0.026368,-0.006116,0.120000,-0.500000,0.960973,0.009745,-0.053502,-0.000000,0.005765,-0.093302,-0.000000,0.014053,0
1790549117.7123,0.033781,0.017872,-0.042895,-0.087690,0.027664,-0.006116,0.120000,-0.500000,0.991418,0.010134,-0.053029,0.000000,0.005362,-0.093052,-0.000000,0.014005,0
1790549117.7264,0.032272,0.015314,-0.042896,-0.088243,0.026156,-0.006116,0.120000,-0.500000,0.021876,0.009682,-0.052577,-0.000000,0.004594,-0.092837,-0.000000,0.014011,0
1790549117.7401,0.032438,0.016998,-0.042401,-0.087504,0.026322,-0.006116,0.120000,-0.500000,0.051709,0.009731,-0.052132,0.000000,0.005100,-0.092604,0.000000,0.013723,0
1790549117.7539,0.033610,0.018285,-0.041587,-0.086867,0.027494,-0.006116,0.120000,-0.500000,0.081599,0.010083,-0.051670,0.000000,0.005485,-0.092352,0.000000,0.013750,0
1790549117.7678,0.034116,0.018421,-0.040959,-0.086569,0.028000,-0.006116,0.120000,-0.500000,0.111932,0.010235,-0.051194,0.000000,0.005526,-0.092095,0.000000,0.013953,0
1790549117.7823,0.032312,0.017443,-0.041042,-0.086616,0.026196,-0.006116,0.120000,-0.500000,0.142727,0.009694,-0.050736,-0.000000,0.005233,-0.091848,-0.000000,0.014166,0
1790549117.7965,0.024271,0.020906,-0.043103,-0.085274,0.018155,-0.006116,0.120000,-0.500000,0.174208,0.007281,-0.050385,-0.000000,0.006272,-0.091546,0.000000,0.014481,0
1790549117.8105,0.022390,0.021488,-0.043353,-0.084798,0.016274,-0.006116,0.120000,-0.500000,0.204725,0.006717,-0.050070,-0.000000,0.006446,-0.091244,0.000000,0.014038,0
1790549117.8244,0.026860,0.011171,-0.041639,-0.087737,0.020744,-0.006116,0.120000,-0.500000,0.234935,0.008058,-0.049697,0.000000,0.003351,-0.091089,-0.000000,0.013897,0
1790549117.8384,0.020823,0.012413,-0.043158,-0.087191,0.014707,-0.006116,0.120000,-0.500000,0.265433,0.006247,-0.049405,-0.000000,0.003724,-0.090915,0.000000,0.014029,0
1790549117.8524,0.012960,0.019450,-0.045336,-0.084808,0.006844,-0.006116,0.120000,-0.500000,0.295783,0.003888,-0.049224,-0.000000,0.005835,-0.090643,0.000000,0.013961,0
1790549117.8663,0.008185,0.019604,-0.046655,-0.084489,0.002069,-0.006116,0.120000,-0.500000,0.325989,0.002455,-0.049110,-0.000000,0.005881,-0.090371,0.000000,0.013895,0
1790549117.8803,0.008434,0.014928,-0.046462,-0.085683,0.002318,-0.006116,0.120000,-0.500000,0.356468,0.002530,-0.048992,0.000000,0.004478,-0.090161,-0.000000,0.014020,0
1790549117.8942,0.002338,0.008250,-0.048258,-0.087571,-0.003778,-0.006116,0.120000,-0.500000,0.386789,0.000701,-0.048959,-0.000000,0.002475,-0.090046,-0.000000,0.013948,0
1790549117.9082,-0.005648,-0.000389,-0.050733,-0.090168,-0.011764,-0.006116,0.120000,-0.500000,0.417103,-0.001694,-0.049038,-0.000000,-0.000117,-0.090052,-0.000000,0.013944,0
1790549117.9221,-0.008397,-0.005927,-0.051674,-0.091913,-0.014513,-0.006116,0.120000,-0.500000,0.447437,-0.002519,-0.049155,-0.000000,-0.001778,-0.090134,-0.000000,0.013954,0
1790549117.9361,-0.010218,-0.009278,-0.052362,-0.093047,-0.016334,-0.006116,0.120000,-0.500000,0.477602,-0.003065,-0.049297,-0.000000,-0.002783,-0.090263,-0.000000,0.013876,0
1790549117.9501,-0.016827,-0.015178,-0.054581,-0.095030,-0.022943,-0.006116,0.120000,-0.500000,0.508120,-0.005048,-0.049533,-0.000000,-0.004553,-0.090476,-0.000000,0.014038,0
1790549117.9638,-0.023869,-0.021653,-0.057021,-0.097268,-0.029986,-0.006116,0.120000,-0.500000,0.537843,-0.007161,-0.049860,-0.000000,-0.006496,-0.090772,-0.000000,0.013673,0
1790549117.9775,-0.032805,-0.029327,-0.060151,-0.099973,-0.038921,-0.006116,0.120000,-0.500000,0.567661,-0.009841,-0.050310,-0.000000,-0.008798,-0.091175,-0.000000,0.013716,0
1790549117.9916,-0.039131,-0.037028,-0.062601,-0.102805,-0.045247,-0.006116,0.120000,-0.500000,0.598325,-0.011739,-0.050862,-0.000000,-0.011108,-0.091697,-0.000000,0.014105,0
1790549118.0055,-0.037692,-0.043451,-0.062698,-0.105341,-0.043808,-0.006116,0.120000,-0.500000,0.628809,-0.011308,-0.051390,0.000000,-0.013035,-0.092306,-0.000000,0.014022,0
1790549118.0194,-0.031554,-0.044903,-0.061293,-0.106399,-0.037670,-0.006116,0.120000,-0.500000,0.658909,-0.009466,-0.051827,0.000000,-0.013471,-0.092928,-0.000000,0.013846,0
1790549118.0338,-0.024449,-0.043121,-0.059507,-0.106474,-0.030565,-0.006116,0.120000,-0.500000,0.689634,-0.007335,-0.052173,0.000000,-0.012936,-0.093537,0.000000,0.014134,0
1790549118.0482,-0.017831,-0.037221,-0.057782,-0.105247,-0.023947,-0.006116,0.120000,-0.500000,0.721368,-0.005349,-0.052433,0.000000,-0.011166,-0.094081,0.000000,0.014598,0
1790549118.0622,-0.007047,-0.025574,-0.054646,-0.102112,-0.013163,-0.006116,0.120000,-0.500000,0.751909,-0.002114,-0.052532,0.000000,-0.007672,-0.094440,0.000000,0.014049,0
1790549118.0763,0.008435,-0.008295,-0.049883,-0.097045,0.002318,-0.006116,0.120000,-0.500000,0.782469,0.002530,-0.052413,0.000000,-0.002489,-0.094557,0.000000,0.014057,0
1790549118.0904,0.023530,0.015212,-0.045023,-0.089778,0.017414,-0.006116,0.120000,-0.500000,0.813120,0.007059,-0.052082,0.000000,0.004564,-0.094342,0.000000,0.014099,0
1790549118.1043,0.026128,0.033328,-0.043879,-0.083878,0.020012,-0.006116,0.120000,-0.500000,0.843456,0.007838,-0.051717,0.000000,0.009998,-0.093877,0.000000,0.013955,0
1790549118.1183,0.014677,0.035262,-0.047108,-0.082804,0.008561,-0.006116,0.120000,-0.500000,0.873916,0.004403,-0.051511,-0.000000,0.010578,-0.093383,0.000000,0.014012,0
1790549118.1321,0.033806,0.032668,-0.040902,-0.083131,0.027690,-0.006116,0.120000,-0.500000,0.903984,0.010142,-0.051044,0.000000,0.009800,-0.092931,-0.000000,0.013831,0
1790549118.1461,0.035151,0.029263,-0.040008,-0.083744,0.029035,-0.006116,0.120000,-0.500000,0.934330,0.010545,-0.050553,0.000000,0.008779,-0.092523,-0.000000,0.013959,0
1790549118.1601,0.031771,0.028447,-0.040578,-0.083591,0.025655,-0.006116,0.120000,-0.500000,0.964730,0.009531,-0.050109,-0.000000,0.008534,-0.092125,-0.000000,0.013984,0
1790549118.1741,0.036602,0.027386,-0.038617,-0.083526,0.030486,-0.006116,0.120000,-0.500000,0.995109,0.010981,-0.049597,0.000000,0.008216,-0.091742,-0.000000,0.013974,0
1790549118.1881,0.036871,0.022228,-0.038019,-0.084762,0.030755,-0.006116,0.120000,-0.500000,0.025586,0.011061,-0.049080,0.000000,0.006668,-0.091430,-0.000000,0.014019,0
1790549118.2019,0.040166,0.021874,-0.036480,-0.084568,0.034049,-0.006116,0.120000,-0.500000,0.055422,0.012050,-0.048529,0.000000,0.006562,-0.091130,-0.000000,0.013725,0
1790549118.2155,0.039899,0.019842,-0.036012,-0.084906,0.033783,-0.006116,0.120000,-0.500000,0.085221,0.011970,-0.047982,-0.000000,0.005952,-0.090858,-0.000000,0.013708,0
1790549118.2295,0.040848,0.017365,-0.035156,-0.085406,0.034732,-0.006116,0.120000,-0.500000,0.115651,0.012254,-0.047410,0.000000,0.005210,-0.090615,-0.000000,0.013998,0
1790549118.2434,0.039841,0.015425,-0.034906,-0.085774,0.033724,-0.006116,0.120000,-0.500000,0.145769,0.011952,-0.046858,-0.000000,0.004628,-0.090401,-0.000000,0.013855,0
1790549118.2573,0.037979,0.013864,-0.034935,-0.086049,0.031863,-0.006116,0.120000,-0.500000,0.176096,0.011394,-0.046329,-0.000000,0.004159,-0.090208,-0.000000,0.013950,0
1790549118.2715,0.039819,0.010872,-0.033818,-0.086792,0.033702,-0.006116,0.120000,-0.500000,0.206954,0.011946,-0.045763,0.000000,0.003262,-0.090054,-0.000000,0.014194,0
1790549118.2856,0.038249,0.005970,-0.033760,-0.088180,0.032133,-0.006116,0.120000,-0.500000,0.236982,0.011475,-0.045235,-0.000000,0.001791,-0.089971,-0.000000,0.013813,0
1790549118.2998,0.032043,0.009245,-0.035161,-0.087065,0.025927,-0.006116,0.120000,-0.500000,0.268257,0.009613,-0.044774,-0.000000,0.002773,-0.089838,0.000000,0.014386,0
1790549118.3138,0.024619,0.011474,-0.037043,-0.086235,0.018502,-0.006116,0.120000,-0.500000,0.298732,0.007386,-0.044429,-0.000000,0.003442,-0.089677,0.000000,0.014019,0
1790549118.3278,0.020564,0.009155,-0.037970,-0.086802,0.014448,-0.006116,0.120000,-0.500000,0.329335,0.006169,-0.044140,-0.000000,0.002747,-0.089549,-0.000000,0.014077,0
1790549118.3419,0.017411,0.002426,-0.038672,-0.088787,0.011295,-0.006116,0.120000,-0.500000,0.359805,0.005223,-0.043895,-0.000000,0.000728,-0.089515,-0.000000,0.014016,0
1790549118.3558,0.004743,-0.007555,-0.042406,-0.091887,-0.001374,-0.006116,0.120000,-0.500000,0.390201,0.001423,-0.043829,-0.000000,-0.002267,-0.089620,-0.000000,0.013982,0
1790549118.3698,-0.005068,-0.012083,-0.045421,-0.093414,-0.011184,-0.006116,0.120000,-0.500000,0.420620,-0.001520,-0.043900,-0.000000,-0.003625,-0.089789,-0.000000,0.013993,0
1790549118.3839,-0.008848,-0.013828,-0.046679,-0.094133,-0.014964,-0.006116,0.120000,-0.500000,0.451276,-0.002654,-0.044025,-0.000000,-0.004148,-0.089984,-0.000000,0.014102,0
1790549118.3978,-0.013881,-0.015724,-0.048382,-0.094920,-0.019997,-0.006116,0.120000,-0.500000,0.481498,-0.004164,-0.044218,-0.000000,-0.004717,-0.090203,-0.000000,0.013902,0
1790549118.4118,-0.019757,-0.019378,-0.050420,-0.096286,-0.025873,-0.006116,0.120000,-0.500000,0.511759,-0.005927,-0.044493,-0.000000,-0.005813,-0.090473,-0.000000,0.013920,0
1790549118.4254,-0.026793,-0.023328,-0.052897,-0.097789,-0.032909,-0.006116,0.120000,-0.500000,0.541442,-0.008038,-0.044859,-0.000000,-0.006998,-0.090791,-0.000000,0.013654,0
1790549118.4390,-0.033177,-0.029194,-0.055264,-0.099947,-0.039294,-0.006116,0.120000,-0.500000,0.571077,-0.009953,-0.045311,-0.000000,-0.008758,-0.091189,-0.000000,0.013632,0
1790549118.4530,-0.036391,-0.033560,-0.056737,-0.101726,-0.042508,-0.006116,0.120000,-0.500000,0.601448,-0.010917,-0.045819,-0.000000,-0.010068,-0.091658,-0.000000,0.013970,0
1790549118.4670,-0.031692,-0.035124,-0.055771,-0.102687,-0.037808,-0.006116,0.120000,-0.500000,0.631887,-0.009507,-0.046263,0.000000,-0.010537,-0.092150,-0.000000,0.014002,0
1790549118.4810,-0.021082,-0.030421,-0.052883,-0.101702,-0.027198,-0.006116,0.120000,-0.500000,0.662357,-0.006325,-0.046559,0.000000,-0.009126,-0.092576,0.000000,0.014016,0
1790549118.4949,-0.012896,-0.025207,-0.050606,-0.100488,-0.019012,-0.006116,0.120000,-0.500000,0.692519,-0.003869,-0.046738,0.000000,-0.007562,-0.092926,0.000000,0.013875,0
1790549118.5088,-0.001299,-0.016172,-0.047145,-0.098003,-0.007415,-0.006116,0.120000,-0.500000,0.722882,-0.000390,-0.046756,0.000000,-0.004852,-0.093152,0.000000,0.013967,0
1790549118.5228,0.012941,-0.003568,-0.042694,-0.094272,0.006825,-0.006116,0.120000,-0.500000,0.753071,0.003882,-0.046576,0.000000,-0.001070,-0.093201,0.000000,0.013887,0
1790549118.5373,0.026499,0.016072,-0.038249,-0.088151,0.020383,-0.006116,0.120000,-0.500000,0.783981,0.007950,-0.046199,0.000000,0.004822,-0.092973,0.000000,0.014219,0
1790549118.5516,0.031921,0.034170,-0.036159,-0.082225,0.025805,-0.006116,0.120000,-0.500000,0.815593,0.009576,-0.045735,0.000000,0.010251,-0.092476,0.000000,0.014542,0
1790549118.5657,0.017344,0.033389,-0.040288,-0.081990,0.011228,-0.006116,0.120000,-0.500000,0.846155,0.005203,-0.045491,-0.000000,0.010017,-0.092006,-0.000000,0.014059,0
1790549118.5798,0.022852,0.035656,-0.038312,-0.080804,0.016736,-0.006116,0.120000,-0.500000,0.876963,0.006856,-0.045167,0.000000,0.010697,-0.091501,0.000000,0.014172,0
1790549118.5938,0.032151,0.034630,-0.035070,-0.080626,0.026034,-0.006116,0.120000,-0.500000,0.907510,0.009645,-0.044716,0.000000,0.010389,-0.091015,-0.000000,0.014051,0
1790549118.6078,0.025191,0.029640,-0.036805,-0.081707,0.019075,-0.006116,0.120000,-0.500000,0.937985,0.007557,-0.044362,-0.000000,0.008892,-0.090599,-0.000000,0.014019,0
1790549118.6217,0.031150,0.026425,-0.034586,-0.082306,0.025034,-0.006116,0.120000,-0.500000,0.968085,0.009345,-0.043931,0.000000,0.007927,-0.090233,-0.000000,0.013846,0
1790549118.6357,0.035438,0.021606,-0.032804,-0.083450,0.029322,-0.006116,0.120000,-0.500000,0.998474,0.010631,-0.043436,0.000000,0.006482,-0.089931,-0.000000,0.013979,0
1790549118.6496,0.034605,0.018414,-0.032569,-0.084149,0.028489,-0.006116,0.120000,-0.500000,0.028972,0.010381,-0.042950,-0.000000,0.005524,-0.089673,-0.000000,0.014029,0
1790549118.6632,0.036496,0.017795,-0.031506,-0.084093,0.030380,-0.006116,0.120000,-0.500000,0.058472,0.010949,-0.042455,0.000000,0.005338,-0.089431,-0.000000,0.013570,0
1790549118.6770,0.038045,0.015276,-0.030521,-0.084640,0.031929,-0.006116,0.120000,-0.500000,0.088182,0.011414,-0.041935,0.000000,0.004583,-0.089223,-0.000000,0.013667,0
1790549118.6910,0.039025,0.011862,-0.029676,-0.085496,0.032909,-0.006116,0.120000,-0.500000,0.118910,0.011708,-0.041383,0.000000,0.003559,-0.089055,-0.000000,0.014135,0
1790549118.7050,0.035862,0.011911,-0.030126,-0.085316,0.029746,-0.006116,0.120000,-0.500000,0.149125,0.010759,-0.040885,-0.000000,0.003573,-0.088889,0.000000,0.013899,0
1790549118.7190,0.033286,0.009888,-0.030430,-0.085784,0.027170,-0.006116,0.120000,-0.500000,0.179780,0.009986,-0.040416,-0.000000,0.002966,-0.088750,-0.000000,0.014101,0
1790549118.7329,0.028223,0.008578,-0.031556,-0.086057,0.022107,-0.006116,0.120000,-0.500000,0.210003,0.008467,-0.040023,-0.000000,0.002574,-0.088631,-0.000000,0.013902,0
1790549118.7469,0.024491,0.011211,-0.032333,-0.085111,0.018375,-0.006116,0.120000,-0.500000,0.240405,0.007347,-0.039681,-0.000000,0.003363,-0.088474,0.000000,0.013985,0
1790549118.7608,0.019722,0.014574,-0.033492,-0.083900,0.013606,-0.006116,0.120000,-0.500000,0.270449,0.005917,-0.039408,-0.000000,0.004372,-0.088272,0.000000,0.013820,0
1790549118.7748,0.013066,0.016248,-0.035306,-0.083171,0.006949,-0.006116,0.120000,-0.500000,0.300876,0.003920,-0.039225,-0.000000,0.004874,-0.088045,0.000000,0.013996,0
1790549118.7890,0.012449,0.015394,-0.035316,-0.083211,0.006333,-0.006116,0.120000,-0.500000,0.331321,0.003735,-0.039051,-0.000000,0.004618,-0.087829,-0.000000,0.014005,0
1790549118.8032,0.011202,0.009139,-0.035528,-0.084956,0.005085,-0.006116,0.120000,-0.500000,0.362774,0.003360,-0.038889,-0.000000,0.002742,-0.087697,-0.000000,0.014468,0
1790549118.8171,0.000013,0.000740,-0.038885,-0.087465,-0.006103,-0.006116,0.120000,-0.500000,0.393076,0.000004,-0.038889,-0.000000,0.000222,-0.087687,-0.000000,0.013939,0
1790549118.8311,-0.006290,-0.004210,-0.040863,-0.089009,-0.012406,-0.006116,0.120000,-0.500000,0.423464,-0.001887,-0.038977,-0.000000,-0.001263,-0.087746,-0.000000,0.013978,0
1790549118.8450,-0.007356,-0.008136,-0.041286,-0.090300,-0.013472,-0.006116,0.120000,-0.500000,0.453788,-0.002207,-0.039079,-0.000000,-0.002441,-0.087859,-0.000000,0.013949,0
1790549118.8590,-0.012630,-0.011816,-0.043044,-0.091568,-0.018746,-0.006116,0.120000,-0.500000,0.484004,-0.003789,-0.039255,-0.000000,-0.003545,-0.088024,-0.000000,0.013900,0
1790549118.8730,-0.020376,-0.017540,-0.045652,-0.093531,-0.026492,-0.006116,0.120000,-0.500000,0.514374,-0.006113,-0.039539,-0.000000,-0.005262,-0.088269,-0.000000,0.013970,0
1790549118.8866,-0.029102,-0.023449,-0.048668,-0.095624,-0.035218,-0.006116,0.120000,-0.500000,0.544113,-0.008731,-0.039938,-0.000000,-0.007035,-0.088589,-0.000000,0.013680,0
1790549118.9002,-0.038044,-0.031546,-0.051866,-0.098481,-0.044160,-0.006116,0.120000,-0.500000,0.573575,-0.011413,-0.040453,-0.000000,-0.009464,-0.089017,-0.000000,0.013553,0
1790549118.9141,-0.038017,-0.038953,-0.052389,-0.101247,-0.044134,-0.006116,0.120000,-0.500000,0.603945,-0.011405,-0.040984,0.000000,-0.011686,-0.089561,-0.000000,0.013970,0
1790549118.9282,-0.032443,-0.040978,-0.051173,-0.102430,-0.038559,-0.006116,0.120000,-0.500000,0.634468,-0.009733,-0.041440,0.000000,-0.012294,-0.090136,-0.000000,0.014040,0
1790549118.9422,-0.023058,-0.042058,-0.048680,-0.103343,-0.029174,-0.006116,0.120000,-0.500000,0.664937,-0.006917,-0.041763,0.000000,-0.012617,-0.090726,-0.000000,0.014016,0
1790549118.9560,-0.017868,-0.038448,-0.047371,-0.102793,-0.023984,-0.006116,0.120000,-0.500000,0.695062,-0.005360,-0.042011,0.000000,-0.011535,-0.091259,0.000000,0.013858,0
1790549118.9700,-0.010312,-0.030516,-0.045248,-0.100840,-0.016428,-0.006116,0.120000,-0.500000,0.725435,-0.003094,-0.042155,0.000000,-0.009155,-0.091685,0.000000,0.013972,0
1790549118.9841,0.003786,-0.015775,-0.040966,-0.096638,-0.002330,-0.006116,0.120000,-0.500000,0.755850,0.001136,-0.042102,0.000000,-0.004732,-0.091906,0.000000,0.013991,0
1790549118.9980,0.014264,0.004904,-0.037622,-0.090366,0.008148,-0.006116,0.120000,-0.500000,0.786379,0.004279,-0.041901,0.000000,0.001471,-0.091837,0.000000,0.014043,0
1790549119.0122,0.029769,0.026770,-0.032552,-0.083430,0.023653,-0.006116,0.120000,-0.500000,0.816929,0.008931,-0.041483,0.000000,0.008031,-0.091461,0.000000,0.014053,0
1790549119.0262,0.027194,0.036819,-0.032943,-0.079897,0.021077,-0.006116,0.120000,-0.500000,0.847484,0.008158,-0.041101,-0.000000,0.011046,-0.090943,0.000000,0.014055,0
1790549119.0405,0.018000,0.029204,-0.035447,-0.081771,0.011884,-0.006116,0.120000,-0.500000,0.878115,0.005400,-0.040847,-0.000000,0.008761,-0.090532,-0.000000,0.014091,0
1790549119.0548,0.033867,0.031075,-0.030200,-0.080762,0.027751,-0.006116,0.120000,-0.500000,0.909379,0.010160,-0.040360,0.000000,0.009322,-0.090085,0.000000,0.014381,0
1790549119.0688,0.036071,0.030003,-0.029029,-0.080661,0.029955,-0.006116,0.120000,-0.500000,0.940064,0.010821,-0.039851,0.000000,0.009001,-0.089661,-0.000000,0.014115,0
1790549119.0829,0.037367,0.034362,-0.028115,-0.078869,0.031251,-0.006116,0.120000,-0.500000,0.970664,0.011210,-0.039325,0.000000,0.010309,-0.089178,0.000000,0.014076,0
1790549119.0980,0.031447,0.039443,-0.029430,-0.076766,0.025331,-0.006116,0.120000,-0.500000,0.002560,0.009434,-0.038864,-0.000000,0.011833,-0.088599,0.000000,0.014672,0
1790549119.1128,0.030416,0.046042,-0.029280,-0.074092,0.024300,-0.006116,0.120000,-0.500000,0.035362,0.009125,-0.038405,-0.000000,0.013813,-0.087904,0.000000,0.015089,0
1790549119.1269,0.024595,0.052755,-0.030681,-0.071337,0.018479,-0.006116,0.120000,-0.500000,0.065881,0.007379,-0.038059,-0.000000,0.015827,-0.087164,0.000000,0.014039,0
1790549119.1413,0.020894,0.057195,-0.031490,-0.069180,0.014778,-0.006116,0.120000,-0.500000,0.097221,0.006268,-0.037758,-0.000000,0.017159,-0.086339,0.000000,0.014417,0
1790549119.1564,0.014126,0.061476,-0.033311,-0.066984,0.008010,-0.006116,0.120000,-0.500000,0.129482,0.004238,-0.037548,-0.000000,0.018443,-0.085427,0.000000,0.014840,0
1790549119.1705,0.011685,0.060895,-0.033873,-0.066272,0.005569,-0.006116,0.120000,-0.500000,0.161127,0.003505,-0.037378,-0.000000,0.018269,-0.084540,-0.000000,0.014557,0
1790549119.1845,0.011331,0.057047,-0.033821,-0.066629,0.005214,-0.006116,0.120000,-0.500000,0.191519,0.003399,-0.037220,-0.000000,0.017114,-0.083743,-0.000000,0.013980,0
1790549119.1987,0.011110,0.053240,-0.033730,-0.067019,0.004994,-0.006116,0.120000,-0.500000,0.222195,0.003333,-0.037063,-0.000000,0.015972,-0.082991,-0.000000,0.014111,0
1790549119.2127,0.011646,0.048384,-0.033404,-0.067791,0.005530,-0.006116,0.120000,-0.500000,0.252976,0.003494,-0.036898,0.000000,0.014515,-0.082306,-0.000000,0.014159,0
1790549119.2268,0.012404,0.043098,-0.033003,-0.068772,0.006288,-0.006116,0.120000,-0.500000,0.283496,0.003721,-0.036724,0.000000,0.012929,-0.081701,-0.000000,0.014039,0
1790549119.2408,0.013254,0.037392,-0.032563,-0.069962,0.007138,-0.006116,0.120000,-0.500000,0.313825,0.003976,-0.036539,0.000000,0.011218,-0.081180,-0.000000,0.013951,0
1790549119.2548,0.015629,0.031919,-0.031631,-0.071155,0.009513,-0.006116,0.120000,-0.500000,0.344419,0.004689,-0.036319,0.000000,0.009576,-0.080730,-0.000000,0.014073,0
1790549119.2688,0.007784,0.028002,-0.033875,-0.071937,0.001668,-0.006116,0.120000,-0.500000,0.374946,0.002335,-0.036210,-0.000000,0.008401,-0.080337,-0.000000,0.014043,0
1790549119.2828,-0.000480,0.027067,-0.036361,-0.071839,-0.006596,-0.006116,0.120000,-0.500000,0.405292,-0.000144,-0.036217,-0.000000,0.008120,-0.079959,-0.000000,0.013959,0
1790549119.2971,-0.004116,0.022356,-0.037510,-0.072935,-0.010233,-0.006116,0.120000,-0.500000,0.436235,-0.001235,-0.036275,-0.000000,0.006707,-0.079641,-0.000000,0.014234,0
1790549119.3112,-0.001170,0.018455,-0.036643,-0.073842,-0.007287,-0.006116,0.120000,-0.500000,0.467205,-0.000351,-0.036292,0.000000,0.005536,-0.079378,-0.000000,0.014246,0
1790549119.3252,-0.002932,0.018186,-0.037212,-0.073669,-0.009048,-0.006116,0.120000,-0.500000,0.497496,-0.000880,-0.036333,-0.000000,0.005456,-0.079125,-0.000000,0.013934,0
1790549119.3391,-0.004834,0.015458,-0.037851,-0.074271,-0.010950,-0.006116,0.120000,-0.500000,0.527910,-0.001450,-0.036400,-0.000000,0.004637,-0.078909,-0.000000,0.013990,0
1790549119.3527,-0.007507,0.012880,-0.038754,-0.074871,-0.013623,-0.006116,0.120000,-0.500000,0.557290,-0.002252,-0.036502,-0.000000,0.003864,-0.078735,-0.000000,0.013515,0
1790549119.3663,-0.010098,0.010876,-0.039669,-0.075324,-0.016214,-0.006116,0.120000,-0.500000,0.586909,-0.003029,-0.036639,-0.000000,0.003263,-0.078586,-0.000000,0.013625,0
1790549119.3804,-0.006752,0.010364,-0.038760,-0.075331,-0.012869,-0.006116,0.120000,-0.500000,0.617557,-0.002026,-0.036735,0.000000,0.003109,-0.078440,-0.000000,0.014098,0
1790549119.3944,-0.003963,0.012134,-0.037979,-0.074631,-0.010079,-0.006116,0.120000,-0.500000,0.647852,-0.001189,-0.036790,0.000000,0.003640,-0.078271,0.000000,0.013936,0
1790549119.4082,-0.003703,0.013322,-0.037952,-0.074089,-0.009819,-0.006116,0.120000,-0.500000,0.678138,-0.001111,-0.036841,0.000000,0.003996,-0.078086,0.000000,0.013932,0
1790549119.4222,0.001188,0.015406,-0.036468,-0.073249,-0.004928,-0.006116,0.120000,-0.500000,0.708506,0.000356,-0.036825,0.000000,0.004622,-0.077870,0.000000,0.013970,0
1790549119.4361,0.011670,0.020144,-0.033161,-0.071547,0.005554,-0.006116,0.120000,-0.500000,0.738779,0.003501,-0.036662,0.000000,0.006043,-0.077590,0.000000,0.013926,0
1790549119.4501,0.023827,0.031209,-0.029183,-0.067793,0.017711,-0.006116,0.120000,-0.500000,0.769036,0.007148,-0.036331,0.000000,0.009363,-0.077156,0.000000,0.013918,0
1790549119.4640,0.026514,0.036300,-0.028006,-0.065758,0.020398,-0.006116,0.120000,-0.500000,0.799456,0.007954,-0.035960,0.000000,0.010890,-0.076648,0.000000,0.013993,0
1790549119.4780,0.026743,0.037476,-0.027564,-0.064882,0.020627,-0.006116,0.120000,-0.500000,0.829756,0.008023,-0.035587,0.000000,0.011243,-0.076125,0.000000,0.013938,0
1790549119.4920,0.028695,0.041235,-0.026576,-0.063177,0.022579,-0.006116,0.120000,-0.500000,0.860217,0.008609,-0.035185,0.000000,0.012371,-0.075547,0.000000,0.014012,0
1790549119.5059,0.033719,0.044787,-0.024602,-0.061491,0.027603,-0.006116,0.120000,-0.500000,0.890317,0.010116,-0.034718,0.000000,0.013436,-0.074927,0.000000,0.013846,0
1790549119.5198,0.024888,0.048083,-0.026905,-0.059832,0.018772,-0.006116,0.120000,-0.500000,0.920612,0.007466,-0.034371,-0.000000,0.014425,-0.074257,0.000000,0.013936,0
1790549119.5338,0.013774,0.055159,-0.030046,-0.056937,0.007658,-0.006116,0.120000,-0.500000,0.951039,0.004132,-0.034178,-0.000000,0.016548,-0.073485,0.000000,0.013996,0
1790549119.5480,0.003103,0.062894,-0.033204,-0.053737,-0.003013,-0.006116,0.120000,-0.500000,0.981450,0.000931,-0.034135,-0.000000,0.018868,-0.072605,0.000000,0.013989,0
1790549119.5625,-0.003479,0.069786,-0.035230,-0.050651,-0.009595,-0.006116,0.120000,-0.500000,0.013183,-0.001044,-0.034186,-0.000000,0.020936,-0.071587,0.000000,0.014597,0
1790549119.5762,-0.006254,0.073110,-0.036148,-0.048647,-0.012370,-0.006116,0.120000,-0.500000,0.043117,-0.001876,-0.034272,-0.000000,0.021933,-0.070580,0.000000,0.013770,0
1790549119.5902,-0.008322,0.076565,-0.036884,-0.046543,-0.014438,-0.006116,0.120000,-0.500000,0.073417,-0.002496,-0.034388,-0.000000,0.022969,-0.069513,0.000000,0.013938,0
1790549119.6041,-0.010501,0.078286,-0.037685,-0.044930,-0.016617,-0.006116,0.120000,-0.500000,0.103873,-0.003150,-0.034535,-0.000000,0.023486,-0.068416,0.000000,0.014010,0
1790549119.6180,-0.011313,0.078406,-0.038086,-0.043805,-0.017429,-0.006116,0.120000,-0.500000,0.134089,-0.003394,-0.034692,-0.000000,0.023522,-0.067326,0.000000,0.013899,0
1790549119.6320,-0.015195,0.079830,-0.039464,-0.042259,-0.021312,-0.006116,0.120000,-0.500000,0.164540,-0.004559,-0.034905,-0.000000,0.023949,-0.066208,0.000000,0.014007,0
1790549119.6461,-0.019473,0.080123,-0.041020,-0.041046,-0.025589,-0.006116,0.120000,-0.500000,0.195066,-0.005842,-0.035179,-0.000000,0.024037,-0.065083,0.000000,0.014042,0
1790549119.6600,-0.022554,0.076586,-0.042260,-0.041035,-0.028670,-0.006116,0.120000,-0.500000,0.225490,-0.006766,-0.035494,-0.000000,0.022976,-0.064011,-0.000000,0.013995,0
1790549119.6741,-0.021222,0.071815,-0.042158,-0.041460,-0.027338,-0.006116,0.120000,-0.500000,0.255954,-0.006366,-0.035792,0.000000,0.021544,-0.063005,-0.000000,0.014014,0
1790549119.6881,-0.021762,0.065379,-0.042624,-0.042477,-0.027878,-0.006116,0.120000,-0.500000,0.286351,-0.006528,-0.036096,-0.000000,0.019614,-0.062091,-0.000000,0.013982,0
1790549119.7020,-0.019460,0.056700,-0.042206,-0.044286,-0.025576,-0.006116,0.120000,-0.500000,0.316808,-0.005838,-0.036368,0.000000,0.017010,-0.061296,-0.000000,0.014010,0
1790549119.7160,-0.016716,0.047515,-0.041617,-0.046378,-0.022832,-0.006116,0.120000,-0.500000,0.347154,-0.005015,-0.036602,0.000000,0.014255,-0.060633,-0.000000,0.013959,0
1790549119.7299,-0.015909,0.035748,-0.041595,-0.049414,-0.022025,-0.006116,0.120000,-0.500000,0.377252,-0.004773,-0.036822,0.000000,0.010724,-0.060138,-0.000000,0.013845,0
1790549119.7438,-0.010946,0.029173,-0.040258,-0.050980,-0.017062,-0.006116,0.120000,-0.500000,0.407523,-0.003284,-0.036975,0.000000,0.008752,-0.059732,-0.000000,0.013925,0
1790549119.7577,-0.010882,0.024920,-0.040391,-0.051909,-0.016998,-0.006116,0.120000,-0.500000,0.437796,-0.003265,-0.037126,0.000000,0.007476,-0.059385,-0.000000,0.013926,0
1790549119.7715,-0.010261,0.021290,-0.040346,-0.052704,-0.016377,-0.006116,0.120000,-0.500000,0.467830,-0.003078,-0.037268,0.000000,0.006387,-0.059091,-0.000000,0.013815,0
1790549119.7856,-0.007409,0.019938,-0.039594,-0.052830,-0.013525,-0.006116,0.120000,-0.500000,0.498267,-0.002223,-0.037372,0.000000,0.005981,-0.058812,-0.000000,0.014001,0
1790549119.7997,-0.001691,0.021839,-0.037902,-0.051956,-0.007807,-0.006116,0.120000,-0.500000,0.528500,-0.000507,-0.037395,0.000000,0.006552,-0.058508,0.000000,0.013907,0
1790549119.8135,0.001592,0.024097,-0.036895,-0.050940,-0.004524,-0.006116,0.120000,-0.500000,0.559090,0.000478,-0.037373,0.000000,0.007229,-0.058169,0.000000,0.014071,0
1790549119.8271,0.005018,0.026925,-0.035799,-0.049724,-0.001098,-0.006116,0.120000,-0.500000,0.588723,0.001505,-0.037304,0.000000,0.008078,-0.057802,0.000000,0.013631,0
1790549119.8411,0.009362,0.030308,-0.034365,-0.048285,0.003245,-0.006116,0.120000,-0.500000,0.619181,0.002808,-0.037173,0.000000,0.009092,-0.057377,0.000000,0.014011,0
1790549119.8550,0.012876,0.035466,-0.033131,-0.046242,0.006759,-0.006116,0.120000,-0.500000,0.649522,0.003863,-0.036993,0.000000,0.010640,-0.056882,0.000000,0.013957,0
1790549119.8690,0.019595,0.041867,-0.030843,-0.043740,0.013479,-0.006116,0.120000,-0.500000,0.679726,0.005878,-0.036721,0.000000,0.012560,-0.056300,0.000000,0.013894,0
1790549119.8829,0.027192,0.048441,-0.028184,-0.041092,0.021076,-0.006116,0.120000,-0.500000,0.710085,0.008158,-0.036341,0.000000,0.014532,-0.055624,0.000000,0.013965,0
1790549119.8971,0.022449,0.047506,-0.029291,-0.040704,0.016333,-0.006116,0.120000,-0.500000,0.740657,0.006735,-0.036026,-0.000000,0.014252,-0.054956,-0.000000,0.014063,0
1790549119.9112,0.012053,0.040949,-0.032239,-0.042092,0.005937,-0.006116,0.120000,-0.500000,0.771405,0.003616,-0.035855,-0.000000,0.012285,-0.054377,-0.000000,0.014144,0
1790549119.9251,0.014800,0.038507,-0.031210,-0.042290,0.008684,-0.006116,0.120000,-0.500000,0.801597,0.004440,-0.035650,0.000000,0.011552,-0.053842,-0.000000,0.013888,0
1790549119.9391,0.023339,0.035828,-0.028320,-0.042591,0.017223,-0.006116,0.120000,-0.500000,0.832099,0.007002,-0.035322,0.000000,0.010749,-0.053339,-0.000000,0.014031,0
1790549119.9531,0.030757,0.036139,-0.025665,-0.041992,0.024641,-0.006116,0.120000,-0.500000,0.862507,0.009227,-0.034892,0.000000,0.010842,-0.052834,0.000000,0.013988,0
1790549119.9670,0.031109,0.038287,-0.025125,-0.040813,0.024993,-0.006116,0.120000,-0.500000,0.892846,0.009333,-0.034458,0.000000,0.011486,-0.052299,0.000000,0.013956,0
1790549119.9811,0.025653,0.043633,-0.026403,-0.038600,0.019537,-0.006116,0.120000,-0.500000,0.923226,0.007696,-0.034099,-0.000000,0.013090,-0.051690,0.000000,0.013975,0
1790549119.9951,0.013687,0.052631,-0.029800,-0.035158,0.007571,-0.006116,0.120000,-0.500000,0.953883,0.004106,-0.033906,-0.000000,0.015789,-0.050947,0.000000,0.014102,0
1790549120.0091,0.005151,0.061316,-0.032289,-0.031696,-0.000965,-0.006116,0.120000,-0.500000,0.984259,0.001545,-0.033834,-0.000000,0.018395,-0.050091,0.000000,0.013973,0
1790549120.0230,-0.002949,0.068313,-0.034760,-0.028644,-0.009065,-0.006116,0.120000,-0.500000,0.014577,-0.000885,-0.033875,-0.000000,0.020494,-0.049138,0.000000,0.013947,0
1790549120.0365,-0.007402,0.071340,-0.036196,-0.026774,-0.013518,-0.006116,0.120000,-0.500000,0.043897,-0.002221,-0.033975,-0.000000,0.021402,-0.048176,0.000000,0.013487,0
1790549120.0505,-0.007461,0.070374,-0.036317,-0.026092,-0.013577,-0.006116,0.120000,-0.500000,0.073917,-0.002238,-0.034078,-0.000000,0.021112,-0.047204,-0.000000,0.013809,0
1790549120.0648,-0.015486,0.069444,-0.038947,-0.025371,-0.021602,-0.006116,0.120000,-0.500000,0.105224,-0.004646,-0.034301,-0.000000,0.020833,-0.046204,-0.000000,0.014401,0
1790549120.0789,-0.021870,0.072467,-0.041170,-0.023444,-0.027986,-0.006116,0.120000,-0.500000,0.135807,-0.006561,-0.034609,-0.000000,0.021740,-0.045184,0.000000,0.014068,0
1790549120.0927,-0.025431,0.075670,-0.042592,-0.021430,-0.031547,-0.006116,0.120000,-0.500000,0.166078,-0.007629,-0.034963,-0.000000,0.022701,-0.044131,0.000000,0.013925,0
1790549120.1067,-0.025756,0.073892,-0.043050,-0.020929,-0.031872,-0.006116,0.120000,-0.500000,0.196491,-0.007727,-0.035323,-0.000000,0.022168,-0.043097,-0.000000,0.013990,0
1790549120.1207,-0.024145,0.066832,-0.042905,-0.022112,-0.030261,-0.006116,0.120000,-0.500000,0.226902,-0.007243,-0.035661,0.000000,0.020050,-0.042162,-0.000000,0.013989,0
1790549120.1348,-0.023878,0.061307,-0.043159,-0.022912,-0.029994,-0.006116,0.120000,-0.500000,0.257331,-0.007163,-0.035995,0.000000,0.018392,-0.041304,-0.000000,0.013998,0
1790549120.1487,-0.022048,0.052362,-0.042919,-0.024861,-0.028165,-0.006116,0.120000,-0.500000,0.287796,-0.006615,-0.036304,0.000000,0.015709,-0.040570,-0.000000,0.014014,0
1790549120.1627,-0.017737,0.042422,-0.041873,-0.027250,-0.023853,-0.006116,0.120000,-0.500000,0.318183,-0.005321,-0.036552,0.000000,0.012727,-0.039977,-0.000000,0.013978,0
1790549120.1767,-0.015866,0.031572,-0.041534,-0.030065,-0.021982,-0.006116,0.120000,-0.500000,0.348529,-0.004760,-0.036774,0.000000,0.009471,-0.039536,-0.000000,0.013959,0
1790549120.1908,-0.009671,0.023311,-0.039812,-0.032214,-0.015787,-0.006116,0.120000,-0.500000,0.379194,-0.002901,-0.036910,0.000000,0.006993,-0.039208,-0.000000,0.014106,0
1790549120.2047,-0.001864,0.015364,-0.037495,-0.034385,-0.007981,-0.006116,0.120000,-0.500000,0.409369,-0.000559,-0.036936,0.000000,0.004609,-0.038994,-0.000000,0.013880,0
1790549120.2187,-0.000927,0.010817,-0.037227,-0.035597,-0.007043,-0.006116,0.120000,-0.500000,0.439872,-0.000278,-0.036949,0.000000,0.003245,-0.038842,-0.000000,0.014031,0
1790549120.2325,0.001180,0.008967,-0.036579,-0.036027,-0.004936,-0.006116,0.120000,-0.500000,0.470149,0.000354,-0.036933,0.000000,0.002690,-0.038718,-0.000000,0.013927,0
1790549120.2465,0.006243,0.010050,-0.034973,-0.035563,0.000127,-0.006116,0.120000,-0.500000,0.500408,0.001873,-0.036846,0.000000,0.003015,-0.038578,0.000000,0.013919,0
1790549120.2601,0.009924,0.013961,-0.033734,-0.034199,0.003808,-0.006116,0.120000,-0.500000,0.529996,0.002977,-0.036711,0.000000,0.004188,-0.038388,0.000000,0.013611,0
1790549120.2737,0.010580,0.017771,-0.033393,-0.032815,0.004464,-0.006116,0.120000,-0.500000,0.559572,0.003174,-0.036567,0.000000,0.005331,-0.038146,0.000000,0.013605,0
1790549120.2873,0.013432,0.020164,-0.032354,-0.031822,0.007316,-0.006116,0.120000,-0.500000,0.589174,0.004030,-0.036384,0.000000,0.006049,-0.037871,0.000000,0.013617,0
1790549120.3015,0.015954,0.024560,-0.031376,-0.030162,0.009838,-0.006116,0.120000,-0.500000,0.619427,0.004786,-0.036162,0.000000,0.007368,-0.037530,0.000000,0.013916,0
1790549120.3158,0.020467,0.026934,-0.029726,-0.029060,0.014351,-0.006116,0.120000,-0.500000,0.650840,0.006140,-0.035866,0.000000,0.008080,-0.037140,0.000000,0.014450,0
1790549120.3298,0.023218,0.030111,-0.028575,-0.027685,0.017102,-0.006116,0.120000,-0.500000,0.681348,0.006965,-0.035540,0.000000,0.009033,-0.036718,0.000000,0.014034,0
1790549120.3438,0.023900,0.030245,-0.028036,-0.027221,0.017784,-0.006116,0.120000,-0.500000,0.711801,0.007170,-0.035205,0.000000,0.009073,-0.036294,0.000000,0.014009,0
1790549120.3586,0.018951,0.023474,-0.029245,-0.028911,0.012835,-0.006116,0.120000,-0.500000,0.743326,0.005685,-0.034931,-0.000000,0.007042,-0.035954,-0.000000,0.014502,0
1790549120.3728,0.012885,0.018485,-0.030879,-0.030141,0.006768,-0.006116,0.120000,-0.500000,0.774680,0.003865,-0.034745,-0.000000,0.005546,-0.035687,-0.000000,0.014423,0
1790549120.3870,0.020904,0.017094,-0.028176,-0.030315,0.014788,-0.006116,0.120000,-0.500000,0.805631,0.006271,-0.034447,0.000000,0.005128,-0.035444,-0.000000,0.014238,0
1790549120.4009,0.029622,0.018988,-0.025147,-0.029482,0.023506,-0.006116,0.120000,-0.500000,0.836012,0.008887,-0.034033,0.000000,0.005696,-0.035178,0.000000,0.013975,0
1790549120.4149,0.031110,0.022338,-0.024266,-0.028165,0.024994,-0.006116,0.120000,-0.500000,0.866379,0.009333,-0.033599,0.000000,0.006701,-0.034866,0.000000,0.013969,0
1790549120.4288,0.027531,0.027202,-0.024954,-0.026325,0.021415,-0.006116,0.120000,-0.500000,0.896799,0.008259,-0.033213,-0.000000,0.008161,-0.034486,0.000000,0.013993,0
1790549120.4426,0.018242,0.034879,-0.027489,-0.023540,0.012126,-0.006116,0.120000,-0.500000,0.926840,0.005473,-0.032961,-0.000000,0.010464,-0.034004,0.000000,0.013819,0
1790549120.4566,0.010556,0.044295,-0.029648,-0.020099,0.004440,-0.006116,0.120000,-0.500000,0.957075,0.003167,-0.032815,-0.000000,0.013289,-0.033388,0.000000,0.013908,0
1790549120.4705,0.005051,0.052696,-0.031229,-0.016843,-0.001065,-0.006116,0.120000,-0.500000,0.987415,0.001515,-0.032744,-0.000000,0.015809,-0.032652,0.000000,0.013957,0
1790549120.4845,-0.000321,0.058480,-0.032845,-0.014291,-0.006437,-0.006116,0.120000,-0.500000,0.017798,-0.000096,-0.032749,-0.000000,0.017544,-0.031835,0.000000,0.013976,0
1790549120.4980,-0.004855,0.061570,-0.034271,-0.012530,-0.010971,-0.006116,0.120000,-0.500000,0.047236,-0.001457,-0.032814,-0.000000,0.018471,-0.031001,0.000000,0.013541,0
1790549120.5117,-0.004705,0.058160,-0.034290,-0.012760,-0.010821,-0.006116,0.120000,-0.500000,0.076873,-0.001411,-0.032878,0.000000,0.017448,-0.030208,-0.000000,0.013633,0
1790549120.5258,-0.006620,0.050531,-0.034957,-0.014340,-0.012736,-0.006116,0.120000,-0.500000,0.107373,-0.001986,-0.032971,-0.000000,0.015159,-0.029499,-0.000000,0.014030,0
1790549120.5396,-0.011929,0.047353,-0.036716,-0.014634,-0.018045,-0.006116,0.120000,-0.500000,0.137652,-0.003579,-0.033137,-0.000000,0.014206,-0.028840,-0.000000,0.013928,0
1790549120.5539,-0.014844,0.047134,-0.037799,-0.014038,-0.020960,-0.006116,0.120000,-0.500000,0.168164,-0.004453,-0.033346,-0.000000,0.014140,-0.028178,-0.000000,0.014036,0
1790549120.5684,-0.015128,0.038782,-0.038105,-0.015979,-0.021244,-0.006116,0.120000,-0.500000,0.199825,-0.004538,-0.033566,-0.000000,0.011635,-0.027613,-0.000000,0.014564,0
1790549120.5826,-0.015692,0.032033,-0.038498,-0.017545,-0.021808,-0.006116,0.120000,-0.500000,0.230952,-0.004708,-0.033791,-0.000000,0.009610,-0.027155,-0.000000,0.014319,0
1790549120.5966,-0.012540,0.024766,-0.037728,-0.019378,-0.018656,-0.006116,0.120000,-0.500000,0.261420,-0.003762,-0.033967,0.000000,0.007430,-0.026808,-0.000000,0.014015,0
1790549120.6106,-0.008369,0.017564,-0.036594,-0.021293,-0.014485,-0.006116,0.120000,-0.500000,0.291809,-0.002511,-0.034084,0.000000,0.005269,-0.026562,-0.000000,0.013979,0
1790549120.6246,-0.002274,0.007192,-0.034798,-0.024304,-0.008391,-0.006116,0.120000,-0.500000,0.322276,-0.000682,-0.034115,0.000000,0.002158,-0.026461,-0.000000,0.014015,0
1790549120.6386,0.002945,0.000174,-0.033191,-0.026407,-0.003171,-0.006116,0.120000,-0.500000,0.352676,0.000883,-0.034074,0.000000,0.000052,-0.026459,-0.000000,0.013984,0
1790549120.6526,0.005204,-0.005183,-0.032440,-0.028086,-0.000912,-0.006116,0.120000,-0.500000,0.383112,0.001561,-0.034001,0.000000,-0.001555,-0.026531,-0.000000,0.014000,0
1790549120.6666,0.014430,-0.012497,-0.029470,-0.030456,0.008314,-0.006116,0.120000,-0.500000,0.413611,0.004329,-0.033799,0.000000,-0.003749,-0.026707,-0.000000,0.014030,0
1790549120.6808,0.011657,-0.016956,-0.030137,-0.032033,0.005541,-0.006116,0.120000,-0.500000,0.444286,0.003497,-0.033634,-0.000000,-0.005087,-0.026946,-0.000000,0.014110,0
1790549120.6947,0.008312,-0.016829,-0.031024,-0.032231,0.002196,-0.006116,0.120000,-0.500000,0.474764,0.002494,-0.033518,-0.000000,-0.005049,-0.027182,0.000000,0.014020,0
1790549120.7087,0.011072,-0.017138,-0.030042,-0.032562,0.004956,-0.006116,0.120000,-0.500000,0.505036,0.003322,-0.033364,0.000000,-0.005141,-0.027421,-0.000000,0.013925,0
1790549120.7223,0.009559,-0.013845,-0.030365,-0.031763,0.003442,-0.006116,0.120000,-0.500000,0.534762,0.002868,-0.033233,-0.000000,-0.004153,-0.027610,0.000000,0.013674,0
1790549120.7359,0.008510,-0.013810,-0.030564,-0.031941,0.002394,-0.006116,0.120000,-0.500000,0.564375,0.002553,-0.033117,-0.000000,-0.004143,-0.027798,0.000000,0.013622,0
1790549120.7496,0.004498,-0.014328,-0.031706,-0.032292,-0.001618,-0.006116,0.120000,-0.500000,0.594016,0.001349,-0.033056,-0.000000,-0.004298,-0.027993,-0.000000,0.013635,0
1790549120.7635,-0.000475,-0.016240,-0.033205,-0.033092,-0.006591,-0.006116,0.120000,-0.500000,0.624381,-0.000142,-0.033062,-0.000000,-0.004872,-0.028220,-0.000000,0.013968,0
1790549120.7776,-0.003074,-0.018571,-0.034028,-0.034052,-0.009190,-0.006116,0.120000,-0.500000,0.654895,-0.000922,-0.033106,-0.000000,-0.005571,-0.028481,-0.000000,0.014036,0
1790549120.7918,-0.003130,-0.018672,-0.034089,-0.034346,-0.009246,-0.006116,0.120000,-0.500000,0.685603,-0.000939,-0.033150,-0.000000,-0.005602,-0.028745,-0.000000,0.014126,0
1790549120.8061,0.001165,-0.015772,-0.032784,-0.033699,-0.004951,-0.006116,0.120000,-0.500000,0.716258,0.000349,-0.033133,0.000000,-0.004732,-0.028967,0.000000,0.014101,0
1790549120.8203,0.008568,-0.005050,-0.030440,-0.030555,0.002452,-0.006116,0.120000,-0.500000,0.747552,0.002570,-0.033010,0.000000,-0.001515,-0.029040,0.000000,0.014395,0
1790549120.8343,0.013572,0.001123,-0.028748,-0.028687,0.007456,-0.006116,0.120000,-0.500000,0.778083,0.004072,-0.032819,0.000000,0.000337,-0.029024,0.000000,0.014044,0
1790549120.8484,0.015075,0.002032,-0.028084,-0.028386,0.008959,-0.006116,0.120000,-0.500000,0.808750,0.004523,-0.032607,0.000000,0.000610,-0.028995,0.000000,0.014107,0
1790549120.8623,0.015951,0.005354,-0.027599,-0.027314,0.009835,-0.006116,0.120000,-0.500000,0.839097,0.004785,-0.032384,0.000000,0.001606,-0.028920,0.000000,0.013960,0
1790549120.8764,0.014530,0.011421,-0.027821,-0.025334,0.008414,-0.006116,0.120000,-0.500000,0.869602,0.004359,-0.032180,-0.000000,0.003426,-0.028760,0.000000,0.014032,0
1790549120.8903,0.014894,0.017199,-0.027504,-0.023360,0.008778,-0.006116,0.120000,-0.500000,0.900001,0.004468,-0.031972,0.000000,0.005160,-0.028520,0.000000,0.013983,0
1790549120.9042,0.006473,0.020434,-0.029940,-0.022105,0.000357,-0.006116,0.120000,-0.500000,0.930261,0.001942,-0.031882,-0.000000,0.006130,-0.028235,0.000000,0.013920,0
1790549120.9182,-0.001419,0.025917,-0.032327,-0.020098,-0.007535,-0.006116,0.120000,-0.500000,0.960670,-0.000426,-0.031902,-0.000000,0.007775,-0.027873,0.000000,0.013988,0
1790549120.9321,-0.011435,0.034282,-0.035491,-0.017112,-0.017551,-0.006116,0.120000,-0.500000,0.990843,-0.003431,-0.032060,-0.000000,0.010285,-0.027397,0.000000,0.013880,0
1790549120.9460,-0.017754,0.041919,-0.037635,-0.014235,-0.023870,-0.006116,0.120000,-0.500000,0.021228,-0.005326,-0.032309,-0.000000,0.012576,-0.026811,0.000000,0.013977,0
1790549120.9596,-0.024127,0.046084,-0.039872,-0.012365,-0.030243,-0.006116,0.120000,-0.500000,0.050506,-0.007238,-0.032633,-0.000000,0.013825,-0.026190,0.000000,0.013468,0
1790549120.9732,-0.023863,0.045982,-0.040117,-0.011769,-0.029979,-0.006116,0.120000,-0.500000,0.080136,-0.007159,-0.032959,0.000000,0.013794,-0.025564,-0.000000,0.013630,0
1790549120.9874,-0.025488,0.043883,-0.040967,-0.011776,-0.031604,-0.006116,0.120000,-0.500000,0.111010,-0.007646,-0.033321,-0.000000,0.013165,-0.024940,-0.000000,0.014202,0
1790549121.0013,-0.029463,0.045889,-0.042570,-0.010535,-0.035579,-0.006116,0.120000,-0.500000,0.141274,-0.008839,-0.033731,-0.000000,0.013767,-0.024302,0.000000,0.013921,0
1790549121.0153,-0.021213,0.041033,-0.040392,-0.011416,-0.027329,-0.006116,0.120000,-0.500000,0.171759,-0.006364,-0.034028,0.000000,0.012310,-0.023726,-0.000000,0.014023,0
1790549121.0294,-0.015808,0.033882,-0.038992,-0.013086,-0.021924,-0.006116,0.120000,-0.500000,0.202248,-0.004742,-0.034250,0.000000,0.010165,-0.023251,-0.000000,0.014025,0
1790549121.0432,-0.013331,0.027720,-0.038435,-0.014549,-0.019424,-0.006093,0.119771,-0.499046,0.232491,-0.003999,-0.034435,0.000000,0.008316,-0.022865,-0.000000,0.013911,0
1790549121.0577,-0.007902,0.022065,-0.036918,-0.015934,-0.013923,-0.006022,0.119071,-0.496129,0.263216,-0.002370,-0.034547,0.000000,0.006620,-0.022553,-0.000000,0.014134,0
1790549121.0720,-0.006524,0.018497,-0.036599,-0.016737,-0.012425,-0.005901,0.117871,-0.491129,0.294694,-0.001957,-0.034642,0.000000,0.005549,-0.022286,-0.000000,0.014480,0
1790549121.0860,-0.002243,0.013912,-0.035346,-0.017917,-0.007983,-0.005740,0.116252,-0.484384,0.325186,-0.000673,-0.034673,0.000000,0.004174,-0.022091,-0.000000,0.014026,0
1790549121.1000,0.002097,0.007324,-0.034015,-0.019790,-0.003442,-0.005538,0.114193,-0.475802,0.355731,0.000629,-0.034644,0.000000,0.002197,-0.021988,-0.000000,0.014051,0
1790549121.1139,0.009667,-0.003387,-0.031609,-0.023051,0.004364,-0.005303,0.111740,-0.465585,0.385943,0.002900,-0.034509,0.000000,-0.001016,-0.022035,-0.000000,0.013897,0
1790549121.1278,0.011476,-0.016957,-0.030907,-0.027358,0.006440,-0.005036,0.108885,-0.453686,0.416245,0.003443,-0.034349,0.000000,-0.005087,-0.022271,-0.000000,0.013939,0
1790549121.1418,0.005099,-0.021401,-0.032748,-0.028991,0.000359,-0.004740,0.105641,-0.440172,0.446663,0.001530,-0.034278,-0.000000,-0.006420,-0.022571,-0.000000,0.013992,0
1790549121.1557,0.004559,-0.020581,-0.032847,-0.029030,0.000134,-0.004425,0.102076,-0.425315,0.476837,0.001368,-0.034215,-0.000000,-0.006174,-0.022856,0.000000,0.013880,0
1790549121.1696,0.000616,-0.021190,-0.034021,-0.029508,-0.003478,-0.004094,0.098177,-0.409069,0.507111,0.000185,-0.034206,-0.000000,-0.006357,-0.023151,-0.000000,0.013926,0
1790549121.1842,0.005559,-0.022348,-0.032460,-0.030171,0.001813,-0.003747,0.093922,-0.391342,0.537830,0.001668,-0.034128,0.000000,-0.006704,-0.023467,-0.000000,0.014131,0
1790549121.1991,0.008829,-0.022860,-0.031346,-0.030669,0.005457,-0.003372,0.089105,-0.371270,0.570499,0.002649,-0.033995,0.000000,-0.006858,-0.023811,-0.000000,0.015028,0
1790549121.2141,0.010658,-0.022278,-0.030638,-0.030828,0.007657,-0.003000,0.084047,-0.350195,0.603051,0.003197,-0.033835,0.000000,-0.006683,-0.024144,0.000000,0.014974,0
1790549121.2286,0.008227,-0.024426,-0.031247,-0.031830,0.005584,-0.002643,0.078883,-0.328677,0.634958,0.002468,-0.033715,-0.000000,-0.007328,-0.024503,-0.000000,0.014677,0
1790549121.2434,0.006858,-0.025558,-0.031556,-0.032546,0.004560,-0.002298,0.073554,-0.306475,0.666887,0.002057,-0.033614,-0.000000,-0.007667,-0.024878,-0.000000,0.014688,0
1790549121.2575,0.006385,-0.025255,-0.031607,-0.032816,0.004407,-0.001979,0.068255,-0.284397,0.697971,0.001916,-0.033522,-0.000000,-0.007577,-0.025239,0.000000,0.014298,0
1790549121.2715,0.012543,-0.023975,-0.029585,-0.032766,0.010855,-0.001687,0.063029,-0.262622,0.728251,0.003763,-0.033348,0.000000,-0.007193,-0.025573,0.000000,0.013929,0
1790549121.2856,0.021227,-0.015943,-0.026678,-0.030582,0.019814,-0.001413,0.057682,-0.240341,0.759098,0.006368,-0.033047,0.000000,-0.004783,-0.025799,0.000000,0.014189,0
1790549121.2996,0.023170,-0.010032,-0.025771,-0.028950,0.022003,-0.001167,0.052414,-0.218391,0.789589,0.006951,-0.032722,0.000000,-0.003010,-0.025940,0.000000,0.014026,0
1790549121.3140,0.024465,-0.008101,-0.025032,-0.028486,0.023522,-0.000943,0.047107,-0.196278,0.820659,0.007339,-0.032372,0.000000,-0.002430,-0.026056,0.000000,0.014292,0
1790549121.3280,0.026820,-0.006695,-0.023946,-0.028159,0.026073,-0.000748,0.041954,-0.174810,0.851423,0.008046,-0.031992,0.000000,-0.002009,-0.026151,0.000000,0.014151,0
1790549121.3420,0.032763,-0.005786,-0.021707,-0.027967,0.032181,-0.000582,0.037018,-0.154244,0.881724,0.009829,-0.031536,0.000000,-0.001736,-0.026231,0.000000,0.013938,0
1790549121.3561,0.028487,-0.000950,-0.022587,-0.026530,0.028046,-0.000440,0.032195,-0.134145,0.912442,0.008546,-0.031133,-0.000000,-0.000285,-0.026245,0.000000,0.014130,0
1790549121.3701,0.025245,0.002952,-0.023205,-0.025318,0.024922,-0.000324,0.027614,-0.115060,0.942994,0.007574,-0.030778,-0.000000,0.000886,-0.026203,0.000000,0.014054,0
1790549121.3843,0.020076,0.008078,-0.024471,-0.023665,0.019847,-0.000230,0.023254,-0.096891,0.973782,0.006023,-0.030494,-0.000000,0.002423,-0.026089,0.000000,0.014163,0
1790549121.3984,0.014720,0.013864,-0.025870,-0.021734,0.014563,-0.000157,0.019198,-0.079992,0.004460,0.004416,-0.030286,-0.000000,0.004159,-0.025893,0.000000,0.014112,0
1790549121.4121,0.006793,0.018922,-0.028155,-0.019958,0.006690,-0.000103,0.015572,-0.064884,0.034197,0.002038,-0.030193,-0.000000,0.005677,-0.025634,0.000000,0.013679,0
1790549121.4257,0.001461,0.024520,-0.029735,-0.017944,0.001397,-0.000064,0.012284,-0.051185,0.063841,0.000438,-0.030174,-0.000000,0.007356,-0.025300,0.000000,0.013636,0
1790549121.4393,-0.003142,0.029616,-0.031159,-0.016011,-0.003179,-0.000037,0.009345,-0.038937,0.093503,-0.000943,-0.030216,-0.000000,0.008885,-0.024896,0.000000,0.013644,0
1790549121.4533,-0.007133,0.034113,-0.032456,-0.014185,-0.007152,-0.000019,0.006718,-0.027993,0.123906,-0.002140,-0.030316,-0.000000,0.010234,-0.024419,0.000000,0.013985,0
1790549121.4673,-0.009372,0.036801,-0.033259,-0.012864,-0.009380,-0.000009,0.004502,-0.018759,0.154318,-0.002811,-0.030447,-0.000000,0.011040,-0.023904,0.000000,0.013990,0
1790549121.4811,-0.005802,0.033450,-0.032268,-0.013407,-0.005805,-0.000003,0.002734,-0.011391,0.184361,-0.001741,-0.030527,0.000000,0.010035,-0.023442,-0.000000,0.013820,0
1790549121.4951,-0.001565,0.027435,-0.031019,-0.014830,-0.001566,-0.000001,0.001391,-0.005796,0.214554,-0.000470,-0.030549,0.000000,0.008231,-0.023061,-0.000000,0.013889,0
1790549121.5091,0.003332,0.018175,-0.029503,-0.017352,0.003332,-0.000000,0.000485,-0.002022,0.245175,0.001000,-0.030502,0.000000,0.005453,-0.022805,-0.000000,0.014086,0
1790549121.5231,0.012234,0.005489,-0.026661,-0.021081,0.012234,-0.000000,0.000047,-0.000196,0.275507,0.003670,-0.030332,0.000000,0.001647,-0.022728,-0.000000,0.013953,0
1790549121.5371,0.020659,-0.004453,-0.023843,-0.024127,0.020659,0.000000,0.000000,-0.000000,0.306072,0.006198,-0.030041,0.000000,-0.001336,-0.022791,-0.000000,0.014060,0
