t,imu_roll,imu_pitch,pid_roll,pid_pitch,roll_meas,banked_roll,eff_lin,eff_ang,phase,p_roll,i_roll,d_roll,p_pitch,i_pitch,d_pitch,dt,ik_clamped
1790549763.7920,-0.000170,0.012586,0.000000,0.000000,-0.000170,0.000000,0.000000,0.000000,0.021739,-0.000000,-0.000000,0.000000,0.000000,0.000000,0.000000,0.010000,0
1790549763.8074,-0.000083,0.012425,0.000000,0.000000,-0.000083,0.000000,0.000118,0.000000,0.043478,-0.000000,-0.000000,0.000000,0.000000,0.000000,-0.000000,0.010000,0
1790549763.8243,-0.000029,0.012243,0.000000,0.000000,-0.000029,0.000000,0.000473,0.000000,0.065217,-0.000000,-0.000000,0.000000,0.000000,0.000000,-0.000000,0.010000,0
1790549763.8406,-0.000002,0.012061,0.000000,0.000000,-0.000002,0.000000,0.001063,0.000000,0.086957,-0.000000,-0.000000,0.000000,0.000000,0.000000,-0.000000,0.010000,0
1790549763.8624,-0.000251,0.011629,-0.000000,0.000000,-0.000251,0.000000,0.001885,0.000000,0.108696,-0.000000,-0.000000,-0.000000,0.000000,0.000000,-0.000000,0.010000,0
1790549763.8785,-0.000331,0.011119,-0.000000,0.000000,-0.000331,0.000000,0.002937,0.000000,0.130435,-0.000000,-0.000000,-0.000000,0.000000,0.000000,-0.000000,0.010000,0
1790549763.8938,-0.000537,0.010680,-0.000000,0.000000,-0.000537,0.000000,0.004213,0.000000,0.152174,-0.000000,-0.000000,-0.000000,0.000000,0.000000,-0.000000,0.010000,0
1790549763.9084,-0.000730,0.010424,-0.000000,0.000000,-0.000730,0.000000,0.005710,0.000000,0.173913,-0.000000,-0.000000,-0.000000,0.000000,0.000000,-0.000000,0.010000,0
1790549763.9239,-0.002883,0.012819,-0.000000,0.000000,-0.002883,0.000000,0.007422,0.000000,0.195652,-0.000000,-0.000000,-0.000000,0.000000,0.000000,0.000000,0.010000,0
1790549763.9410,-0.003481,0.012412,-0.000000,0.000000,-0.003481,0.000000,0.009340,0.000000,0.217391,-0.000000,-0.000000,-0.000000,0.000000,0.000000,-0.000000,0.010000,0
1790549763.9574,-0.003728,0.012348,-0.000000,0.000000,-0.003728,0.000000,0.011459,0.000000,0.239130,-0.000000,-0.000000,-0.000000,0.000000,0.000000,-0.000000,0.010000,0
1790549763.9755,-0.003676,0.012500,0.000000,0.000000,-0.003676,0.000000,0.013769,0.000000,0.260870,-0.000000,-0.000000,0.000000,0.000000,0.000000,0.000000,0.010000,0
1790549763.9906,-0.001925,0.010483,0.000000,0.000000,-0.001925,0.000000,0.016262,0.000000,0.282609,-0.000000,-0.000000,0.000000,0.000000,0.000000,-0.000000,0.010000,0
1790549764.0084,-0.001335,0.011114,0.000000,0.000000,-0.001335,0.000000,0.018927,0.000000,0.304348,-0.000000,-0.000000,0.000000,0.000000,0.000000,0.000000,0.010000,0
1790549764.0260,-0.000477,0.012129,0.000000,0.000000,-0.000477,0.000000,0.021755,0.000000,0.326087,-0.000000,-0.000000,0.000000,0.000000,0.000000,0.000000,0.010000,0
1790549764.0412,0.000622,0.013387,0.000000,0.000000,0.000622,0.000000,0.024733,0.000000,0.347826,0.000000,-0.000000,0.000000,0.000000,0.000000,0.000000,0.010000,0
1790549764.0570,0.001973,0.014892,0.000000,0.000000,0.001973,0.000000,0.027850,0.000000,0.369565,0.000000,-0.000000,0.000000,0.000000,0.000000,0.000000,0.010000,0
1790549764.0736,0.003590,0.016657,0.000000,0.000000,0.003590,0.000000,0.031095,0.000000,0.391304,0.000000,-0.000000,0.000000,0.000000,0.000000,0.000000,0.010000,0
1790549764.0908,0.005492,0.018699,0.000000,0.000000,0.005492,0.000000,0.034453,0.000000,0.413043,0.000000,-0.000000,0.000000,0.000000,0.000000,0.000000,0.010000,0
1790549764.1075,0.007693,0.021030,0.000000,0.000000,0.007693,0.000000,0.037913,0.000000,0.434783,0.000000,-0.000000,0.000000,0.000000,0.000000,0.000000,0.010000,0
1790549764.1243,0.010211,0.023662,0.000000,0.000000,0.010211,0.000000,0.041459,0.000000,0.456522,0.000000,0.000000,0.000000,0.000000,0.000000,0.000000,0.010000,0
1790549764.1409,0.013061,0.026606,0.000000,0.000000,0.013061,0.000000,0.045079,0.000000,0.478261,0.000000,0.000000,0.000000,0.000000,0.000000,0.000000,0.010000,0
1790549764.1576,0.016257,0.029868,0.000000,0.000000,0.016257,0.000000,0.048757,0.000000,0.500000,0.000000,0.000000,0.000000,0.000000,0.000000,0.000000,0.010000,0
1790549764.1742,0.019810,0.033460,0.000000,0.000000,0.019810,0.000000,0.052480,0.000000,0.521739,0.000000,0.000000,0.000000,0.000000,0.000000,0.000000,0.010000,0
1790549764.1905,0.023735,0.037399,0.000000,0.000000,0.023735,0.000000,0.056233,0.000000,0.543478,0.000000,0.000000,0.000000,0.000000,0.000000,0.000000,0.010000,0
1790549764.2075,0.028055,0.041678,0.000000,0.000000,0.028055,0.000000,0.060000,0.000000,0.565217,0.000000,0.000000,0.000000,0.000000,0.000000,0.000000,0.010000,0
1790549764.2239,0.028639,0.035865,0.000000,0.000000,0.028639,0.000000,0.063767,0.000000,0.586957,0.000000,0.000000,0.000000,0.000000,0.000000,-0.000000,0.010000,0
1790549764.2407,0.027461,0.032989,0.000000,0.000000,0.027461,0.000000,0.067520,0.000000,0.608696,0.000000,0.000000,-0.000000,0.000000,0.000000,-0.000000,0.010000,0
1790549764.2575,0.025402,0.029997,0.000000,0.000000,0.025402,0.000000,0.071243,0.000000,0.630435,0.000000,0.000000,-0.000000,0.000000,0.000000,-0.000000,0.010000,0
1790549764.2737,0.022230,0.026342,0.000000,0.000000,0.022230,0.000000,0.074921,0.000000,0.652174,0.000000,0.000000,-0.000000,0.000000,0.000000,-0.000000,0.010000,0
1790549764.2910,0.017816,0.021664,0.000000,0.000000,0.017816,0.000000,0.078541,0.000000,0.673913,0.000000,0.000000,-0.000000,0.000000,0.000000,-0.000000,0.010000,0
1790549764.3075,0.012124,0.015885,0.000000,0.000000,0.012124,0.000000,0.082087,0.000000,0.695652,0.000000,0.000000,-0.000000,0.000000,0.000000,-0.000000,0.010000,0
1790549764.3240,0.005213,0.009155,0.000000,0.000000,0.005213,0.000000,0.085547,0.000000,0.717391,0.000000,0.000000,-0.000000,0.000000,0.000000,-0.000000,0.010000,0
1790549764.3409,-0.000247,0.004634,0.000000,0.000000,-0.000247,0.000000,0.088905,0.000000,0.739130,-0.000000,0.000000,-0.000000,0.000000,0.000000,-0.000000,0.010000,0
1790549764.3571,-0.002201,0.005697,0.000000,0.000000,-0.002201,0.000000,0.092150,0.000000,0.760870,-0.000000,0.000000,-0.000000,0.000000,0.000000,0.000000,0.010000,0
1790549764.3745,-0.003258,0.006525,0.000000,0.000000,-0.003258,0.000000,0.095267,0.000000,0.782609,-0.000000,0.000000,-0.000000,0.000000,0.000000,0.000000,0.010000,0
1790549764.3905,-0.004161,0.007651,0.000000,0.000000,-0.004161,0.000000,0.098245,0.000000,0.804348,-0.000000,0.000000,-0.000000,0.000000,0.000000,0.000000,0.010000,0
1790549764.4094,-0.005089,0.009028,0.000000,0.000000,-0.005089,0.000000,0.101073,0.000000,0.826087,-0.000000,0.000000,-0.000000,0.000000,0.000000,0.000000,0.010000,0
1790549764.4251,-0.006141,0.010652,0.000000,0.000000,-0.006141,0.000000,0.103738,0.000000,0.847826,-0.000000,0.000000,-0.000000,0.000000,0.000000,0.000000,0.010000,0
1790549764.4409,-0.007386,0.012523,0.000000,0.000000,-0.007386,0.000000,0.106231,0.000000,0.869565,-0.000000,0.000000,-0.000000,0.000000,0.000000,0.000000,0.010000,0
1790549764.4575,-0.008867,0.014639,0.000000,0.000000,-0.008867,0.000000,0.108541,0.000000,0.891304,-0.000000,0.000000,-0.000000,0.000000,0.000000,0.000000,0.010000,0
1790549764.4744,-0.010616,0.016999,0.000000,0.000000,-0.010616,0.000000,0.110660,0.000000,0.913043,-0.000000,0.000000,-0.000000,0.000000,0.000000,0.000000,0.010000,0
1790549764.4910,-0.012655,0.019598,0.000000,0.000000,-0.012655,0.000000,0.112578,0.000000,0.934783,-0.000000,0.000000,-0.000000,0.000000,0.000000,0.000000,0.010000,0
1790549764.5074,-0.014992,0.022431,0.000000,0.000000,-0.014992,0.000000,0.114290,0.000000,0.956522,-0.000000,0.000000,-0.000000,0.000000,0.000000,0.000000,0.010000,0
1790549764.5244,-0.017629,0.025487,0.000000,0.000000,-0.017629,0.000000,0.115787,0.000000,0.978261,-0.000000,0.000000,-0.000000,0.000000,0.000000,0.000000,0.010000,0
1790549764.5409,-0.020561,0.028757,0.000000,0.000000,-0.020561,0.000000,0.117063,0.000000,0.000000,-0.000000,0.000000,-0.000000,0.000000,0.000000,0.000000,0.010000,0
1790549764.5584,-0.023776,0.032232,0.000000,0.000000,-0.023776,0.000000,0.118115,0.000000,0.021739,-0.000000,0.000000,-0.000000,0.000000,0.000000,0.000000,0.010000,0
1790549764.5743,-0.027266,0.035905,0.000000,0.000000,-0.027266,0.000000,0.118937,0.000000,0.043478,-0.000000,0.000000,-0.000000,0.000000,0.000000,0.000000,0.010000,0
1790549764.5919,-0.031020,0.039770,0.000000,0.000000,-0.031020,0.000000,0.119527,0.000000,0.065217,-0.000000,0.000000,-0.000000,0.000000,0.000000,0.000000,0.010000,0
1790549764.6075,-0.029875,0.035805,0.000000,0.000000,-0.029875,0.000000,0.119882,0.000000,0.086957,-0.000000,0.000000,0.000000,0.000000,0.000000,-0.000000,0.010000,0
1790549764.6239,-0.027889,0.032133,0.000000,0.000000,-0.027889,0.000000,0.120000,0.000000,0.108696,-0.000000,-0.000000,0.000000,0.000000,0.000000,-0.000000,0.010000,0
1790549764.6407,-0.025000,0.028387,0.000000,0.000000,-0.025000,0.000000,0.120000,0.000000,0.130435,-0.000000,-0.000000,0.000000,0.000000,0.000000,-0.000000,0.010000,0
1790549764.6576,-0.021030,0.024016,0.000000,0.000000,-0.021030,0.000000,0.120000,0.000000,0.152174,-0.000000,-0.000000,0.000000,0.000000,0.000000,-0.000000,0.010000,0
1790549764.6739,-0.015793,0.018625,0.000000,0.000000,-0.015793,0.000000,0.120000,0.000000,0.173913,-0.000000,-0.000000,0.000000,0.000000,0.000000,-0.000000,0.010000,0
1790549764.6908,-0.009226,0.012116,0.000000,0.000000,-0.009226,0.000000,0.120000,0.000000,0.195652,-0.000000,-0.000000,0.000000,0.000000,0.000000,-0.000000,0.010000,0
1790549764.7084,-0.001408,0.004622,0.000000,0.000000,-0.001408,0.000000,0.120000,0.000000,0.217391,-0.000000,-0.000000,0.000000,0.000000,0.000000,-0.000000,0.010000,0
1790549764.7243,0.000818,0.005791,0.000000,0.000000,0.000818,0.000000,0.120000,0.000000,0.239130,0.000000,-0.000000,0.000000,0.000000,0.000000,0.000000,0.010000,0
1790549764.7405,0.002270,0.006623,0.000000,0.000000,0.002270,0.000000,0.120000,0.000000,0.260870,0.000000,-0.000000,0.000000,0.000000,0.000000,0.000000,0.010000,0
1790549764.7574,0.003549,0.007766,0.000000,0.000000,0.003549,0.000000,0.120000,0.000000,0.282609,0.000000,-0.000000,0.000000,0.000000,0.000000,0.000000,0.010000,0
1790549764.7739,0.004765,0.009148,0.000000,0.000000,0.004765,0.000000,0.120000,0.000000,0.304348,0.000000,-0.000000,0.000000,0.000000,0.000000,0.000000,0.010000,0
1790549764.7907,0.006019,0.010754,0.000000,0.000000,0.006019,0.000000,0.120000,0.000000,0.326087,0.000000,-0.000000,0.000000,0.000000,0.000000,0.000000,0.010000,0
1790549764.8075,0.007388,0.012580,0.000000,0.000000,0.007388,0.000000,0.120000,0.000000,0.347826,0.000000,-0.000000,0.000000,0.000000,0.000000,0.000000,0.010000,0
1790549764.8239,0.008928,0.014620,0.000000,0.000000,0.008928,0.000000,0.120000,0.000000,0.369565,0.000000,-0.000000,0.000000,0.000000,0.000000,0.000000,0.010000,0
1790549764.8407,0.010679,0.016872,0.000000,0.000000,0.010679,0.000000,0.120000,0.000000,0.391304,0.000000,-0.000000,0.000000,0.000000,0.000000,0.000000,0.010000,0
1790549764.8559,0.012667,0.019333,0.000000,0.000000,0.012667,0.000000,0.120000,0.000000,0.413043,0.000000,-0.000000,0.000000,0.000000,0.000000,0.000000,0.010000,0
1790549764.8743,0.014910,0.021999,0.000000,0.000000,0.014910,0.000000,0.120000,0.000000,0.434783,0.000000,-0.000000,0.000000,0.000000,0.000000,0.000000,0.010000,0
1790549764.8905,0.017414,0.024866,0.000000,0.000000,0.017414,0.000000,0.120000,0.000000,0.456522,0.000000,0.000000,0.000000,0.000000,0.000000,0.000000,0.010000,0
1790549764.9074,0.018145,0.030331,0.000000,0.000000,0.018145,0.000000,0.120000,0.000000,0.478261,0.000000,0.000000,0.000000,0.000000,0.000000,0.000000,0.010000,0
1790549764.9241,0.020569,0.033135,0.000000,0.000000,0.020569,0.000000,0.120000,0.000000,0.500000,0.000000,0.000000,0.000000,0.000000,0.000000,0.000000,0.010000,0
1790549764.9405,0.023476,0.036283,0.000000,0.000000,0.023476,0.000000,0.120000,0.000000,0.521739,0.000000,0.000000,0.000000,0.000000,0.000000,0.000000,0.010000,0
1790549764.9575,0.026782,0.039658,0.000000,0.000000,0.026782,0.000000,0.120000,0.000000,0.543478,0.000000,0.000000,0.000000,0.000000,0.000000,0.000000,0.010000,0
1790549764.9750,0.025660,0.035469,0.000000,0.000000,0.025660,0.000000,0.120000,0.000000,0.565217,0.000000,0.000000,-0.000000,0.000000,0.000000,-0.000000,0.010000,0
1790549764.9908,0.023603,0.031612,0.000000,0.000000,0.023603,0.000000,0.120000,0.000000,0.586957,0.000000,0.000000,-0.000000,0.000000,0.000000,-0.000000,0.010000,0
1790549765.0075,0.020780,0.028075,0.000000,0.000000,0.020780,0.000000,0.120000,0.000000,0.608696,0.000000,0.000000,-0.000000,0.000000,0.000000,-0.000000,0.010000,0
1790549765.0242,0.017253,0.024434,0.000000,0.000000,0.017253,0.000000,0.120000,0.000000,0.630435,0.000000,0.000000,-0.000000,0.000000,0.000000,-0.000000,0.010000,0
1790549765.0410,0.012855,0.020117,0.000000,0.000000,0.012855,0.000000,0.120000,0.000000,0.652174,0.000000,0.000000,-0.000000,0.000000,0.000000,-0.000000,0.010000,0
1790549765.0576,0.007383,0.014739,0.000000,0.000000,0.007383,0.000000,0.120000,0.000000,0.673913,0.000000,0.000000,-0.000000,0.000000,0.000000,-0.000000,0.010000,0
1790549765.0741,0.003072,0.011005,0.000000,0.000000,0.003072,0.000000,0.120000,0.000000,0.695652,0.000000,0.000000,-0.000000,0.000000,0.000000,-0.000000,0.010000,0
1790549765.0910,-0.004112,0.003164,0.000000,0.000000,-0.004112,0.000000,0.120000,0.000000,0.717391,-0.000000,0.000000,-0.000000,0.000000,0.000000,-0.000000,0.010000,0
1790549765.1075,-0.005755,0.003754,0.000000,0.000000,-0.005755,0.000000,0.120000,0.000000,0.739130,-0.000000,0.000000,-0.000000,0.000000,0.000000,0.000000,0.010000,0
1790549765.1241,-0.006123,0.003825,0.000000,0.000000,-0.006123,0.000000,0.120000,0.000000,0.760870,-0.000000,0.000000,-0.000000,0.000000,0.000000,0.000000,0.010000,0
1790549765.1409,-0.006185,0.004176,0.000000,0.000000,-0.006185,0.000000,0.120000,0.000000,0.782609,-0.000000,0.000000,-0.000000,0.000000,0.000000,0.000000,0.010000,0
1790549765.1575,-0.006178,0.004761,0.000000,0.000000,-0.006178,0.000000,0.120000,0.000000,0.804348,-0.000000,0.000000,0.000000,0.000000,0.000000,0.000000,0.010000,0
1790549765.1738,-0.006230,0.005568,0.000000,0.000000,-0.006230,0.000000,0.120000,0.000000,0.826087,-0.000000,0.000000,-0.000000,0.000000,0.000000,0.000000,0.010000,0
1790549765.1905,-0.006421,0.006586,0.000000,0.000000,-0.006421,0.000000,0.120000,0.000000,0.847826,-0.000000,0.000000,-0.000000,0.000000,0.000000,0.000000,0.010000,0
1790549765.2084,-0.006801,0.007807,0.000000,0.000000,-0.006801,0.000000,0.120000,0.000000,0.869565,-0.000000,0.000000,-0.000000,0.000000,0.000000,0.000000,0.010000,0
1790549765.2234,-0.007404,0.009224,0.000000,0.000000,-0.007404,0.000000,0.120000,0.000000,0.891304,-0.000000,0.000000,-0.000000,0.000000,0.000000,0.000000,0.010000,0
1790549765.2389,-0.008250,0.010830,0.000000,0.000000,-0.008250,0.000000,0.120000,0.000000,0.913043,-0.000000,0.000000,-0.000000,0.000000,0.000000,0.000000,0.010000,0
1790549765.2557,-0.009349,0.012618,0.000000,0.000000,-0.009349,0.000000,0.120000,0.000000,0.934783,-0.000000,0.000000,-0.000000,0.000000,0.000000,0.000000,0.010000,0
1790549765.2726,-0.010704,0.014578,0.000000,0.000000,-0.010704,0.000000,0.120000,0.000000,0.956522,-0.000000,0.000000,-0.000000,0.000000,0.000000,0.000000,0.010000,0
1790549765.2889,-0.012308,0.016700,0.000000,0.000000,-0.012308,0.000000,0.120000,0.000000,0.978261,-0.000000,0.000000,-0.000000,0.000000,0.000000,0.000000,0.010000,0
1790549765.3073,-0.014150,0.018974,0.000000,0.000000,-0.014150,0.000000,0.120000,0.000000,0.000000,-0.000000,0.000000,-0.000000,0.000000,0.000000,0.000000,0.010000,0
1790549765.3236,-0.016216,0.021393,0.000000,0.000000,-0.016216,0.000000,0.120000,0.000000,0.021739,-0.000000,0.000000,-0.000000,0.000000,0.000000,0.000000,0.010000,0
1790549765.3406,-0.018496,0.023951,0.000000,0.000000,-0.018496,0.000000,0.120000,0.000000,0.043478,-0.000000,0.000000,-0.000000,0.000000,0.000000,0.000000,0.010000,0
1790549765.3575,-0.020978,0.026644,0.000000,0.000000,-0.020978,0.000000,0.120000,0.000000,0.065217,-0.000000,0.000000,-0.000000,0.000000,0.000000,0.000000,0.010000,0
1790549765.3745,-0.023640,0.029486,0.000000,0.000000,-0.023640,0.000000,0.120000,0.000000,0.086957,-0.000000,0.000000,-0.000000,0.000000,0.000000,0.000000,0.010000,0
1790549765.3908,-0.021971,0.025590,0.000000,0.000000,-0.021971,0.000000,0.120000,0.000000,0.108696,-0.000000,0.000000,0.000000,0.000000,0.000000,-0.000000,0.010000,0
1790549765.4075,-0.019006,0.021624,0.000000,0.000000,-0.019006,0.000000,0.120000,0.000000,0.130435,-0.000000,-0.000000,0.000000,0.000000,0.000000,-0.000000,0.010000,0
1790549765.4229,-0.014677,0.017143,0.000000,0.000000,-0.014677,0.000000,0.120000,0.000000,0.152174,-0.000000,-0.000000,0.000000,0.000000,0.000000,-0.000000,0.010000,0
1790549765.4409,-0.008958,0.011734,0.000000,0.000000,-0.008958,0.000000,0.120000,0.000000,0.173913,-0.000000,-0.000000,0.000000,0.000000,0.000000,-0.000000,0.010000,0
1790549765.4569,-0.001830,0.005279,0.000000,0.000000,-0.001830,0.000000,0.120000,0.000000,0.195652,-0.000000,-0.000000,0.000000,0.000000,0.000000,-0.000000,0.010000,0
1790549765.4741,0.000511,0.006361,0.000000,0.000000,0.000511,0.000000,0.120000,0.000000,0.217391,0.000000,-0.000000,0.000000,0.000000,0.000000,0.000000,0.010000,0
1790549765.4905,0.002191,0.007386,0.000000,0.000000,0.002191,0.000000,0.120000,0.000000,0.239130,0.000000,-0.000000,0.000000,0.000000,0.000000,0.000000,0.010000,0
1790549765.5073,0.003720,0.008747,0.000000,0.000000,0.003720,0.000000,0.120000,0.000000,0.260870,0.000000,-0.000000,0.000000,0.000000,0.000000,0.000000,0.010000,0
1790549765.5240,0.005221,0.010383,0.000000,0.000000,0.005221,0.000000,0.120000,0.000000,0.282609,0.000000,-0.000000,0.000000,0.000000,0.000000,0.000000,0.010000,0
1790549765.5409,0.006799,0.012282,0.000000,0.000000,0.006799,0.000000,0.120000,0.000000,0.304348,0.000000,-0.000000,0.000000,0.000000,0.000000,0.000000,0.010000,0
1790549765.5562,0.008532,0.014438,0.000000,0.000000,0.008532,0.000000,0.120000,0.000000,0.326087,0.000000,-0.000000,0.000000,0.000000,0.000000,0.000000,0.010000,0
1790549765.5738,0.010471,0.016864,0.000000,0.000000,0.010471,0.000000,0.120000,0.000000,0.347826,0.000000,-0.000000,0.000000,0.000000,0.000000,0.000000,0.010000,0
1790549765.5905,0.010504,0.022000,0.000000,0.000000,0.010504,0.000000,0.120000,0.000000,0.369565,0.000000,0.000000,0.000000,0.000000,0.000000,0.000000,0.010000,0
1790549765.6076,0.012402,0.024446,0.000000,0.000000,0.012402,0.000000,0.120000,0.000000,0.391304,0.000000,0.000000,0.000000,0.000000,0.000000,0.000000,0.010000,0
1790549765.6241,0.014829,0.027306,0.000000,0.000000,0.014829,0.000000,0.120000,0.000000,0.413043,0.000000,0.000000,0.000000,0.000000,0.000000,0.000000,0.010000,0
1790549765.6405,0.019024,0.028263,0.000000,0.000000,0.019024,0.000000,0.120000,0.000000,0.434783,0.000000,0.000000,0.000000,0.000000,0.000000,0.000000,0.010000,0
1790549765.6568,0.022278,0.031734,0.000000,0.000000,0.022278,0.000000,0.120000,0.000000,0.456522,0.000000,0.000000,0.000000,0.000000,0.000000,0.000000,0.010000,0
1790549765.6736,0.025926,0.035575,0.000000,0.000000,0.025926,0.000000,0.120000,0.000000,0.478261,0.000000,0.000000,0.000000,0.000000,0.000000,0.000000,0.010000,0
1790549765.6907,0.029913,0.039654,0.000000,0.000000,0.029913,0.000000,0.120000,0.000000,0.500000,0.000000,0.000000,0.000000,0.000000,0.000000,0.000000,0.010000,0
1790549765.7075,0.034216,0.043960,0.000000,0.000000,0.034216,0.000000,0.120000,0.000000,0.521739,0.000000,0.000000,0.000000,0.000000,0.000000,0.000000,0.010000,0
1790549765.7240,0.033620,0.039659,0.000000,0.000000,0.033620,0.000000,0.120000,0.000000,0.543478,0.000000,0.000000,-0.000000,0.000000,0.000000,-0.000000,0.010000,0
1790549765.7410,0.031919,0.035852,0.000000,0.000000,0.031919,0.000000,0.120000,0.000000,0.565217,0.000000,0.000000,-0.000000,0.000000,0.000000,-0.000000,0.010000,0
1790549765.7574,0.029305,0.032328,0.000000,0.000000,0.029305,0.000000,0.120000,0.000000,0.586957,0.000000,0.000000,-0.000000,0.000000,0.000000,-0.000000,0.010000,0
1790549765.7741,0.026027,0.029056,0.000000,0.000000,0.026027,0.000000,0.120000,0.000000,0.608696,0.000000,0.000000,-0.000000,0.000000,0.000000,-0.000000,0.010000,0
1790549765.7905,0.022127,0.025619,0.000000,0.000000,0.022127,0.000000,0.120000,0.000000,0.630435,0.000000,0.000000,-0.000000,0.000000,0.000000,-0.000000,0.010000,0
1790549765.8074,0.017416,0.021457,0.000000,0.000000,0.017416,0.000000,0.120000,0.000000,0.652174,0.000000,0.000000,-0.000000,0.000000,0.000000,-0.000000,0.010000,0
1790549765.8241,0.011673,0.016200,0.000000,0.000000,0.011673,0.000000,0.120000,0.000000,0.673913,0.000000,0.000000,-0.000000,0.000000,0.000000,-0.000000,0.010000,0
1790549765.8407,0.007079,0.012354,0.000000,0.000000,0.007079,0.000000,0.120000,0.000000,0.695652,0.000000,0.000000,-0.000000,0.000000,0.000000,-0.000000,0.010000,0
1790549765.8575,-0.000389,0.004525,0.000000,0.000000,-0.000389,0.000000,0.120000,0.000000,0.717391,-0.000000,0.000000,-0.000000,0.000000,0.000000,-0.000000,0.010000,0
1790549765.8743,-0.002448,0.005214,0.000000,0.000000,-0.002448,0.000000,0.120000,0.000000,0.739130,-0.000000,0.000000,-0.000000,0.000000,0.000000,0.000000,0.010000,0
1790549765.8906,-0.003275,0.005442,0.000000,0.000000,-0.003275,0.000000,0.120000,0.000000,0.760870,-0.000000,0.000000,-0.000000,0.000000,0.000000,0.000000,0.010000,0
1790549765.9076,-0.003813,0.005965,0.000000,0.000000,-0.003813,0.000000,0.120000,0.000000,0.782609,-0.000000,0.000000,-0.000000,0.000000,0.000000,0.000000,0.010000,0
1790549765.9243,-0.004288,0.006735,0.000000,0.000000,-0.004288,0.000000,0.120000,0.000000,0.804348,-0.000000,0.000000,-0.000000,0.000000,0.000000,0.000000,0.010000,0
1790549765.9407,-0.004822,0.007737,0.000000,0.000000,-0.004822,0.000000,0.120000,0.000000,0.826087,-0.000000,0.000000,-0.000000,0.000000,0.000000,0.000000,0.010000,0
1790549765.9576,-0.005491,0.008963,0.000000,0.000000,-0.005491,0.000000,0.120000,0.000000,0.847826,-0.000000,0.000000,-0.000000,0.000000,0.000000,0.000000,0.010000,0
1790549765.9736,-0.006344,0.010405,0.000000,0.000000,-0.006344,0.000000,0.120000,0.000000,0.869565,-0.000000,0.000000,-0.000000,0.000000,0.000000,0.000000,0.010000,0
1790549765.9918,-0.007415,0.012054,0.000000,0.000000,-0.007415,0.000000,0.120000,0.000000,0.891304,-0.000000,0.000000,-0.000000,0.000000,0.000000,0.000000,0.010000,0
1790549766.0077,-0.008725,0.013905,0.000000,0.000000,-0.008725,0.000000,0.120000,0.000000,0.913043,-0.000000,0.000000,-0.000000,0.000000,0.000000,0.000000,0.010000,0
1790549766.0242,-0.010284,0.015950,0.000000,0.000000,-0.010284,0.000000,0.120000,0.000000,0.934783,-0.000000,0.000000,-0.000000,0.000000,0.000000,0.000000,0.010000,0
1790549766.0410,-0.012096,0.018182,0.000000,0.000000,-0.012096,0.000000,0.120000,0.000000,0.956522,-0.000000,0.000000,-0.000000,0.000000,0.000000,0.000000,0.010000,0
1790549766.0574,-0.014157,0.020590,0.000000,0.000000,-0.014157,0.000000,0.120000,0.000000,0.978261,-0.000000,0.000000,-0.000000,0.000000,0.000000,0.000000,0.010000,0
1790549766.0744,-0.016458,0.023164,0.000000,0.000000,-0.016458,0.000000,0.120000,0.000000,0.000000,-0.000000,0.000000,-0.000000,0.000000,0.000000,0.000000,0.010000,0
1790549766.0908,-0.018986,0.025899,0.000000,0.000000,-0.018986,0.000000,0.120000,0.000000,0.021739,-0.000000,0.000000,-0.000000,0.000000,0.000000,0.000000,0.010000,0
1790549766.1076,-0.021734,0.028791,0.000000,0.000000,-0.021734,0.000000,0.120000,0.000000,0.043478,-0.000000,0.000000,-0.000000,0.000000,0.000000,0.000000,0.010000,0
1790549766.1243,-0.024692,0.031836,0.000000,0.000000,-0.024692,0.000000,0.120000,0.000000,0.065217,-0.000000,0.000000,-0.000000,0.000000,0.000000,0.000000,0.010000,0
1790549766.1409,-0.025406,0.037510,0.000000,0.000000,-0.025406,0.000000,0.120000,0.000000,0.086957,-0.000000,0.000000,-0.000000,0.000000,0.000000,0.000000,0.010000,0
1790549766.1573,-0.023135,0.033732,0.000000,0.000000,-0.023135,0.000000,0.120000,0.000000,0.108696,-0.000000,0.000000,0.000000,0.000000,0.000000,-0.000000,0.010000,0
1790549766.1748,-0.020115,0.029821,0.000000,0.000000,-0.020115,0.000000,0.120000,0.000000,0.130435,-0.000000,0.000000,0.000000,0.000000,0.000000,-0.000000,0.010000,0
1790549766.1908,-0.016112,0.025297,0.000000,0.000000,-0.016112,0.000000,0.120000,0.000000,0.152174,-0.000000,0.000000,0.000000,0.000000,0.000000,-0.000000,0.010000,0
1790549766.2076,-0.010919,0.019763,0.000000,0.000000,-0.010919,0.000000,0.120000,0.000000,0.173913,-0.000000,0.000000,0.000000,0.000000,0.000000,-0.000000,0.010000,0
1790549766.2246,-0.004463,0.013123,0.000000,0.000000,-0.004463,0.000000,0.120000,0.000000,0.195652,-0.000000,0.000000,0.000000,0.000000,0.000000,-0.000000,0.010000,0
1790549766.2409,0.003182,0.005517,0.000000,0.000000,0.003182,0.000000,0.120000,0.000000,0.217391,0.000000,0.000000,0.000000,0.000000,0.000000,-0.000000,0.010000,0
1790549766.2576,0.004954,0.006440,0.000000,0.000000,0.004954,0.000000,0.120000,0.000000,0.239130,0.000000,0.000000,0.000000,0.000000,0.000000,0.000000,0.010000,0
1790549766.2738,0.005877,0.006941,0.000000,0.000000,0.005877,0.000000,0.120000,0.000000,0.260870,0.000000,0.000000,0.000000,0.000000,0.000000,0.000000,0.010000,0
1790549766.2906,0.006616,0.007756,0.000000,0.000000,0.006616,0.000000,0.120000,0.000000,0.282609,0.000000,0.000000,0.000000,0.000000,0.000000,0.000000,0.010000,0
1790549766.3077,0.007292,0.008814,0.000000,0.000000,0.007292,0.000000,0.120000,0.000000,0.304348,0.000000,0.000000,0.000000,0.000000,0.000000,0.000000,0.010000,0
1790549766.3246,0.008011,0.010101,0.000000,0.000000,0.008011,0.000000,0.120000,0.000000,0.326087,0.000000,0.000000,0.000000,0.000000,0.000000,0.000000,0.010000,0
1790549766.3405,0.008856,0.011608,0.000000,0.000000,0.008856,0.000000,0.120000,0.000000,0.347826,0.000000,0.000000,0.000000,0.000000,0.000000,0.000000,0.010000,0
1790549766.3573,0.009883,0.013331,0.000000,0.000000,0.009883,0.000000,0.120000,0.000000,0.369565,0.000000,0.000000,0.000000,0.000000,0.000000,0.000000,0.010000,0
1790549766.3741,0.011132,0.015266,0.000000,0.000000,0.011132,0.000000,0.120000,0.000000,0.391304,0.000000,0.000000,0.000000,0.000000,0.000000,0.000000,0.010000,0
1790549766.3907,0.012630,0.017409,0.000000,0.000000,0.012630,0.000000,0.120000,0.000000,0.413043,0.000000,0.000000,0.000000,0.000000,0.000000,0.000000,0.010000,0
1790549766.4075,0.014392,0.019753,0.000000,0.000000,0.014392,0.000000,0.120000,0.000000,0.434783,0.000000,0.000000,0.000000,0.000000,0.000000,0.000000,0.010000,0
1790549766.4263,0.016424,0.022294,0.000000,0.000000,0.016424,0.000000,0.120000,0.000000,0.456522,0.000000,0.000000,0.000000,0.000000,0.000000,0.000000,0.010000,0
1790549766.4414,0.018725,0.025022,0.000000,0.000000,0.018725,0.000000,0.120000,0.000000,0.478261,0.000000,0.000000,0.000000,0.000000,0.000000,0.000000,0.010000,0
1790549766.4571,0.021287,0.027931,0.000000,0.000000,0.021287,0.000000,0.120000,0.000000,0.500000,0.000000,0.000000,0.000000,0.000000,0.000000,0.000000,0.010000,0
1790549766.4744,0.024100,0.031016,0.000000,0.000000,0.024100,0.000000,0.120000,0.000000,0.521739,0.000000,0.000000,0.000000,0.000000,0.000000,0.000000,0.010000,0
1790549766.4909,0.027154,0.034286,0.000000,0.000000,0.027154,0.000000,0.120000,0.000000,0.543478,0.000000,0.000000,0.000000,0.000000,0.000000,0.000000,0.010000,0
1790549766.5076,0.028423,0.040189,0.000000,0.000000,0.028423,0.000000,0.120000,0.000000,0.565217,0.000000,0.000000,0.000000,0.000000,0.000000,0.000000,0.010000,0
1790549766.5238,0.026242,0.036295,0.000000,0.000000,0.026242,0.000000,0.120000,0.000000,0.586957,0.000000,0.000000,-0.000000,0.000000,0.000000,-0.000000,0.010000,0
1790549766.5408,0.023414,0.032646,0.000000,0.000000,0.023414,0.000000,0.120000,0.000000,0.608696,0.000000,0.000000,-0.000000,0.000000,0.000000,-0.000000,0.010000,0
1790549766.5575,0.019900,0.028897,0.000000,0.000000,0.019900,0.000000,0.120000,0.000000,0.630435,0.000000,0.000000,-0.000000,0.000000,0.000000,-0.000000,0.010000,0
1790549766.5740,0.015521,0.024476,0.000000,0.000000,0.015521,0.000000,0.120000,0.000000,0.652174,0.000000,0.000000,-0.000000,0.000000,0.000000,-0.000000,0.010000,0
1790549766.5907,0.010074,0.018999,0.000000,0.000000,0.010074,0.000000,0.120000,0.000000,0.673913,0.000000,0.000000,-0.000000,0.000000,0.000000,-0.000000,0.010000,0
1790549766.6076,0.003470,0.012385,0.000000,0.000000,0.003470,0.000000,0.120000,0.000000,0.695652,0.000000,0.000000,-0.000000,0.000000,0.000000,-0.000000,0.010000,0
1790549766.6242,-0.004237,0.004790,0.000000,0.000000,-0.004237,0.000000,0.120000,0.000000,0.717391,-0.000000,0.000000,-0.000000,0.000000,0.000000,-0.000000,0.010000,0
1790549766.6405,-0.006301,0.005595,0.000000,0.000000,-0.006301,0.000000,0.120000,0.000000,0.739130,-0.000000,0.000000,-0.000000,0.000000,0.000000,0.000000,0.010000,0
1790549766.6576,-0.006853,0.005638,0.000000,0.000000,-0.006853,0.000000,0.120000,0.000000,0.760870,-0.000000,0.000000,-0.000000,0.000000,0.000000,0.000000,0.010000,0
1790549766.6738,-0.007037,0.005965,0.000000,0.000000,-0.007037,0.000000,0.120000,0.000000,0.782609,-0.000000,0.000000,-0.000000,0.000000,0.000000,0.000000,0.010000,0
1790549766.6908,-0.007115,0.006533,0.000000,0.000000,-0.007115,0.000000,0.120000,0.000000,0.804348,-0.000000,0.000000,-0.000000,0.000000,0.000000,0.000000,0.010000,0
1790549766.7074,-0.007226,0.007328,0.000000,0.000000,-0.007226,0.000000,0.120000,0.000000,0.826087,-0.000000,0.000000,-0.000000,0.000000,0.000000,0.000000,0.010000,0
1790549766.7241,-0.007458,0.008339,0.000000,0.000000,-0.007458,0.000000,0.120000,0.000000,0.847826,-0.000000,0.000000,-0.000000,0.000000,0.000000,0.000000,0.010000,0
1790549766.7405,-0.007865,0.009556,0.000000,0.000000,-0.007865,0.000000,0.120000,0.000000,0.869565,-0.000000,0.000000,-0.000000,0.000000,0.000000,0.000000,0.010000,0
1790549766.7573,-0.008484,0.010973,0.000000,0.000000,-0.008484,0.000000,0.120000,0.000000,0.891304,-0.000000,0.000000,-0.000000,0.000000,0.000000,0.000000,0.010000,0
1790549766.7742,-0.009341,0.012582,0.000000,0.000000,-0.009341,0.000000,0.120000,0.000000,0.913043,-0.000000,0.000000,-0.000000,0.000000,0.000000,0.000000,0.010000,0
1790549766.7907,-0.010446,0.014376,0.000000,0.000000,-0.010446,0.000000,0.120000,0.000000,0.934783,-0.000000,0.000000,-0.000000,0.000000,0.000000,0.000000,0.010000,0
1790549766.8077,-0.009381,0.018776,0.000000,0.000000,-0.009381,0.000000,0.120000,0.000000,0.956522,-0.000000,0.000000,0.000000,0.000000,0.000000,0.000000,0.010000,0
1790549766.8252,-0.010493,0.020460,0.000000,0.000000,-0.010493,0.000000,0.120000,0.000000,0.978261,-0.000000,0.000000,-0.000000,0.000000,0.000000,0.000000,0.010000,0
1790549766.8407,-0.012037,0.022454,0.000000,0.000000,-0.012037,0.000000,0.120000,0.000000,0.000000,-0.000000,0.000000,-0.000000,0.000000,0.000000,0.000000,0.010000,0
1790549766.8575,-0.013942,0.024634,0.000000,0.000000,-0.013942,0.000000,0.120000,0.000000,0.021739,-0.000000,0.000000,-0.000000,0.000000,0.000000,0.000000,0.010000,0
1790549766.8742,-0.016163,0.026984,0.000000,0.000000,-0.016163,0.000000,0.120000,0.000000,0.043478,-0.000000,0.000000,-0.000000,0.000000,0.000000,0.000000,0.010000,0
1790549766.8905,-0.018660,0.029494,0.000000,0.000000,-0.018660,0.000000,0.120000,0.000000,0.065217,-0.000000,0.000000,-0.000000,0.000000,0.000000,0.000000,0.010000,0
1790549766.9008,-0.021400,0.032155,0.000000,0.000000,-0.021400,0.000000,0.120000,0.000000,0.086957,-0.000000,0.000000,-0.000000,0.000000,0.000000,0.000000,0.010000,0
1790549766.9241,-0.019730,0.028111,0.000000,0.000000,-0.019730,0.000000,0.120000,0.000000,0.108696,-0.000000,0.000000,0.000000,0.000000,0.000000,-0.000000,0.010000,0
1790549766.9404,-0.017123,0.024037,0.000000,0.000000,-0.017123,0.000000,0.120000,0.000000,0.130435,-0.000000,0.000000,0.000000,0.000000,0.000000,-0.000000,0.010000,0
1790549766.9576,-0.013414,0.019427,0.000000,0.000000,-0.013414,0.000000,0.120000,0.000000,0.152174,-0.000000,0.000000,0.000000,0.000000,0.000000,-0.000000,0.010000,0
1790549766.9744,-0.008410,0.013864,0.000000,0.000000,-0.008410,0.000000,0.120000,0.000000,0.173913,-0.000000,0.000000,0.000000,0.000000,0.000000,-0.000000,0.010000,0
1790549767.0006,-0.002058,0.007239,0.000000,0.000000,-0.002058,0.000000,0.120000,0.000000,0.195652,-0.000000,0.000000,0.000000,0.000000,0.000000,-0.000000,0.010000,0
1790549767.0245,-0.000796,0.007246,0.000000,0.000000,-0.000796,0.000000,0.120000,0.000000,0.217391,-0.000000,0.000000,0.000000,0.000000,0.000000,0.000000,0.010000,0
1790549767.0409,-0.000093,0.007262,0.000000,0.000000,-0.000093,0.000000,0.120000,0.000000,0.239130,-0.000000,0.000000,0.000000,0.000000,0.000000,0.000000,0.010000,0
1790549767.0576,0.000494,0.007621,0.000000,0.000000,0.000494,0.000000,0.120000,0.000000,0.260870,0.000000,0.000000,0.000000,0.000000,0.000000,0.000000,0.010000,0
1790549767.0740,0.001076,0.008259,0.000000,0.000000,0.001076,0.000000,0.120000,0.000000,0.282609,0.000000,0.000000,0.000000,0.000000,0.000000,0.000000,0.010000,0
1790549767.0905,0.001748,0.009160,0.000000,0.000000,0.001748,0.000000,0.120000,0.000000,0.304348,0.000000,0.000000,0.000000,0.000000,0.000000,0.000000,0.010000,0
1790549767.1076,0.002578,0.010313,0.000000,0.000000,0.002578,0.000000,0.120000,0.000000,0.326087,0.000000,0.000000,0.000000,0.000000,0.000000,0.000000,0.010000,0
1790549767.1240,0.003614,0.011711,0.000000,0.000000,0.003614,0.000000,0.120000,0.000000,0.347826,0.000000,0.000000,0.000000,0.000000,0.000000,0.000000,0.010000,0
1790549767.1404,0.006220,0.010872,0.000000,0.000000,0.006220,0.000000,0.120000,0.000000,0.369565,0.000000,0.000000,0.000000,0.000000,0.000000,-0.000000,0.010000,0
1790549767.1576,0.007736,0.012795,0.000000,0.000000,0.007736,0.000000,0.120000,0.000000,0.391304,0.000000,0.000000,0.000000,0.000000,0.000000,0.000000,0.010000,0
1790549767.1742,0.009515,0.015073,0.000000,0.000000,0.009515,0.000000,0.120000,0.000000,0.413043,0.000000,0.000000,0.000000,0.000000,0.000000,0.000000,0.010000,0
1790549767.1908,0.011534,0.017560,0.000000,0.000000,0.011534,0.000000,0.120000,0.000000,0.434783,0.000000,0.000000,0.000000,0.000000,0.000000,0.000000,0.010000,0
1790549767.2075,0.011719,0.022729,0.000000,0.000000,0.011719,0.000000,0.120000,0.000000,0.456522,0.000000,0.000000,0.000000,0.000000,0.000000,0.000000,0.010000,0
1790549767.2244,0.013646,0.025127,0.000000,0.000000,0.013646,0.000000,0.120000,0.000000,0.478261,0.000000,0.000000,0.000000,0.000000,0.000000,0.000000,0.010000,0
1790549767.2406,0.016049,0.027861,0.000000,0.000000,0.016049,0.000000,0.120000,0.000000,0.500000,0.000000,0.000000,0.000000,0.000000,0.000000,0.000000,0.010000,0
1790549767.2576,0.018841,0.030809,0.000000,0.000000,0.018841,0.000000,0.120000,0.000000,0.521739,0.000000,0.000000,0.000000,0.000000,0.000000,0.000000,0.010000,0
1790549767.2735,0.021974,0.033955,0.000000,0.000000,0.021974,0.000000,0.120000,0.000000,0.543478,0.000000,0.000000,0.000000,0.000000,0.000000,0.000000,0.010000,0
1790549767.2905,0.025411,0.037292,0.000000,0.000000,0.025411,0.000000,0.120000,0.000000,0.565217,0.000000,0.000000,0.000000,0.000000,0.000000,0.000000,0.010000,0
1790549767.3073,0.024253,0.033065,0.000000,0.000000,0.024253,0.000000,0.120000,0.000000,0.586957,0.000000,0.000000,-0.000000,0.000000,0.000000,-0.000000,0.010000,0
1790549767.3241,0.022157,0.029257,0.000000,0.000000,0.022157,0.000000,0.120000,0.000000,0.608696,0.000000,0.000000,-0.000000,0.000000,0.000000,-0.000000,0.010000,0
1790549767.3404,0.019153,0.025455,0.000000,0.000000,0.019153,0.000000,0.120000,0.000000,0.630435,0.000000,0.000000,-0.000000,0.000000,0.000000,-0.000000,0.010000,0
1790549767.3573,0.015117,0.021062,0.000000,0.000000,0.015117,0.000000,0.120000,0.000000,0.652174,0.000000,0.000000,-0.000000,0.000000,0.000000,-0.000000,0.010000,0
1790549767.3742,0.009888,0.015663,0.000000,0.000000,0.009888,0.000000,0.120000,0.000000,0.673913,0.000000,0.000000,-0.000000,0.000000,0.000000,-0.000000,0.010000,0
1790549767.3906,0.003409,0.009157,0.000000,0.000000,0.003409,0.000000,0.120000,0.000000,0.695652,0.000000,0.000000,-0.000000,0.000000,0.000000,-0.000000,0.010000,0
1790549767.4074,-0.004249,0.001691,0.000000,0.000000,-0.004249,0.000000,0.120000,0.000000,0.717391,-0.000000,0.000000,-0.000000,0.000000,0.000000,-0.000000,0.010000,0
1790549767.4242,-0.006557,0.003025,0.000000,0.000000,-0.006557,0.000000,0.120000,0.000000,0.739130,-0.000000,0.000000,-0.000000,0.000000,0.000000,0.000000,0.010000,0
1790549767.4397,-0.007467,0.003689,0.000000,0.000000,-0.007467,0.000000,0.120000,0.000000,0.760870,-0.000000,0.000000,-0.000000,0.000000,0.000000,0.000000,0.010000,0
1790549767.4573,-0.008042,0.004627,0.000000,0.000000,-0.008042,0.000000,0.120000,0.000000,0.782609,-0.000000,0.000000,-0.000000,0.000000,0.000000,0.000000,0.010000,0
1790549767.4744,-0.008530,0.005805,0.000000,0.000000,-0.008530,0.000000,0.120000,0.000000,0.804348,-0.000000,0.000000,-0.000000,0.000000,0.000000,0.000000,0.010000,0
1790549767.4907,-0.007231,0.009069,0.000000,0.000000,-0.007231,0.000000,0.120000,0.000000,0.826087,-0.000000,0.000000,0.000000,0.000000,0.000000,0.000000,0.010000,0
1790549767.5075,-0.007492,0.010334,0.000000,0.000000,-0.007492,0.000000,0.120000,0.000000,0.847826,-0.000000,0.000000,-0.000000,0.000000,0.000000,0.000000,0.010000,0
1790549767.5235,-0.008100,0.011929,0.000000,0.000000,-0.008100,0.000000,0.120000,0.000000,0.869565,-0.000000,0.000000,-0.000000,0.000000,0.000000,0.000000,0.010000,0
1790549767.5406,-0.009045,0.013751,0.000000,0.000000,-0.009045,0.000000,0.120000,0.000000,0.891304,-0.000000,0.000000,-0.000000,0.000000,0.000000,0.000000,0.010000,0
1790549767.5574,-0.010323,0.015787,0.000000,0.000000,-0.010323,0.000000,0.120000,0.000000,0.913043,-0.000000,0.000000,-0.000000,0.000000,0.000000,0.000000,0.010000,0
1790549767.5740,-0.011925,0.018030,0.000000,0.000000,-0.011925,0.000000,0.120000,0.000000,0.934783,-0.000000,0.000000,-0.000000,0.000000,0.000000,0.000000,0.010000,0
1790549767.5905,-0.013839,0.020470,0.000000,0.000000,-0.013839,0.000000,0.120000,0.000000,0.956522,-0.000000,0.000000,-0.000000,0.000000,0.000000,0.000000,0.010000,0
1790549767.6067,-0.016050,0.023098,0.000000,0.000000,-0.016050,0.000000,0.120000,0.000000,0.978261,-0.000000,0.000000,-0.000000,0.000000,0.000000,0.000000,0.010000,0
1790549767.6244,-0.018538,0.025903,0.000000,0.000000,-0.018538,0.000000,0.120000,0.000000,1.000000,-0.000000,0.000000,-0.000000,0.000000,0.000000,0.000000,0.010000,0
1790549767.6410,-0.021286,0.028880,0.000000,0.000000,-0.021286,0.000000,0.120000,0.000000,0.021739,-0.000000,0.000000,-0.000000,0.000000,0.000000,0.000000,0.010000,0
1790549767.6573,-0.024280,0.032027,0.000000,0.000000,-0.024280,0.000000,0.120000,0.000000,0.043478,-0.000000,0.000000,-0.000000,0.000000,0.000000,0.000000,0.010000,0
1790549767.6740,-0.027507,0.035337,0.000000,0.000000,-0.027507,0.000000,0.120000,0.000000,0.065217,-0.000000,0.000000,-0.000000,0.000000,0.000000,0.000000,0.010000,0
1790549767.6905,-0.025912,0.031230,0.000000,0.000000,-0.025912,0.000000,0.120000,0.000000,0.086957,-0.000000,0.000000,0.000000,0.000000,0.000000,-0.000000,0.010000,0
1790549767.7076,-0.023538,0.027456,0.000000,0.000000,-0.023538,0.000000,0.120000,0.000000,0.108696,-0.000000,0.000000,0.000000,0.000000,0.000000,-0.000000,0.010000,0
1790549767.7238,-0.020335,0.023646,0.000000,0.000000,-0.020335,0.000000,0.120000,0.000000,0.130435,-0.000000,0.000000,0.000000,0.000000,0.000000,-0.000000,0.010000,0
1790549767.7405,-0.016114,0.019237,0.000000,0.000000,-0.016114,0.000000,0.120000,0.000000,0.152174,-0.000000,0.000000,0.000000,0.000000,0.000000,-0.000000,0.010000,0
1790549767.7573,-0.010677,0.013828,0.000000,0.000000,-0.010677,0.000000,0.120000,0.000000,0.173913,-0.000000,0.000000,0.000000,0.000000,0.000000,-0.000000,0.010000,0
1790549767.7742,-0.003963,0.007321,0.000000,0.000000,-0.003963,0.000000,0.120000,0.000000,0.195652,-0.000000,0.000000,0.000000,0.000000,0.000000,-0.000000,0.010000,0
1790549767.7905,0.003936,-0.000145,0.000000,0.000000,0.003936,0.000000,0.120000,0.000000,0.217391,0.000000,0.000000,0.000000,-0.000000,0.000000,-0.000000,0.010000,0
1790549767.8078,0.005996,0.001319,0.000000,0.000000,0.005996,0.000000,0.120000,0.000000,0.239130,0.000000,0.000000,0.000000,0.000000,0.000000,0.000000,0.010000,0
1790549767.8240,0.007023,0.002228,0.000000,0.000000,0.007023,0.000000,0.120000,0.000000,0.260870,0.000000,0.000000,0.000000,0.000000,0.000000,0.000000,0.010000,0
1790549767.8408,0.007800,0.003422,0.000000,0.000000,0.007800,0.000000,0.120000,0.000000,0.282609,0.000000,0.000000,0.000000,0.000000,0.000000,0.000000,0.010000,0
1790549767.8574,0.008471,0.004832,0.000000,0.000000,0.008471,0.000000,0.120000,0.000000,0.304348,0.000000,0.000000,0.000000,0.000000,0.000000,0.000000,0.010000,0
1790549767.8738,0.009153,0.006464,0.000000,0.000000,0.009153,0.000000,0.120000,0.000000,0.326087,0.000000,0.000000,0.000000,0.000000,0.000000,0.000000,0.010000,0
1790549767.8910,0.008220,0.010315,0.000000,0.000000,0.008220,0.000000,0.120000,0.000000,0.347826,0.000000,0.000000,-0.000000,0.000000,0.000000,0.000000,0.010000,0
1790549767.9075,0.008671,0.011944,0.000000,0.000000,0.008671,0.000000,0.120000,0.000000,0.369565,0.000000,0.000000,0.000000,0.000000,0.000000,0.000000,0.010000,0
1790549767.9240,0.009546,0.013906,0.000000,0.000000,0.009546,0.000000,0.120000,0.000000,0.391304,0.000000,0.000000,0.000000,0.000000,0.000000,0.000000,0.010000,0
1790549767.9410,0.010809,0.016094,0.000000,0.000000,0.010809,0.000000,0.120000,0.000000,0.413043,0.000000,0.000000,0.000000,0.000000,0.000000,0.000000,0.010000,0
1790549767.9574,0.012439,0.018496,0.000000,0.000000,0.012439,0.000000,0.120000,0.000000,0.434783,0.000000,0.000000,0.000000,0.000000,0.000000,0.000000,0.010000,0
1790549767.9740,0.014416,0.021102,0.000000,0.000000,0.014416,0.000000,0.120000,0.000000,0.456522,0.000000,0.000000,0.000000,0.000000,0.000000,0.000000,0.010000,0
1790549767.9937,0.016720,0.023902,0.000000,0.000000,0.016720,0.000000,0.120000,0.000000,0.478261,0.000000,0.000000,0.000000,0.000000,0.000000,0.000000,0.010000,0
1790549768.0083,0.019328,0.026886,0.000000,0.000000,0.019328,0.000000,0.120000,0.000000,0.500000,0.000000,0.000000,0.000000,0.000000,0.000000,0.000000,0.010000,0
1790549768.0235,0.022217,0.030050,0.000000,0.000000,0.022217,0.000000,0.120000,0.000000,0.521739,0.000000,0.000000,0.000000,0.000000,0.000000,0.000000,0.010000,0
1790549768.0408,0.025374,0.033390,0.000000,0.000000,0.025374,0.000000,0.120000,0.000000,0.543478,0.000000,0.000000,0.000000,0.000000,0.000000,0.000000,0.010000,0
1790549768.0575,0.028783,0.036903,0.000000,0.000000,0.028783,0.000000,0.120000,0.000000,0.565217,0.000000,0.000000,0.000000,0.000000,0.000000,0.000000,0.010000,0
1790549768.0741,0.027519,0.032666,0.000000,0.000000,0.027519,0.000000,0.120000,0.000000,0.586957,0.000000,0.000000,-0.000000,0.000000,0.000000,-0.000000,0.010000,0
1790549768.0909,0.025295,0.028850,0.000000,0.000000,0.025295,0.000000,0.120000,0.000000,0.608696,0.000000,0.000000,-0.000000,0.000000,0.000000,-0.000000,0.010000,0
1790549768.1074,0.022147,0.025049,0.000000,0.000000,0.022147,0.000000,0.120000,0.000000,0.630435,0.000000,0.000000,-0.000000,0.000000,0.000000,-0.000000,0.010000,0
1790549768.1238,0.017957,0.020666,0.000000,0.000000,0.017957,0.000000,0.120000,0.000000,0.652174,0.000000,0.000000,-0.000000,0.000000,0.000000,-0.000000,0.010000,0
1790549768.1408,0.012567,0.015283,0.000000,0.000000,0.012567,0.000000,0.120000,0.000000,0.673913,0.000000,0.000000,-0.000000,0.000000,0.000000,-0.000000,0.010000,0
1790549768.1574,0.005924,0.008799,0.000000,0.000000,0.005924,0.000000,0.120000,0.000000,0.695652,0.000000,0.000000,-0.000000,0.000000,0.000000,-0.000000,0.010000,0
1790549768.1742,-0.001898,0.001359,0.000000,0.000000,-0.001898,0.000000,0.120000,0.000000,0.717391,-0.000000,0.000000,-0.000000,0.000000,0.000000,-0.000000,0.010000,0
1790549768.1906,-0.004423,0.002768,0.000000,0.000000,-0.004423,0.000000,0.120000,0.000000,0.739130,-0.000000,0.000000,-0.000000,0.000000,0.000000,0.000000,0.010000,0
1790549768.2073,-0.005572,0.003546,0.000000,0.000000,-0.005572,0.000000,0.120000,0.000000,0.760870,-0.000000,0.000000,-0.000000,0.000000,0.000000,0.000000,0.010000,0
1790549768.2244,-0.006388,0.004603,0.000000,0.000000,-0.006388,0.000000,0.120000,0.000000,0.782609,-0.000000,0.000000,-0.000000,0.000000,0.000000,0.000000,0.010000,0
1790549768.2409,-0.007119,0.005893,0.000000,0.000000,-0.007119,0.000000,0.120000,0.000000,0.804348,-0.000000,0.000000,-0.000000,0.000000,0.000000,0.000000,0.010000,0
1790549768.2573,-0.007899,0.007407,0.000000,0.000000,-0.007899,0.000000,0.120000,0.000000,0.826087,-0.000000,0.000000,-0.000000,0.000000,0.000000,0.000000,0.010000,0
1790549768.2744,-0.008811,0.009136,0.000000,0.000000,-0.008811,0.000000,0.120000,0.000000,0.847826,-0.000000,0.000000,-0.000000,0.000000,0.000000,0.000000,0.010000,0
1790549768.2907,-0.009911,0.011076,0.000000,0.000000,-0.009911,0.000000,0.120000,0.000000,0.869565,-0.000000,0.000000,-0.000000,0.000000,0.000000,0.000000,0.010000,0
1790549768.3075,-0.008933,0.015454,0.000000,0.000000,-0.008933,0.000000,0.120000,0.000000,0.891304,-0.000000,0.000000,0.000000,0.000000,0.000000,0.000000,0.010000,0
1790549768.3243,-0.010018,0.017383,0.000000,0.000000,-0.010018,0.000000,0.120000,0.000000,0.913043,-0.000000,0.000000,-0.000000,0.000000,0.000000,0.000000,0.010000,0
1790549768.3408,-0.011550,0.019655,0.000000,0.000000,-0.011550,0.000000,0.120000,0.000000,0.934783,-0.000000,0.000000,-0.000000,0.000000,0.000000,0.000000,0.010000,0
1790549768.3575,-0.013480,0.022151,0.000000,0.000000,-0.013480,0.000000,0.120000,0.000000,0.956522,-0.000000,0.000000,-0.000000,0.000000,0.000000,0.000000,0.010000,0
1790549768.3740,-0.015773,0.024853,0.000000,0.000000,-0.015773,0.000000,0.120000,0.000000,0.978261,-0.000000,0.000000,-0.000000,0.000000,0.000000,0.000000,0.010000,0
1790549768.3905,-0.018396,0.027747,0.000000,0.000000,-0.018396,0.000000,0.120000,0.000000,1.000000,-0.000000,0.000000,-0.000000,0.000000,0.000000,0.000000,0.010000,0
1790549768.4075,-0.021318,0.030829,0.000000,0.000000,-0.021318,0.000000,0.120000,0.000000,0.021739,-0.000000,0.000000,-0.000000,0.000000,0.000000,0.000000,0.010000,0
1790549768.4224,-0.024517,0.034093,0.000000,0.000000,-0.024517,0.000000,0.120000,0.000000,0.043478,-0.000000,0.000000,-0.000000,0.000000,0.000000,0.000000,0.010000,0
1790549768.4409,-0.027973,0.037534,0.000000,0.000000,-0.027973,0.000000,0.120000,0.000000,0.065217,-0.000000,0.000000,-0.000000,0.000000,0.000000,0.000000,0.010000,0
1790549768.4576,-0.026517,0.033381,0.000000,0.000000,-0.026517,0.000000,0.120000,0.000000,0.086957,-0.000000,0.000000,0.000000,0.000000,0.000000,-0.000000,0.010000,0
1790549768.4741,-0.024272,0.029573,0.000000,0.000000,-0.024272,0.000000,0.120000,0.000000,0.108696,-0.000000,0.000000,0.000000,0.000000,0.000000,-0.000000,0.010000,0
1790549768.4908,-0.021183,0.025731,0.000000,0.000000,-0.021183,0.000000,0.120000,0.000000,0.130435,-0.000000,0.000000,0.000000,0.000000,0.000000,-0.000000,0.010000,0
1790549768.5059,-0.017061,0.021292,0.000000,0.000000,-0.017061,0.000000,0.120000,0.000000,0.152174,-0.000000,0.000000,0.000000,0.000000,0.000000,-0.000000,0.010000,0
1790549768.5240,-0.011713,0.015855,0.000000,0.000000,-0.011713,0.000000,0.120000,0.000000,0.173913,-0.000000,0.000000,0.000000,0.000000,0.000000,-0.000000,0.010000,0
1790549768.5407,-0.005077,0.009321,0.000000,0.000000,-0.005077,0.000000,0.120000,0.000000,0.195652,-0.000000,0.000000,0.000000,0.000000,0.000000,-0.000000,0.010000,0
1790549768.5573,0.002756,0.001830,0.000000,0.000000,0.002756,0.000000,0.120000,0.000000,0.217391,0.000000,0.000000,0.000000,0.000000,0.000000,-0.000000,0.010000,0
1790549768.5744,0.004820,0.003166,0.000000,0.000000,0.004820,0.000000,0.120000,0.000000,0.239130,0.000000,0.000000,0.000000,0.000000,0.000000,0.000000,0.010000,0
1790549768.5906,0.005936,0.004022,0.000000,0.000000,0.005936,0.000000,0.120000,0.000000,0.260870,0.000000,0.000000,0.000000,0.000000,0.000000,0.000000,0.010000,0
1790549768.6077,0.006830,0.005175,0.000000,0.000000,0.006830,0.000000,0.120000,0.000000,0.282609,0.000000,0.000000,0.000000,0.000000,0.000000,0.000000,0.010000,0
1790549768.6240,0.007638,0.006555,0.000000,0.000000,0.007638,0.000000,0.120000,0.000000,0.304348,0.000000,0.000000,0.000000,0.000000,0.000000,0.000000,0.010000,0
1790549768.6409,0.008476,0.008152,0.000000,0.000000,0.008476,0.000000,0.120000,0.000000,0.326087,0.000000,0.000000,0.000000,0.000000,0.000000,0.000000,0.010000,0
1790549768.6575,0.009432,0.009958,0.000000,0.000000,0.009432,0.000000,0.120000,0.000000,0.347826,0.000000,0.000000,0.000000,0.000000,0.000000,0.000000,0.010000,0
1790549768.6740,0.010569,0.011971,0.000000,0.000000,0.010569,0.000000,0.120000,0.000000,0.369565,0.000000,0.000000,0.000000,0.000000,0.000000,0.000000,0.010000,0
1790549768.6906,0.011931,0.014189,0.000000,0.000000,0.011931,0.000000,0.120000,0.000000,0.391304,0.000000,0.000000,0.000000,0.000000,0.000000,0.000000,0.010000,0
1790549768.7075,0.013546,0.016608,0.000000,0.000000,0.013546,0.000000,0.120000,0.000000,0.413043,0.000000,0.000000,0.000000,0.000000,0.000000,0.000000,0.010000,0
1790549768.7244,0.013379,0.021610,0.000000,0.000000,0.013379,0.000000,0.120000,0.000000,0.434783,0.000000,0.000000,-0.000000,0.000000,0.000000,0.000000,0.010000,0
1790549768.7406,0.014941,0.023973,0.000000,0.000000,0.014941,0.000000,0.120000,0.000000,0.456522,0.000000,0.000000,0.000000,0.000000,0.000000,0.000000,0.010000,0
1790549768.7573,0.017013,0.026680,0.000000,0.000000,0.017013,0.000000,0.120000,0.000000,0.478261,0.000000,0.000000,0.000000,0.000000,0.000000,0.000000,0.010000,0
1790549768.7741,0.019510,0.029608,0.000000,0.000000,0.019510,0.000000,0.120000,0.000000,0.500000,0.000000,0.000000,0.000000,0.000000,0.000000,0.000000,0.010000,0
1790549768.7908,0.022378,0.032742,0.000000,0.000000,0.022378,0.000000,0.120000,0.000000,0.521739,0.000000,0.000000,0.000000,0.000000,0.000000,0.000000,0.010000,0
1790549768.8074,0.025583,0.036073,0.000000,0.000000,0.025583,0.000000,0.120000,0.000000,0.543478,0.000000,0.000000,0.000000,0.000000,0.000000,0.000000,0.010000,0
1790549768.8240,0.029091,0.039598,0.000000,0.000000,0.029091,0.000000,0.120000,0.000000,0.565217,0.000000,0.000000,0.000000,0.000000,0.000000,0.000000,0.010000,0
1790549768.8409,0.027901,0.035285,0.000000,0.000000,0.027901,0.000000,0.120000,0.000000,0.586957,0.000000,0.000000,-0.000000,0.000000,0.000000,-0.000000,0.010000,0
1790549768.8574,0.025764,0.031398,0.000000,0.000000,0.025764,0.000000,0.120000,0.000000,0.608696,0.000000,0.000000,-0.000000,0.000000,0.000000,-0.000000,0.010000,0
1790549768.8738,0.022701,0.027526,0.000000,0.000000,0.022701,0.000000,0.120000,0.000000,0.630435,0.000000,0.000000,-0.000000,0.000000,0.000000,-0.000000,0.010000,0
1790549768.8909,0.018593,0.023071,0.000000,0.000000,0.018593,0.000000,0.120000,0.000000,0.652174,0.000000,0.000000,-0.000000,0.000000,0.000000,-0.000000,0.010000,0
1790549768.9074,0.013285,0.017620,0.000000,0.000000,0.013285,0.000000,0.120000,0.000000,0.673913,0.000000,0.000000,-0.000000,0.000000,0.000000,-0.000000,0.010000,0
1790549768.9244,0.006719,0.011069,0.000000,0.000000,0.006719,0.000000,0.120000,0.000000,0.695652,0.000000,0.000000,-0.000000,0.000000,0.000000,-0.000000,0.010000,0
1790549768.9409,-0.001033,0.003562,0.000000,0.000000,-0.001033,0.000000,0.120000,0.000000,0.717391,-0.000000,0.000000,-0.000000,0.000000,0.000000,-0.000000,0.010000,0
1790549768.9573,-0.003516,0.004786,0.000000,0.000000,-0.003516,0.000000,0.120000,0.000000,0.739130,-0.000000,0.000000,-0.000000,0.000000,0.000000,0.000000,0.010000,0
1790549768.9742,-0.004700,0.005445,0.000000,0.000000,-0.004700,0.000000,0.120000,0.000000,0.760870,-0.000000,0.000000,-0.000000,0.000000,0.000000,0.000000,0.010000,0
1790549768.9909,-0.005577,0.006394,0.000000,0.000000,-0.005577,0.000000,0.120000,0.000000,0.782609,-0.000000,0.000000,-0.000000,0.000000,0.000000,0.000000,0.010000,0
1790549769.0073,-0.006383,0.007590,0.000000,0.000000,-0.006383,0.000000,0.120000,0.000000,0.804348,-0.000000,0.000000,-0.000000,0.000000,0.000000,0.000000,0.010000,0
1790549769.0244,-0.007245,0.009019,0.000000,0.000000,-0.007245,0.000000,0.120000,0.000000,0.826087,-0.000000,0.000000,-0.000000,0.000000,0.000000,0.000000,0.010000,0
1790549769.0407,-0.008242,0.010672,0.000000,0.000000,-0.008242,0.000000,0.120000,0.000000,0.847826,-0.000000,0.000000,-0.000000,0.000000,0.000000,0.000000,0.010000,0
1790549769.0576,-0.009429,0.012544,0.000000,0.000000,-0.009429,0.000000,0.120000,0.000000,0.869565,-0.000000,0.000000,-0.000000,0.000000,0.000000,0.000000,0.010000,0
1790549769.0743,-0.010840,0.014629,0.000000,0.000000,-0.010840,0.000000,0.120000,0.000000,0.891304,-0.000000,0.000000,-0.000000,0.000000,0.000000,0.000000,0.010000,0
1790549769.0906,-0.012500,0.016921,0.000000,0.000000,-0.012500,0.000000,0.120000,0.000000,0.913043,-0.000000,0.000000,-0.000000,0.000000,0.000000,0.000000,0.010000,0
1790549769.1074,-0.014422,0.019417,0.000000,0.000000,-0.014422,0.000000,0.120000,0.000000,0.934783,-0.000000,0.000000,-0.000000,0.000000,0.000000,0.000000,0.010000,0
1790549769.1243,-0.016612,0.022109,0.000000,0.000000,-0.016612,0.000000,0.120000,0.000000,0.956522,-0.000000,0.000000,-0.000000,0.000000,0.000000,0.000000,0.010000,0
1790549769.1406,-0.016629,0.027427,0.000000,0.000000,-0.016629,0.000000,0.120000,0.000000,0.978261,-0.000000,0.000000,-0.000000,0.000000,0.000000,0.000000,0.010000,0
1790549769.1575,-0.018834,0.030048,0.000000,0.000000,-0.018834,0.000000,0.120000,0.000000,1.000000,-0.000000,0.000000,-0.000000,0.000000,0.000000,0.000000,0.010000,0
1790549769.1735,-0.021482,0.033002,0.000000,0.000000,-0.021482,0.000000,0.120000,0.000000,0.021739,-0.000000,0.000000,-0.000000,0.000000,0.000000,0.000000,0.010000,0
1790549769.1905,-0.024508,0.036170,0.000000,0.000000,-0.024508,0.000000,0.120000,0.000000,0.043478,-0.000000,0.000000,-0.000000,0.000000,0.000000,0.000000,0.010000,0
1790549769.2076,-0.027869,0.039535,0.000000,0.000000,-0.027869,0.000000,0.120000,0.000000,0.065217,-0.000000,0.000000,-0.000000,0.000000,0.000000,0.000000,0.010000,0
1790549769.2242,-0.026417,0.035342,0.000000,0.000000,-0.026417,0.000000,0.120000,0.000000,0.086957,-0.000000,0.000000,0.000000,0.000000,0.000000,-0.000000,0.010000,0
1790549769.2409,-0.024183,0.031504,0.000000,0.000000,-0.024183,0.000000,0.120000,0.000000,0.108696,-0.000000,0.000000,0.000000,0.000000,0.000000,-0.000000,0.010000,0
1790549769.2573,-0.021117,0.027627,0.000000,0.000000,-0.021117,0.000000,0.120000,0.000000,0.130435,-0.000000,0.000000,0.000000,0.000000,0.000000,-0.000000,0.010000,0
1790549769.2737,-0.017033,0.023146,0.000000,0.000000,-0.017033,0.000000,0.120000,0.000000,0.152174,-0.000000,0.000000,0.000000,0.000000,0.000000,-0.000000,0.010000,0
1790549769.2907,-0.011734,0.017663,0.000000,0.000000,-0.011734,0.000000,0.120000,0.000000,0.173913,-0.000000,0.000000,0.000000,0.000000,0.000000,-0.000000,0.010000,0
1790549769.3078,-0.005158,0.011081,0.000000,0.000000,-0.005158,0.000000,0.120000,0.000000,0.195652,-0.000000,0.000000,0.000000,0.000000,0.000000,-0.000000,0.010000,0
1790549769.3243,0.002614,0.003537,0.000000,0.000000,0.002614,0.000000,0.120000,0.000000,0.217391,0.000000,0.000000,0.000000,0.000000,0.000000,-0.000000,0.010000,0
1790549769.3406,0.004651,0.004761,0.000000,0.000000,0.004651,0.000000,0.120000,0.000000,0.239130,0.000000,0.000000,0.000000,0.000000,0.000000,0.000000,0.010000,0
1790549769.3575,0.005780,0.005533,0.000000,0.000000,0.005780,0.000000,0.120000,0.000000,0.260870,0.000000,0.000000,0.000000,0.000000,0.000000,0.000000,0.010000,0
1790549769.3740,0.006703,0.006611,0.000000,0.000000,0.006703,0.000000,0.120000,0.000000,0.282609,0.000000,0.000000,0.000000,0.000000,0.000000,0.000000,0.010000,0
1790549769.3909,0.007546,0.007925,0.000000,0.000000,0.007546,0.000000,0.120000,0.000000,0.304348,0.000000,0.000000,0.000000,0.000000,0.000000,0.000000,0.010000,0
1790549769.4072,0.008426,0.009461,0.000000,0.000000,0.008426,0.000000,0.120000,0.000000,0.326087,0.000000,0.000000,0.000000,0.000000,0.000000,0.000000,0.010000,0
1790549769.4250,0.009426,0.011214,0.000000,0.000000,0.009426,0.000000,0.120000,0.000000,0.347826,0.000000,0.000000,0.000000,0.000000,0.000000,0.000000,0.010000,0
1790549769.4415,0.010610,0.013180,0.000000,0.000000,0.010610,0.000000,0.120000,0.000000,0.369565,0.000000,0.000000,0.000000,0.000000,0.000000,0.000000,0.010000,0
1790549769.4573,0.012018,0.015357,0.000000,0.000000,0.012018,0.000000,0.120000,0.000000,0.391304,0.000000,0.000000,0.000000,0.000000,0.000000,0.000000,0.010000,0
1790549769.4737,0.013679,0.017740,0.000000,0.000000,0.013679,0.000000,0.120000,0.000000,0.413043,0.000000,0.000000,0.000000,0.000000,0.000000,0.000000,0.010000,0
1790549769.4906,0.015611,0.020327,0.000000,0.000000,0.015611,0.000000,0.120000,0.000000,0.434783,0.000000,0.000000,0.000000,0.000000,0.000000,0.000000,0.010000,0
1790549769.5073,0.017819,0.023112,0.000000,0.000000,0.017819,0.000000,0.120000,0.000000,0.456522,0.000000,0.000000,0.000000,0.000000,0.000000,0.000000,0.010000,0
1790549769.5244,0.018248,0.028553,0.000000,0.000000,0.018248,0.000000,0.120000,0.000000,0.478261,0.000000,0.000000,0.000000,0.000000,0.000000,0.000000,0.010000,0
1790549769.5409,0.020397,0.031260,0.000000,0.000000,0.020397,0.000000,0.120000,0.000000,0.500000,0.000000,0.000000,0.000000,0.000000,0.000000,0.000000,0.010000,0
1790549769.5578,0.023043,0.034310,0.000000,0.000000,0.023043,0.000000,0.120000,0.000000,0.521739,0.000000,0.000000,0.000000,0.000000,0.000000,0.000000,0.010000,0
1790549769.5737,0.026101,0.037582,0.000000,0.000000,0.026101,0.000000,0.120000,0.000000,0.543478,0.000000,0.000000,0.000000,0.000000,0.000000,0.000000,0.010000,0
1790549769.5908,0.024790,0.033493,0.000000,0.000000,0.024790,0.000000,0.120000,0.000000,0.565217,0.000000,0.000000,-0.000000,0.000000,0.000000,-0.000000,0.010000,0
1790549769.6061,0.022557,0.029738,0.000000,0.000000,0.022557,0.000000,0.120000,0.000000,0.586957,0.000000,0.000000,-0.000000,0.000000,0.000000,-0.000000,0.010000,0
1790549769.6237,0.019595,0.026294,0.000000,0.000000,0.019595,0.000000,0.120000,0.000000,0.608696,0.000000,0.000000,-0.000000,0.000000,0.000000,-0.000000,0.010000,0
1790549769.6405,0.015968,0.022733,0.000000,0.000000,0.015968,0.000000,0.120000,0.000000,0.630435,0.000000,0.000000,-0.000000,0.000000,0.000000,-0.000000,0.010000,0
1790549769.6573,0.013819,0.021210,0.000000,0.000000,0.013819,0.000000,0.120000,0.000000,0.652174,0.000000,0.000000,-0.000000,0.000000,0.000000,-0.000000,0.010000,0
1790549769.6740,0.008938,0.015469,0.000000,0.000000,0.008938,0.000000,0.120000,0.000000,0.673913,0.000000,0.000000,-0.000000,0.000000,0.000000,-0.000000,0.010000,0
1790549769.6909,0.002722,0.008684,0.000000,0.000000,0.002722,0.000000,0.120000,0.000000,0.695652,0.000000,0.000000,-0.000000,0.000000,0.000000,-0.000000,0.010000,0
1790549769.7083,-0.004761,0.000993,0.000000,0.000000,-0.004761,0.000000,0.120000,0.000000,0.717391,-0.000000,0.000000,-0.000000,0.000000,0.000000,-0.000000,0.010000,0
1790549769.7237,-0.006923,0.002218,0.000000,0.000000,-0.006923,0.000000,0.120000,0.000000,0.739130,-0.000000,0.000000,-0.000000,0.000000,0.000000,0.000000,0.010000,0
1790549769.7408,-0.007724,0.002837,0.000000,0.000000,-0.007724,0.000000,0.120000,0.000000,0.760870,-0.000000,0.000000,-0.000000,0.000000,0.000000,0.000000,0.010000,0
1790549769.7574,-0.008196,0.003727,0.000000,0.000000,-0.008196,0.000000,0.120000,0.000000,0.782609,-0.000000,0.000000,-0.000000,0.000000,0.000000,0.000000,0.010000,0
1790549769.7740,-0.008585,0.004847,0.000000,0.000000,-0.008585,0.000000,0.120000,0.000000,0.804348,-0.000000,0.000000,-0.000000,0.000000,0.000000,0.000000,0.010000,0
1790549769.8009,-0.009026,0.006185,0.000000,0.000000,-0.009026,0.000000,0.120000,0.000000,0.826087,-0.000000,0.000000,-0.000000,0.000000,0.000000,0.000000,0.010000,0
1790549769.8110,-0.009603,0.007733,0.000000,0.000000,-0.009603,0.000000,0.120000,0.000000,0.847826,-0.000000,0.000000,-0.000000,0.000000,0.000000,0.000000,0.010000,0
1790549769.8240,-0.010372,0.009484,0.000000,0.000000,-0.010372,0.000000,0.120000,0.000000,0.869565,-0.000000,0.000000,-0.000000,0.000000,0.000000,0.000000,0.010000,0
1790549769.8409,-0.011369,0.011434,0.000000,0.000000,-0.011369,0.000000,0.120000,0.000000,0.891304,-0.000000,0.000000,-0.000000,0.000000,0.000000,0.000000,0.010000,0
1790549769.8577,-0.012619,0.013578,0.000000,0.000000,-0.012619,0.000000,0.120000,0.000000,0.913043,-0.000000,0.000000,-0.000000,0.000000,0.000000,0.000000,0.010000,0
1790549769.8737,-0.014135,0.015910,0.000000,0.000000,-0.014135,0.000000,0.120000,0.000000,0.934783,-0.000000,0.000000,-0.000000,0.000000,0.000000,0.000000,0.010000,0
1790549769.8905,-0.015923,0.018424,0.000000,0.000000,-0.015923,0.000000,0.120000,0.000000,0.956522,-0.000000,0.000000,-0.000000,0.000000,0.000000,0.000000,0.010000,0
1790549769.9071,-0.017972,0.021124,0.000000,0.000000,-0.017972,0.000000,0.120000,0.000000,0.978261,-0.000000,0.000000,-0.000000,0.000000,0.000000,0.000000,0.010000,0
1790549769.9239,-0.017742,0.026551,0.000000,0.000000,-0.017742,0.000000,0.120000,0.000000,1.000000,-0.000000,0.000000,0.000000,0.000000,0.000000,0.000000,0.010000,0
1790549769.9407,-0.019809,0.029111,0.000000,0.000000,-0.019809,0.000000,0.120000,0.000000,0.021739,-0.000000,0.000000,-0.000000,0.000000,0.000000,0.000000,0.010000,0
1790549769.9575,-0.022309,0.031991,0.000000,0.000000,-0.022309,0.000000,0.120000,0.000000,0.043478,-0.000000,0.000000,-0.000000,0.000000,0.000000,0.000000,0.010000,0
1790549769.9741,-0.025173,0.035065,0.000000,0.000000,-0.025173,0.000000,0.120000,0.000000,0.065217,-0.000000,0.000000,-0.000000,0.000000,0.000000,0.000000,0.010000,0
1790549769.9920,-0.023477,0.031069,0.000000,0.000000,-0.023477,0.000000,0.120000,0.000000,0.086957,-0.000000,0.000000,0.000000,0.000000,0.000000,-0.000000,0.010000,0
1790549770.0070,-0.021033,0.027412,0.000000,0.000000,-0.021033,0.000000,0.120000,0.000000,0.108696,-0.000000,0.000000,0.000000,0.000000,0.000000,-0.000000,0.010000,0
1790549770.0230,-0.017813,0.023699,0.000000,0.000000,-0.017813,0.000000,0.120000,0.000000,0.130435,-0.000000,0.000000,0.000000,0.000000,0.000000,-0.000000,0.010000,0
1790549770.0406,-0.013623,0.019361,0.000000,0.000000,-0.013623,0.000000,0.120000,0.000000,0.152174,-0.000000,0.000000,0.000000,0.000000,0.000000,-0.000000,0.010000,0
1790549770.0577,-0.008254,0.014001,0.000000,0.000000,-0.008254,0.000000,0.120000,0.000000,0.173913,-0.000000,0.000000,0.000000,0.000000,0.000000,-0.000000,0.010000,0
1790549770.0740,-0.001639,0.007524,0.000000,0.000000,-0.001639,0.000000,0.120000,0.000000,0.195652,-0.000000,0.000000,0.000000,0.000000,0.000000,-0.000000,0.010000,0
1790549770.0909,-0.000236,0.007682,0.000000,0.000000,-0.000236,0.000000,0.120000,0.000000,0.217391,-0.000000,0.000000,0.000000,0.000000,0.000000,0.000000,0.010000,0
1790549770.1065,0.000532,0.007721,0.000000,0.000000,0.000532,0.000000,0.120000,0.000000,0.239130,0.000000,0.000000,0.000000,0.000000,0.000000,0.000000,0.010000,0
1790549770.1242,0.001167,0.008105,0.000000,0.000000,0.001167,0.000000,0.120000,0.000000,0.260870,0.000000,0.000000,0.000000,0.000000,0.000000,0.000000,0.010000,0
1790549770.1405,0.001782,0.008767,0.000000,0.000000,0.001782,0.000000,0.120000,0.000000,0.282609,0.000000,0.000000,0.000000,0.000000,0.000000,0.000000,0.010000,0
1790549770.1573,0.002476,0.009692,0.000000,0.000000,0.002476,0.000000,0.120000,0.000000,0.304348,0.000000,0.000000,0.000000,0.000000,0.000000,0.000000,0.010000,0
1790549770.1740,0.003320,0.010868,0.000000,0.000000,0.003320,0.000000,0.120000,0.000000,0.326087,0.000000,0.000000,0.000000,0.000000,0.000000,0.000000,0.010000,0
1790549770.1906,0.004364,0.012287,0.000000,0.000000,0.004364,0.000000,0.120000,0.000000,0.347826,0.000000,0.000000,0.000000,0.000000,0.000000,0.000000,0.010000,0
1790549770.2073,0.006962,0.011482,0.000000,0.000000,0.006962,0.000000,0.120000,0.000000,0.369565,0.000000,0.000000,0.000000,0.000000,0.000000,-0.000000,0.010000,0
1790549770.2243,0.005898,0.015865,0.000000,0.000000,0.005898,0.000000,0.120000,0.000000,0.391304,0.000000,0.000000,-0.000000,0.000000,0.000000,0.000000,0.010000,0
1790549770.2406,0.007016,0.017670,0.000000,0.000000,0.007016,0.000000,0.120000,0.000000,0.413043,0.000000,0.000000,0.000000,0.000000,0.000000,0.000000,0.010000,0
1790549770.2576,0.008639,0.019855,0.000000,0.000000,0.008639,0.000000,0.120000,0.000000,0.434783,0.000000,0.000000,0.000000,0.000000,0.000000,0.000000,0.010000,0
1790549770.2741,0.010681,0.022274,0.000000,0.000000,0.010681,0.000000,0.120000,0.000000,0.456522,0.000000,0.000000,0.000000,0.000000,0.000000,0.000000,0.010000,0
1790549770.2907,0.013096,0.024907,0.000000,0.000000,0.013096,0.000000,0.120000,0.000000,0.478261,0.000000,0.000000,0.000000,0.000000,0.000000,0.000000,0.010000,0
1790549770.3073,0.015843,0.027738,0.000000,0.000000,0.015843,0.000000,0.120000,0.000000,0.500000,0.000000,0.000000,0.000000,0.000000,0.000000,0.000000,0.010000,0
1790549770.3237,0.018887,0.030760,0.000000,0.000000,0.018887,0.000000,0.120000,0.000000,0.521739,0.000000,0.000000,0.000000,0.000000,0.000000,0.000000,0.010000,0
1790549770.3409,0.022205,0.033968,0.000000,0.000000,0.022205,0.000000,0.120000,0.000000,0.543478,0.000000,0.000000,0.000000,0.000000,0.000000,0.000000,0.010000,0
1790549770.3571,0.025773,0.037356,0.000000,0.000000,0.025773,0.000000,0.120000,0.000000,0.565217,0.000000,0.000000,0.000000,0.000000,0.000000,0.000000,0.010000,0
1790549770.3743,0.024674,0.033062,0.000000,0.000000,0.024674,0.000000,0.120000,0.000000,0.586957,0.000000,0.000000,-0.000000,0.000000,0.000000,-0.000000,0.010000,0
1790549770.3905,0.022611,0.029193,0.000000,0.000000,0.022611,0.000000,0.120000,0.000000,0.608696,0.000000,0.000000,-0.000000,0.000000,0.000000,-0.000000,0.010000,0
1790549770.4074,0.019618,0.025343,0.000000,0.000000,0.019618,0.000000,0.120000,0.000000,0.630435,0.000000,0.000000,-0.000000,0.000000,0.000000,-0.000000,0.010000,0
1790549770.4245,0.015578,0.020913,0.000000,0.000000,0.015578,0.000000,0.120000,0.000000,0.652174,0.000000,0.000000,-0.000000,0.000000,0.000000,-0.000000,0.010000,0
1790549770.4409,0.010332,0.015487,0.000000,0.000000,0.010332,0.000000,0.120000,0.000000,0.673913,0.000000,0.000000,-0.000000,0.000000,0.000000,-0.000000,0.010000,0
1790549770.4572,0.003825,0.008960,0.000000,0.000000,0.003825,0.000000,0.120000,0.000000,0.695652,0.000000,0.000000,-0.000000,0.000000,0.000000,-0.000000,0.010000,0
1790549770.4743,-0.003868,0.001480,0.000000,0.000000,-0.003868,0.000000,0.120000,0.000000,0.717391,-0.000000,0.000000,-0.000000,0.000000,0.000000,-0.000000,0.010000,0
1790549770.4908,-0.006187,0.002797,0.000000,0.000000,-0.006187,0.000000,0.120000,0.000000,0.739130,-0.000000,0.000000,-0.000000,0.000000,0.000000,0.000000,0.010000,0
1790549770.5074,-0.007101,0.003443,0.000000,0.000000,-0.007101,0.000000,0.120000,0.000000,0.760870,-0.000000,0.000000,-0.000000,0.000000,0.000000,0.000000,0.010000,0
1790549770.5240,-0.007678,0.004365,0.000000,0.000000,-0.007678,0.000000,0.120000,0.000000,0.782609,-0.000000,0.000000,-0.000000,0.000000,0.000000,0.000000,0.010000,0
1790549770.5409,-0.008170,0.005520,0.000000,0.000000,-0.008170,0.000000,0.120000,0.000000,0.804348,-0.000000,0.000000,-0.000000,0.000000,0.000000,0.000000,0.010000,0
1790549770.5577,-0.006867,0.008762,0.000000,0.000000,-0.006867,0.000000,0.120000,0.000000,0.826087,-0.000000,0.000000,0.000000,0.000000,0.000000,0.000000,0.010000,0
1790549770.5742,-0.007130,0.010014,0.000000,0.000000,-0.007130,0.000000,0.120000,0.000000,0.847826,-0.000000,0.000000,-0.000000,0.000000,0.000000,0.000000,0.010000,0
1790549770.5906,-0.007737,0.011595,0.000000,0.000000,-0.007737,0.000000,0.120000,0.000000,0.869565,-0.000000,0.000000,-0.000000,0.000000,0.000000,0.000000,0.010000,0
1790549770.6006,-0.008677,0.013403,0.000000,0.000000,-0.008677,0.000000,0.120000,0.000000,0.891304,-0.000000,0.000000,-0.000000,0.000000,0.000000,0.000000,0.010000,0
1790549770.6237,-0.009947,0.015423,0.000000,0.000000,-0.009947,0.000000,0.120000,0.000000,0.913043,-0.000000,0.000000,-0.000000,0.000000,0.000000,0.000000,0.010000,0
1790549770.6408,-0.011539,0.017649,0.000000,0.000000,-0.011539,0.000000,0.120000,0.000000,0.934783,-0.000000,0.000000,-0.000000,0.000000,0.000000,0.000000,0.010000,0
1790549770.6574,-0.013440,0.020072,0.000000,0.000000,-0.013440,0.000000,0.120000,0.000000,0.956522,-0.000000,0.000000,-0.000000,0.000000,0.000000,0.000000,0.010000,0
1790549770.6742,-0.015635,0.022680,0.000000,0.000000,-0.015635,0.000000,0.120000,0.000000,0.978261,-0.000000,0.000000,-0.000000,0.000000,0.000000,0.000000,0.010000,0
1790549770.6903,-0.018107,0.025466,0.000000,0.000000,-0.018107,0.000000,0.120000,0.000000,1.000000,-0.000000,0.000000,-0.000000,0.000000,0.000000,0.000000,0.010000,0
1790549770.7075,-0.020835,0.028421,0.000000,0.000000,-0.020835,0.000000,0.120000,0.000000,0.021739,-0.000000,0.000000,-0.000000,0.000000,0.000000,0.000000,0.010000,0
1790549770.7245,-0.023809,0.031544,0.000000,0.000000,-0.023809,0.000000,0.120000,0.000000,0.043478,-0.000000,0.000000,-0.000000,0.000000,0.000000,0.000000,0.010000,0
1790549770.7405,-0.027013,0.034830,0.000000,0.000000,-0.027013,0.000000,0.120000,0.000000,0.065217,-0.000000,0.000000,-0.000000,0.000000,0.000000,0.000000,0.010000,0
1790549770.7574,-0.025413,0.030742,0.000000,0.000000,-0.025413,0.000000,0.120000,0.000000,0.086957,-0.000000,0.000000,0.000000,0.000000,0.000000,-0.000000,0.010000,0
1790549770.7745,-0.023039,0.026988,0.000000,0.000000,-0.023039,0.000000,0.120000,0.000000,0.108696,-0.000000,0.000000,0.000000,0.000000,0.000000,-0.000000,0.010000,0
1790549770.7909,-0.019843,0.023196,0.000000,0.000000,-0.019843,0.000000,0.120000,0.000000,0.130435,-0.000000,0.000000,0.000000,0.000000,0.000000,-0.000000,0.010000,0
1790549770.8083,-0.015632,0.018804,0.000000,0.000000,-0.015632,0.000000,0.120000,0.000000,0.152174,-0.000000,0.000000,0.000000,0.000000,0.000000,-0.000000,0.010000,0
1790549770.8241,-0.010207,0.013410,0.000000,0.000000,-0.010207,0.000000,0.120000,0.000000,0.173913,-0.000000,0.000000,0.000000,0.000000,0.000000,-0.000000,0.010000,0
1790549770.8405,-0.003507,0.006918,0.000000,0.000000,-0.003507,0.000000,0.120000,0.000000,0.195652,-0.000000,0.000000,0.000000,0.000000,0.000000,-0.000000,0.010000,0
1790549770.8572,0.004376,-0.000533,0.000000,0.000000,0.004376,0.000000,0.120000,0.000000,0.217391,0.000000,0.000000,0.000000,-0.000000,0.000000,-0.000000,0.010000,0
1790549770.8744,0.006411,0.000955,0.000000,0.000000,0.006411,0.000000,0.120000,0.000000,0.239130,0.000000,0.000000,0.000000,0.000000,0.000000,0.000000,0.010000,0
1790549770.8908,0.007398,0.001874,0.000000,0.000000,0.007398,0.000000,0.120000,0.000000,0.260870,0.000000,0.000000,0.000000,0.000000,0.000000,0.000000,0.010000,0
1790549770.9075,0.008130,0.003074,0.000000,0.000000,0.008130,0.000000,0.120000,0.000000,0.282609,0.000000,0.000000,0.000000,0.000000,0.000000,0.000000,0.010000,0
1790549770.9242,0.007502,0.006014,0.000000,0.000000,0.007502,0.000000,0.120000,0.000000,0.304348,0.000000,0.000000,-0.000000,0.000000,0.000000,0.000000,0.010000,0
1790549770.9408,0.007717,0.007348,0.000000,0.000000,0.007717,0.000000,0.120000,0.000000,0.326087,0.000000,0.000000,0.000000,0.000000,0.000000,0.000000,0.010000,0
1790549770.9571,0.008207,0.008986,0.000000,0.000000,0.008207,0.000000,0.120000,0.000000,0.347826,0.000000,0.000000,0.000000,0.000000,0.000000,0.000000,0.010000,0
1790549770.9744,0.008984,0.010844,0.000000,0.000000,0.008984,0.000000,0.120000,0.000000,0.369565,0.000000,0.000000,0.000000,0.000000,0.000000,0.000000,0.010000,0
1790549770.9909,0.010062,0.012912,0.000000,0.000000,0.010062,0.000000,0.120000,0.000000,0.391304,0.000000,0.000000,0.000000,0.000000,0.000000,0.000000,0.010000,0
1790549771.0075,0.011450,0.015185,0.000000,0.000000,0.011450,0.000000,0.120000,0.000000,0.413043,0.000000,0.000000,0.000000,0.000000,0.000000,0.000000,0.010000,0
1790549771.0237,0.013149,0.017658,0.000000,0.000000,0.013149,0.000000,0.120000,0.000000,0.434783,0.000000,0.000000,0.000000,0.000000,0.000000,0.000000,0.010000,0
1790549771.0406,0.015153,0.020323,0.000000,0.000000,0.015153,0.000000,0.120000,0.000000,0.456522,0.000000,0.000000,0.000000,0.000000,0.000000,0.000000,0.010000,0
1790549771.0577,0.017454,0.023173,0.000000,0.000000,0.017454,0.000000,0.120000,0.000000,0.478261,0.000000,0.000000,0.000000,0.000000,0.000000,0.000000,0.010000,0
1790549771.0743,0.020035,0.026199,0.000000,0.000000,0.020035,0.000000,0.120000,0.000000,0.500000,0.000000,0.000000,0.000000,0.000000,0.000000,0.000000,0.010000,0
1790549771.0909,0.022883,0.029398,0.000000,0.000000,0.022883,0.000000,0.120000,0.000000,0.521739,0.000000,0.000000,0.000000,0.000000,0.000000,0.000000,0.010000,0
1790549771.1075,0.025988,0.032766,0.000000,0.000000,0.025988,0.000000,0.120000,0.000000,0.543478,0.000000,0.000000,0.000000,0.000000,0.000000,0.000000,0.010000,0
1790549771.1244,0.029338,0.036302,0.000000,0.000000,0.029338,0.000000,0.120000,0.000000,0.565217,0.000000,0.000000,0.000000,0.000000,0.000000,0.000000,0.010000,0
1790549771.1409,0.028009,0.032089,0.000000,0.000000,0.028009,0.000000,0.120000,0.000000,0.586957,0.000000,0.000000,-0.000000,0.000000,0.000000,-0.000000,0.010000,0
1790549771.1569,0.025715,0.028300,0.000000,0.000000,0.025715,0.000000,0.120000,0.000000,0.608696,0.000000,0.000000,-0.000000,0.000000,0.000000,-0.000000,0.010000,0
1790549771.1737,0.022501,0.024527,0.000000,0.000000,0.022501,0.000000,0.120000,0.000000,0.630435,0.000000,0.000000,-0.000000,0.000000,0.000000,-0.000000,0.010000,0
1790549771.1908,0.018250,0.020170,0.000000,0.000000,0.018250,0.000000,0.120000,0.000000,0.652174,0.000000,0.000000,-0.000000,0.000000,0.000000,-0.000000,0.010000,0
1790549771.2059,0.012804,0.014813,0.000000,0.000000,0.012804,0.000000,0.120000,0.000000,0.673913,0.000000,0.000000,-0.000000,0.000000,0.000000,-0.000000,0.010000,0
1790549771.2243,0.006108,0.008353,0.000000,0.000000,0.006108,0.000000,0.120000,0.000000,0.695652,0.000000,0.000000,-0.000000,0.000000,0.000000,-0.000000,0.010000,0
1790549771.2405,-0.001762,0.000935,0.000000,0.000000,-0.001762,0.000000,0.120000,0.000000,0.717391,-0.000000,0.000000,-0.000000,0.000000,0.000000,-0.000000,0.010000,0
1790549771.2576,-0.004300,0.002365,0.000000,0.000000,-0.004300,0.000000,0.120000,0.000000,0.739130,-0.000000,0.000000,-0.000000,0.000000,0.000000,0.000000,0.010000,0
1790549771.2741,-0.005449,0.003154,0.000000,0.000000,-0.005449,0.000000,0.120000,0.000000,0.760870,-0.000000,0.000000,-0.000000,0.000000,0.000000,0.000000,0.010000,0
1790549771.2908,-0.006265,0.004221,0.000000,0.000000,-0.006265,0.000000,0.120000,0.000000,0.782609,-0.000000,0.000000,-0.000000,0.000000,0.000000,0.000000,0.010000,0
1790549771.3074,-0.006995,0.005521,0.000000,0.000000,-0.006995,0.000000,0.120000,0.000000,0.804348,-0.000000,0.000000,-0.000000,0.000000,0.000000,0.000000,0.010000,0
1790549771.3237,-0.007772,0.007043,0.000000,0.000000,-0.007772,0.000000,0.120000,0.000000,0.826087,-0.000000,0.000000,-0.000000,0.000000,0.000000,0.000000,0.010000,0
1790549771.3407,-0.008680,0.008780,0.000000,0.000000,-0.008680,0.000000,0.120000,0.000000,0.847826,-0.000000,0.000000,-0.000000,0.000000,0.000000,0.000000,0.010000,0
1790549771.3559,-0.007572,0.012876,0.000000,0.000000,-0.007572,0.000000,0.120000,0.000000,0.869565,-0.000000,0.000000,0.000000,0.000000,0.000000,0.000000,0.010000,0
1790549771.3742,-0.008421,0.014627,0.000000,0.000000,-0.008421,0.000000,0.120000,0.000000,0.891304,-0.000000,0.000000,-0.000000,0.000000,0.000000,0.000000,0.010000,0
1790549771.3908,-0.009694,0.016720,0.000000,0.000000,-0.009694,0.000000,0.120000,0.000000,0.913043,-0.000000,0.000000,-0.000000,0.000000,0.000000,0.000000,0.010000,0
1790549771.4077,-0.011354,0.019039,0.000000,0.000000,-0.011354,0.000000,0.120000,0.000000,0.934783,-0.000000,0.000000,-0.000000,0.000000,0.000000,0.000000,0.010000,0
1790549771.4235,-0.013373,0.021568,0.000000,0.000000,-0.013373,0.000000,0.120000,0.000000,0.956522,-0.000000,0.000000,-0.000000,0.000000,0.000000,0.000000,0.010000,0
1790549771.4408,-0.015725,0.024296,0.000000,0.000000,-0.015725,0.000000,0.120000,0.000000,0.978261,-0.000000,0.000000,-0.000000,0.000000,0.000000,0.000000,0.010000,0
1790549771.4575,-0.018384,0.027212,0.000000,0.000000,-0.018384,0.000000,0.120000,0.000000,1.000000,-0.000000,0.000000,-0.000000,0.000000,0.000000,0.000000,0.010000,0
1790549771.4743,-0.021323,0.030309,0.000000,0.000000,-0.021323,0.000000,0.120000,0.000000,0.021739,-0.000000,0.000000,-0.000000,0.000000,0.000000,0.000000,0.010000,0
1790549771.4906,-0.024526,0.033585,0.000000,0.000000,-0.024526,0.000000,0.120000,0.000000,0.043478,-0.000000,0.000000,-0.000000,0.000000,0.000000,0.000000,0.010000,0
1790549771.5059,-0.027976,0.037035,0.000000,0.000000,-0.027976,0.000000,0.120000,0.000000,0.065217,-0.000000,0.000000,-0.000000,0.000000,0.000000,0.000000,0.010000,0
1790549771.5244,-0.026499,0.032901,0.000000,0.000000,-0.026499,0.000000,0.120000,0.000000,0.086957,-0.000000,0.000000,0.000000,0.000000,0.000000,-0.000000,0.010000,0
1790549771.5407,-0.024241,0.029112,0.000000,0.000000,-0.024241,0.000000,0.120000,0.000000,0.108696,-0.000000,0.000000,0.000000,0.000000,0.000000,-0.000000,0.010000,0
1790549771.5574,-0.021141,0.025288,0.000000,0.000000,-0.021141,0.000000,0.120000,0.000000,0.130435,-0.000000,0.000000,0.000000,0.000000,0.000000,-0.000000,0.010000,0
1790549771.5743,-0.017009,0.020866,0.000000,0.000000,-0.017009,0.000000,0.120000,0.000000,0.152174,-0.000000,0.000000,0.000000,0.000000,0.000000,-0.000000,0.010000,0
1790549771.5909,-0.011652,0.015446,0.000000,0.000000,-0.011652,0.000000,0.120000,0.000000,0.173913,-0.000000,0.000000,0.000000,0.000000,0.000000,-0.000000,0.010000,0
1790549771.6077,-0.005008,0.008931,0.000000,0.000000,-0.005008,0.000000,0.120000,0.000000,0.195652,-0.000000,0.000000,0.000000,0.000000,0.000000,-0.000000,0.010000,0
1790549771.6244,0.002832,0.001457,0.000000,0.000000,0.002832,0.000000,0.120000,0.000000,0.217391,0.000000,0.000000,0.000000,0.000000,0.000000,-0.000000,0.010000,0
1790549771.6409,0.004900,0.002820,0.000000,0.000000,0.004900,0.000000,0.120000,0.000000,0.239130,0.000000,0.000000,0.000000,0.000000,0.000000,0.000000,0.010000,0
1790549771.6576,0.006008,0.003695,0.000000,0.000000,0.006008,0.000000,0.120000,0.000000,0.260870,0.000000,0.000000,0.000000,0.000000,0.000000,0.000000,0.010000,0
1790549771.6740,0.006890,0.004865,0.000000,0.000000,0.006890,0.000000,0.120000,0.000000,0.282609,0.000000,0.000000,0.000000,0.000000,0.000000,0.000000,0.010000,0
1790549771.6909,0.007682,0.006261,0.000000,0.000000,0.007682,0.000000,0.120000,0.000000,0.304348,0.000000,0.000000,0.000000,0.000000,0.000000,0.000000,0.010000,0
1790549771.7075,0.008504,0.007871,0.000000,0.000000,0.008504,0.000000,0.120000,0.000000,0.326087,0.000000,0.000000,0.000000,0.000000,0.000000,0.000000,0.010000,0
1790549771.7240,0.009443,0.009690,0.000000,0.000000,0.009443,0.000000,0.120000,0.000000,0.347826,0.000000,0.000000,0.000000,0.000000,0.000000,0.000000,0.010000,0
1790549771.7407,0.010563,0.011714,0.000000,0.000000,0.010563,0.000000,0.120000,0.000000,0.369565,0.000000,0.000000,0.000000,0.000000,0.000000,0.000000,0.010000,0
1790549771.7562,0.011909,0.013941,0.000000,0.000000,0.011909,0.000000,0.120000,0.000000,0.391304,0.000000,0.000000,0.000000,0.000000,0.000000,0.000000,0.010000,0
1790549771.7740,0.011491,0.018686,0.000000,0.000000,0.011491,0.000000,0.120000,0.000000,0.413043,0.000000,0.000000,-0.000000,0.000000,0.000000,0.000000,0.010000,0
1790549771.7907,0.012765,0.020870,0.000000,0.000000,0.012765,0.000000,0.120000,0.000000,0.434783,0.000000,0.000000,0.000000,0.000000,0.000000,0.000000,0.010000,0
1790549771.8075,0.014547,0.023402,0.000000,0.000000,0.014547,0.000000,0.120000,0.000000,0.456522,0.000000,0.000000,0.000000,0.000000,0.000000,0.000000,0.010000,0
1790549771.8245,0.016759,0.026159,0.000000,0.000000,0.016759,0.000000,0.120000,0.000000,0.478261,0.000000,0.000000,0.000000,0.000000,0.000000,0.000000,0.010000,0
1790549771.8407,0.019352,0.029123,0.000000,0.000000,0.019352,0.000000,0.120000,0.000000,0.500000,0.000000,0.000000,0.000000,0.000000,0.000000,0.000000,0.010000,0
1790549771.8575,0.022286,0.032284,0.000000,0.000000,0.022286,0.000000,0.120000,0.000000,0.521739,0.000000,0.000000,0.000000,0.000000,0.000000,0.000000,0.010000,0
1790549771.8745,0.025531,0.035639,0.000000,0.000000,0.025531,0.000000,0.120000,0.000000,0.543478,0.000000,0.000000,0.000000,0.000000,0.000000,0.000000,0.010000,0
1790549771.8907,0.029061,0.039181,0.000000,0.000000,0.029061,0.000000,0.120000,0.000000,0.565217,0.000000,0.000000,0.000000,0.000000,0.000000,0.000000,0.010000,0
1790549771.9074,0.027874,0.034864,0.000000,0.000000,0.027874,0.000000,0.120000,0.000000,0.586957,0.000000,0.000000,-0.000000,0.000000,0.000000,-0.000000,0.010000,0
1790549771.9244,0.025728,0.030979,0.000000,0.000000,0.025728,0.000000,0.120000,0.000000,0.608696,0.000000,0.000000,-0.000000,0.000000,0.000000,-0.000000,0.010000,0
1790549771.9407,0.022652,0.027112,0.000000,0.000000,0.022652,0.000000,0.120000,0.000000,0.630435,0.000000,0.000000,-0.000000,0.000000,0.000000,-0.000000,0.010000,0
1790549771.9559,0.018529,0.022667,0.000000,0.000000,0.018529,0.000000,0.120000,0.000000,0.652174,0.000000,0.000000,-0.000000,0.000000,0.000000,-0.000000,0.010000,0
1790549771.9744,0.013204,0.017227,0.000000,0.000000,0.013204,0.000000,0.120000,0.000000,0.673913,0.000000,0.000000,-0.000000,0.000000,0.000000,-0.000000,0.010000,0
1790549771.9909,0.006620,0.010687,0.000000,0.000000,0.006620,0.000000,0.120000,0.000000,0.695652,0.000000,0.000000,-0.000000,0.000000,0.000000,-0.000000,0.010000,0
1790549772.0077,-0.001151,0.003191,0.000000,0.000000,-0.001151,0.000000,0.120000,0.000000,0.717391,-0.000000,0.000000,-0.000000,0.000000,0.000000,-0.000000,0.010000,0
1790549772.0244,-0.003616,0.004422,0.000000,0.000000,-0.003616,0.000000,0.120000,0.000000,0.739130,-0.000000,0.000000,-0.000000,0.000000,0.000000,0.000000,0.010000,0
1790549772.0406,-0.004772,0.005077,0.000000,0.000000,-0.004772,0.000000,0.120000,0.000000,0.760870,-0.000000,0.000000,-0.000000,0.000000,0.000000,0.000000,0.010000,0
1790549772.0571,-0.005620,0.006023,0.000000,0.000000,-0.005620,0.000000,0.120000,0.000000,0.782609,-0.000000,0.000000,-0.000000,0.000000,0.000000,0.000000,0.010000,0
1790549772.0737,-0.006398,0.007213,0.000000,0.000000,-0.006398,0.000000,0.120000,0.000000,0.804348,-0.000000,0.000000,-0.000000,0.000000,0.000000,0.000000,0.010000,0
1790549772.0907,-0.007231,0.008635,0.000000,0.000000,-0.007231,0.000000,0.120000,0.000000,0.826087,-0.000000,0.000000,-0.000000,0.000000,0.000000,0.000000,0.010000,0
1790549772.1058,-0.008199,0.010281,0.000000,0.000000,-0.008199,0.000000,0.120000,0.000000,0.847826,-0.000000,0.000000,-0.000000,0.000000,0.000000,0.000000,0.010000,0
1790549772.1241,-0.009356,0.012144,0.000000,0.000000,-0.009356,0.000000,0.120000,0.000000,0.869565,-0.000000,0.000000,-0.000000,0.000000,0.000000,0.000000,0.010000,0
1790549772.1410,-0.010737,0.014218,0.000000,0.000000,-0.010737,0.000000,0.120000,0.000000,0.891304,-0.000000,0.000000,-0.000000,0.000000,0.000000,0.000000,0.010000,0
1790549772.1567,-0.012366,0.016499,0.000000,0.000000,-0.012366,0.000000,0.120000,0.000000,0.913043,-0.000000,0.000000,-0.000000,0.000000,0.000000,0.000000,0.010000,0
1790549772.1737,-0.014256,0.018980,0.000000,0.000000,-0.014256,0.000000,0.120000,0.000000,0.934783,-0.000000,0.000000,-0.000000,0.000000,0.000000,0.000000,0.010000,0
1790549772.1909,-0.016408,0.021669,0.000000,0.000000,-0.016408,0.000000,0.120000,0.000000,0.956522,-0.000000,0.000000,-0.000000,0.000000,0.000000,0.000000,0.010000,0
1790549772.2083,-0.016373,0.026984,0.000000,0.000000,-0.016373,0.000000,0.120000,0.000000,0.978261,-0.000000,0.000000,0.000000,0.000000,0.000000,0.000000,0.010000,0
1790549772.2238,-0.018546,0.029582,0.000000,0.000000,-0.018546,0.000000,0.120000,0.000000,1.000000,-0.000000,0.000000,-0.000000,0.000000,0.000000,0.000000,0.010000,0
1790549772.2406,-0.021162,0.032514,0.000000,0.000000,-0.021162,0.000000,0.120000,0.000000,0.021739,-0.000000,0.000000,-0.000000,0.000000,0.000000,0.000000,0.010000,0
1790549772.2574,-0.024154,0.035657,0.000000,0.000000,-0.024154,0.000000,0.120000,0.000000,0.043478,-0.000000,0.000000,-0.000000,0.000000,0.000000,0.000000,0.010000,0
1790549772.2742,-0.027480,0.038995,0.000000,0.000000,-0.027480,0.000000,0.120000,0.000000,0.065217,-0.000000,0.000000,-0.000000,0.000000,0.000000,0.000000,0.010000,0
1790549772.2908,-0.026007,0.034823,0.000000,0.000000,-0.026007,0.000000,0.120000,0.000000,0.086957,-0.000000,0.000000,0.000000,0.000000,0.000000,-0.000000,0.010000,0
1790549772.3077,-0.023762,0.031005,0.000000,0.000000,-0.023762,0.000000,0.120000,0.000000,0.108696,-0.000000,0.000000,0.000000,0.000000,0.000000,-0.000000,0.010000,0
1790549772.3243,-0.020690,0.027146,0.000000,0.000000,-0.020690,0.000000,0.120000,0.000000,0.130435,-0.000000,0.000000,0.000000,0.000000,0.000000,-0.000000,0.010000,0
1790549772.3409,-0.016605,0.022681,0.000000,0.000000,-0.016605,0.000000,0.120000,0.000000,0.152174,-0.000000,0.000000,0.000000,0.000000,0.000000,-0.000000,0.010000,0
1790549772.3568,-0.011308,0.017215,0.000000,0.000000,-0.011308,0.000000,0.120000,0.000000,0.173913,-0.000000,0.000000,0.000000,0.000000,0.000000,-0.000000,0.010000,0
1790549772.3726,-0.004736,0.010647,0.000000,0.000000,-0.004736,0.000000,0.120000,0.000000,0.195652,-0.000000,0.000000,0.000000,0.000000,0.000000,-0.000000,0.010000,0
1790549772.3910,0.003027,0.003118,0.000000,0.000000,0.003027,0.000000,0.120000,0.000000,0.217391,0.000000,0.000000,0.000000,0.000000,0.000000,-0.000000,0.010000,0
1790549772.4074,0.005044,0.004366,0.000000,0.000000,0.005044,0.000000,0.120000,0.000000,0.239130,0.000000,0.000000,0.000000,0.000000,0.000000,0.000000,0.010000,0
1790549772.4235,0.006133,0.005146,0.000000,0.000000,0.006133,0.000000,0.120000,0.000000,0.260870,0.000000,0.000000,0.000000,0.000000,0.000000,0.000000,0.010000,0
1790549772.4387,0.007010,0.006228,0.000000,0.000000,0.007010,0.000000,0.120000,0.000000,0.282609,0.000000,0.000000,0.000000,0.000000,0.000000,0.000000,0.010000,0
1790549772.4570,0.007805,0.007544,0.000000,0.000000,0.007805,0.000000,0.120000,0.000000,0.304348,0.000000,0.000000,0.000000,0.000000,0.000000,0.000000,0.010000,0
1790549772.4739,0.008633,0.009080,0.000000,0.000000,0.008633,0.000000,0.120000,0.000000,0.326087,0.000000,0.000000,0.000000,0.000000,0.000000,0.000000,0.010000,0
1790549772.4907,0.009582,0.010831,0.000000,0.000000,0.009582,0.000000,0.120000,0.000000,0.347826,0.000000,0.000000,0.000000,0.000000,0.000000,0.000000,0.010000,0
1790549772.5074,0.010713,0.012792,0.000000,0.000000,0.010713,0.000000,0.120000,0.000000,0.369565,0.000000,0.000000,0.000000,0.000000,0.000000,0.000000,0.010000,0
1790549772.5244,0.012071,0.014962,0.000000,0.000000,0.012071,0.000000,0.120000,0.000000,0.391304,0.000000,0.000000,0.000000,0.000000,0.000000,0.000000,0.010000,0
1790549772.5407,0.013682,0.017336,0.000000,0.000000,0.013682,0.000000,0.120000,0.000000,0.413043,0.000000,0.000000,0.000000,0.000000,0.000000,0.000000,0.010000,0
1790549772.5573,0.015564,0.019912,0.000000,0.000000,0.015564,0.000000,0.120000,0.000000,0.434783,0.000000,0.000000,0.000000,0.000000,0.000000,0.000000,0.010000,0
1790549772.5742,0.017713,0.022706,0.000000,0.000000,0.017713,0.000000,0.120000,0.000000,0.456522,0.000000,0.000000,0.000000,0.000000,0.000000,0.000000,0.010000,0
1790549772.5906,0.018092,0.028145,0.000000,0.000000,0.018092,0.000000,0.120000,0.000000,0.478261,0.000000,0.000000,0.000000,0.000000,0.000000,0.000000,0.010000,0
1790549772.6074,0.020188,0.030831,0.000000,0.000000,0.020188,0.000000,0.120000,0.000000,0.500000,0.000000,0.000000,0.000000,0.000000,0.000000,0.000000,0.010000,0
1790549772.6243,0.022784,0.033858,0.000000,0.000000,0.022784,0.000000,0.120000,0.000000,0.521739,0.000000,0.000000,0.000000,0.000000,0.000000,0.000000,0.010000,0
1790549772.6407,0.025795,0.037106,0.000000,0.000000,0.025795,0.000000,0.120000,0.000000,0.543478,0.000000,0.000000,0.000000,0.000000,0.000000,0.000000,0.010000,0
1790549772.6577,0.029167,0.040560,0.000000,0.000000,0.029167,0.000000,0.120000,0.000000,0.565217,0.000000,0.000000,0.000000,0.000000,0.000000,0.000000,0.010000,0
1790549772.6744,0.027888,0.036256,0.000000,0.000000,0.027888,0.000000,0.120000,0.000000,0.586957,0.000000,0.000000,-0.000000,0.000000,0.000000,-0.000000,0.010000,0
1790549772.6904,0.025689,0.032376,0.000000,0.000000,0.025689,0.000000,0.120000,0.000000,0.608696,0.000000,0.000000,-0.000000,0.000000,0.000000,-0.000000,0.010000,0
1790549772.7073,0.022589,0.028501,0.000000,0.000000,0.022589,0.000000,0.120000,0.000000,0.630435,0.000000,0.000000,-0.000000,0.000000,0.000000,-0.000000,0.010000,0
1790549772.7244,0.018466,0.024036,0.000000,0.000000,0.018466,0.000000,0.120000,0.000000,0.652174,0.000000,0.000000,-0.000000,0.000000,0.000000,-0.000000,0.010000,0
1790549772.7408,0.013158,0.018567,0.000000,0.000000,0.013158,0.000000,0.120000,0.000000,0.673913,0.000000,0.000000,-0.000000,0.000000,0.000000,-0.000000,0.010000,0
1790549772.7574,0.006606,0.011992,0.000000,0.000000,0.006606,0.000000,0.120000,0.000000,0.695652,0.000000,0.000000,-0.000000,0.000000,0.000000,-0.000000,0.010000,0
1790549772.7737,-0.001126,0.004456,0.000000,0.000000,-0.001126,0.000000,0.120000,0.000000,0.717391,-0.000000,0.000000,-0.000000,0.000000,0.000000,-0.000000,0.010000,0
1790549772.8008,-0.003544,0.005577,0.000000,0.000000,-0.003544,0.000000,0.120000,0.000000,0.739130,-0.000000,0.000000,-0.000000,0.000000,0.000000,0.000000,0.010000,0
1790549772.8243,-0.004673,0.006134,0.000000,0.000000,-0.004673,0.000000,0.120000,0.000000,0.760870,-0.000000,0.000000,-0.000000,0.000000,0.000000,0.000000,0.010000,0
1790549772.8407,-0.005504,0.006987,0.000000,0.000000,-0.005504,0.000000,0.120000,0.000000,0.782609,-0.000000,0.000000,-0.000000,0.000000,0.000000,0.000000,0.010000,0
1790549772.8573,-0.006268,0.008091,0.000000,0.000000,-0.006268,0.000000,0.120000,0.000000,0.804348,-0.000000,0.000000,-0.000000,0.000000,0.000000,0.000000,0.010000,0
1790549772.8743,-0.007091,0.009431,0.000000,0.000000,-0.007091,0.000000,0.120000,0.000000,0.826087,-0.000000,0.000000,-0.000000,0.000000,0.000000,0.000000,0.010000,0
1790549772.8908,-0.008050,0.010999,0.000000,0.000000,-0.008050,0.000000,0.120000,0.000000,0.847826,-0.000000,0.000000,-0.000000,0.000000,0.000000,0.000000,0.010000,0
1790549772.9074,-0.009197,0.012788,0.000000,0.000000,-0.009197,0.000000,0.120000,0.000000,0.869565,-0.000000,0.000000,-0.000000,0.000000,0.000000,0.000000,0.010000,0
1790549772.9244,-0.010568,0.014791,0.000000,0.000000,-0.010568,0.000000,0.120000,0.000000,0.891304,-0.000000,0.000000,-0.000000,0.000000,0.000000,0.000000,0.010000,0
1790549772.9405,-0.012186,0.017003,0.000000,0.000000,-0.012186,0.000000,0.120000,0.000000,0.913043,-0.000000,0.000000,-0.000000,0.000000,0.000000,0.000000,0.010000,0
1790549772.9573,-0.014063,0.019418,0.000000,0.000000,-0.014063,0.000000,0.120000,0.000000,0.934783,-0.000000,0.000000,-0.000000,0.000000,0.000000,0.000000,0.010000,0
1790549772.9741,-0.016206,0.022030,0.000000,0.000000,-0.016206,0.000000,0.120000,0.000000,0.956522,-0.000000,0.000000,-0.000000,0.000000,0.000000,0.000000,0.010000,0
1790549772.9908,-0.018613,0.024830,0.000000,0.000000,-0.018613,0.000000,0.120000,0.000000,0.978261,-0.000000,0.000000,-0.000000,0.000000,0.000000,0.000000,0.010000,0
1790549773.0060,-0.018823,0.030269,0.000000,0.000000,-0.018823,0.000000,0.120000,0.000000,1.000000,-0.000000,0.000000,-0.000000,0.000000,0.000000,0.000000,0.010000,0
1790549773.0243,-0.021226,0.032986,0.000000,0.000000,-0.021226,0.000000,0.120000,0.000000,0.021739,-0.000000,0.000000,-0.000000,0.000000,0.000000,0.000000,0.010000,0
1790549773.0408,-0.024063,0.036036,0.000000,0.000000,-0.024063,0.000000,0.120000,0.000000,0.043478,-0.000000,0.000000,-0.000000,0.000000,0.000000,0.000000,0.010000,0
1790549773.0574,-0.027266,0.039294,0.000000,0.000000,-0.027266,0.000000,0.120000,0.000000,0.065217,-0.000000,0.000000,-0.000000,0.000000,0.000000,0.000000,0.010000,0
1790549773.0737,-0.025748,0.035124,0.000000,0.000000,-0.025748,0.000000,0.120000,0.000000,0.086957,-0.000000,0.000000,0.000000,0.000000,0.000000,-0.000000,0.010000,0
1790549773.0906,-0.023465,0.031306,0.000000,0.000000,-0.023465,0.000000,0.120000,0.000000,0.108696,-0.000000,0.000000,0.000000,0.000000,0.000000,-0.000000,0.010000,0
1790549773.1076,-0.020371,0.027443,0.000000,0.000000,-0.020371,0.000000,0.120000,0.000000,0.130435,-0.000000,0.000000,0.000000,0.000000,0.000000,-0.000000,0.010000,0
1790549773.1243,-0.016274,0.022971,0.000000,0.000000,-0.016274,0.000000,0.120000,0.000000,0.152174,-0.000000,0.000000,0.000000,0.000000,0.000000,-0.000000,0.010000,0
1790549773.1405,-0.010977,0.017492,0.000000,0.000000,-0.010977,0.000000,0.120000,0.000000,0.173913,-0.000000,0.000000,0.000000,0.000000,0.000000,-0.000000,0.010000,0
1790549773.1576,-0.004412,0.010911,0.000000,0.000000,-0.004412,0.000000,0.120000,0.000000,0.195652,-0.000000,0.000000,0.000000,0.000000,0.000000,-0.000000,0.010000,0
1790549773.1740,0.003338,0.003366,0.000000,0.000000,0.003338,0.000000,0.120000,0.000000,0.217391,0.000000,0.000000,0.000000,0.000000,0.000000,-0.000000,0.010000,0
1790549773.1906,0.005342,0.004598,0.000000,0.000000,0.005342,0.000000,0.120000,0.000000,0.239130,0.000000,0.000000,0.000000,0.000000,0.000000,0.000000,0.010000,0
1790549773.2074,0.006410,0.005353,0.000000,0.000000,0.006410,0.000000,0.120000,0.000000,0.260870,0.000000,0.000000,0.000000,0.000000,0.000000,0.000000,0.010000,0
1790549773.2244,0.007264,0.006412,0.000000,0.000000,0.007264,0.000000,0.120000,0.000000,0.282609,0.000000,0.000000,0.000000,0.000000,0.000000,0.000000,0.010000,0
1790549773.2407,0.008033,0.007704,0.000000,0.000000,0.008033,0.000000,0.120000,0.000000,0.304348,0.000000,0.000000,0.000000,0.000000,0.000000,0.000000,0.010000,0
1790549773.2559,0.008834,0.009216,0.000000,0.000000,0.008834,0.000000,0.120000,0.000000,0.326087,0.000000,0.000000,0.000000,0.000000,0.000000,0.000000,0.010000,0
1790549773.2744,0.009756,0.010944,0.000000,0.000000,0.009756,0.000000,0.120000,0.000000,0.347826,0.000000,0.000000,0.000000,0.000000,0.000000,0.000000,0.010000,0
1790549773.2909,0.010860,0.012882,0.000000,0.000000,0.010860,0.000000,0.120000,0.000000,0.369565,0.000000,0.000000,0.000000,0.000000,0.000000,0.000000,0.010000,0
1790549773.3072,0.012189,0.015029,0.000000,0.000000,0.012189,0.000000,0.120000,0.000000,0.391304,0.000000,0.000000,0.000000,0.000000,0.000000,0.000000,0.010000,0
1790549773.3243,0.013772,0.017380,0.000000,0.000000,0.013772,0.000000,0.120000,0.000000,0.413043,0.000000,0.000000,0.000000,0.000000,0.000000,0.000000,0.010000,0
1790549773.3407,0.015626,0.019933,0.000000,0.000000,0.015626,0.000000,0.120000,0.000000,0.434783,0.000000,0.000000,0.000000,0.000000,0.000000,0.000000,0.010000,0
1790549773.3577,0.017747,0.022706,0.000000,0.000000,0.017747,0.000000,0.120000,0.000000,0.456522,0.000000,0.000000,0.000000,0.000000,0.000000,0.000000,0.010000,0
1790549773.3736,0.018100,0.028119,0.000000,0.000000,0.018100,0.000000,0.120000,0.000000,0.478261,0.000000,0.000000,0.000000,0.000000,0.000000,0.000000,0.010000,0
1790549773.3906,0.020167,0.030782,0.000000,0.000000,0.020167,0.000000,0.120000,0.000000,0.500000,0.000000,0.000000,0.000000,0.000000,0.000000,0.000000,0.010000,0
1790549773.4072,0.022734,0.033785,0.000000,0.000000,0.022734,0.000000,0.120000,0.000000,0.521739,0.000000,0.000000,0.000000,0.000000,0.000000,0.000000,0.010000,0
1790549773.4247,0.025716,0.037008,0.000000,0.000000,0.025716,0.000000,0.120000,0.000000,0.543478,0.000000,0.000000,0.000000,0.000000,0.000000,0.000000,0.010000,0
1790549773.4398,0.029059,0.040437,0.000000,0.000000,0.029059,0.000000,0.120000,0.000000,0.565217,0.000000,0.000000,0.000000,0.000000,0.000000,0.000000,0.010000,0
1790549773.4571,0.027761,0.036135,0.000000,0.000000,0.027761,0.000000,0.120000,0.000000,0.586957,0.000000,0.000000,-0.000000,0.000000,0.000000,-0.000000,0.010000,0
1790549773.4740,0.025547,0.032255,0.000000,0.000000,0.025547,0.000000,0.120000,0.000000,0.608696,0.000000,0.000000,-0.000000,0.000000,0.000000,-0.000000,0.010000,0
1790549773.4908,0.022435,0.028379,0.000000,0.000000,0.022435,0.000000,0.120000,0.000000,0.630435,0.000000,0.000000,-0.000000,0.000000,0.000000,-0.000000,0.010000,0
1790549773.5077,0.018302,0.023913,0.000000,0.000000,0.018302,0.000000,0.120000,0.000000,0.652174,0.000000,0.000000,-0.000000,0.000000,0.000000,-0.000000,0.010000,0
1790549773.5236,0.012988,0.018442,0.000000,0.000000,0.012988,0.000000,0.120000,0.000000,0.673913,0.000000,0.000000,-0.000000,0.000000,0.000000,-0.000000,0.010000,0
1790549773.5408,0.006431,0.011865,0.000000,0.000000,0.006431,0.000000,0.120000,0.000000,0.695652,0.000000,0.000000,-0.000000,0.000000,0.000000,-0.000000,0.010000,0
1790549773.5576,-0.001305,0.004327,0.000000,0.000000,-0.001305,0.000000,0.120000,0.000000,0.717391,-0.000000,0.000000,-0.000000,0.000000,0.000000,-0.000000,0.010000,0
1790549773.5744,-0.003712,0.005448,0.000000,0.000000,-0.003712,0.000000,0.120000,0.000000,0.739130,-0.000000,0.000000,-0.000000,0.000000,0.000000,0.000000,0.010000,0
1790549773.5908,-0.004819,0.005994,0.000000,0.000000,-0.004819,0.000000,0.120000,0.000000,0.760870,-0.000000,0.000000,-0.000000,0.000000,0.000000,0.000000,0.010000,0
1790549773.6074,-0.005624,0.006836,0.000000,0.000000,-0.005624,0.000000,0.120000,0.000000,0.782609,-0.000000,0.000000,-0.000000,0.000000,0.000000,0.000000,0.010000,0
1790549773.6243,-0.006360,0.007927,0.000000,0.000000,-0.006360,0.000000,0.120000,0.000000,0.804348,-0.000000,0.000000,-0.000000,0.000000,0.000000,0.000000,0.010000,0
1790549773.6408,-0.007154,0.009254,0.000000,0.000000,-0.007154,0.000000,0.120000,0.000000,0.826087,-0.000000,0.000000,-0.000000,0.000000,0.000000,0.000000,0.010000,0
1790549773.6577,-0.008083,0.010808,0.000000,0.000000,-0.008083,0.000000,0.120000,0.000000,0.847826,-0.000000,0.000000,-0.000000,0.000000,0.000000,0.000000,0.010000,0
1790549773.6737,-0.009200,0.012582,0.000000,0.000000,-0.009200,0.000000,0.120000,0.000000,0.869565,-0.000000,0.000000,-0.000000,0.000000,0.000000,0.000000,0.010000,0
1790549773.6906,-0.010540,0.014569,0.000000,0.000000,-0.010540,0.000000,0.120000,0.000000,0.891304,-0.000000,0.000000,-0.000000,0.000000,0.000000,0.000000,0.010000,0
1790549773.7059,-0.012127,0.016765,0.000000,0.000000,-0.012127,0.000000,0.120000,0.000000,0.913043,-0.000000,0.000000,-0.000000,0.000000,0.000000,0.000000,0.010000,0
1790549773.7240,-0.013973,0.019162,0.000000,0.000000,-0.013973,0.000000,0.120000,0.000000,0.934783,-0.000000,0.000000,-0.000000,0.000000,0.000000,0.000000,0.010000,0
1790549773.7408,-0.016084,0.021755,0.000000,0.000000,-0.016084,0.000000,0.120000,0.000000,0.956522,-0.000000,0.000000,-0.000000,0.000000,0.000000,0.000000,0.010000,0
1790549773.7577,-0.018459,0.024534,0.000000,0.000000,-0.018459,0.000000,0.120000,0.000000,0.978261,-0.000000,0.000000,-0.000000,0.000000,0.000000,0.000000,0.010000,0
1790549773.7741,-0.018633,0.029954,0.000000,0.000000,-0.018633,0.000000,0.120000,0.000000,1.000000,-0.000000,0.000000,-0.000000,0.000000,0.000000,0.000000,0.010000,0
1790549773.7908,-0.021004,0.032648,0.000000,0.000000,-0.021004,0.000000,0.120000,0.000000,0.021739,-0.000000,0.000000,-0.000000,0.000000,0.000000,0.000000,0.010000,0
1790549773.8083,-0.023808,0.035674,0.000000,0.000000,-0.023808,0.000000,0.120000,0.000000,0.043478,-0.000000,0.000000,-0.000000,0.000000,0.000000,0.000000,0.010000,0
1790549773.8244,-0.026977,0.038906,0.000000,0.000000,-0.026977,0.000000,0.120000,0.000000,0.065217,-0.000000,0.000000,-0.000000,0.000000,0.000000,0.000000,0.010000,0
1790549773.8409,-0.025445,0.034747,0.000000,0.000000,-0.025445,0.000000,0.120000,0.000000,0.086957,-0.000000,0.000000,0.000000,0.000000,0.000000,-0.000000,0.010000,0
1790549773.8576,-0.023150,0.030940,0.000000,0.000000,-0.023150,0.000000,0.120000,0.000000,0.108696,-0.000000,0.000000,0.000000,0.000000,0.000000,-0.000000,0.010000,0
1790549773.8744,-0.020048,0.027086,0.000000,0.000000,-0.020048,0.000000,0.120000,0.000000,0.130435,-0.000000,0.000000,0.000000,0.000000,0.000000,-0.000000,0.010000,0
1790549773.8909,-0.015947,0.022623,0.000000,0.000000,-0.015947,0.000000,0.120000,0.000000,0.152174,-0.000000,0.000000,0.000000,0.000000,0.000000,-0.000000,0.010000,0
1790549773.9074,-0.010647,0.017152,0.000000,0.000000,-0.010647,0.000000,0.120000,0.000000,0.173913,-0.000000,0.000000,0.000000,0.000000,0.000000,-0.000000,0.010000,0
1790549773.9244,-0.004081,0.010577,0.000000,0.000000,-0.004081,0.000000,0.120000,0.000000,0.195652,-0.000000,0.000000,0.000000,0.000000,0.000000,-0.000000,0.010000,0
1790549773.9407,0.003667,0.003039,0.000000,0.000000,0.003667,0.000000,0.120000,0.000000,0.217391,0.000000,0.000000,0.000000,0.000000,0.000000,-0.000000,0.010000,0
1790549773.9559,0.005655,0.004289,0.000000,0.000000,0.005655,0.000000,0.120000,0.000000,0.239130,0.000000,0.000000,0.000000,0.000000,0.000000,0.000000,0.010000,0
1790549773.9731,0.006695,0.005048,0.000000,0.000000,0.006695,0.000000,0.120000,0.000000,0.260870,0.000000,0.000000,0.000000,0.000000,0.000000,0.000000,0.010000,0
1790549773.9908,0.007514,0.006108,0.000000,0.000000,0.007514,0.000000,0.120000,0.000000,0.282609,0.000000,0.000000,0.000000,0.000000,0.000000,0.000000,0.010000,0
1790549774.0076,0.008246,0.007400,0.000000,0.000000,0.008246,0.000000,0.120000,0.000000,0.304348,0.000000,0.000000,0.000000,0.000000,0.000000,0.000000,0.010000,0
1790549774.0240,0.009009,0.008910,0.000000,0.000000,0.009009,0.000000,0.120000,0.000000,0.326087,0.000000,0.000000,0.000000,0.000000,0.000000,0.000000,0.010000,0
1790549774.0408,0.009890,0.010634,0.000000,0.000000,0.009890,0.000000,0.120000,0.000000,0.347826,0.000000,0.000000,0.000000,0.000000,0.000000,0.000000,0.010000,0
1790549774.0576,0.010954,0.012566,0.000000,0.000000,0.010954,0.000000,0.120000,0.000000,0.369565,0.000000,0.000000,0.000000,0.000000,0.000000,0.000000,0.010000,0
1790549774.0744,0.012244,0.014705,0.000000,0.000000,0.012244,0.000000,0.120000,0.000000,0.391304,0.000000,0.000000,0.000000,0.000000,0.000000,0.000000,0.010000,0
1790549774.0909,0.013787,0.017047,0.000000,0.000000,0.013787,0.000000,0.120000,0.000000,0.413043,0.000000,0.000000,0.000000,0.000000,0.000000,0.000000,0.010000,0
1790549774.1072,0.015602,0.019589,0.000000,0.000000,0.015602,0.000000,0.120000,0.000000,0.434783,0.000000,0.000000,0.000000,0.000000,0.000000,0.000000,0.010000,0
1790549774.1236,0.015645,0.024744,0.000000,0.000000,0.015645,0.000000,0.120000,0.000000,0.456522,0.000000,0.000000,0.000000,0.000000,0.000000,0.000000,0.010000,0
1790549774.1406,0.017406,0.027216,0.000000,0.000000,0.017406,0.000000,0.120000,0.000000,0.478261,0.000000,0.000000,0.000000,0.000000,0.000000,0.000000,0.010000,0
1790549774.1559,0.019675,0.030027,0.000000,0.000000,0.019675,0.000000,0.120000,0.000000,0.500000,0.000000,0.000000,0.000000,0.000000,0.000000,0.000000,0.010000,0
1790549774.1744,0.022360,0.033058,0.000000,0.000000,0.022360,0.000000,0.120000,0.000000,0.521739,0.000000,0.000000,0.000000,0.000000,0.000000,0.000000,0.010000,0
1790549774.1908,0.025415,0.036292,0.000000,0.000000,0.025415,0.000000,0.120000,0.000000,0.543478,0.000000,0.000000,0.000000,0.000000,0.000000,0.000000,0.010000,0
1790549774.2060,0.028797,0.039723,0.000000,0.000000,0.028797,0.000000,0.120000,0.000000,0.565217,0.000000,0.000000,0.000000,0.000000,0.000000,0.000000,0.010000,0
1790549774.2221,0.027520,0.035413,0.000000,0.000000,0.027520,0.000000,0.120000,0.000000,0.586957,0.000000,0.000000,-0.000000,0.000000,0.000000,-0.000000,0.010000,0
1790549774.2407,0.025315,0.031527,0.000000,0.000000,0.025315,0.000000,0.120000,0.000000,0.608696,0.000000,0.000000,-0.000000,0.000000,0.000000,-0.000000,0.010000,0
1790549774.2575,0.022203,0.027651,0.000000,0.000000,0.022203,0.000000,0.120000,0.000000,0.630435,0.000000,0.000000,-0.000000,0.000000,0.000000,-0.000000,0.010000,0
1790549774.2736,0.018064,0.023188,0.000000,0.000000,0.018064,0.000000,0.120000,0.000000,0.652174,0.000000,0.000000,-0.000000,0.000000,0.000000,-0.000000,0.010000,0
1790549774.2905,0.012738,0.017725,0.000000,0.000000,0.012738,0.000000,0.120000,0.000000,0.673913,0.000000,0.000000,-0.000000,0.000000,0.000000,-0.000000,0.010000,0
1790549774.3074,0.006164,0.011157,0.000000,0.000000,0.006164,0.000000,0.120000,0.000000,0.695652,0.000000,0.000000,-0.000000,0.000000,0.000000,-0.000000,0.010000,0
1790549774.3235,-0.001589,0.003631,0.000000,0.000000,-0.001589,0.000000,0.120000,0.000000,0.717391,-0.000000,0.000000,-0.000000,0.000000,0.000000,-0.000000,0.010000,0
1790549774.3388,-0.003998,0.004797,0.000000,0.000000,-0.003998,0.000000,0.120000,0.000000,0.739130,-0.000000,0.000000,-0.000000,0.000000,0.000000,0.000000,0.010000,0
1790549774.3574,-0.005081,0.005367,0.000000,0.000000,-0.005081,0.000000,0.120000,0.000000,0.760870,-0.000000,0.000000,-0.000000,0.000000,0.000000,0.000000,0.010000,0
1790549774.3736,-0.005855,0.006229,0.000000,0.000000,-0.005855,0.000000,0.120000,0.000000,0.782609,-0.000000,0.000000,-0.000000,0.000000,0.000000,0.000000,0.010000,0
1790549774.3906,-0.006555,0.007337,0.000000,0.000000,-0.006555,0.000000,0.120000,0.000000,0.804348,-0.000000,0.000000,-0.000000,0.000000,0.000000,0.000000,0.010000,0
1790549774.4076,-0.007310,0.008678,0.000000,0.000000,-0.007310,0.000000,0.120000,0.000000,0.826087,-0.000000,0.000000,-0.000000,0.000000,0.000000,0.000000,0.010000,0
1790549774.4224,-0.008199,0.010243,0.000000,0.000000,-0.008199,0.000000,0.120000,0.000000,0.847826,-0.000000,0.000000,-0.000000,0.000000,0.000000,0.000000,0.010000,0
1790549774.4408,-0.009275,0.012024,0.000000,0.000000,-0.009275,0.000000,0.120000,0.000000,0.869565,-0.000000,0.000000,-0.000000,0.000000,0.000000,0.000000,0.010000,0
1790549774.4583,-0.010575,0.014017,0.000000,0.000000,-0.010575,0.000000,0.120000,0.000000,0.891304,-0.000000,0.000000,-0.000000,0.000000,0.000000,0.000000,0.010000,0
1790549774.4741,-0.012120,0.016215,0.000000,0.000000,-0.012120,0.000000,0.120000,0.000000,0.913043,-0.000000,0.000000,-0.000000,0.000000,0.000000,0.000000,0.010000,0
1790549774.4906,-0.013926,0.018613,0.000000,0.000000,-0.013926,0.000000,0.120000,0.000000,0.934783,-0.000000,0.000000,-0.000000,0.000000,0.000000,0.000000,0.010000,0
1790549774.5074,-0.015998,0.021204,0.000000,0.000000,-0.015998,0.000000,0.120000,0.000000,0.956522,-0.000000,0.000000,-0.000000,0.000000,0.000000,0.000000,0.010000,0
1790549774.5236,-0.015873,0.026424,0.000000,0.000000,-0.015873,0.000000,0.120000,0.000000,0.978261,-0.000000,0.000000,0.000000,0.000000,0.000000,0.000000,0.010000,0
1790549774.5406,-0.017960,0.028936,0.000000,0.000000,-0.017960,0.000000,0.120000,0.000000,1.000000,-0.000000,0.000000,-0.000000,0.000000,0.000000,0.000000,0.010000,0
1790549774.5573,-0.020484,0.031778,0.000000,0.000000,-0.020484,0.000000,0.120000,0.000000,0.021739,-0.000000,0.000000,-0.000000,0.000000,0.000000,0.000000,0.010000,0
1790549774.5748,-0.023381,0.034827,0.000000,0.000000,-0.023381,0.000000,0.120000,0.000000,0.043478,-0.000000,0.000000,-0.000000,0.000000,0.000000,0.000000,0.010000,0
1790549774.5905,-0.026607,0.038068,0.000000,0.000000,-0.026607,0.000000,0.120000,0.000000,0.065217,-0.000000,0.000000,-0.000000,0.000000,0.000000,0.000000,0.010000,0
1790549774.6076,-0.025095,0.033913,0.000000,0.000000,-0.025095,0.000000,0.120000,0.000000,0.086957,-0.000000,0.000000,0.000000,0.000000,0.000000,-0.000000,0.010000,0
1790549774.6243,-0.022818,0.030108,0.000000,0.000000,-0.022818,0.000000,0.120000,0.000000,0.108696,-0.000000,0.000000,0.000000,0.000000,0.000000,-0.000000,0.010000,0
1790549774.6408,-0.019727,0.026260,0.000000,0.000000,-0.019727,0.000000,0.120000,0.000000,0.130435,-0.000000,0.000000,0.000000,0.000000,0.000000,-0.000000,0.010000,0
1790549774.6576,-0.015631,0.021806,0.000000,0.000000,-0.015631,0.000000,0.120000,0.000000,0.152174,-0.000000,0.000000,0.000000,0.000000,0.000000,-0.000000,0.010000,0
1790549774.6742,-0.010329,0.016347,0.000000,0.000000,-0.010329,0.000000,0.120000,0.000000,0.173913,-0.000000,0.000000,0.000000,0.000000,0.000000,-0.000000,0.010000,0
1790549774.6908,-0.003757,0.009787,0.000000,0.000000,-0.003757,0.000000,0.120000,0.000000,0.195652,-0.000000,0.000000,0.000000,0.000000,0.000000,-0.000000,0.010000,0
1790549774.7083,0.004000,0.002265,0.000000,0.000000,0.004000,0.000000,0.120000,0.000000,0.217391,0.000000,0.000000,0.000000,0.000000,0.000000,-0.000000,0.010000,0
1790549774.7243,0.005969,0.003551,0.000000,0.000000,0.005969,0.000000,0.120000,0.000000,0.239130,0.000000,0.000000,0.000000,0.000000,0.000000,0.000000,0.010000,0
1790549774.7407,0.006967,0.004326,0.000000,0.000000,0.006967,0.000000,0.120000,0.000000,0.260870,0.000000,0.000000,0.000000,0.000000,0.000000,0.000000,0.010000,0
1790549774.7574,0.007736,0.005399,0.000000,0.000000,0.007736,0.000000,0.120000,0.000000,0.282609,0.000000,0.000000,0.000000,0.000000,0.000000,0.000000,0.010000,0
1790549774.7741,0.008413,0.006699,0.000000,0.000000,0.008413,0.000000,0.120000,0.000000,0.304348,0.000000,0.000000,0.000000,0.000000,0.000000,0.000000,0.010000,0
1790549774.7908,0.009118,0.008214,0.000000,0.000000,0.009118,0.000000,0.120000,0.000000,0.326087,0.000000,0.000000,0.000000,0.000000,0.000000,0.000000,0.010000,0
1790549774.8093,0.009940,0.009937,0.000000,0.000000,0.009940,0.000000,0.120000,0.000000,0.347826,0.000000,0.000000,0.000000,0.000000,0.000000,0.000000,0.010000,0
1790549774.8250,0.010944,0.011867,0.000000,0.000000,0.010944,0.000000,0.120000,0.000000,0.369565,0.000000,0.000000,0.000000,0.000000,0.000000,0.000000,0.010000,0
1790549774.8510,0.012173,0.013999,0.000000,0.000000,0.012173,0.000000,0.120000,0.000000,0.391304,0.000000,0.000000,0.000000,0.000000,0.000000,0.000000,0.010000,0
1790549774.8750,0.013657,0.016332,0.000000,0.000000,0.013657,0.000000,0.120000,0.000000,0.413043,0.000000,0.000000,0.000000,0.000000,0.000000,0.000000,0.010000,0
1790549774.8916,0.013371,0.021235,0.000000,0.000000,0.013371,0.000000,0.120000,0.000000,0.434783,0.000000,0.000000,-0.000000,0.000000,0.000000,0.000000,0.010000,0
1790549774.9092,0.014799,0.023507,0.000000,0.000000,0.014799,0.000000,0.120000,0.000000,0.456522,0.000000,0.000000,0.000000,0.000000,0.000000,0.000000,0.010000,0
1790549774.9236,0.016739,0.026121,0.000000,0.000000,0.016739,0.000000,0.120000,0.000000,0.478261,0.000000,0.000000,0.000000,0.000000,0.000000,0.000000,0.010000,0
1790549774.9416,0.019104,0.028952,0.000000,0.000000,0.019104,0.000000,0.120000,0.000000,0.500000,0.000000,0.000000,0.000000,0.000000,0.000000,0.000000,0.010000,0
1790549774.9583,0.021841,0.031986,0.000000,0.000000,0.021841,0.000000,0.120000,0.000000,0.521739,0.000000,0.000000,0.000000,0.000000,0.000000,0.000000,0.010000,0
1790549774.9736,0.024914,0.035215,0.000000,0.000000,0.024914,0.000000,0.120000,0.000000,0.543478,0.000000,0.000000,0.000000,0.000000,0.000000,0.000000,0.010000,0
1790549774.9907,0.028288,0.038632,0.000000,0.000000,0.028288,0.000000,0.120000,0.000000,0.565217,0.000000,0.000000,0.000000,0.000000,0.000000,0.000000,0.010000,0
1790549775.0083,0.027010,0.034340,0.000000,0.000000,0.027010,0.000000,0.120000,0.000000,0.586957,0.000000,0.000000,-0.000000,0.000000,0.000000,-0.000000,0.010000,0
1790549775.0242,0.024795,0.030471,0.000000,0.000000,0.024795,0.000000,0.120000,0.000000,0.608696,0.000000,0.000000,-0.000000,0.000000,0.000000,-0.000000,0.010000,0
1790549775.0408,0.021672,0.026615,0.000000,0.000000,0.021672,0.000000,0.120000,0.000000,0.630435,0.000000,0.000000,-0.000000,0.000000,0.000000,-0.000000,0.010000,0
1790549775.0583,0.017519,0.022174,0.000000,0.000000,0.017519,0.000000,0.120000,0.000000,0.652174,0.000000,0.000000,-0.000000,0.000000,0.000000,-0.000000,0.010000,0
1790549775.0740,0.012178,0.016733,0.000000,0.000000,0.012178,0.000000,0.120000,0.000000,0.673913,0.000000,0.000000,-0.000000,0.000000,0.000000,-0.000000,0.010000,0
1790549775.0906,0.005589,0.010188,0.000000,0.000000,0.005589,0.000000,0.120000,0.000000,0.695652,0.000000,0.000000,-0.000000,0.000000,0.000000,-0.000000,0.010000,0
1790549775.1076,-0.002179,0.002685,0.000000,0.000000,-0.002179,0.000000,0.120000,0.000000,0.717391,-0.000000,0.000000,-0.000000,0.000000,0.000000,-0.000000,0.010000,0
1790549775.1243,-0.004577,0.003915,0.000000,0.000000,-0.004577,0.000000,0.120000,0.000000,0.739130,-0.000000,0.000000,-0.000000,0.000000,0.000000,0.000000,0.010000,0
1790549775.1409,-0.005615,0.004520,0.000000,0.000000,-0.005615,0.000000,0.120000,0.000000,0.760870,-0.000000,0.000000,-0.000000,0.000000,0.000000,0.000000,0.010000,0
1790549775.1583,-0.006332,0.005411,0.000000,0.000000,-0.006332,0.000000,0.120000,0.000000,0.782609,-0.000000,0.000000,-0.000000,0.000000,0.000000,0.000000,0.010000,0
1790549775.1750,-0.006972,0.006543,0.000000,0.000000,-0.006972,0.000000,0.120000,0.000000,0.804348,-0.000000,0.000000,-0.000000,0.000000,0.000000,0.000000,0.010000,0
1790549775.1908,-0.007663,0.007903,0.000000,0.000000,-0.007663,0.000000,0.120000,0.000000,0.826087,-0.000000,0.000000,-0.000000,0.000000,0.000000,0.000000,0.010000,0
1790549775.2074,-0.008488,0.009483,0.000000,0.000000,-0.008488,0.000000,0.120000,0.000000,0.847826,-0.000000,0.000000,-0.000000,0.000000,0.000000,0.000000,0.010000,0
1790549775.2241,-0.009500,0.011276,0.000000,0.000000,-0.009500,0.000000,0.120000,0.000000,0.869565,-0.000000,0.000000,-0.000000,0.000000,0.000000,0.000000,0.010000,0
1790549775.2408,-0.010735,0.013276,0.000000,0.000000,-0.010735,0.000000,0.120000,0.000000,0.891304,-0.000000,0.000000,-0.000000,0.000000,0.000000,0.000000,0.010000,0
1790549775.2576,-0.012217,0.015478,0.000000,0.000000,-0.012217,0.000000,0.120000,0.000000,0.913043,-0.000000,0.000000,-0.000000,0.000000,0.000000,0.000000,0.010000,0
1790549775.2736,-0.013961,0.017877,0.000000,0.000000,-0.013961,0.000000,0.120000,0.000000,0.934783,-0.000000,0.000000,-0.000000,0.000000,0.000000,0.000000,0.010000,0
1790549775.2909,-0.013512,0.022876,0.000000,0.000000,-0.013512,0.000000,0.120000,0.000000,0.956522,-0.000000,0.000000,0.000000,0.000000,0.000000,0.000000,0.010000,0
1790549775.3083,-0.015285,0.025206,0.000000,0.000000,-0.015285,0.000000,0.120000,0.000000,0.978261,-0.000000,0.000000,-0.000000,0.000000,0.000000,0.000000,0.010000,0
1790549775.3241,-0.017504,0.027865,0.000000,0.000000,-0.017504,0.000000,0.120000,0.000000,1.000000,-0.000000,0.000000,-0.000000,0.000000,0.000000,0.000000,0.010000,0
1790549775.3408,-0.020102,0.030730,0.000000,0.000000,-0.020102,0.000000,0.120000,0.000000,0.021739,-0.000000,0.000000,-0.000000,0.000000,0.000000,0.000000,0.010000,0
1790549775.3573,-0.023036,0.033786,0.000000,0.000000,-0.023036,0.000000,0.120000,0.000000,0.043478,-0.000000,0.000000,-0.000000,0.000000,0.000000,0.000000,0.010000,0
1790549775.3744,-0.026272,0.037026,0.000000,0.000000,-0.026272,0.000000,0.120000,0.000000,0.065217,-0.000000,0.000000,-0.000000,0.000000,0.000000,0.000000,0.010000,0
1790549775.3908,-0.024752,0.032893,0.000000,0.000000,-0.024752,0.000000,0.120000,0.000000,0.086957,-0.000000,0.000000,0.000000,0.000000,0.000000,-0.000000,0.010000,0
1790549775.4073,-0.022467,0.029106,0.000000,0.000000,-0.022467,0.000000,0.120000,0.000000,0.108696,-0.000000,0.000000,0.000000,0.000000,0.000000,-0.000000,0.010000,0
1790549775.4247,-0.019367,0.025278,0.000000,0.000000,-0.019367,0.000000,0.120000,0.000000,0.130435,-0.000000,0.000000,0.000000,0.000000,0.000000,-0.000000,0.010000,0
1790549775.4409,-0.015260,0.020845,0.000000,0.000000,-0.015260,0.000000,0.120000,0.000000,0.152174,-0.000000,0.000000,0.000000,0.000000,0.000000,-0.000000,0.010000,0
1790549775.4580,-0.009944,0.015409,0.000000,0.000000,-0.009944,0.000000,0.120000,0.000000,0.173913,-0.000000,0.000000,0.000000,0.000000,0.000000,-0.000000,0.010000,0
1790549775.4741,-0.003357,0.008871,0.000000,0.000000,-0.003357,0.000000,0.120000,0.000000,0.195652,-0.000000,0.000000,0.000000,0.000000,0.000000,-0.000000,0.010000,0
1790549775.4908,0.004414,0.001373,0.000000,0.000000,0.004414,0.000000,0.120000,0.000000,0.217391,0.000000,0.000000,0.000000,0.000000,0.000000,-0.000000,0.010000,0
1790549775.5073,0.006369,0.002710,0.000000,0.000000,0.006369,0.000000,0.120000,0.000000,0.239130,0.000000,0.000000,0.000000,0.000000,0.000000,0.000000,0.010000,0
1790549775.5243,0.007324,0.003512,0.000000,0.000000,0.007324,0.000000,0.120000,0.000000,0.260870,0.000000,0.000000,0.000000,0.000000,0.000000,0.000000,0.010000,0
1790549775.5410,0.008042,0.004606,0.000000,0.000000,0.008042,0.000000,0.120000,0.000000,0.282609,0.000000,0.000000,0.000000,0.000000,0.000000,0.000000,0.010000,0
1790549775.5566,0.008662,0.005923,0.000000,0.000000,0.008662,0.000000,0.120000,0.000000,0.304348,0.000000,0.000000,0.000000,0.000000,0.000000,0.000000,0.010000,0
1790549775.5743,0.009306,0.007449,0.000000,0.000000,0.009306,0.000000,0.120000,0.000000,0.326087,0.000000,0.000000,0.000000,0.000000,0.000000,0.000000,0.010000,0
1790549775.5907,0.010066,0.009181,0.000000,0.000000,0.010066,0.000000,0.120000,0.000000,0.347826,0.000000,0.000000,0.000000,0.000000,0.000000,0.000000,0.010000,0
1790549775.6076,0.011007,0.011114,0.000000,0.000000,0.011007,0.000000,0.120000,0.000000,0.369565,0.000000,0.000000,0.000000,0.000000,0.000000,0.000000,0.010000,0
1790549775.6243,0.012163,0.013270,0.000000,0.000000,0.012163,0.000000,0.120000,0.000000,0.391304,0.000000,0.000000,0.000000,0.000000,0.000000,0.000000,0.010000,0
1790549775.6408,0.011564,0.017932,0.000000,0.000000,0.011564,0.000000,0.120000,0.000000,0.413043,0.000000,0.000000,-0.000000,0.000000,0.000000,0.000000,0.010000,0
1790549775.6574,0.012656,0.020009,0.000000,0.000000,0.012656,0.000000,0.120000,0.000000,0.434783,0.000000,0.000000,0.000000,0.000000,0.000000,0.000000,0.010000,0
1790549775.6743,0.014259,0.022429,0.000000,0.000000,0.014259,0.000000,0.120000,0.000000,0.456522,0.000000,0.000000,0.000000,0.000000,0.000000,0.000000,0.010000,0
1790549775.6905,0.016293,0.025071,0.000000,0.000000,0.016293,0.000000,0.120000,0.000000,0.478261,0.000000,0.000000,0.000000,0.000000,0.000000,0.000000,0.010000,0
1790549775.7074,0.018708,0.027914,0.000000,0.000000,0.018708,0.000000,0.120000,0.000000,0.500000,0.000000,0.000000,0.000000,0.000000,0.000000,0.000000,0.010000,0
1790549775.7243,0.021463,0.030950,0.000000,0.000000,0.021463,0.000000,0.120000,0.000000,0.521739,0.000000,0.000000,0.000000,0.000000,0.000000,0.000000,0.010000,0
1790549775.7405,0.024528,0.034172,0.000000,0.000000,0.024528,0.000000,0.120000,0.000000,0.543478,0.000000,0.000000,0.000000,0.000000,0.000000,0.000000,0.010000,0
1790549775.7573,0.027875,0.037577,0.000000,0.000000,0.027875,0.000000,0.120000,0.000000,0.565217,0.000000,0.000000,0.000000,0.000000,0.000000,0.000000,0.010000,0
1790549775.7740,0.026582,0.033311,0.000000,0.000000,0.026582,0.000000,0.120000,0.000000,0.586957,0.000000,0.000000,-0.000000,0.000000,0.000000,-0.000000,0.010000,0
1790549775.7907,0.024347,0.029467,0.000000,0.000000,0.024347,0.000000,0.120000,0.000000,0.608696,0.000000,0.000000,-0.000000,0.000000,0.000000,-0.000000,0.010000,0
1790549775.8083,0.021203,0.025636,0.000000,0.000000,0.021203,0.000000,0.120000,0.000000,0.630435,0.000000,0.000000,-0.000000,0.000000,0.000000,-0.000000,0.010000,0
1790549775.8243,0.017032,0.021221,0.000000,0.000000,0.017032,0.000000,0.120000,0.000000,0.652174,0.000000,0.000000,-0.000000,0.000000,0.000000,-0.000000,0.010000,0
1790549775.8408,0.011672,0.015805,0.000000,0.000000,0.011672,0.000000,0.120000,0.000000,0.673913,0.000000,0.000000,-0.000000,0.000000,0.000000,-0.000000,0.010000,0
1790549775.8576,0.005065,0.009285,0.000000,0.000000,0.005065,0.000000,0.120000,0.000000,0.695652,0.000000,0.000000,-0.000000,0.000000,0.000000,-0.000000,0.010000,0
1790549775.8736,-0.002718,0.001807,0.000000,0.000000,-0.002718,0.000000,0.120000,0.000000,0.717391,-0.000000,0.000000,-0.000000,0.000000,0.000000,-0.000000,0.010000,0
1790549775.8905,-0.005107,0.003099,0.000000,0.000000,-0.005107,0.000000,0.120000,0.000000,0.739130,-0.000000,0.000000,-0.000000,0.000000,0.000000,0.000000,0.010000,0
1790549775.9073,-0.006103,0.003737,0.000000,0.000000,-0.006103,0.000000,0.120000,0.000000,0.760870,-0.000000,0.000000,-0.000000,0.000000,0.000000,0.000000,0.010000,0
1790549775.9243,-0.006770,0.004656,0.000000,0.000000,-0.006770,0.000000,0.120000,0.000000,0.782609,-0.000000,0.000000,-0.000000,0.000000,0.000000,0.000000,0.010000,0
1790549775.9408,-0.007355,0.005811,0.000000,0.000000,-0.007355,0.000000,0.120000,0.000000,0.804348,-0.000000,0.000000,-0.000000,0.000000,0.000000,0.000000,0.010000,0
1790549775.9576,-0.007989,0.007191,0.000000,0.000000,-0.007989,0.000000,0.120000,0.000000,0.826087,-0.000000,0.000000,-0.000000,0.000000,0.000000,0.000000,0.010000,0
1790549775.9736,-0.008756,0.008786,0.000000,0.000000,-0.008756,0.000000,0.120000,0.000000,0.847826,-0.000000,0.000000,-0.000000,0.000000,0.000000,0.000000,0.010000,0
1790549775.9907,-0.009709,0.010591,0.000000,0.000000,-0.009709,0.000000,0.120000,0.000000,0.869565,-0.000000,0.000000,-0.000000,0.000000,0.000000,0.000000,0.010000,0
1790549776.0078,-0.010886,0.012599,0.000000,0.000000,-0.010886,0.000000,0.120000,0.000000,0.891304,-0.000000,0.000000,-0.000000,0.000000,0.000000,0.000000,0.010000,0
1790549776.0236,-0.012302,0.014825,0.000000,0.000000,-0.012302,0.000000,0.120000,0.000000,0.913043,-0.000000,0.000000,-0.000000,0.000000,0.000000,0.000000,0.010000,0
1790549776.0406,-0.011540,0.019607,0.000000,0.000000,-0.011540,0.000000,0.120000,0.000000,0.934783,-0.000000,0.000000,0.000000,0.000000,0.000000,0.000000,0.010000,0
1790549776.0568,-0.012996,0.021754,0.000000,0.000000,-0.012996,0.000000,0.120000,0.000000,0.956522,-0.000000,0.000000,-0.000000,0.000000,0.000000,0.000000,0.010000,0
1790549776.0741,-0.014905,0.024235,0.000000,0.000000,-0.014905,0.000000,0.120000,0.000000,0.978261,-0.000000,0.000000,-0.000000,0.000000,0.000000,0.000000,0.010000,0
1790549776.0908,-0.017203,0.026922,0.000000,0.000000,-0.017203,0.000000,0.120000,0.000000,1.000000,-0.000000,0.000000,-0.000000,0.000000,0.000000,0.000000,0.010000,0
1790549776.1074,-0.019843,0.029799,0.000000,0.000000,-0.019843,0.000000,0.120000,0.000000,0.021739,-0.000000,0.000000,-0.000000,0.000000,0.000000,0.000000,0.010000,0
1790549776.1227,-0.022793,0.032860,0.000000,0.000000,-0.022793,0.000000,0.120000,0.000000,0.043478,-0.000000,0.000000,-0.000000,0.000000,0.000000,0.000000,0.010000,0
1790549776.1410,-0.026023,0.036098,0.000000,0.000000,-0.026023,0.000000,0.120000,0.000000,0.065217,-0.000000,0.000000,-0.000000,0.000000,0.000000,0.000000,0.010000,0
1790549776.1576,-0.024488,0.031988,0.000000,0.000000,-0.024488,0.000000,0.120000,0.000000,0.086957,-0.000000,0.000000,0.000000,0.000000,0.000000,-0.000000,0.010000,0
1790549776.1741,-0.022189,0.028222,0.000000,0.000000,-0.022189,0.000000,0.120000,0.000000,0.108696,-0.000000,0.000000,0.000000,0.000000,0.000000,-0.000000,0.010000,0
1790549776.1905,-0.019075,0.024415,0.000000,0.000000,-0.019075,0.000000,0.120000,0.000000,0.130435,-0.000000,0.000000,0.000000,0.000000,0.000000,-0.000000,0.010000,0
1790549776.2076,-0.014953,0.020004,0.000000,0.000000,-0.014953,0.000000,0.120000,0.000000,0.152174,-0.000000,0.000000,0.000000,0.000000,0.000000,-0.000000,0.010000,0
1790549776.2240,-0.009622,0.014589,0.000000,0.000000,-0.009622,0.000000,0.120000,0.000000,0.173913,-0.000000,0.000000,0.000000,0.000000,0.000000,-0.000000,0.010000,0
1790549776.2410,-0.003019,0.008073,0.000000,0.000000,-0.003019,0.000000,0.120000,0.000000,0.195652,-0.000000,0.000000,0.000000,0.000000,0.000000,-0.000000,0.010000,0
1790549776.2571,0.004767,0.000598,0.000000,0.000000,0.004767,0.000000,0.120000,0.000000,0.217391,0.000000,0.000000,0.000000,0.000000,0.000000,-0.000000,0.010000,0
1790549776.2736,0.006712,0.001982,0.000000,0.000000,0.006712,0.000000,0.120000,0.000000,0.239130,0.000000,0.000000,0.000000,0.000000,0.000000,0.000000,0.010000,0
1790549776.2906,0.007634,0.002810,0.000000,0.000000,0.007634,0.000000,0.120000,0.000000,0.260870,0.000000,0.000000,0.000000,0.000000,0.000000,0.000000,0.010000,0
1790549776.3058,0.008310,0.003926,0.000000,0.000000,0.008310,0.000000,0.120000,0.000000,0.282609,0.000000,0.000000,0.000000,0.000000,0.000000,0.000000,0.010000,0
1790549776.3242,0.008883,0.005260,0.000000,0.000000,0.008883,0.000000,0.120000,0.000000,0.304348,0.000000,0.000000,0.000000,0.000000,0.000000,0.000000,0.010000,0
1790549776.3405,0.009478,0.006800,0.000000,0.000000,0.009478,0.000000,0.120000,0.000000,0.326087,0.000000,0.000000,0.000000,0.000000,0.000000,0.000000,0.010000,0
1790549776.3574,0.010188,0.008542,0.000000,0.000000,0.010188,0.000000,0.120000,0.000000,0.347826,0.000000,0.000000,0.000000,0.000000,0.000000,0.000000,0.010000,0
1790549776.3739,0.009217,0.012625,0.000000,0.000000,0.009217,0.000000,0.120000,0.000000,0.369565,0.000000,0.000000,-0.000000,0.000000,0.000000,0.000000,0.010000,0
1790549776.3906,0.009769,0.014353,0.000000,0.000000,0.009769,0.000000,0.120000,0.000000,0.391304,0.000000,0.000000,0.000000,0.000000,0.000000,0.000000,0.010000,0
1790549776.4073,0.010792,0.016417,0.000000,0.000000,0.010792,0.000000,0.120000,0.000000,0.413043,0.000000,0.000000,0.000000,0.000000,0.000000,0.000000,0.010000,0
1790549776.4247,0.012230,0.018708,0.000000,0.000000,0.012230,0.000000,0.120000,0.000000,0.434783,0.000000,0.000000,0.000000,0.000000,0.000000,0.000000,0.010000,0
1790549776.4408,0.014050,0.021208,0.000000,0.000000,0.014050,0.000000,0.120000,0.000000,0.456522,0.000000,0.000000,0.000000,0.000000,0.000000,0.000000,0.010000,0
1790549776.4569,0.016222,0.023906,0.000000,0.000000,0.016222,0.000000,0.120000,0.000000,0.478261,0.000000,0.000000,0.000000,0.000000,0.000000,0.000000,0.010000,0
1790549776.4744,0.018717,0.026792,0.000000,0.000000,0.018717,0.000000,0.120000,0.000000,0.500000,0.000000,0.000000,0.000000,0.000000,0.000000,0.000000,0.010000,0
1790549776.4902,0.021506,0.029858,0.000000,0.000000,0.021506,0.000000,0.120000,0.000000,0.521739,0.000000,0.000000,0.000000,0.000000,0.000000,0.000000,0.010000,0
1790549776.5054,0.024572,0.033102,0.000000,0.000000,0.024572,0.000000,0.120000,0.000000,0.543478,0.000000,0.000000,0.000000,0.000000,0.000000,0.000000,0.010000,0
1790549776.5242,0.027894,0.036518,0.000000,0.000000,0.027894,0.000000,0.120000,0.000000,0.565217,0.000000,0.000000,0.000000,0.000000,0.000000,0.000000,0.010000,0
1790549776.5406,0.026576,0.032278,0.000000,0.000000,0.026576,0.000000,0.120000,0.000000,0.586957,0.000000,0.000000,-0.000000,0.000000,0.000000,-0.000000,0.010000,0
1790549776.5566,0.024306,0.028459,0.000000,0.000000,0.024306,0.000000,0.120000,0.000000,0.608696,0.000000,0.000000,-0.000000,0.000000,0.000000,-0.000000,0.010000,0
1790549776.5743,0.021127,0.024655,0.000000,0.000000,0.021127,0.000000,0.120000,0.000000,0.630435,0.000000,0.000000,-0.000000,0.000000,0.000000,-0.000000,0.010000,0
1790549776.5908,0.016918,0.020268,0.000000,0.000000,0.016918,0.000000,0.120000,0.000000,0.652174,0.000000,0.000000,-0.000000,0.000000,0.000000,-0.000000,0.010000,0
1790549776.6068,0.011521,0.014880,0.000000,0.000000,0.011521,0.000000,0.120000,0.000000,0.673913,0.000000,0.000000,-0.000000,0.000000,0.000000,-0.000000,0.010000,0
1790549776.6242,0.004878,0.008389,0.000000,0.000000,0.004878,0.000000,0.120000,0.000000,0.695652,0.000000,0.000000,-0.000000,0.000000,0.000000,-0.000000,0.010000,0
1790549776.6405,-0.002940,0.000938,0.000000,0.000000,-0.002940,0.000000,0.120000,0.000000,0.717391,-0.000000,0.000000,-0.000000,0.000000,0.000000,-0.000000,0.010000,0
1790549776.6577,-0.005349,0.002301,0.000000,0.000000,-0.005349,0.000000,0.120000,0.000000,0.739130,-0.000000,0.000000,-0.000000,0.000000,0.000000,0.000000,0.010000,0
1790549776.6743,-0.006339,0.002989,0.000000,0.000000,-0.006339,0.000000,0.120000,0.000000,0.760870,-0.000000,0.000000,-0.000000,0.000000,0.000000,0.000000,0.010000,0
1790549776.6909,-0.006992,0.003952,0.000000,0.000000,-0.006992,0.000000,0.120000,0.000000,0.782609,-0.000000,0.000000,-0.000000,0.000000,0.000000,0.000000,0.010000,0
1790549776.7073,-0.007557,0.005149,0.000000,0.000000,-0.007557,0.000000,0.120000,0.000000,0.804348,-0.000000,0.000000,-0.000000,0.000000,0.000000,0.000000,0.010000,0
1790549776.7243,-0.008170,0.006565,0.000000,0.000000,-0.008170,0.000000,0.120000,0.000000,0.826087,-0.000000,0.000000,-0.000000,0.000000,0.000000,0.000000,0.010000,0
1790549776.7408,-0.008914,0.008195,0.000000,0.000000,-0.008914,0.000000,0.120000,0.000000,0.847826,-0.000000,0.000000,-0.000000,0.000000,0.000000,0.000000,0.010000,0
1790549776.7575,-0.009842,0.010036,0.000000,0.000000,-0.009842,0.000000,0.120000,0.000000,0.869565,-0.000000,0.000000,-0.000000,0.000000,0.000000,0.000000,0.010000,0
1790549776.7741,-0.008664,0.014322,0.000000,0.000000,-0.008664,0.000000,0.120000,0.000000,0.891304,-0.000000,0.000000,0.000000,0.000000,0.000000,0.000000,0.010000,0
1790549776.7906,-0.009588,0.016138,0.000000,0.000000,-0.009588,0.000000,0.120000,0.000000,0.913043,-0.000000,0.000000,-0.000000,0.000000,0.000000,0.000000,0.010000,0
1790549776.8093,-0.010954,0.018292,0.000000,0.000000,-0.010954,0.000000,0.120000,0.000000,0.934783,-0.000000,0.000000,-0.000000,0.000000,0.000000,0.000000,0.010000,0
1790549776.8241,-0.012713,0.020664,0.000000,0.000000,-0.012713,0.000000,0.120000,0.000000,0.956522,-0.000000,0.000000,-0.000000,0.000000,0.000000,0.000000,0.010000,0
1790549776.8407,-0.014830,0.023234,0.000000,0.000000,-0.014830,0.000000,0.120000,0.000000,0.978261,-0.000000,0.000000,-0.000000,0.000000,0.000000,0.000000,0.010000,0
1790549776.8576,-0.017272,0.025990,0.000000,0.000000,-0.017272,0.000000,0.120000,0.000000,1.000000,-0.000000,0.000000,-0.000000,0.000000,0.000000,0.000000,0.010000,0
1790549776.8738,-0.020008,0.028926,0.000000,0.000000,-0.020008,0.000000,0.120000,0.000000,0.021739,-0.000000,0.000000,-0.000000,0.000000,0.000000,0.000000,0.010000,0
1790549776.8916,-0.023015,0.032036,0.000000,0.000000,-0.023015,0.000000,0.120000,0.000000,0.043478,-0.000000,0.000000,-0.000000,0.000000,0.000000,0.000000,0.010000,0
1790549776.9077,-0.026273,0.035315,0.000000,0.000000,-0.026273,0.000000,0.120000,0.000000,0.065217,-0.000000,0.000000,-0.000000,0.000000,0.000000,0.000000,0.010000,0
1790549776.9243,-0.024723,0.031227,0.000000,0.000000,-0.024723,0.000000,0.120000,0.000000,0.086957,-0.000000,0.000000,0.000000,0.000000,0.000000,-0.000000,0.010000,0
1790549776.9407,-0.022409,0.027480,0.000000,0.000000,-0.022409,0.000000,0.120000,0.000000,0.108696,-0.000000,0.000000,0.000000,0.000000,0.000000,-0.000000,0.010000,0
1790549776.9583,-0.019275,0.023692,0.000000,0.000000,-0.019275,0.000000,0.120000,0.000000,0.130435,-0.000000,0.000000,0.000000,0.000000,0.000000,-0.000000,0.010000,0
1790549776.9741,-0.015130,0.019303,0.000000,0.000000,-0.015130,0.000000,0.120000,0.000000,0.152174,-0.000000,0.000000,0.000000,0.000000,0.000000,-0.000000,0.010000,0
1790549776.9907,-0.009771,0.013911,0.000000,0.000000,-0.009771,0.000000,0.120000,0.000000,0.173913,-0.000000,0.000000,0.000000,0.000000,0.000000,-0.000000,0.010000,0
1790549777.0073,-0.003138,0.007419,0.000000,0.000000,-0.003138,0.000000,0.120000,0.000000,0.195652,-0.000000,0.000000,0.000000,0.000000,0.000000,-0.000000,0.010000,0
1790549777.0251,0.004677,-0.000032,0.000000,0.000000,0.004677,0.000000,0.120000,0.000000,0.217391,0.000000,0.000000,0.000000,-0.000000,0.000000,-0.000000,0.010000,0
1790549777.0428,0.006646,0.001401,0.000000,0.000000,0.006646,0.000000,0.120000,0.000000,0.239130,0.000000,0.000000,0.000000,0.000000,0.000000,0.000000,0.010000,0
1790549777.0583,0.007579,0.002270,0.000000,0.000000,0.007579,0.000000,0.120000,0.000000,0.260870,0.000000,0.000000,0.000000,0.000000,0.000000,0.000000,0.010000,0
1790549777.0743,0.008261,0.003423,0.000000,0.000000,0.008261,0.000000,0.120000,0.000000,0.282609,0.000000,0.000000,0.000000,0.000000,0.000000,0.000000,0.010000,0
1790549777.0907,0.008837,0.004792,0.000000,0.000000,0.008837,0.000000,0.120000,0.000000,0.304348,0.000000,0.000000,0.000000,0.000000,0.000000,0.000000,0.010000,0
1790549777.1073,0.009424,0.006388,0.000000,0.000000,0.009424,0.000000,0.120000,0.000000,0.326087,0.000000,0.000000,0.000000,0.000000,0.000000,0.000000,0.010000,0
1790549777.1236,0.008413,0.010180,0.000000,0.000000,0.008413,0.000000,0.120000,0.000000,0.347826,0.000000,0.000000,-0.000000,0.000000,0.000000,0.000000,0.010000,0
1790549777.1406,0.008768,0.011765,0.000000,0.000000,0.008768,0.000000,0.120000,0.000000,0.369565,0.000000,0.000000,0.000000,0.000000,0.000000,0.000000,0.010000,0
1790549777.1573,0.009554,0.013681,0.000000,0.000000,0.009554,0.000000,0.120000,0.000000,0.391304,0.000000,0.000000,0.000000,0.000000,0.000000,0.000000,0.010000,0
1790549777.1735,0.010731,0.015822,0.000000,0.000000,0.010731,0.000000,0.120000,0.000000,0.413043,0.000000,0.000000,0.000000,0.000000,0.000000,0.000000,0.010000,0
1790549777.1907,0.012278,0.018174,0.000000,0.000000,0.012278,0.000000,0.120000,0.000000,0.434783,0.000000,0.000000,0.000000,0.000000,0.000000,0.000000,0.010000,0
1790549777.2075,0.014175,0.020729,0.000000,0.000000,0.014175,0.000000,0.120000,0.000000,0.456522,0.000000,0.000000,0.000000,0.000000,0.000000,0.000000,0.010000,0
1790549777.2242,0.016400,0.023476,0.000000,0.000000,0.016400,0.000000,0.120000,0.000000,0.478261,0.000000,0.000000,0.000000,0.000000,0.000000,0.000000,0.010000,0
1790549777.2407,0.018929,0.026406,0.000000,0.000000,0.018929,0.000000,0.120000,0.000000,0.500000,0.000000,0.000000,0.000000,0.000000,0.000000,0.000000,0.010000,0
1790549777.2576,0.021739,0.029512,0.000000,0.000000,0.021739,0.000000,0.120000,0.000000,0.521739,0.000000,0.000000,0.000000,0.000000,0.000000,0.000000,0.010000,0
1790549777.2736,0.024816,0.032792,0.000000,0.000000,0.024816,0.000000,0.120000,0.000000,0.543478,0.000000,0.000000,0.000000,0.000000,0.000000,0.000000,0.010000,0
1790549777.2907,0.028144,0.036243,0.000000,0.000000,0.028144,0.000000,0.120000,0.000000,0.565217,0.000000,0.000000,0.000000,0.000000,0.000000,0.000000,0.010000,0
1790549777.3077,0.026819,0.032015,0.000000,0.000000,0.026819,0.000000,0.120000,0.000000,0.586957,0.000000,0.000000,-0.000000,0.000000,0.000000,-0.000000,0.010000,0
1790549777.3243,0.024537,0.028210,0.000000,0.000000,0.024537,0.000000,0.120000,0.000000,0.608696,0.000000,0.000000,-0.000000,0.000000,0.000000,-0.000000,0.010000,0
1790549777.3406,0.021343,0.024422,0.000000,0.000000,0.021343,0.000000,0.120000,0.000000,0.630435,0.000000,0.000000,-0.000000,0.000000,0.000000,-0.000000,0.010000,0
1790549777.3574,0.017120,0.020050,0.000000,0.000000,0.017120,0.000000,0.120000,0.000000,0.652174,0.000000,0.000000,-0.000000,0.000000,0.000000,-0.000000,0.010000,0
1790549777.3741,0.011707,0.014678,0.000000,0.000000,0.011707,0.000000,0.120000,0.000000,0.673913,0.000000,0.000000,-0.000000,0.000000,0.000000,-0.000000,0.010000,0
1790549777.3907,0.005047,0.008202,0.000000,0.000000,0.005047,0.000000,0.120000,0.000000,0.695652,0.000000,0.000000,-0.000000,0.000000,0.000000,-0.000000,0.010000,0
1790549777.4074,-0.002785,0.000766,0.000000,0.000000,-0.002785,0.000000,0.120000,0.000000,0.717391,-0.000000,0.000000,-0.000000,0.000000,0.000000,-0.000000,0.010000,0
1790549777.4246,-0.005210,0.002147,0.000000,0.000000,-0.005210,0.000000,0.120000,0.000000,0.739130,-0.000000,0.000000,-0.000000,0.000000,0.000000,0.000000,0.010000,0
1790549777.4409,-0.006217,0.002856,0.000000,0.000000,-0.006217,0.000000,0.120000,0.000000,0.760870,-0.000000,0.000000,-0.000000,0.000000,0.000000,0.000000,0.010000,0
1790549777.4566,-0.006888,0.003841,0.000000,0.000000,-0.006888,0.000000,0.120000,0.000000,0.782609,-0.000000,0.000000,-0.000000,0.000000,0.000000,0.000000,0.010000,0
1790549777.4743,-0.007473,0.005058,0.000000,0.000000,-0.007473,0.000000,0.120000,0.000000,0.804348,-0.000000,0.000000,-0.000000,0.000000,0.000000,0.000000,0.010000,0
1790549777.4907,-0.008105,0.006495,0.000000,0.000000,-0.008105,0.000000,0.120000,0.000000,0.826087,-0.000000,0.000000,-0.000000,0.000000,0.000000,0.000000,0.010000,0
1790549777.5075,-0.008870,0.008144,0.000000,0.000000,-0.008870,0.000000,0.120000,0.000000,0.847826,-0.000000,0.000000,-0.000000,0.000000,0.000000,0.000000,0.010000,0
1790549777.5243,-0.007600,0.012158,0.000000,0.000000,-0.007600,0.000000,0.120000,0.000000,0.869565,-0.000000,0.000000,0.000000,0.000000,0.000000,0.000000,0.010000,0
1790549777.5410,-0.008312,0.013818,0.000000,0.000000,-0.008312,0.000000,0.120000,0.000000,0.891304,-0.000000,0.000000,-0.000000,0.000000,0.000000,0.000000,0.010000,0
1790549777.5573,-0.009446,0.015815,0.000000,0.000000,-0.009446,0.000000,0.120000,0.000000,0.913043,-0.000000,0.000000,-0.000000,0.000000,0.000000,0.000000,0.010000,0
1790549777.5738,-0.010963,0.018034,0.000000,0.000000,-0.010963,0.000000,0.120000,0.000000,0.934783,-0.000000,0.000000,-0.000000,0.000000,0.000000,0.000000,0.010000,0
1790549777.5910,-0.012837,0.020458,0.000000,0.000000,-0.012837,0.000000,0.120000,0.000000,0.956522,-0.000000,0.000000,-0.000000,0.000000,0.000000,0.000000,0.010000,0
1790549777.6075,-0.015042,0.023076,0.000000,0.000000,-0.015042,0.000000,0.120000,0.000000,0.978261,-0.000000,0.000000,-0.000000,0.000000,0.000000,0.000000,0.010000,0
1790549777.6236,-0.017549,0.025876,0.000000,0.000000,-0.017549,0.000000,0.120000,0.000000,1.000000,-0.000000,0.000000,-0.000000,0.000000,0.000000,0.000000,0.010000,0
1790549777.6408,-0.020334,0.028853,0.000000,0.000000,-0.020334,0.000000,0.120000,0.000000,0.021739,-0.000000,0.000000,-0.000000,0.000000,0.000000,0.000000,0.010000,0
1790549777.6575,-0.023378,0.032002,0.000000,0.000000,-0.023378,0.000000,0.120000,0.000000,0.043478,-0.000000,0.000000,-0.000000,0.000000,0.000000,0.000000,0.010000,0
1790549777.6743,-0.026665,0.035318,0.000000,0.000000,-0.026665,0.000000,0.120000,0.000000,0.065217,-0.000000,0.000000,-0.000000,0.000000,0.000000,0.000000,0.010000,0
1790549777.6907,-0.025112,0.031232,0.000000,0.000000,-0.025112,0.000000,0.120000,0.000000,0.086957,-0.000000,0.000000,0.000000,0.000000,0.000000,-0.000000,0.010000,0
1790549777.7073,-0.022794,0.027485,0.000000,0.000000,-0.022794,0.000000,0.120000,0.000000,0.108696,-0.000000,0.000000,0.000000,0.000000,0.000000,-0.000000,0.010000,0
1790549777.7238,-0.019654,0.023700,0.000000,0.000000,-0.019654,0.000000,0.120000,0.000000,0.130435,-0.000000,0.000000,0.000000,0.000000,0.000000,-0.000000,0.010000,0
1790549777.7407,-0.015500,0.019314,0.000000,0.000000,-0.015500,0.000000,0.120000,0.000000,0.152174,-0.000000,0.000000,0.000000,0.000000,0.000000,-0.000000,0.010000,0
1790549777.7575,-0.010129,0.013926,0.000000,0.000000,-0.010129,0.000000,0.120000,0.000000,0.173913,-0.000000,0.000000,0.000000,0.000000,0.000000,-0.000000,0.010000,0
1790549777.7744,-0.003483,0.007440,0.000000,0.000000,-0.003483,0.000000,0.120000,0.000000,0.195652,-0.000000,0.000000,0.000000,0.000000,0.000000,-0.000000,0.010000,0
1790549777.7907,0.004347,-0.000005,0.000000,0.000000,0.004347,0.000000,0.120000,0.000000,0.217391,0.000000,0.000000,0.000000,-0.000000,0.000000,-0.000000,0.010000,0
1790549777.8083,0.006341,0.001432,0.000000,0.000000,0.006341,0.000000,0.120000,0.000000,0.239130,0.000000,0.000000,0.000000,0.000000,0.000000,0.000000,0.010000,0
1790549777.8250,0.007304,0.002314,0.000000,0.000000,0.007304,0.000000,0.120000,0.000000,0.260870,0.000000,0.000000,0.000000,0.000000,0.000000,0.000000,0.010000,0
1790549777.8406,0.008018,0.003482,0.000000,0.000000,0.008018,0.000000,0.120000,0.000000,0.282609,0.000000,0.000000,0.000000,0.000000,0.000000,0.000000,0.010000,0
1790549777.8576,0.008628,0.004866,0.000000,0.000000,0.008628,0.000000,0.120000,0.000000,0.304348,0.000000,0.000000,0.000000,0.000000,0.000000,0.000000,0.010000,0
1790549777.8743,0.009247,0.006480,0.000000,0.000000,0.009247,0.000000,0.120000,0.000000,0.326087,0.000000,0.000000,0.000000,0.000000,0.000000,0.000000,0.010000,0
1790549777.8907,0.008270,0.010288,0.000000,0.000000,0.008270,0.000000,0.120000,0.000000,0.347826,0.000000,0.000000,-0.000000,0.000000,0.000000,0.000000,0.010000,0
1790549777.9062,0.008658,0.011890,0.000000,0.000000,0.008658,0.000000,0.120000,0.000000,0.369565,0.000000,0.000000,0.000000,0.000000,0.000000,0.000000,0.010000,0
1790549777.9240,0.009477,0.013823,0.000000,0.000000,0.009477,0.000000,0.120000,0.000000,0.391304,0.000000,0.000000,0.000000,0.000000,0.000000,0.000000,0.010000,0
1790549777.9408,0.010688,0.015983,0.000000,0.000000,0.010688,0.000000,0.120000,0.000000,0.413043,0.000000,0.000000,0.000000,0.000000,0.000000,0.000000,0.010000,0
1790549777.9575,0.012269,0.018355,0.000000,0.000000,0.012269,0.000000,0.120000,0.000000,0.434783,0.000000,0.000000,0.000000,0.000000,0.000000,0.000000,0.010000,0
1790549777.9744,0.014200,0.020931,0.000000,0.000000,0.014200,0.000000,0.120000,0.000000,0.456522,0.000000,0.000000,0.000000,0.000000,0.000000,0.000000,0.010000,0
1790549777.9910,0.016460,0.023700,0.000000,0.000000,0.016460,0.000000,0.120000,0.000000,0.478261,0.000000,0.000000,0.000000,0.000000,0.000000,0.000000,0.010000,0
1790549778.0073,0.019023,0.026652,0.000000,0.000000,0.019023,0.000000,0.120000,0.000000,0.500000,0.000000,0.000000,0.000000,0.000000,0.000000,0.000000,0.010000,0
1790549778.0235,0.021869,0.029782,0.000000,0.000000,0.021869,0.000000,0.120000,0.000000,0.521739,0.000000,0.000000,0.000000,0.000000,0.000000,0.000000,0.010000,0
1790549778.0410,0.024982,0.033087,0.000000,0.000000,0.024982,0.000000,0.120000,0.000000,0.543478,0.000000,0.000000,0.000000,0.000000,0.000000,0.000000,0.010000,0
1790549778.0572,0.028346,0.036564,0.000000,0.000000,0.028346,0.000000,0.120000,0.000000,0.565217,0.000000,0.000000,0.000000,0.000000,0.000000,0.000000,0.010000,0
1790549778.0740,0.027039,0.032324,0.000000,0.000000,0.027039,0.000000,0.120000,0.000000,0.586957,0.000000,0.000000,-0.000000,0.000000,0.000000,-0.000000,0.010000,0
1790549778.0906,0.024771,0.028511,0.000000,0.000000,0.024771,0.000000,0.120000,0.000000,0.608696,0.000000,0.000000,-0.000000,0.000000,0.000000,-0.000000,0.010000,0
1790549778.1073,0.021588,0.024716,0.000000,0.000000,0.021588,0.000000,0.120000,0.000000,0.630435,0.000000,0.000000,-0.000000,0.000000,0.000000,-0.000000,0.010000,0
1790549778.1243,0.017372,0.020339,0.000000,0.000000,0.017372,0.000000,0.120000,0.000000,0.652174,0.000000,0.000000,-0.000000,0.000000,0.000000,-0.000000,0.010000,0
1790549778.1407,0.011965,0.014963,0.000000,0.000000,0.011965,0.000000,0.120000,0.000000,0.673913,0.000000,0.000000,-0.000000,0.000000,0.000000,-0.000000,0.010000,0
1790549778.1576,0.005309,0.008483,0.000000,0.000000,0.005309,0.000000,0.120000,0.000000,0.695652,0.000000,0.000000,-0.000000,0.000000,0.000000,-0.000000,0.010000,0
1790549778.1735,-0.002521,0.001044,0.000000,0.000000,-0.002521,0.000000,0.120000,0.000000,0.717391,-0.000000,0.000000,-0.000000,0.000000,0.000000,-0.000000,0.010000,0
1790549778.1910,-0.004947,0.002402,0.000000,0.000000,-0.004947,0.000000,0.120000,0.000000,0.739130,-0.000000,0.000000,-0.000000,0.000000,0.000000,0.000000,0.010000,0
1790549778.2073,-0.005971,0.003101,0.000000,0.000000,-0.005971,0.000000,0.120000,0.000000,0.760870,-0.000000,0.000000,-0.000000,0.000000,0.000000,0.000000,0.010000,0
1790549778.2243,-0.006664,0.004079,0.000000,0.000000,-0.006664,0.000000,0.120000,0.000000,0.782609,-0.000000,0.000000,-0.000000,0.000000,0.000000,0.000000,0.010000,0
1790549778.2407,-0.007274,0.005291,0.000000,0.000000,-0.007274,0.000000,0.120000,0.000000,0.804348,-0.000000,0.000000,-0.000000,0.000000,0.000000,0.000000,0.010000,0
1790549778.2577,-0.007934,0.006726,0.000000,0.000000,-0.007934,0.000000,0.120000,0.000000,0.826087,-0.000000,0.000000,-0.000000,0.000000,0.000000,0.000000,0.010000,0
1790549778.2735,-0.008725,0.008373,0.000000,0.000000,-0.008725,0.000000,0.120000,0.000000,0.847826,-0.000000,0.000000,-0.000000,0.000000,0.000000,0.000000,0.010000,0
1790549778.2888,-0.009703,0.010229,0.000000,0.000000,-0.009703,0.000000,0.120000,0.000000,0.869565,-0.000000,0.000000,-0.000000,0.000000,0.000000,0.000000,0.010000,0
1790549778.3073,-0.008570,0.014530,0.000000,0.000000,-0.008570,0.000000,0.120000,0.000000,0.891304,-0.000000,0.000000,0.000000,0.000000,0.000000,0.000000,0.010000,0
1790549778.3238,-0.009543,0.016369,0.000000,0.000000,-0.009543,0.000000,0.120000,0.000000,0.913043,-0.000000,0.000000,-0.000000,0.000000,0.000000,0.000000,0.010000,0
1790549778.3409,-0.010957,0.018548,0.000000,0.000000,-0.010957,0.000000,0.120000,0.000000,0.934783,-0.000000,0.000000,-0.000000,0.000000,0.000000,0.000000,0.010000,0
1790549778.3574,-0.012763,0.020945,0.000000,0.000000,-0.012763,0.000000,0.120000,0.000000,0.956522,-0.000000,0.000000,-0.000000,0.000000,0.000000,0.000000,0.010000,0
1790549778.3741,-0.014927,0.023542,0.000000,0.000000,-0.014927,0.000000,0.120000,0.000000,0.978261,-0.000000,0.000000,-0.000000,0.000000,0.000000,0.000000,0.010000,0
1790549778.3908,-0.017415,0.026327,0.000000,0.000000,-0.017415,0.000000,0.120000,0.000000,1.000000,-0.000000,0.000000,-0.000000,0.000000,0.000000,0.000000,0.010000,0
1790549778.4075,-0.020197,0.029292,0.000000,0.000000,-0.020197,0.000000,0.120000,0.000000,0.021739,-0.000000,0.000000,-0.000000,0.000000,0.000000,0.000000,0.010000,0
1790549778.4243,-0.023250,0.032433,0.000000,0.000000,-0.023250,0.000000,0.120000,0.000000,0.043478,-0.000000,0.000000,-0.000000,0.000000,0.000000,0.000000,0.010000,0
1790549778.4416,-0.026555,0.035744,0.000000,0.000000,-0.026555,0.000000,0.120000,0.000000,0.065217,-0.000000,0.000000,-0.000000,0.000000,0.000000,0.000000,0.010000,0
1790549778.4575,-0.025022,0.031644,0.000000,0.000000,-0.025022,0.000000,0.120000,0.000000,0.086957,-0.000000,0.000000,0.000000,0.000000,0.000000,-0.000000,0.010000,0
1790549778.4735,-0.022725,0.027887,0.000000,0.000000,-0.022725,0.000000,0.120000,0.000000,0.108696,-0.000000,0.000000,0.000000,0.000000,0.000000,-0.000000,0.010000,0
1790549778.4909,-0.019606,0.024091,0.000000,0.000000,-0.019606,0.000000,0.120000,0.000000,0.130435,-0.000000,0.000000,0.000000,0.000000,0.000000,-0.000000,0.010000,0
1790549778.5076,-0.015471,0.019694,0.000000,0.000000,-0.015471,0.000000,0.120000,0.000000,0.152174,-0.000000,0.000000,0.000000,0.000000,0.000000,-0.000000,0.010000,0
1790549778.5243,-0.010121,0.014296,0.000000,0.000000,-0.010121,0.000000,0.120000,0.000000,0.173913,-0.000000,0.000000,0.000000,0.000000,0.000000,-0.000000,0.010000,0
1790549778.5404,-0.003494,0.007800,0.000000,0.000000,-0.003494,0.000000,0.120000,0.000000,0.195652,-0.000000,0.000000,0.000000,0.000000,0.000000,-0.000000,0.010000,0
1790549778.5569,0.004318,0.000345,0.000000,0.000000,0.004318,0.000000,0.120000,0.000000,0.217391,0.000000,0.000000,0.000000,0.000000,0.000000,-0.000000,0.010000,0
1790549778.5742,0.006298,0.001752,0.000000,0.000000,0.006298,0.000000,0.120000,0.000000,0.239130,0.000000,0.000000,0.000000,0.000000,0.000000,0.000000,0.010000,0
1790549778.5907,0.007256,0.002612,0.000000,0.000000,0.007256,0.000000,0.120000,0.000000,0.260870,0.000000,0.000000,0.000000,0.000000,0.000000,0.000000,0.010000,0
1790549778.6073,0.007969,0.003759,0.000000,0.000000,0.007969,0.000000,0.120000,0.000000,0.282609,0.000000,0.000000,0.000000,0.000000,0.000000,0.000000,0.010000,0
1790549778.6243,0.008580,0.005124,0.000000,0.000000,0.008580,0.000000,0.120000,0.000000,0.304348,0.000000,0.000000,0.000000,0.000000,0.000000,0.000000,0.010000,0
1790549778.6406,0.009213,0.006696,0.000000,0.000000,0.009213,0.000000,0.120000,0.000000,0.326087,0.000000,0.000000,0.000000,0.000000,0.000000,0.000000,0.010000,0
1790549778.6561,0.008245,0.010470,0.000000,0.000000,0.008245,0.000000,0.120000,0.000000,0.347826,0.000000,0.000000,-0.000000,0.000000,0.000000,0.000000,0.010000,0
1790549778.6737,0.008640,0.012062,0.000000,0.000000,0.008640,0.000000,0.120000,0.000000,0.369565,0.000000,0.000000,0.000000,0.000000,0.000000,0.000000,0.010000,0
1790549778.6907,0.009464,0.013985,0.000000,0.000000,0.009464,0.000000,0.120000,0.000000,0.391304,0.000000,0.000000,0.000000,0.000000,0.000000,0.000000,0.010000,0
1790549778.7076,0.010679,0.016135,0.000000,0.000000,0.010679,0.000000,0.120000,0.000000,0.413043,0.000000,0.000000,0.000000,0.000000,0.000000,0.000000,0.010000,0
1790549778.7238,0.012264,0.018497,0.000000,0.000000,0.012264,0.000000,0.120000,0.000000,0.434783,0.000000,0.000000,0.000000,0.000000,0.000000,0.000000,0.010000,0
1790549778.7407,0.014198,0.021064,0.000000,0.000000,0.014198,0.000000,0.120000,0.000000,0.456522,0.000000,0.000000,0.000000,0.000000,0.000000,0.000000,0.010000,0
1790549778.7573,0.016459,0.023824,0.000000,0.000000,0.016459,0.000000,0.120000,0.000000,0.478261,0.000000,0.000000,0.000000,0.000000,0.000000,0.000000,0.010000,0
1790549778.7743,0.019024,0.026768,0.000000,0.000000,0.019024,0.000000,0.120000,0.000000,0.500000,0.000000,0.000000,0.000000,0.000000,0.000000,0.000000,0.010000,0
1790549778.7907,0.021871,0.029891,0.000000,0.000000,0.021871,0.000000,0.120000,0.000000,0.521739,0.000000,0.000000,0.000000,0.000000,0.000000,0.000000,0.010000,0
1790549778.8075,0.024984,0.033189,0.000000,0.000000,0.024984,0.000000,0.120000,0.000000,0.543478,0.000000,0.000000,0.000000,0.000000,0.000000,0.000000,0.010000,0
1790549778.8250,0.028349,0.036659,0.000000,0.000000,0.028349,0.000000,0.120000,0.000000,0.565217,0.000000,0.000000,0.000000,0.000000,0.000000,0.000000,0.010000,0
1790549778.8408,0.027040,0.032411,0.000000,0.000000,0.027040,0.000000,0.120000,0.000000,0.586957,0.000000,0.000000,-0.000000,0.000000,0.000000,-0.000000,0.010000,0
1790549778.8576,0.024771,0.028590,0.000000,0.000000,0.024771,0.000000,0.120000,0.000000,0.608696,0.000000,0.000000,-0.000000,0.000000,0.000000,-0.000000,0.010000,0
1790549778.8743,0.021587,0.024788,0.000000,0.000000,0.021587,0.000000,0.120000,0.000000,0.630435,0.000000,0.000000,-0.000000,0.000000,0.000000,-0.000000,0.010000,0
1790549778.8906,0.017370,0.020405,0.000000,0.000000,0.017370,0.000000,0.120000,0.000000,0.652174,0.000000,0.000000,-0.000000,0.000000,0.000000,-0.000000,0.010000,0
1790549778.9075,0.011963,0.015024,0.000000,0.000000,0.011963,0.000000,0.120000,0.000000,0.673913,0.000000,0.000000,-0.000000,0.000000,0.000000,-0.000000,0.010000,0
1790549778.9240,0.005306,0.008539,0.000000,0.000000,0.005306,0.000000,0.120000,0.000000,0.695652,0.000000,0.000000,-0.000000,0.000000,0.000000,-0.000000,0.010000,0
1790549778.9409,-0.002525,0.001095,0.000000,0.000000,-0.002525,0.000000,0.120000,0.000000,0.717391,-0.000000,0.000000,-0.000000,0.000000,0.000000,-0.000000,0.010000,0
1790549778.9575,-0.004945,0.002443,0.000000,0.000000,-0.004945,0.000000,0.120000,0.000000,0.739130,-0.000000,0.000000,-0.000000,0.000000,0.000000,0.000000,0.010000,0
1790549778.9740,-0.005962,0.003131,0.000000,0.000000,-0.005962,0.000000,0.120000,0.000000,0.760870,-0.000000,0.000000,-0.000000,0.000000,0.000000,0.000000,0.010000,0
1790549778.9907,-0.006649,0.004099,0.000000,0.000000,-0.006649,0.000000,0.120000,0.000000,0.782609,-0.000000,0.000000,-0.000000,0.000000,0.000000,0.000000,0.010000,0
1790549779.0073,-0.007252,0.005300,0.000000,0.000000,-0.007252,0.000000,0.120000,0.000000,0.804348,-0.000000,0.000000,-0.000000,0.000000,0.000000,0.000000,0.010000,0
1790549779.0243,-0.007905,0.006725,0.000000,0.000000,-0.007905,0.000000,0.120000,0.000000,0.826087,-0.000000,0.000000,-0.000000,0.000000,0.000000,0.000000,0.010000,0
1790549779.0409,-0.008690,0.008363,0.000000,0.000000,-0.008690,0.000000,0.120000,0.000000,0.847826,-0.000000,0.000000,-0.000000,0.000000,0.000000,0.000000,0.010000,0
1790549779.0572,-0.009661,0.010208,0.000000,0.000000,-0.009661,0.000000,0.120000,0.000000,0.869565,-0.000000,0.000000,-0.000000,0.000000,0.000000,0.000000,0.010000,0
1790549779.0738,-0.008519,0.014500,0.000000,0.000000,-0.008519,0.000000,0.120000,0.000000,0.891304,-0.000000,0.000000,0.000000,0.000000,0.000000,0.000000,0.010000,0
1790549779.0909,-0.009485,0.016330,0.000000,0.000000,-0.009485,0.000000,0.120000,0.000000,0.913043,-0.000000,0.000000,-0.000000,0.000000,0.000000,0.000000,0.010000,0
1790549779.1073,-0.010892,0.018499,0.000000,0.000000,-0.010892,0.000000,0.120000,0.000000,0.934783,-0.000000,0.000000,-0.000000,0.000000,0.000000,0.000000,0.010000,0
1790549779.1242,-0.012690,0.020886,0.000000,0.000000,-0.012690,0.000000,0.120000,0.000000,0.956522,-0.000000,0.000000,-0.000000,0.000000,0.000000,0.000000,0.010000,0
1790549779.1408,-0.014846,0.023473,0.000000,0.000000,-0.014846,0.000000,0.120000,0.000000,0.978261,-0.000000,0.000000,-0.000000,0.000000,0.000000,0.000000,0.010000,0
1790549779.1575,-0.017325,0.026247,0.000000,0.000000,-0.017325,0.000000,0.120000,0.000000,1.000000,-0.000000,0.000000,-0.000000,0.000000,0.000000,0.000000,0.010000,0
1790549779.1735,-0.020098,0.029201,0.000000,0.000000,-0.020098,0.000000,0.120000,0.000000,0.021739,-0.000000,0.000000,-0.000000,0.000000,0.000000,0.000000,0.010000,0
1790549779.1907,-0.023141,0.032331,0.000000,0.000000,-0.023141,0.000000,0.120000,0.000000,0.043478,-0.000000,0.000000,-0.000000,0.000000,0.000000,0.000000,0.010000,0
1790549779.2075,-0.026436,0.035632,0.000000,0.000000,-0.026436,0.000000,0.120000,0.000000,0.065217,-0.000000,0.000000,-0.000000,0.000000,0.000000,0.000000,0.010000,0
1790549779.2235,-0.024899,0.031534,0.000000,0.000000,-0.024899,0.000000,0.120000,0.000000,0.086957,-0.000000,0.000000,0.000000,0.000000,0.000000,-0.000000,0.010000,0
1790549779.2407,-0.022599,0.027779,0.000000,0.000000,-0.022599,0.000000,0.120000,0.000000,0.108696,-0.000000,0.000000,0.000000,0.000000,0.000000,-0.000000,0.010000,0
1790549779.2577,-0.019478,0.023985,0.000000,0.000000,-0.019478,0.000000,0.120000,0.000000,0.130435,-0.000000,0.000000,0.000000,0.000000,0.000000,-0.000000,0.010000,0
1790549779.2739,-0.015343,0.019590,0.000000,0.000000,-0.015343,0.000000,0.120000,0.000000,0.152174,-0.000000,0.000000,0.000000,0.000000,0.000000,-0.000000,0.010000,0
1790549779.2907,-0.009994,0.014194,0.000000,0.000000,-0.009994,0.000000,0.120000,0.000000,0.173913,-0.000000,0.000000,0.000000,0.000000,0.000000,-0.000000,0.010000,0
1790549779.3066,-0.003368,0.007699,0.000000,0.000000,-0.003368,0.000000,0.120000,0.000000,0.195652,-0.000000,0.000000,0.000000,0.000000,0.000000,-0.000000,0.010000,0
1790549779.3238,0.004441,0.000246,0.000000,0.000000,0.004441,0.000000,0.120000,0.000000,0.217391,0.000000,0.000000,0.000000,0.000000,0.000000,-0.000000,0.010000,0
1790549779.3407,0.006413,0.001656,0.000000,0.000000,0.006413,0.000000,0.120000,0.000000,0.239130,0.000000,0.000000,0.000000,0.000000,0.000000,0.000000,0.010000,0
1790549779.3564,0.007358,0.002515,0.000000,0.000000,0.007358,0.000000,0.120000,0.000000,0.260870,0.000000,0.000000,0.000000,0.000000,0.000000,0.000000,0.010000,0
1790549779.3743,0.008056,0.003660,0.000000,0.000000,0.008056,0.000000,0.120000,0.000000,0.282609,0.000000,0.000000,0.000000,0.000000,0.000000,0.000000,0.010000,0
1790549779.3906,0.008650,0.005022,0.000000,0.000000,0.008650,0.000000,0.120000,0.000000,0.304348,0.000000,0.000000,0.000000,0.000000,0.000000,0.000000,0.010000,0
1790549779.4074,0.009267,0.006590,0.000000,0.000000,0.009267,0.000000,0.120000,0.000000,0.326087,0.000000,0.000000,0.000000,0.000000,0.000000,0.000000,0.010000,0
1790549779.4245,0.008283,0.010359,0.000000,0.000000,0.008283,0.000000,0.120000,0.000000,0.347826,0.000000,0.000000,-0.000000,0.000000,0.000000,0.000000,0.010000,0
1790549779.4393,0.008661,0.011946,0.000000,0.000000,0.008661,0.000000,0.120000,0.000000,0.369565,0.000000,0.000000,0.000000,0.000000,0.000000,0.000000,0.010000,0
1790549779.4577,0.009469,0.013863,0.000000,0.000000,0.009469,0.000000,0.120000,0.000000,0.391304,0.000000,0.000000,0.000000,0.000000,0.000000,0.000000,0.010000,0
1790549779.4741,0.010667,0.016007,0.000000,0.000000,0.010667,0.000000,0.120000,0.000000,0.413043,0.000000,0.000000,0.000000,0.000000,0.000000,0.000000,0.010000,0
1790549779.4906,0.012236,0.018363,0.000000,0.000000,0.012236,0.000000,0.120000,0.000000,0.434783,0.000000,0.000000,0.000000,0.000000,0.000000,0.000000,0.010000,0
1790549779.5077,0.014153,0.020923,0.000000,0.000000,0.014153,0.000000,0.120000,0.000000,0.456522,0.000000,0.000000,0.000000,0.000000,0.000000,0.000000,0.010000,0
1790549779.5243,0.016398,0.023675,0.000000,0.000000,0.016398,0.000000,0.120000,0.000000,0.478261,0.000000,0.000000,0.000000,0.000000,0.000000,0.000000,0.010000,0
1790549779.5408,0.018946,0.026611,0.000000,0.000000,0.018946,0.000000,0.120000,0.000000,0.500000,0.000000,0.000000,0.000000,0.000000,0.000000,0.000000,0.010000,0
1790549779.5576,0.021777,0.029724,0.000000,0.000000,0.021777,0.000000,0.120000,0.000000,0.521739,0.000000,0.000000,0.000000,0.000000,0.000000,0.000000,0.010000,0
1790549779.5744,0.024873,0.033012,0.000000,0.000000,0.024873,0.000000,0.120000,0.000000,0.543478,0.000000,0.000000,0.000000,0.000000,0.000000,0.000000,0.010000,0
1790549779.5907,0.028220,0.036471,0.000000,0.000000,0.028220,0.000000,0.120000,0.000000,0.565217,0.000000,0.000000,0.000000,0.000000,0.000000,0.000000,0.010000,0
1790549779.6073,0.026901,0.032230,0.000000,0.000000,0.026901,0.000000,0.120000,0.000000,0.586957,0.000000,0.000000,-0.000000,0.000000,0.000000,-0.000000,0.010000,0
1790549779.6243,0.024623,0.028416,0.000000,0.000000,0.024623,0.000000,0.120000,0.000000,0.608696,0.000000,0.000000,-0.000000,0.000000,0.000000,-0.000000,0.010000,0
1790549779.6405,0.021431,0.024620,0.000000,0.000000,0.021431,0.000000,0.120000,0.000000,0.630435,0.000000,0.000000,-0.000000,0.000000,0.000000,-0.000000,0.010000,0
1790549779.6575,0.017209,0.020242,0.000000,0.000000,0.017209,0.000000,0.120000,0.000000,0.652174,0.000000,0.000000,-0.000000,0.000000,0.000000,-0.000000,0.010000,0
1790549779.6745,0.011798,0.014866,0.000000,0.000000,0.011798,0.000000,0.120000,0.000000,0.673913,0.000000,0.000000,-0.000000,0.000000,0.000000,-0.000000,0.010000,0
1790549779.6907,0.005140,0.008385,0.000000,0.000000,0.005140,0.000000,0.120000,0.000000,0.695652,0.000000,0.000000,-0.000000,0.000000,0.000000,-0.000000,0.010000,0
1790549779.7083,-0.002693,0.000945,0.000000,0.000000,-0.002693,0.000000,0.120000,0.000000,0.717391,-0.000000,0.000000,-0.000000,0.000000,0.000000,-0.000000,0.010000,0
1790549779.7242,-0.005101,0.002297,0.000000,0.000000,-0.005101,0.000000,0.120000,0.000000,0.739130,-0.000000,0.000000,-0.000000,0.000000,0.000000,0.000000,0.010000,0
1790549779.7408,-0.006098,0.002982,0.000000,0.000000,-0.006098,0.000000,0.120000,0.000000,0.760870,-0.000000,0.000000,-0.000000,0.000000,0.000000,0.000000,0.010000,0
1790549779.7575,-0.006763,0.003945,0.000000,0.000000,-0.006763,0.000000,0.120000,0.000000,0.782609,-0.000000,0.000000,-0.000000,0.000000,0.000000,0.000000,0.010000,0
1790549779.7742,-0.007345,0.005142,0.000000,0.000000,-0.007345,0.000000,0.120000,0.000000,0.804348,-0.000000,0.000000,-0.000000,0.000000,0.000000,0.000000,0.010000,0
1790549779.7906,-0.007975,0.006560,0.000000,0.000000,-0.007975,0.000000,0.120000,0.000000,0.826087,-0.000000,0.000000,-0.000000,0.000000,0.000000,0.000000,0.010000,0
1790549779.8061,-0.008737,0.008192,0.000000,0.000000,-0.008737,0.000000,0.120000,0.000000,0.847826,-0.000000,0.000000,-0.000000,0.000000,0.000000,0.000000,0.010000,0
1790549779.8250,-0.009678,0.010044,0.000000,0.000000,-0.009678,0.000000,0.120000,0.000000,0.869565,-0.000000,0.000000,-0.000000,0.000000,0.000000,0.000000,0.010000,0
1790549779.8408,-0.008508,0.014339,0.000000,0.000000,-0.008508,0.000000,0.120000,0.000000,0.891304,-0.000000,0.000000,0.000000,0.000000,0.000000,0.000000,0.010000,0
1790549779.8574,-0.009450,0.016158,0.000000,0.000000,-0.009450,0.000000,0.120000,0.000000,0.913043,-0.000000,0.000000,-0.000000,0.000000,0.000000,0.000000,0.010000,0
1790549779.8736,-0.010834,0.018315,0.000000,0.000000,-0.010834,0.000000,0.120000,0.000000,0.934783,-0.000000,0.000000,-0.000000,0.000000,0.000000,0.000000,0.010000,0
1790549779.8907,-0.012610,0.020690,0.000000,0.000000,-0.012610,0.000000,0.120000,0.000000,0.956522,-0.000000,0.000000,-0.000000,0.000000,0.000000,0.000000,0.010000,0
1790549779.9075,-0.014743,0.023264,0.000000,0.000000,-0.014743,0.000000,0.120000,0.000000,0.978261,-0.000000,0.000000,-0.000000,0.000000,0.000000,0.000000,0.010000,0
1790549779.9234,-0.017200,0.026024,0.000000,0.000000,-0.017200,0.000000,0.120000,0.000000,1.000000,-0.000000,0.000000,-0.000000,0.000000,0.000000,0.000000,0.010000,0
1790549779.9407,-0.019950,0.028963,0.000000,0.000000,-0.019950,0.000000,0.120000,0.000000,0.021739,-0.000000,0.000000,-0.000000,0.000000,0.000000,0.000000,0.010000,0
1790549779.9575,-0.022971,0.032077,0.000000,0.000000,-0.022971,0.000000,0.120000,0.000000,0.043478,-0.000000,0.000000,-0.000000,0.000000,0.000000,0.000000,0.010000,0
1790549779.9739,-0.026242,0.035361,0.000000,0.000000,-0.026242,0.000000,0.120000,0.000000,0.065217,-0.000000,0.000000,-0.000000,0.000000,0.000000,0.000000,0.010000,0
1790549779.9907,-0.024694,0.031272,0.000000,0.000000,-0.024694,0.000000,0.120000,0.000000,0.086957,-0.000000,0.000000,0.000000,0.000000,0.000000,-0.000000,0.010000,0
1790549780.0077,-0.022385,0.027525,0.000000,0.000000,-0.022385,0.000000,0.120000,0.000000,0.108696,-0.000000,0.000000,0.000000,0.000000,0.000000,-0.000000,0.010000,0
1790549780.0241,-0.019259,0.023738,0.000000,0.000000,-0.019259,0.000000,0.120000,0.000000,0.130435,-0.000000,0.000000,0.000000,0.000000,0.000000,-0.000000,0.010000,0
1790549780.0407,-0.015121,0.019350,0.000000,0.000000,-0.015121,0.000000,0.120000,0.000000,0.152174,-0.000000,0.000000,0.000000,0.000000,0.000000,-0.000000,0.010000,0
1790549780.0575,-0.009769,0.013961,0.000000,0.000000,-0.009769,0.000000,0.120000,0.000000,0.173913,-0.000000,0.000000,0.000000,0.000000,0.000000,-0.000000,0.010000,0
1790549780.0742,-0.003144,0.007472,0.000000,0.000000,-0.003144,0.000000,0.120000,0.000000,0.195652,-0.000000,0.000000,0.000000,0.000000,0.000000,-0.000000,0.010000,0
1790549780.0905,0.004664,0.000025,0.000000,0.000000,0.004664,0.000000,0.120000,0.000000,0.217391,0.000000,0.000000,0.000000,0.000000,0.000000,-0.000000,0.010000,0
1790549780.1074,0.006624,0.001446,0.000000,0.000000,0.006624,0.000000,0.120000,0.000000,0.239130,0.000000,0.000000,0.000000,0.000000,0.000000,0.000000,0.010000,0
1790549780.1240,0.007547,0.002306,0.000000,0.000000,0.007547,0.000000,0.120000,0.000000,0.260870,0.000000,0.000000,0.000000,0.000000,0.000000,0.000000,0.010000,0
1790549780.1407,0.008220,0.003450,0.000000,0.000000,0.008220,0.000000,0.120000,0.000000,0.282609,0.000000,0.000000,0.000000,0.000000,0.000000,0.000000,0.010000,0
1790549780.1575,0.008787,0.004811,0.000000,0.000000,0.008787,0.000000,0.120000,0.000000,0.304348,0.000000,0.000000,0.000000,0.000000,0.000000,0.000000,0.010000,0
1790549780.1743,0.009364,0.006402,0.000000,0.000000,0.009364,0.000000,0.120000,0.000000,0.326087,0.000000,0.000000,0.000000,0.000000,0.000000,0.000000,0.010000,0
1790549780.1907,0.008347,0.010183,0.000000,0.000000,0.008347,0.000000,0.120000,0.000000,0.347826,0.000000,0.000000,-0.000000,0.000000,0.000000,0.000000,0.010000,0
1790549780.2076,0.008693,0.011761,0.000000,0.000000,0.008693,0.000000,0.120000,0.000000,0.369565,0.000000,0.000000,0.000000,0.000000,0.000000,0.000000,0.010000,0
1790549780.2235,0.009470,0.013669,0.000000,0.000000,0.009470,0.000000,0.120000,0.000000,0.391304,0.000000,0.000000,0.000000,0.000000,0.000000,0.000000,0.010000,0
1790549780.2405,0.010640,0.015802,0.000000,0.000000,0.010640,0.000000,0.120000,0.000000,0.413043,0.000000,0.000000,0.000000,0.000000,0.000000,0.000000,0.010000,0
1790549780.2575,0.012180,0.018147,0.000000,0.000000,0.012180,0.000000,0.120000,0.000000,0.434783,0.000000,0.000000,0.000000,0.000000,0.000000,0.000000,0.010000,0
1790549780.2739,0.014071,0.020695,0.000000,0.000000,0.014071,0.000000,0.120000,0.000000,0.456522,0.000000,0.000000,0.000000,0.000000,0.000000,0.000000,0.010000,0
1790549780.2907,0.016289,0.023434,0.000000,0.000000,0.016289,0.000000,0.120000,0.000000,0.478261,0.000000,0.000000,0.000000,0.000000,0.000000,0.000000,0.010000,0
1790549780.3075,0.018811,0.026356,0.000000,0.000000,0.018811,0.000000,0.120000,0.000000,0.500000,0.000000,0.000000,0.000000,0.000000,0.000000,0.000000,0.010000,0
1790549780.3235,0.021615,0.029454,0.000000,0.000000,0.021615,0.000000,0.120000,0.000000,0.521739,0.000000,0.000000,0.000000,0.000000,0.000000,0.000000,0.010000,0
1790549780.3407,0.024686,0.032726,0.000000,0.000000,0.024686,0.000000,0.120000,0.000000,0.543478,0.000000,0.000000,0.000000,0.000000,0.000000,0.000000,0.010000,0
1790549780.3565,0.028006,0.036168,0.000000,0.000000,0.028006,0.000000,0.120000,0.000000,0.565217,0.000000,0.000000,0.000000,0.000000,0.000000,0.000000,0.010000,0
1790549780.3742,0.026671,0.031939,0.000000,0.000000,0.026671,0.000000,0.120000,0.000000,0.586957,0.000000,0.000000,-0.000000,0.000000,0.000000,-0.000000,0.010000,0
1790549780.3907,0.024379,0.028134,0.000000,0.000000,0.024379,0.000000,0.120000,0.000000,0.608696,0.000000,0.000000,-0.000000,0.000000,0.000000,-0.000000,0.010000,0
1790549780.4077,0.021178,0.024348,0.000000,0.000000,0.021178,0.000000,0.120000,0.000000,0.630435,0.000000,0.000000,-0.000000,0.000000,0.000000,-0.000000,0.010000,0
1790549780.4241,0.016950,0.019979,0.000000,0.000000,0.016950,0.000000,0.120000,0.000000,0.652174,0.000000,0.000000,-0.000000,0.000000,0.000000,-0.000000,0.010000,0
1790549780.4399,0.011534,0.014610,0.000000,0.000000,0.011534,0.000000,0.120000,0.000000,0.673913,0.000000,0.000000,-0.000000,0.000000,0.000000,-0.000000,0.010000,0
1790549780.4570,0.004873,0.008135,0.000000,0.000000,0.004873,0.000000,0.120000,0.000000,0.695652,0.000000,0.000000,-0.000000,0.000000,0.000000,-0.000000,0.010000,0
1790549780.4735,-0.002959,0.000701,0.000000,0.000000,-0.002959,0.000000,0.120000,0.000000,0.717391,-0.000000,0.000000,-0.000000,0.000000,0.000000,-0.000000,0.010000,0
1790549780.4907,-0.005352,0.002063,0.000000,0.000000,-0.005352,0.000000,0.120000,0.000000,0.739130,-0.000000,0.000000,-0.000000,0.000000,0.000000,0.000000,0.010000,0
1790549780.5075,-0.006321,0.002746,0.000000,0.000000,-0.006321,0.000000,0.120000,0.000000,0.760870,-0.000000,0.000000,-0.000000,0.000000,0.000000,0.000000,0.010000,0
1790549780.5237,-0.006954,0.003706,0.000000,0.000000,-0.006954,0.000000,0.120000,0.000000,0.782609,-0.000000,0.000000,-0.000000,0.000000,0.000000,0.000000,0.010000,0
1790549780.5407,-0.007503,0.004898,0.000000,0.000000,-0.007503,0.000000,0.120000,0.000000,0.804348,-0.000000,0.000000,-0.000000,0.000000,0.000000,0.000000,0.010000,0
1790549780.5573,-0.008100,0.006310,0.000000,0.000000,-0.008100,0.000000,0.120000,0.000000,0.826087,-0.000000,0.000000,-0.000000,0.000000,0.000000,0.000000,0.010000,0
1790549780.5743,-0.008828,0.007934,0.000000,0.000000,-0.008828,0.000000,0.120000,0.000000,0.847826,-0.000000,0.000000,-0.000000,0.000000,0.000000,0.000000,0.010000,0
1790549780.5907,-0.007514,0.011923,0.000000,0.000000,-0.007514,0.000000,0.120000,0.000000,0.869565,-0.000000,0.000000,0.000000,0.000000,0.000000,0.000000,0.010000,0
1790549780.6075,-0.008194,0.013556,0.000000,0.000000,-0.008194,0.000000,0.120000,0.000000,0.891304,-0.000000,0.000000,-0.000000,0.000000,0.000000,0.000000,0.010000,0
1790549780.6240,-0.009293,0.015526,0.000000,0.000000,-0.009293,0.000000,0.120000,0.000000,0.913043,-0.000000,0.000000,-0.000000,0.000000,0.000000,0.000000,0.010000,0
1790549780.6406,-0.010775,0.017716,0.000000,0.000000,-0.010775,0.000000,0.120000,0.000000,0.934783,-0.000000,0.000000,-0.000000,0.000000,0.000000,0.000000,0.010000,0
1790549780.6574,-0.012612,0.020110,0.000000,0.000000,-0.012612,0.000000,0.120000,0.000000,0.956522,-0.000000,0.000000,-0.000000,0.000000,0.000000,0.000000,0.010000,0
1790549780.6742,-0.014778,0.022696,0.000000,0.000000,-0.014778,0.000000,0.120000,0.000000,0.978261,-0.000000,0.000000,-0.000000,0.000000,0.000000,0.000000,0.010000,0
1790549780.6907,-0.017245,0.025463,0.000000,0.000000,-0.017245,0.000000,0.120000,0.000000,1.000000,-0.000000,0.000000,-0.000000,0.000000,0.000000,0.000000,0.010000,0
1790549780.7062,-0.019988,0.028404,0.000000,0.000000,-0.019988,0.000000,0.120000,0.000000,0.021739,-0.000000,0.000000,-0.000000,0.000000,0.000000,0.000000,0.010000,0
1790549780.7222,-0.022989,0.031516,0.000000,0.000000,-0.022989,0.000000,0.120000,0.000000,0.043478,-0.000000,0.000000,-0.000000,0.000000,0.000000,0.000000,0.010000,0
1790549780.7406,-0.026231,0.034793,0.000000,0.000000,-0.026231,0.000000,0.120000,0.000000,0.065217,-0.000000,0.000000,-0.000000,0.000000,0.000000,0.000000,0.010000,0
1790549780.7575,-0.024655,0.030721,0.000000,0.000000,-0.024655,0.000000,0.120000,0.000000,0.086957,-0.000000,0.000000,0.000000,0.000000,0.000000,-0.000000,0.010000,0
1790549780.7741,-0.022322,0.026989,0.000000,0.000000,-0.022322,0.000000,0.120000,0.000000,0.108696,-0.000000,0.000000,0.000000,0.000000,0.000000,-0.000000,0.010000,0
1790549780.7908,-0.019173,0.023217,0.000000,0.000000,-0.019173,0.000000,0.120000,0.000000,0.130435,-0.000000,0.000000,0.000000,0.000000,0.000000,-0.000000,0.010000,0
1790549780.8074,-0.015015,0.018843,0.000000,0.000000,-0.015015,0.000000,0.120000,0.000000,0.152174,-0.000000,0.000000,0.000000,0.000000,0.000000,-0.000000,0.010000,0
1790549780.8239,-0.009644,0.013467,0.000000,0.000000,-0.009644,0.000000,0.120000,0.000000,0.173913,-0.000000,0.000000,0.000000,0.000000,0.000000,-0.000000,0.010000,0
1790549780.8405,-0.003001,0.006991,0.000000,0.000000,-0.003001,0.000000,0.120000,0.000000,0.195652,-0.000000,0.000000,0.000000,0.000000,0.000000,-0.000000,0.010000,0
1790549780.8573,0.004822,-0.000442,0.000000,0.000000,0.004822,0.000000,0.120000,0.000000,0.217391,0.000000,0.000000,0.000000,-0.000000,0.000000,-0.000000,0.010000,0
1790549780.8741,0.006786,0.001012,0.000000,0.000000,0.006786,0.000000,0.120000,0.000000,0.239130,0.000000,0.000000,0.000000,0.000000,0.000000,0.000000,0.010000,0
1790549780.8909,0.007697,0.001891,0.000000,0.000000,0.007697,0.000000,0.120000,0.000000,0.260870,0.000000,0.000000,0.000000,0.000000,0.000000,0.000000,0.010000,0
1790549780.9071,0.008352,0.003052,0.000000,0.000000,0.008352,0.000000,0.120000,0.000000,0.282609,0.000000,0.000000,0.000000,0.000000,0.000000,0.000000,0.010000,0
1790549780.9242,0.007657,0.005930,0.000000,0.000000,0.007657,0.000000,0.120000,0.000000,0.304348,0.000000,0.000000,-0.000000,0.000000,0.000000,0.000000,0.010000,0
1790549780.9409,0.007793,0.007226,0.000000,0.000000,0.007793,0.000000,0.120000,0.000000,0.326087,0.000000,0.000000,0.000000,0.000000,0.000000,0.000000,0.010000,0
1790549780.9575,0.008208,0.008825,0.000000,0.000000,0.008208,0.000000,0.120000,0.000000,0.347826,0.000000,0.000000,0.000000,0.000000,0.000000,0.000000,0.010000,0
1790549780.9739,0.008913,0.010642,0.000000,0.000000,0.008913,0.000000,0.120000,0.000000,0.369565,0.000000,0.000000,0.000000,0.000000,0.000000,0.000000,0.010000,0
1790549780.9907,0.009923,0.012669,0.000000,0.000000,0.009923,0.000000,0.120000,0.000000,0.391304,0.000000,0.000000,0.000000,0.000000,0.000000,0.000000,0.010000,0
1790549781.0073,0.011245,0.014899,0.000000,0.000000,0.011245,0.000000,0.120000,0.000000,0.413043,0.000000,0.000000,0.000000,0.000000,0.000000,0.000000,0.010000,0
1790549781.0243,0.012879,0.017327,0.000000,0.000000,0.012879,0.000000,0.120000,0.000000,0.434783,0.000000,0.000000,0.000000,0.000000,0.000000,0.000000,0.010000,0
1790549781.0408,0.014820,0.019946,0.000000,0.000000,0.014820,0.000000,0.120000,0.000000,0.456522,0.000000,0.000000,0.000000,0.000000,0.000000,0.000000,0.010000,0
1790549781.0573,0.017056,0.022748,0.000000,0.000000,0.017056,0.000000,0.120000,0.000000,0.478261,0.000000,0.000000,0.000000,0.000000,0.000000,0.000000,0.010000,0
1790549781.0735,0.019574,0.025725,0.000000,0.000000,0.019574,0.000000,0.120000,0.000000,0.500000,0.000000,0.000000,0.000000,0.000000,0.000000,0.000000,0.010000,0
1790549781.0908,0.022357,0.028872,0.000000,0.000000,0.022357,0.000000,0.120000,0.000000,0.521739,0.000000,0.000000,0.000000,0.000000,0.000000,0.000000,0.010000,0
1790549781.1074,0.025395,0.032186,0.000000,0.000000,0.025395,0.000000,0.120000,0.000000,0.543478,0.000000,0.000000,0.000000,0.000000,0.000000,0.000000,0.010000,0
1790549781.1236,0.028676,0.035666,0.000000,0.000000,0.028676,0.000000,0.120000,0.000000,0.565217,0.000000,0.000000,0.000000,0.000000,0.000000,0.000000,0.010000,0
1790549781.1407,0.027290,0.031462,0.000000,0.000000,0.027290,0.000000,0.120000,0.000000,0.586957,0.000000,0.000000,-0.000000,0.000000,0.000000,-0.000000,0.010000,0
1790549781.1577,0.024945,0.027685,0.000000,0.000000,0.024945,0.000000,0.120000,0.000000,0.608696,0.000000,0.000000,-0.000000,0.000000,0.000000,-0.000000,0.010000,0
1790549781.1743,0.021690,0.023926,0.000000,0.000000,0.021690,0.000000,0.120000,0.000000,0.630435,0.000000,0.000000,-0.000000,0.000000,0.000000,-0.000000,0.010000,0
1790549781.1906,0.017411,0.019584,0.000000,0.000000,0.017411,0.000000,0.120000,0.000000,0.652174,0.000000,0.000000,-0.000000,0.000000,0.000000,-0.000000,0.010000,0
1790549781.2075,0.011947,0.014240,0.000000,0.000000,0.011947,0.000000,0.120000,0.000000,0.673913,0.000000,0.000000,-0.000000,0.000000,0.000000,-0.000000,0.010000,0
1790549781.2242,0.005239,0.007790,0.000000,0.000000,0.005239,0.000000,0.120000,0.000000,0.695652,0.000000,0.000000,-0.000000,0.000000,0.000000,-0.000000,0.010000,0
1790549781.2410,-0.002636,0.000379,0.000000,0.000000,-0.002636,0.000000,0.120000,0.000000,0.717391,-0.000000,0.000000,-0.000000,0.000000,0.000000,-0.000000,0.010000,0
1790549781.2574,-0.005068,0.001775,0.000000,0.000000,-0.005068,0.000000,0.120000,0.000000,0.739130,-0.000000,0.000000,-0.000000,0.000000,0.000000,0.000000,0.010000,0
1790549781.2744,-0.006072,0.002491,0.000000,0.000000,-0.006072,0.000000,0.120000,0.000000,0.760870,-0.000000,0.000000,-0.000000,0.000000,0.000000,0.000000,0.010000,0
1790549781.2907,-0.006739,0.003482,0.000000,0.000000,-0.006739,0.000000,0.120000,0.000000,0.782609,-0.000000,0.000000,-0.000000,0.000000,0.000000,0.000000,0.010000,0
1790549781.3074,-0.007319,0.004705,0.000000,0.000000,-0.007319,0.000000,0.120000,0.000000,0.804348,-0.000000,0.000000,-0.000000,0.000000,0.000000,0.000000,0.010000,0
1790549781.3244,-0.007948,0.006148,0.000000,0.000000,-0.007948,0.000000,0.120000,0.000000,0.826087,-0.000000,0.000000,-0.000000,0.000000,0.000000,0.000000,0.010000,0
1790549781.3409,-0.006637,0.009842,0.000000,0.000000,-0.006637,0.000000,0.120000,0.000000,0.847826,-0.000000,0.000000,0.000000,0.000000,0.000000,0.000000,0.010000,0
1790549781.3576,-0.007147,0.011330,0.000000,0.000000,-0.007147,0.000000,0.119882,0.000000,0.869565,-0.000000,0.000000,-0.000000,0.000000,0.000000,0.000000,0.010000,0
1790549781.3741,-0.008041,0.013150,0.000000,0.000000,-0.008041,0.000000,0.119527,0.000000,0.891304,-0.000000,0.000000,-0.000000,0.000000,0.000000,0.000000,0.010000,0
1790549781.3908,-0.009291,0.015183,0.000000,0.000000,-0.009291,0.000000,0.118937,0.000000,0.913043,-0.000000,0.000000,-0.000000,0.000000,0.000000,0.000000,0.010000,0
1790549781.4080,-0.010875,0.017408,0.000000,0.000000,-0.010875,0.000000,0.118115,0.000000,0.934783,-0.000000,0.000000,-0.000000,0.000000,0.000000,0.000000,0.010000,0
1790549781.4249,-0.012766,0.019807,0.000000,0.000000,-0.012766,0.000000,0.117063,0.000000,0.956522,-0.000000,0.000000,-0.000000,0.000000,0.000000,0.000000,0.010000,0
1790549781.4409,-0.014938,0.022360,0.000000,0.000000,-0.014938,0.000000,0.115787,0.000000,0.978261,-0.000000,0.000000,-0.000000,0.000000,0.000000,0.000000,0.010000,0
1790549781.4577,-0.017358,0.025049,0.000000,0.000000,-0.017358,0.000000,0.114290,0.000000,1.000000,-0.000000,0.000000,-0.000000,0.000000,0.000000,0.000000,0.010000,0
1790549781.4744,-0.019996,0.027857,0.000000,0.000000,-0.019996,0.000000,0.112578,0.000000,0.021739,-0.000000,0.000000,-0.000000,0.000000,0.000000,0.000000,0.010000,0
1790549781.4906,-0.022825,0.030772,0.000000,0.000000,-0.022825,0.000000,0.110660,0.000000,0.043478,-0.000000,0.000000,-0.000000,0.000000,0.000000,0.000000,0.010000,0
1790549781.5077,-0.025820,0.033780,0.000000,0.000000,-0.025820,0.000000,0.108541,0.000000,0.065217,-0.000000,0.000000,-0.000000,0.000000,0.000000,0.000000,0.010000,0
1790549781.5242,-0.024179,0.029826,0.000000,0.000000,-0.024179,0.000000,0.106231,0.000000,0.086957,-0.000000,0.000000,0.000000,0.000000,0.000000,-0.000000,0.010000,0
1790549781.5410,-0.021785,0.026158,0.000000,0.000000,-0.021785,0.000000,0.103738,0.000000,0.108696,-0.000000,0.000000,0.000000,0.000000,0.000000,-0.000000,0.010000,0
1790549781.5574,-0.018593,0.022421,0.000000,0.000000,-0.018593,0.000000,0.101073,0.000000,0.130435,-0.000000,0.000000,0.000000,0.000000,0.000000,-0.000000,0.010000,0
1790549781.5742,-0.014409,0.018070,0.000000,0.000000,-0.014409,0.000000,0.098245,0.000000,0.152174,-0.000000,0.000000,0.000000,0.000000,0.000000,-0.000000,0.010000,0
1790549781.5906,-0.009025,0.012713,0.000000,0.000000,-0.009025,0.000000,0.095267,0.000000,0.173913,-0.000000,0.000000,0.000000,0.000000,0.000000,-0.000000,0.010000,0
1790549781.6077,-0.002387,0.006271,0.000000,0.000000,-0.002387,0.000000,0.092150,0.000000,0.195652,-0.000000,0.000000,0.000000,0.000000,0.000000,-0.000000,0.010000,0
1790549781.6242,0.005394,-0.001096,0.000000,0.000000,0.005394,0.000000,0.088905,0.000000,0.217391,0.000000,0.000000,0.000000,-0.000000,0.000000,-0.000000,0.010000,0
1790549781.6409,0.003115,0.005419,0.000000,0.000000,0.003115,0.000000,0.085547,0.000000,0.239130,0.000000,0.000000,-0.000000,0.000000,0.000000,0.000000,0.010000,0
1790549781.6575,0.004035,0.006273,0.000000,0.000000,0.004035,0.000000,0.082087,0.000000,0.260870,0.000000,0.000000,0.000000,0.000000,0.000000,0.000000,0.010000,0
1790549781.6734,0.004404,0.006793,0.000000,0.000000,0.004404,0.000000,0.078541,0.000000,0.282609,0.000000,0.000000,0.000000,0.000000,0.000000,0.000000,0.010000,0
1790549781.6906,0.004673,0.007496,0.000000,0.000000,0.004673,0.000000,0.074921,0.000000,0.304348,0.000000,0.000000,0.000000,0.000000,0.000000,0.000000,0.010000,0
1790549781.7073,0.004922,0.008341,0.000000,0.000000,0.004922,0.000000,0.071243,0.000000,0.326087,0.000000,0.000000,0.000000,0.000000,0.000000,0.000000,0.010000,0
1790549781.7243,0.005216,0.009314,0.000000,0.000000,0.005216,0.000000,0.067520,0.000000,0.347826,0.000000,0.000000,0.000000,0.000000,0.000000,0.000000,0.010000,0
1790549781.7407,0.005601,0.010403,0.000000,0.000000,0.005601,0.000000,0.063767,0.000000,0.369565,0.000000,0.000000,0.000000,0.000000,0.000000,0.000000,0.010000,0
1790549781.7577,0.006103,0.011599,0.000000,0.000000,0.006103,0.000000,0.060000,0.000000,0.391304,0.000000,0.000000,0.000000,0.000000,0.000000,0.000000,0.010000,0
1790549781.7740,0.006739,0.012895,0.000000,0.000000,0.006739,0.000000,0.056233,0.000000,0.413043,0.000000,0.000000,0.000000,0.000000,0.000000,0.000000,0.010000,0
1790549781.8009,0.007515,0.014283,0.000000,0.000000,0.007515,0.000000,0.052480,0.000000,0.434783,0.000000,0.000000,0.000000,0.000000,0.000000,0.000000,0.010000,0
1790549781.8237,0.008430,0.015754,0.000000,0.000000,0.008430,0.000000,0.048757,0.000000,0.456522,0.000000,0.000000,0.000000,0.000000,0.000000,0.000000,0.010000,0
1790549781.8410,0.009480,0.017300,0.000000,0.000000,0.009480,0.000000,0.045079,0.000000,0.478261,0.000000,0.000000,0.000000,0.000000,0.000000,0.000000,0.010000,0
1790549781.8576,0.010656,0.018913,0.000000,0.000000,0.010656,0.000000,0.041459,0.000000,0.500000,0.000000,0.000000,0.000000,0.000000,0.000000,0.000000,0.010000,0
1790549781.8743,0.011949,0.020589,0.000000,0.000000,0.011949,0.000000,0.037913,0.000000,0.521739,0.000000,0.000000,0.000000,0.000000,0.000000,0.000000,0.010000,0
1790549781.8905,0.013350,0.022328,0.000000,0.000000,0.013350,0.000000,0.034453,0.000000,0.543478,0.000000,0.000000,0.000000,0.000000,0.000000,0.000000,0.010000,0
1790549781.9072,0.014853,0.024132,0.000000,0.000000,0.014853,0.000000,0.031095,0.000000,0.565217,0.000000,0.000000,0.000000,0.000000,0.000000,0.000000,0.010000,0
1790549781.9237,0.016454,0.026003,0.000000,0.000000,0.016454,0.000000,0.027850,0.000000,0.586957,0.000000,0.000000,0.000000,0.000000,0.000000,0.000000,0.010000,0
1790549781.9408,0.018107,0.027877,0.000000,0.000000,0.018107,0.000000,0.024733,0.000000,0.608696,0.000000,0.000000,0.000000,0.000000,0.000000,0.000000,0.010000,0
1790549781.9574,0.016513,0.024906,0.000000,0.000000,0.016513,0.000000,0.021755,0.000000,0.630435,0.000000,0.000000,-0.000000,0.000000,0.000000,-0.000000,0.010000,0
1790549781.9742,0.013706,0.021154,0.000000,0.000000,0.013706,0.000000,0.018927,0.000000,0.652174,0.000000,0.000000,-0.000000,0.000000,0.000000,-0.000000,0.010000,0
1790549781.9909,0.009657,0.016443,0.000000,0.000000,0.009657,0.000000,0.016262,0.000000,0.673913,0.000000,0.000000,-0.000000,0.000000,0.000000,-0.000000,0.010000,0
1790549782.0075,0.004327,0.010717,0.000000,0.000000,0.004327,0.000000,0.013769,0.000000,0.695652,0.000000,0.000000,-0.000000,0.000000,0.000000,-0.000000,0.010000,0
1790549782.0244,-0.002211,0.004147,0.000000,0.000000,-0.002211,0.000000,0.011459,0.000000,0.717391,-0.000000,0.000000,-0.000000,0.000000,0.000000,-0.000000,0.010000,0
1790549782.0405,-0.004380,0.005483,0.000000,0.000000,-0.004380,0.000000,0.009340,0.000000,0.739130,-0.000000,0.000000,-0.000000,0.000000,0.000000,0.000000,0.010000,0
1790549782.0577,-0.005694,0.006590,0.000000,0.000000,-0.005694,0.000000,0.007422,0.000000,0.760870,-0.000000,0.000000,-0.000000,0.000000,0.000000,0.000000,0.010000,0
1790549782.0734,-0.006765,0.007869,0.000000,0.000000,-0.006765,0.000000,0.005710,0.000000,0.782609,-0.000000,0.000000,-0.000000,0.000000,0.000000,0.000000,0.010000,0
1790549782.0907,-0.007749,0.009288,0.000000,0.000000,-0.007749,0.000000,0.004213,0.000000,0.804348,-0.000000,0.000000,-0.000000,0.000000,0.000000,0.000000,0.010000,0
1790549782.1077,-0.008739,0.010847,0.000000,0.000000,-0.008739,0.000000,0.002937,0.000000,0.826087,-0.000000,0.000000,-0.000000,0.000000,0.000000,0.000000,0.010000,0
1790549782.1235,-0.009799,0.012555,0.000000,0.000000,-0.009799,0.000000,0.001885,0.000000,0.847826,-0.000000,0.000000,-0.000000,0.000000,0.000000,0.000000,0.010000,0
1790549782.1395,-0.010976,0.014426,0.000000,0.000000,-0.010976,0.000000,0.001063,0.000000,0.869565,-0.000000,0.000000,-0.000000,0.000000,0.000000,0.000000,0.010000,0
1790549782.1574,-0.010102,0.018624,0.000000,0.000000,-0.010102,0.000000,0.000473,0.000000,0.891304,-0.000000,0.000000,0.000000,0.000000,0.000000,0.000000,0.010000,0
1790549782.1742,-0.011155,0.020451,0.000000,0.000000,-0.011155,0.000000,0.000118,0.000000,0.913043,-0.000000,0.000000,-0.000000,0.000000,0.000000,0.000000,0.010000,0
1790549782.1906,-0.012603,0.022634,0.000000,0.000000,-0.012603,0.000000,0.000000,0.000000,0.934783,-0.000000,0.000000,-0.000000,0.000000,0.000000,0.000000,0.010000,0
