t,imu_roll,imu_pitch,pid_roll,pid_pitch,roll_meas,banked_roll,eff_lin,eff_ang,phase,p_roll,i_roll,d_roll,p_pitch,i_pitch,d_pitch,dt,ik_clamped
1790549819.7971,-0.000174,0.012585,-0.000054,0.003901,-0.000174,0.000000,0.000000,0.000000,0.021739,-0.000052,-0.000002,0.000000,0.003776,0.000126,0.000000,0.010000,0
1790549819.8119,-0.000090,0.012141,-0.000030,0.003890,-0.000090,0.000000,0.000118,0.000000,0.043478,-0.000027,-0.000003,0.000000,0.003642,0.000247,-0.000000,0.010000,0
1790549819.8248,-0.000039,0.011670,-0.000015,0.003865,-0.000039,0.000000,0.000473,0.000000,0.065217,-0.000012,-0.000003,0.000000,0.003501,0.000364,-0.000000,0.010000,0
1790549819.8409,-0.000023,0.011203,-0.000010,0.003837,-0.000023,0.000000,0.001063,0.000000,0.086957,-0.000007,-0.000003,0.000000,0.003361,0.000476,-0.000000,0.010000,0
1790549819.8560,-0.000260,0.010522,-0.000084,0.003738,-0.000260,0.000000,0.001885,0.000000,0.108696,-0.000078,-0.000006,-0.000000,0.003157,0.000581,-0.000000,0.010000,0
1790549819.8716,-0.000323,0.009765,-0.000106,0.003608,-0.000323,0.000000,0.002937,0.000000,0.130435,-0.000097,-0.000009,-0.000000,0.002930,0.000679,-0.000000,0.010000,0
1790549819.8873,-0.000536,0.009092,-0.000175,0.003497,-0.000536,0.000000,0.004213,0.000000,0.152174,-0.000161,-0.000014,-0.000000,0.002728,0.000770,-0.000000,0.010000,0
1790549819.9026,-0.000776,0.008586,-0.000255,0.003431,-0.000776,0.000000,0.005710,0.000000,0.173913,-0.000233,-0.000022,-0.000000,0.002576,0.000856,-0.000000,0.010000,0
1790549819.9236,-0.003019,0.010681,-0.000958,0.004167,-0.003019,0.000000,0.007422,0.000000,0.195652,-0.000906,-0.000052,-0.000000,0.003204,0.000962,0.000000,0.010000,0
1790549819.9387,-0.003742,0.009900,-0.001212,0.004032,-0.003742,0.000000,0.009340,0.000000,0.217391,-0.001123,-0.000090,-0.000000,0.002970,0.001061,-0.000000,0.010000,0
1790549819.9538,-0.004189,0.009415,-0.001389,0.003980,-0.004189,0.000000,0.011459,0.000000,0.239130,-0.001257,-0.000132,-0.000000,0.002824,0.001156,-0.000000,0.010000,0
1790549819.9693,-0.004432,0.009085,-0.001506,0.003972,-0.004432,0.000000,0.013769,0.000000,0.260870,-0.001330,-0.000176,-0.000000,0.002726,0.001246,-0.000000,0.010000,0
1790549819.9854,-0.003051,0.006505,-0.001122,0.003263,-0.003051,0.000000,0.016262,0.000000,0.282609,-0.000915,-0.000207,0.000000,0.001952,0.001312,-0.000000,0.010000,0
1790549820.0005,-0.003037,0.006553,-0.001148,0.003343,-0.003037,0.000000,0.018927,0.000000,0.304348,-0.000911,-0.000237,0.000000,0.001966,0.001377,0.000000,0.010000,0
1790549820.0158,-0.002918,0.006880,-0.001142,0.003510,-0.002918,0.000000,0.021755,0.000000,0.326087,-0.000876,-0.000266,0.000000,0.002064,0.001446,0.000000,0.010000,0
1790549820.0318,-0.002740,0.007324,-0.001115,0.003716,-0.002740,0.000000,0.024733,0.000000,0.347826,-0.000822,-0.000294,0.000000,0.002197,0.001519,0.000000,0.010000,0
1790549820.0477,-0.002509,0.007873,-0.001071,0.003960,-0.002509,0.000000,0.027850,0.000000,0.369565,-0.000753,-0.000319,0.000000,0.002362,0.001598,0.000000,0.010000,0
1790549820.0634,-0.002230,0.008527,-0.001010,0.004241,-0.002230,0.000000,0.031095,0.000000,0.391304,-0.000669,-0.000341,0.000000,0.002558,0.001683,0.000000,0.010000,0
1790549820.0788,-0.001906,0.009288,-0.000932,0.004562,-0.001906,0.000000,0.034453,0.000000,0.413043,-0.000572,-0.000360,0.000000,0.002786,0.001776,0.000000,0.010000,0
1790549820.0942,-0.001538,0.010154,-0.000837,0.004924,-0.001538,0.000000,0.037913,0.000000,0.434783,-0.000461,-0.000375,0.000000,0.003046,0.001878,0.000000,0.010000,0
1790549820.1095,-0.001129,0.011124,-0.000725,0.005326,-0.001129,0.000000,0.041459,0.000000,0.456522,-0.000339,-0.000387,0.000000,0.003337,0.001989,0.000000,0.010000,0
1790549820.1246,-0.000681,0.012197,-0.000598,0.005770,-0.000681,0.000000,0.045079,0.000000,0.478261,-0.000204,-0.000393,0.000000,0.003659,0.002111,0.000000,0.010000,0
1790549820.1406,-0.000192,0.013369,-0.000453,0.006255,-0.000192,0.000000,0.048757,0.000000,0.500000,-0.000058,-0.000395,0.000000,0.004011,0.002244,0.000000,0.010000,0
1790549820.1557,0.000336,0.014642,-0.000291,0.006784,0.000336,0.000000,0.052480,0.000000,0.521739,0.000101,-0.000392,0.000000,0.004393,0.002391,0.000000,0.010000,0
1790549820.1731,0.000903,0.016024,-0.000112,0.007358,0.000903,0.000000,0.056233,0.000000,0.543478,0.000271,-0.000383,0.000000,0.004807,0.002551,0.000000,0.010000,0
1790549820.1906,0.001513,0.017519,0.000086,0.007982,0.001513,0.000000,0.060000,0.000000,0.565217,0.000454,-0.000368,0.000000,0.005256,0.002726,0.000000,0.010000,0
1790549820.2067,0.003577,0.016739,0.000741,0.007915,0.003577,0.000000,0.063767,0.000000,0.586957,0.001073,-0.000332,0.000000,0.005022,0.002894,-0.000000,0.010000,0
1790549820.2258,0.004438,0.018630,0.001044,0.008669,0.004438,0.000000,0.067520,0.000000,0.608696,0.001331,-0.000288,0.000000,0.005589,0.003080,0.000000,0.010000,0
1790549820.2436,0.005391,0.020858,0.001383,0.009546,0.005391,0.000000,0.071243,0.000000,0.630435,0.001617,-0.000234,0.000000,0.006257,0.003289,0.000000,0.010000,0
1790549820.2572,0.006335,0.023283,0.001730,0.010506,0.006335,0.000000,0.074921,0.000000,0.652174,0.001901,-0.000170,0.000000,0.006985,0.003521,0.000000,0.010000,0
1790549820.2737,0.005074,0.019019,0.001402,0.009417,0.005074,0.000000,0.078541,0.000000,0.673913,0.001522,-0.000120,-0.000000,0.005706,0.003712,-0.000000,0.010000,0
1790549820.2907,0.002459,0.014235,0.000643,0.008124,0.002459,0.000000,0.082087,0.000000,0.695652,0.000738,-0.000095,-0.000000,0.004271,0.003854,-0.000000,0.010000,0
1790549820.3076,-0.001732,0.008769,-0.000632,0.006572,-0.001732,0.000000,0.085547,0.000000,0.717391,-0.000520,-0.000112,-0.000000,0.002631,0.003942,-0.000000,0.010000,0
1790549820.3236,-0.007537,0.002738,-0.002449,0.004790,-0.007537,0.000000,0.088905,0.000000,0.739130,-0.002261,-0.000188,-0.000000,0.000821,0.003969,-0.000000,0.010000,0
1790549820.3407,-0.009301,0.003870,-0.003071,0.005169,-0.009301,0.000000,0.092150,0.000000,0.760870,-0.002790,-0.000281,-0.000000,0.001161,0.004008,0.000000,0.010000,0
1790549820.3561,-0.010689,0.005003,-0.003595,0.005559,-0.010689,0.000000,0.095267,0.000000,0.782609,-0.003207,-0.000388,-0.000000,0.001501,0.004058,0.000000,0.010000,0
1790549820.3736,-0.012138,0.006355,-0.004151,0.006028,-0.012138,0.000000,0.098245,0.000000,0.804348,-0.003642,-0.000509,-0.000000,0.001907,0.004121,0.000000,0.010000,0
1790549820.3907,-0.013753,0.007895,-0.004773,0.006569,-0.013753,0.000000,0.101073,0.000000,0.826087,-0.004126,-0.000647,-0.000000,0.002368,0.004200,0.000000,0.010000,0
1790549820.4059,-0.015590,0.009622,-0.005479,0.007183,-0.015590,0.000000,0.103738,0.000000,0.847826,-0.004677,-0.000803,-0.000000,0.002886,0.004296,0.000000,0.010000,0
1790549820.4239,-0.017682,0.011542,-0.006284,0.007874,-0.017682,0.000000,0.106231,0.000000,0.869565,-0.005305,-0.000979,-0.000000,0.003462,0.004412,0.000000,0.010000,0
1790549820.4410,-0.020052,0.013661,-0.007195,0.008647,-0.020052,0.000000,0.108541,0.000000,0.891304,-0.006016,-0.001180,-0.000000,0.004098,0.004548,0.000000,0.010000,0
1790549820.4566,-0.022715,0.015989,-0.008222,0.009505,-0.022715,0.000000,0.110660,0.000000,0.913043,-0.006815,-0.001407,-0.000000,0.004797,0.004708,0.000000,0.010000,0
1790549820.4751,-0.025682,0.018529,-0.009368,0.010452,-0.025682,0.000000,0.112578,0.000000,0.934783,-0.007705,-0.001664,-0.000000,0.005559,0.004894,0.000000,0.010000,0
1790549820.4906,-0.028957,0.021285,-0.010640,0.011492,-0.028957,0.000000,0.114290,0.000000,0.956522,-0.008687,-0.001953,-0.000000,0.006385,0.005106,0.000000,0.010000,0
1790549820.5071,-0.032538,0.024254,-0.012040,0.012625,-0.032538,0.000000,0.115787,0.000000,0.978261,-0.009761,-0.002279,-0.000000,0.007276,0.005349,0.000000,0.010000,0
1790549820.5233,-0.036419,0.027432,-0.013569,0.013853,-0.036419,0.000000,0.117063,0.000000,0.000000,-0.010926,-0.002643,-0.000000,0.008229,0.005623,0.000000,0.010000,0
1790549820.5406,-0.040586,0.030814,-0.015225,0.015176,-0.040586,0.000000,0.118115,0.000000,0.021739,-0.012176,-0.003049,-0.000000,0.009244,0.005931,0.000000,0.010000,0
1790549820.5559,-0.045027,0.034406,-0.017007,0.016597,-0.045027,0.000000,0.118937,0.000000,0.043478,-0.013508,-0.003499,-0.000000,0.010322,0.006276,0.000000,0.010000,0
1790549820.5739,-0.041997,0.031028,-0.016518,0.015894,-0.041997,0.000000,0.119527,0.000000,0.065217,-0.012599,-0.003919,0.000000,0.009308,0.006586,-0.000000,0.010000,0
1790549820.5907,-0.037277,0.027252,-0.015475,0.015034,-0.037277,0.000000,0.119882,0.000000,0.086957,-0.011183,-0.004292,0.000000,0.008175,0.006858,-0.000000,0.010000,0
1790549820.6061,-0.033929,0.023461,-0.014810,0.014131,-0.033929,0.000000,0.120000,0.000000,0.108696,-0.010179,-0.004631,0.000000,0.007038,0.007093,-0.000000,0.010000,0
1790549820.6248,-0.030423,0.019215,-0.014062,0.013049,-0.030423,0.000000,0.120000,0.000000,0.130435,-0.009127,-0.004935,0.000000,0.005764,0.007285,-0.000000,0.010000,0
1790549820.6406,-0.026441,0.014065,-0.013132,0.011645,-0.026441,0.000000,0.120000,0.000000,0.152174,-0.007932,-0.005200,0.000000,0.004220,0.007426,-0.000000,0.010000,0
1790549820.6558,-0.021704,0.007772,-0.011928,0.009835,-0.021704,0.000000,0.120000,0.000000,0.173913,-0.006511,-0.005417,0.000000,0.002332,0.007503,-0.000000,0.010000,0
1790549820.6741,-0.016045,0.000391,-0.010391,0.007625,-0.016045,0.000000,0.120000,0.000000,0.195652,-0.004814,-0.005577,0.000000,0.000117,0.007507,-0.000000,0.010000,0
1790549820.6907,-0.009412,-0.007796,-0.008495,0.005090,-0.009412,0.000000,0.120000,0.000000,0.217391,-0.002823,-0.005671,0.000000,-0.002339,0.007429,-0.000000,0.010000,0
1790549820.7071,-0.001809,-0.016400,-0.006232,0.002345,-0.001809,0.000000,0.120000,0.000000,0.239130,-0.000543,-0.005689,0.000000,-0.004920,0.007265,-0.000000,0.010000,0
1790549820.7238,0.000835,-0.013410,-0.005431,0.003108,0.000835,0.000000,0.120000,0.000000,0.260870,0.000251,-0.005681,0.000000,-0.004023,0.007131,0.000000,0.010000,0
1790549820.7410,0.001960,-0.011112,-0.005073,0.003687,0.001960,0.000000,0.120000,0.000000,0.282609,0.000588,-0.005661,0.000000,-0.003334,0.007020,0.000000,0.010000,0
1790549820.7565,0.002099,-0.009378,-0.005011,0.004113,0.002099,0.000000,0.120000,0.000000,0.304348,0.000630,-0.005641,0.000000,-0.002813,0.006926,0.000000,0.010000,0
1790549820.7725,0.001764,-0.007679,-0.005094,0.004546,0.001764,0.000000,0.120000,0.000000,0.326087,0.000529,-0.005623,-0.000000,-0.002304,0.006850,0.000000,0.010000,0
1790549820.7880,0.001141,-0.006009,-0.005269,0.004987,0.001141,0.000000,0.120000,0.000000,0.347826,0.000342,-0.005611,-0.000000,-0.001803,0.006790,0.000000,0.010000,0
1790549820.8036,-0.000817,-0.002681,-0.005865,0.005958,-0.000817,0.000000,0.120000,0.000000,0.369565,-0.000245,-0.005620,-0.000000,-0.000804,0.006763,0.000000,0.010000,0
1790549820.8197,-0.002050,-0.001339,-0.006255,0.006348,-0.002050,0.000000,0.120000,0.000000,0.391304,-0.000615,-0.005640,-0.000000,-0.000402,0.006749,0.000000,0.010000,0
1790549820.8348,-0.003041,0.000187,-0.006583,0.006807,-0.003041,0.000000,0.120000,0.000000,0.413043,-0.000912,-0.005671,-0.000000,0.000056,0.006751,0.000000,0.010000,0
1790549820.8508,-0.003784,0.001824,-0.006843,0.007317,-0.003784,0.000000,0.120000,0.000000,0.434783,-0.001135,-0.005708,-0.000000,0.000547,0.006769,0.000000,0.010000,0
1790549820.8656,-0.004263,0.003585,-0.007030,0.007881,-0.004263,0.000000,0.120000,0.000000,0.456522,-0.001279,-0.005751,-0.000000,0.001075,0.006805,0.000000,0.010000,0
1790549820.8811,-0.004466,0.005488,-0.007136,0.008507,-0.004466,0.000000,0.120000,0.000000,0.478261,-0.001340,-0.005796,-0.000000,0.001646,0.006860,0.000000,0.010000,0
1790549820.8971,-0.004381,0.007551,-0.007154,0.009201,-0.004381,0.000000,0.120000,0.000000,0.500000,-0.001314,-0.005839,0.000000,0.002265,0.006936,0.000000,0.010000,0
1790549820.9127,-0.003998,0.009795,-0.007079,0.009972,-0.003998,0.000000,0.120000,0.000000,0.521739,-0.001199,-0.005879,0.000000,0.002939,0.007034,0.000000,0.010000,0
1790549820.9282,-0.003312,0.012240,-0.006906,0.010828,-0.003312,0.000000,0.120000,0.000000,0.543478,-0.000994,-0.005913,0.000000,0.003672,0.007156,0.000000,0.010000,0
1790549820.9436,-0.002315,0.014907,-0.006630,0.011777,-0.002315,0.000000,0.120000,0.000000,0.565217,-0.000694,-0.005936,0.000000,0.004472,0.007305,0.000000,0.010000,0
1790549820.9584,-0.000995,0.017815,-0.006244,0.012828,-0.000995,0.000000,0.120000,0.000000,0.586957,-0.000299,-0.005946,0.000000,0.005344,0.007483,0.000000,0.010000,0
1790549820.9734,0.000994,0.021104,-0.005638,0.014026,0.000994,0.000000,0.120000,0.000000,0.608696,0.000298,-0.005936,0.000000,0.006331,0.007694,0.000000,0.010000,0
1790549820.9895,0.003349,0.024731,-0.004898,0.015361,0.003349,0.000000,0.120000,0.000000,0.630435,0.001005,-0.005902,0.000000,0.007419,0.007942,0.000000,0.010000,0
1790549821.0047,0.004449,0.022125,-0.004523,0.014800,0.004449,0.000000,0.120000,0.000000,0.652174,0.001335,-0.005858,0.000000,0.006637,0.008163,-0.000000,0.010000,0
1790549821.0206,0.004064,0.018963,-0.004598,0.014041,0.004064,0.000000,0.120000,0.000000,0.673913,0.001219,-0.005817,-0.000000,0.005689,0.008352,-0.000000,0.010000,0
1790549821.0367,0.001992,0.014887,-0.005200,0.012967,0.001992,0.000000,0.120000,0.000000,0.695652,0.000598,-0.005797,-0.000000,0.004466,0.008501,-0.000000,0.010000,0
1790549821.0528,-0.001773,0.009930,-0.006347,0.011580,-0.001773,0.000000,0.120000,0.000000,0.717391,-0.000532,-0.005815,-0.000000,0.002979,0.008601,-0.000000,0.010000,0
1790549821.0683,-0.007193,0.004291,-0.008045,0.009931,-0.007193,0.000000,0.120000,0.000000,0.739130,-0.002158,-0.005887,-0.000000,0.001287,0.008644,-0.000000,0.010000,0
1790549821.0838,-0.003955,0.008402,-0.007113,0.011248,-0.003955,0.000000,0.120000,0.000000,0.760870,-0.001186,-0.005926,0.000000,0.002521,0.008728,0.000000,0.010000,0
1790549821.0996,-0.004887,0.008766,-0.007442,0.011445,-0.004887,0.000000,0.120000,0.000000,0.782609,-0.001466,-0.005975,-0.000000,0.002630,0.008815,0.000000,0.010000,0
1790549821.1148,-0.006098,0.009549,-0.007866,0.011775,-0.006098,0.000000,0.120000,0.000000,0.804348,-0.001830,-0.006036,-0.000000,0.002865,0.008911,0.000000,0.010000,0
1790549821.1304,-0.007644,0.010562,-0.008406,0.012185,-0.007644,0.000000,0.120000,0.000000,0.826087,-0.002293,-0.006113,-0.000000,0.003169,0.009016,0.000000,0.010000,0
1790549821.1461,-0.009518,0.011791,-0.009063,0.012672,-0.009518,0.000000,0.120000,0.000000,0.847826,-0.002855,-0.006208,-0.000000,0.003537,0.009134,0.000000,0.010000,0
1790549821.1617,-0.011701,0.013232,-0.009835,0.013236,-0.011701,0.000000,0.120000,0.000000,0.869565,-0.003510,-0.006325,-0.000000,0.003970,0.009267,0.000000,0.010000,0
1790549821.1777,-0.014172,0.014887,-0.010718,0.013882,-0.014172,0.000000,0.120000,0.000000,0.891304,-0.004252,-0.006467,-0.000000,0.004466,0.009415,0.000000,0.010000,0
1790549821.1931,-0.016918,0.016757,-0.011711,0.014610,-0.016918,0.000000,0.120000,0.000000,0.913043,-0.005075,-0.006636,-0.000000,0.005027,0.009583,0.000000,0.010000,0
1790549821.2082,-0.019928,0.018843,-0.012813,0.015424,-0.019928,0.000000,0.120000,0.000000,0.934783,-0.005978,-0.006835,-0.000000,0.005653,0.009771,0.000000,0.010000,0
1790549821.2235,-0.023192,0.021141,-0.014025,0.016325,-0.023192,0.000000,0.120000,0.000000,0.956522,-0.006958,-0.007067,-0.000000,0.006342,0.009983,0.000000,0.010000,0
1790549821.2390,-0.026705,0.023648,-0.015345,0.017314,-0.026705,0.000000,0.120000,0.000000,0.978261,-0.008011,-0.007334,-0.000000,0.007094,0.010219,0.000000,0.010000,0
1790549821.2547,-0.030455,0.026354,-0.016775,0.018389,-0.030455,0.000000,0.120000,0.000000,0.000000,-0.009136,-0.007639,-0.000000,0.007906,0.010483,0.000000,0.010000,0
1790549821.2707,-0.034433,0.029255,-0.018313,0.019552,-0.034433,0.000000,0.120000,0.000000,0.021739,-0.010330,-0.007983,-0.000000,0.008776,0.010775,0.000000,0.010000,0
1790549821.2858,-0.031140,0.025854,-0.017636,0.018790,-0.031140,0.000000,0.120000,0.000000,0.043478,-0.009342,-0.008294,0.000000,0.007756,0.011034,-0.000000,0.010000,0
1790549821.3008,-0.028062,0.022062,-0.016994,0.017873,-0.028062,0.000000,0.120000,0.000000,0.065217,-0.008419,-0.008575,0.000000,0.006619,0.011255,-0.000000,0.010000,0
1790549821.3168,-0.031056,0.023320,-0.018202,0.018484,-0.031056,0.000000,0.120000,0.000000,0.086957,-0.009317,-0.008886,-0.000000,0.006996,0.011488,0.000000,0.010000,0
1790549821.3329,-0.027667,0.019143,-0.017462,0.017422,-0.027667,0.000000,0.120000,0.000000,0.108696,-0.008300,-0.009162,0.000000,0.005743,0.011679,-0.000000,0.010000,0
1790549821.3487,-0.022306,0.014458,-0.016077,0.016161,-0.022306,0.000000,0.120000,0.000000,0.130435,-0.006692,-0.009385,0.000000,0.004337,0.011824,-0.000000,0.010000,0
1790549821.3643,-0.018121,0.009061,-0.015003,0.014633,-0.018121,0.000000,0.120000,0.000000,0.152174,-0.005436,-0.009566,0.000000,0.002718,0.011914,-0.000000,0.010000,0
1790549821.3768,-0.013294,0.002551,-0.013688,0.012705,-0.013294,0.000000,0.120000,0.000000,0.173913,-0.003988,-0.009699,0.000000,0.000765,0.011940,-0.000000,0.010000,0
1790549821.3916,-0.007612,-0.005026,-0.012059,0.010382,-0.007612,0.000000,0.120000,0.000000,0.195652,-0.002284,-0.009776,0.000000,-0.001508,0.011890,-0.000000,0.010000,0
1790549821.4091,-0.000999,-0.013379,-0.010085,0.007742,-0.000999,0.000000,0.120000,0.000000,0.217391,-0.000300,-0.009786,0.000000,-0.004014,0.011756,-0.000000,0.010000,0
1790549821.4248,0.001297,-0.011583,-0.009383,0.008165,0.001297,0.000000,0.120000,0.000000,0.239130,0.000389,-0.009773,0.000000,-0.003475,0.011640,0.000000,0.010000,0
1790549821.4425,0.002025,-0.010642,-0.009145,0.008341,0.002025,0.000000,0.120000,0.000000,0.260870,0.000608,-0.009752,0.000000,-0.003193,0.011534,0.000000,0.010000,0
1790549821.4585,0.002094,-0.009662,-0.009103,0.008538,0.002094,0.000000,0.120000,0.000000,0.282609,0.000628,-0.009731,0.000000,-0.002899,0.011437,0.000000,0.010000,0
1790549821.4742,0.001704,-0.008697,-0.009203,0.008741,0.001704,0.000000,0.120000,0.000000,0.304348,0.000511,-0.009714,-0.000000,-0.002609,0.011350,0.000000,0.010000,0
1790549821.4925,0.001028,-0.007735,-0.009395,0.008952,0.001028,0.000000,0.120000,0.000000,0.326087,0.000309,-0.009704,-0.000000,-0.002320,0.011273,0.000000,0.010000,0
1790549821.5081,0.000202,-0.006751,-0.009641,0.009180,0.000202,0.000000,0.120000,0.000000,0.347826,0.000061,-0.009702,-0.000000,-0.002025,0.011205,0.000000,0.010000,0
1790549821.5241,-0.000673,-0.005723,-0.009911,0.009431,-0.000673,0.000000,0.120000,0.000000,0.369565,-0.000202,-0.009709,-0.000000,-0.001717,0.011148,0.000000,0.010000,0
1790549821.5393,-0.001516,-0.004626,-0.010179,0.009714,-0.001516,0.000000,0.120000,0.000000,0.391304,-0.000455,-0.009724,-0.000000,-0.001388,0.011102,0.000000,0.010000,0
1790549821.5549,-0.002270,-0.003439,-0.010428,0.010036,-0.002270,0.000000,0.120000,0.000000,0.413043,-0.000681,-0.009747,-0.000000,-0.001032,0.011067,0.000000,0.010000,0
1790549821.5709,-0.002890,-0.002135,-0.010642,0.010406,-0.002890,0.000000,0.120000,0.000000,0.434783,-0.000867,-0.009775,-0.000000,-0.000640,0.011046,0.000000,0.010000,0
1790549821.5925,-0.005389,0.001377,-0.011446,0.011473,-0.005389,0.000000,0.120000,0.000000,0.456522,-0.001617,-0.009829,-0.000000,0.000413,0.011060,0.000000,0.010000,0
1790549821.6094,-0.006184,0.002453,-0.011746,0.011820,-0.006184,0.000000,0.120000,0.000000,0.478261,-0.001855,-0.009891,-0.000000,0.000736,0.011084,0.000000,0.010000,0
1790549821.6236,-0.006516,0.003862,-0.011911,0.012282,-0.006516,0.000000,0.120000,0.000000,0.500000,-0.001955,-0.009956,-0.000000,0.001159,0.011123,0.000000,0.010000,0
1790549821.6411,-0.006448,0.005494,-0.011955,0.012826,-0.006448,0.000000,0.120000,0.000000,0.521739,-0.001934,-0.010021,0.000000,0.001648,0.011178,0.000000,0.010000,0
1790549821.6581,-0.006012,0.007353,-0.011885,0.013457,-0.006012,0.000000,0.120000,0.000000,0.543478,-0.001804,-0.010081,0.000000,0.002206,0.011251,0.000000,0.010000,0
1790549821.6701,-0.005228,0.009452,-0.011702,0.014181,-0.005228,0.000000,0.120000,0.000000,0.565217,-0.001568,-0.010133,0.000000,0.002836,0.011346,0.000000,0.010000,0
1790549821.6848,-0.004105,0.011805,-0.011406,0.015005,-0.004105,0.000000,0.120000,0.000000,0.586957,-0.001232,-0.010174,0.000000,0.003542,0.011464,0.000000,0.010000,0
1790549821.7009,-0.002314,0.014547,-0.010892,0.015974,-0.002314,0.000000,0.120000,0.000000,0.608696,-0.000694,-0.010197,0.000000,0.004364,0.011609,0.000000,0.010000,0
1790549821.7248,-0.000170,0.017630,-0.010250,0.017075,-0.000170,0.000000,0.120000,0.000000,0.630435,-0.000051,-0.010199,0.000000,0.005289,0.011786,0.000000,0.010000,0
1790549821.7362,0.002162,0.021037,-0.009529,0.018307,0.002162,0.000000,0.120000,0.000000,0.652174,0.000649,-0.010178,0.000000,0.006311,0.011996,0.000000,0.010000,0
1790549821.7515,0.002793,0.017294,-0.009312,0.017357,0.002793,0.000000,0.120000,0.000000,0.673913,0.000838,-0.010150,0.000000,0.005188,0.012169,-0.000000,0.010000,0
1790549821.7736,0.002002,0.012943,-0.009529,0.016181,0.002002,0.000000,0.120000,0.000000,0.695652,0.000601,-0.010130,-0.000000,0.003883,0.012298,-0.000000,0.010000,0
1790549821.7910,-0.000439,0.007774,-0.010266,0.014708,-0.000439,0.000000,0.120000,0.000000,0.717391,-0.000132,-0.010134,-0.000000,0.002332,0.012376,-0.000000,0.010000,0
1790549821.8068,-0.004534,0.001909,-0.011539,0.012968,-0.004534,0.000000,0.120000,0.000000,0.739130,-0.001360,-0.010179,-0.000000,0.000573,0.012395,-0.000000,0.010000,0
1790549821.8233,-0.004911,0.001758,-0.011702,0.012940,-0.004911,0.000000,0.120000,0.000000,0.760870,-0.001473,-0.010228,-0.000000,0.000527,0.012413,-0.000000,0.010000,0
1790549821.8403,-0.005444,0.002246,-0.011916,0.013109,-0.005444,0.000000,0.120000,0.000000,0.782609,-0.001633,-0.010283,-0.000000,0.000674,0.012435,0.000000,0.010000,0
1790549821.8569,-0.006199,0.002940,-0.012204,0.013347,-0.006199,0.000000,0.120000,0.000000,0.804348,-0.001860,-0.010345,-0.000000,0.000882,0.012465,0.000000,0.010000,0
1790549821.8736,-0.007197,0.003801,-0.012576,0.013643,-0.007197,0.000000,0.120000,0.000000,0.826087,-0.002159,-0.010417,-0.000000,0.001140,0.012503,0.000000,0.010000,0
1790549821.8909,-0.006137,0.006869,-0.012319,0.014632,-0.006137,0.000000,0.120000,0.000000,0.847826,-0.001841,-0.010478,0.000000,0.002061,0.012571,0.000000,0.010000,0
1790549821.9078,-0.007185,0.007559,-0.012706,0.014915,-0.007185,0.000000,0.120000,0.000000,0.869565,-0.002156,-0.010550,-0.000000,0.002268,0.012647,0.000000,0.010000,0
1790549821.9234,-0.008654,0.008567,-0.013233,0.015303,-0.008654,0.000000,0.120000,0.000000,0.891304,-0.002596,-0.010637,-0.000000,0.002570,0.012733,0.000000,0.010000,0
1790549821.9386,-0.010489,0.009778,-0.013888,0.015764,-0.010489,0.000000,0.120000,0.000000,0.913043,-0.003147,-0.010741,-0.000000,0.002933,0.012830,0.000000,0.010000,0
1790549821.9570,-0.012651,0.011183,-0.014663,0.016297,-0.012651,0.000000,0.120000,0.000000,0.934783,-0.003795,-0.010868,-0.000000,0.003355,0.012942,0.000000,0.010000,0
1790549821.9732,-0.015109,0.012777,-0.015552,0.016903,-0.015109,0.000000,0.120000,0.000000,0.956522,-0.004533,-0.011019,-0.000000,0.003833,0.013070,0.000000,0.010000,0
1790549821.9910,-0.017836,0.014552,-0.016548,0.017581,-0.017836,0.000000,0.120000,0.000000,0.978261,-0.005351,-0.011197,-0.000000,0.004366,0.013216,0.000000,0.010000,0
1790549822.0067,-0.020805,0.016496,-0.017647,0.018329,-0.020805,0.000000,0.120000,0.000000,0.000000,-0.006242,-0.011405,-0.000000,0.004949,0.013381,0.000000,0.010000,0
1790549822.0237,-0.023995,0.018603,-0.018844,0.019148,-0.023995,0.000000,0.120000,0.000000,0.021739,-0.007198,-0.011645,-0.000000,0.005581,0.013567,0.000000,0.010000,0
1790549822.0410,-0.027385,0.020875,-0.020135,0.020038,-0.027385,0.000000,0.120000,0.000000,0.043478,-0.008216,-0.011919,-0.000000,0.006262,0.013775,0.000000,0.010000,0
1790549822.0591,-0.024086,0.017350,-0.019386,0.019154,-0.024086,0.000000,0.120000,0.000000,0.065217,-0.007226,-0.012160,0.000000,0.005205,0.013949,-0.000000,0.010000,0
1790549822.0801,-0.020934,0.013453,-0.018650,0.018119,-0.020934,0.000000,0.120000,0.000000,0.086957,-0.006280,-0.012369,0.000000,0.004036,0.014083,-0.000000,0.010000,0
1790549822.0978,-0.017819,0.009398,-0.017893,0.016997,-0.017819,0.000000,0.120000,0.000000,0.108696,-0.005346,-0.012548,0.000000,0.002819,0.014177,-0.000000,0.010000,0
1790549822.1209,-0.019198,0.009163,-0.018499,0.017018,-0.019198,0.000000,0.120000,0.000000,0.130435,-0.005759,-0.012740,-0.000000,0.002749,0.014269,-0.000000,0.010000,0
1790549822.1350,-0.015169,0.003957,-0.017442,0.015496,-0.015169,0.000000,0.120000,0.000000,0.152174,-0.004551,-0.012891,0.000000,0.001187,0.014309,-0.000000,0.010000,0
1790549822.1480,-0.009425,-0.002458,-0.015813,0.013546,-0.009425,0.000000,0.120000,0.000000,0.173913,-0.002827,-0.012986,0.000000,-0.000738,0.014284,-0.000000,0.010000,0
1790549822.1584,-0.003649,-0.009797,-0.014117,0.011247,-0.003649,0.000000,0.120000,0.000000,0.195652,-0.001095,-0.013022,0.000000,-0.002939,0.014186,-0.000000,0.010000,0
1790549822.1743,0.003026,-0.017899,-0.012084,0.008637,0.003026,0.000000,0.120000,0.000000,0.217391,0.000908,-0.012992,0.000000,-0.005370,0.014007,-0.000000,0.010000,0
1790549822.1909,0.005384,-0.015677,-0.011323,0.009147,0.005384,0.000000,0.120000,0.000000,0.239130,0.001615,-0.012938,0.000000,-0.004703,0.013850,0.000000,0.010000,0
1790549822.2068,0.006144,-0.014319,-0.011033,0.009411,0.006144,0.000000,0.120000,0.000000,0.260870,0.001843,-0.012877,0.000000,-0.004296,0.013707,0.000000,0.010000,0
1790549822.2235,0.006242,-0.012944,-0.010941,0.009694,0.006242,0.000000,0.120000,0.000000,0.282609,0.001873,-0.012814,0.000000,-0.003883,0.013578,0.000000,0.010000,0
1790549822.2424,0.005888,-0.011601,-0.010989,0.009981,0.005888,0.000000,0.120000,0.000000,0.304348,0.001766,-0.012755,-0.000000,-0.003480,0.013462,0.000000,0.010000,0
1790549822.2581,0.005260,-0.010274,-0.011125,0.010277,0.005260,0.000000,0.120000,0.000000,0.326087,0.001578,-0.012703,-0.000000,-0.003082,0.013359,0.000000,0.010000,0
1790549822.2737,0.004497,-0.008936,-0.011309,0.010589,0.004497,0.000000,0.120000,0.000000,0.347826,0.001349,-0.012658,-0.000000,-0.002681,0.013269,0.000000,0.010000,0
1790549822.2900,0.003703,-0.007561,-0.011510,0.010926,0.003703,0.000000,0.120000,0.000000,0.369565,0.001111,-0.012621,-0.000000,-0.002268,0.013194,0.000000,0.010000,0
1790549822.3072,0.002958,-0.006122,-0.011704,0.011296,0.002958,0.000000,0.120000,0.000000,0.391304,0.000887,-0.012591,-0.000000,-0.001837,0.013133,0.000000,0.010000,0
1790549822.3241,0.002323,-0.004595,-0.011871,0.011708,0.002323,0.000000,0.120000,0.000000,0.413043,0.000697,-0.012568,-0.000000,-0.001379,0.013087,0.000000,0.010000,0
1790549822.3406,0.001843,-0.002959,-0.011996,0.012169,0.001843,0.000000,0.120000,0.000000,0.434783,0.000553,-0.012549,-0.000000,-0.000888,0.013057,0.000000,0.010000,0
1790549822.3573,0.001556,-0.001194,-0.012067,0.012687,0.001556,0.000000,0.120000,0.000000,0.456522,0.000467,-0.012534,-0.000000,-0.000358,0.013045,0.000000,0.010000,0
1790549822.3736,0.001489,0.000718,-0.012072,0.013268,0.001489,0.000000,0.120000,0.000000,0.478261,0.000447,-0.012519,-0.000000,0.000215,0.013052,0.000000,0.010000,0
1790549822.3907,-0.000471,0.005067,-0.012665,0.014623,-0.000471,0.000000,0.120000,0.000000,0.500000,-0.000141,-0.012524,-0.000000,0.001520,0.013103,0.000000,0.010000,0
1790549822.4060,-0.000566,0.006815,-0.012699,0.015216,-0.000566,0.000000,0.120000,0.000000,0.521739,-0.000170,-0.012529,-0.000000,0.002044,0.013171,0.000000,0.010000,0
1790549822.4218,-0.000140,0.008951,-0.012573,0.015946,-0.000140,0.000000,0.120000,0.000000,0.543478,-0.000042,-0.012531,0.000000,0.002685,0.013261,0.000000,0.010000,0
1790549822.4409,0.000738,0.011359,-0.012302,0.016782,0.000738,0.000000,0.120000,0.000000,0.565217,0.000221,-0.012523,0.000000,0.003408,0.013374,0.000000,0.010000,0
1790549822.4568,0.002035,0.014042,-0.011893,0.017727,0.002035,0.000000,0.120000,0.000000,0.586957,0.000610,-0.012503,0.000000,0.004213,0.013515,0.000000,0.010000,0
1790549822.4736,0.004066,0.017134,-0.011243,0.018826,0.004066,0.000000,0.120000,0.000000,0.608696,0.001220,-0.012462,0.000000,0.005140,0.013686,0.000000,0.010000,0
1790549822.4907,0.006506,0.020586,-0.010445,0.020068,0.006506,0.000000,0.120000,0.000000,0.630435,0.001952,-0.012397,0.000000,0.006176,0.013892,0.000000,0.010000,0
1790549822.5074,0.007597,0.017936,-0.010042,0.019452,0.007597,0.000000,0.120000,0.000000,0.652174,0.002279,-0.012321,0.000000,0.005381,0.014071,-0.000000,0.010000,0
1790549822.5235,0.007169,0.014746,-0.010099,0.018643,0.007169,0.000000,0.120000,0.000000,0.673913,0.002151,-0.012250,-0.000000,0.004424,0.014219,-0.000000,0.010000,0
1790549822.5406,0.005048,0.010636,-0.010685,0.017516,0.005048,0.000000,0.120000,0.000000,0.695652,0.001514,-0.012199,-0.000000,0.003191,0.014325,-0.000000,0.010000,0
1790549822.5557,0.003116,0.010816,-0.011233,0.017678,0.003116,0.000000,0.120000,0.000000,0.717391,0.000935,-0.012168,-0.000000,0.003245,0.014433,0.000000,0.010000,0
1790549822.5740,-0.002792,0.004808,-0.013033,0.015924,-0.002792,0.000000,0.120000,0.000000,0.739130,-0.000838,-0.012196,-0.000000,0.001442,0.014481,-0.000000,0.010000,0
1790549822.5908,-0.004199,0.005137,-0.013498,0.016074,-0.004199,0.000000,0.120000,0.000000,0.760870,-0.001260,-0.012238,-0.000000,0.001541,0.014533,0.000000,0.010000,0
1790549822.6072,-0.005768,0.006216,-0.014026,0.016460,-0.005768,0.000000,0.120000,0.000000,0.782609,-0.001730,-0.012296,-0.000000,0.001865,0.014595,0.000000,0.010000,0
1790549822.6242,-0.007566,0.007539,-0.014641,0.016932,-0.007566,0.000000,0.120000,0.000000,0.804348,-0.002270,-0.012371,-0.000000,0.002262,0.014670,0.000000,0.010000,0
1790549822.6408,-0.009612,0.009064,-0.015351,0.017480,-0.009612,0.000000,0.120000,0.000000,0.826087,-0.002884,-0.012467,-0.000000,0.002719,0.014761,0.000000,0.010000,0
1790549822.6571,-0.011910,0.010785,-0.016159,0.018104,-0.011910,0.000000,0.120000,0.000000,0.847826,-0.003573,-0.012586,-0.000000,0.003236,0.014869,0.000000,0.010000,0
1790549822.6742,-0.014456,0.012703,-0.017068,0.018807,-0.014456,0.000000,0.120000,0.000000,0.869565,-0.004337,-0.012731,-0.000000,0.003811,0.014996,0.000000,0.010000,0
1790549822.6910,-0.017248,0.014819,-0.018078,0.019590,-0.017248,0.000000,0.120000,0.000000,0.891304,-0.005174,-0.012903,-0.000000,0.004446,0.015144,0.000000,0.010000,0
1790549822.7070,-0.020287,0.017138,-0.019192,0.020457,-0.020287,0.000000,0.120000,0.000000,0.913043,-0.006086,-0.013106,-0.000000,0.005141,0.015315,0.000000,0.010000,0
1790549822.7238,-0.023573,0.019663,-0.020414,0.021411,-0.023573,0.000000,0.120000,0.000000,0.934783,-0.007072,-0.013342,-0.000000,0.005899,0.015512,0.000000,0.010000,0
1790549822.7435,-0.027108,0.022394,-0.021746,0.022454,-0.027108,0.000000,0.120000,0.000000,0.956522,-0.008132,-0.013613,-0.000000,0.006718,0.015736,0.000000,0.010000,0
1790549822.7588,-0.030890,0.025328,-0.023189,0.023588,-0.030890,0.000000,0.120000,0.000000,0.978261,-0.009267,-0.013922,-0.000000,0.007598,0.015989,0.000000,0.010000,0
1790549822.7753,-0.034917,0.028460,-0.024746,0.024812,-0.034917,0.000000,0.120000,0.000000,0.000000,-0.010475,-0.014271,-0.000000,0.008538,0.016274,0.000000,0.010000,0
1790549822.7919,-0.031181,0.025151,-0.023937,0.024070,-0.031181,0.000000,0.120000,0.000000,0.021739,-0.009354,-0.014583,0.000000,0.007545,0.016525,-0.000000,0.010000,0
1790549822.8081,-0.027758,0.021412,-0.023188,0.023163,-0.027758,0.000000,0.120000,0.000000,0.043478,-0.008327,-0.014861,0.000000,0.006423,0.016739,-0.000000,0.010000,0
1790549822.8235,-0.030911,0.022919,-0.024443,0.023844,-0.030911,0.000000,0.120000,0.000000,0.065217,-0.009273,-0.015170,-0.000000,0.006876,0.016969,0.000000,0.010000,0
1790549822.8408,-0.027228,0.018620,-0.023610,0.022741,-0.027228,0.000000,0.120000,0.000000,0.086957,-0.008168,-0.015442,0.000000,0.005586,0.017155,-0.000000,0.010000,0
1790549822.8647,-0.023611,0.014162,-0.022762,0.021545,-0.023611,0.000000,0.120000,0.000000,0.108696,-0.007083,-0.015678,0.000000,0.004249,0.017296,-0.000000,0.010000,0
1790549822.8808,-0.018056,0.009236,-0.021275,0.020159,-0.018056,0.000000,0.120000,0.000000,0.130435,-0.005417,-0.015859,0.000000,0.002771,0.017389,-0.000000,0.010000,0
1790549822.8924,-0.013612,0.003572,-0.020078,0.018496,-0.013612,0.000000,0.120000,0.000000,0.152174,-0.004084,-0.015995,0.000000,0.001072,0.017424,-0.000000,0.010000,0
1790549822.9086,-0.008501,-0.003193,-0.018630,0.016435,-0.008501,0.000000,0.120000,0.000000,0.173913,-0.002550,-0.016080,0.000000,-0.000958,0.017393,-0.000000,0.010000,0
1790549822.9239,-0.002516,-0.011008,-0.016860,0.013980,-0.002516,0.000000,0.120000,0.000000,0.195652,-0.000755,-0.016105,0.000000,-0.003303,0.017282,-0.000000,0.010000,0
1790549822.9392,0.004414,-0.019580,-0.014737,0.011213,0.004414,0.000000,0.120000,0.000000,0.217391,0.001324,-0.016061,0.000000,-0.005874,0.017087,-0.000000,0.010000,0
1790549822.9565,0.007158,-0.017308,-0.013842,0.011721,0.007158,0.000000,0.120000,0.000000,0.239130,0.002147,-0.015989,0.000000,-0.005192,0.016914,0.000000,0.010000,0
1790549822.9739,0.008180,-0.015907,-0.013454,0.011983,0.008180,0.000000,0.120000,0.000000,0.260870,0.002454,-0.015907,0.000000,-0.004772,0.016755,0.000000,0.010000,0
1790549822.9896,0.008350,-0.014631,-0.013319,0.012219,0.008350,0.000000,0.120000,0.000000,0.282609,0.002505,-0.015824,0.000000,-0.004389,0.016608,0.000000,0.010000,0
1790549823.0071,0.007998,-0.013388,-0.013344,0.012458,0.007998,0.000000,0.120000,0.000000,0.304348,0.002400,-0.015744,-0.000000,-0.004016,0.016474,0.000000,0.010000,0
1790549823.0239,0.007322,-0.012164,-0.013474,0.012704,0.007322,0.000000,0.120000,0.000000,0.326087,0.002197,-0.015671,-0.000000,-0.003649,0.016353,0.000000,0.010000,0
1790549823.0410,0.006474,-0.010933,-0.013664,0.012963,0.006474,0.000000,0.120000,0.000000,0.347826,0.001942,-0.015606,-0.000000,-0.003280,0.016243,0.000000,0.010000,0
1790549823.0571,0.005568,-0.009670,-0.013880,0.013246,0.005568,0.000000,0.120000,0.000000,0.369565,0.001670,-0.015550,-0.000000,-0.002901,0.016147,0.000000,0.010000,0
1790549823.0737,0.004691,-0.008348,-0.014096,0.013559,0.004691,0.000000,0.120000,0.000000,0.391304,0.001407,-0.015503,-0.000000,-0.002504,0.016063,0.000000,0.010000,0
1790549823.0906,0.003908,-0.006938,-0.014292,0.013912,0.003908,0.000000,0.120000,0.000000,0.413043,0.001172,-0.015464,-0.000000,-0.002081,0.015994,0.000000,0.010000,0
1790549823.1065,0.001333,-0.003419,-0.015051,0.014934,0.001333,0.000000,0.120000,0.000000,0.434783,0.000400,-0.015451,-0.000000,-0.001026,0.015960,0.000000,0.010000,0
1790549823.1232,0.000355,-0.002270,-0.015341,0.015256,0.000355,0.000000,0.120000,0.000000,0.456522,0.000106,-0.015447,-0.000000,-0.000681,0.015937,0.000000,0.010000,0
1790549823.1408,-0.000177,-0.000808,-0.015502,0.015686,-0.000177,0.000000,0.120000,0.000000,0.478261,-0.000053,-0.015449,-0.000000,-0.000242,0.015929,0.000000,0.010000,0
1790549823.1575,-0.000315,0.000858,-0.015547,0.016195,-0.000315,0.000000,0.120000,0.000000,0.500000,-0.000095,-0.015452,-0.000000,0.000257,0.015937,0.000000,0.010000,0
1790549823.1742,-0.000088,0.002733,-0.015480,0.016785,-0.000088,0.000000,0.120000,0.000000,0.521739,-0.000026,-0.015453,0.000000,0.000820,0.015965,0.000000,0.010000,0
1790549823.1908,0.000485,0.004832,-0.015303,0.017463,0.000485,0.000000,0.120000,0.000000,0.543478,0.000146,-0.015448,0.000000,0.001449,0.016013,0.000000,0.010000,0
1790549823.2075,0.001394,0.007170,-0.015016,0.018236,0.001394,0.000000,0.120000,0.000000,0.565217,0.000418,-0.015434,0.000000,0.002151,0.016085,0.000000,0.010000,0
1790549823.2239,0.002633,0.009764,-0.014618,0.019111,0.002633,0.000000,0.120000,0.000000,0.586957,0.000790,-0.015408,0.000000,0.002929,0.016182,0.000000,0.010000,0
1790549823.2407,0.004539,0.012748,-0.014001,0.020134,0.004539,0.000000,0.120000,0.000000,0.608696,0.001362,-0.015363,0.000000,0.003824,0.016310,0.000000,0.010000,0
1790549823.2581,0.006800,0.016077,-0.013255,0.021294,0.006800,0.000000,0.120000,0.000000,0.630435,0.002040,-0.015295,0.000000,0.004823,0.016471,0.000000,0.010000,0
1790549823.2735,0.009258,0.019731,-0.012425,0.022587,0.009258,0.000000,0.120000,0.000000,0.652174,0.002777,-0.015202,0.000000,0.005919,0.016668,0.000000,0.010000,0
1790549823.2909,0.009853,0.015809,-0.012148,0.021569,0.009853,0.000000,0.120000,0.000000,0.673913,0.002956,-0.015104,0.000000,0.004743,0.016826,-0.000000,0.010000,0
1790549823.3072,0.009071,0.011288,-0.012292,0.020325,0.009071,0.000000,0.120000,0.000000,0.695652,0.002721,-0.015013,-0.000000,0.003386,0.016939,-0.000000,0.010000,0
1790549823.3238,0.006672,0.005948,-0.012945,0.018783,0.006672,0.000000,0.120000,0.000000,0.717391,0.002002,-0.014946,-0.000000,0.001784,0.016998,-0.000000,0.010000,0
1790549823.3407,0.002642,-0.000082,-0.014127,0.016973,0.002642,0.000000,0.120000,0.000000,0.739130,0.000793,-0.014920,-0.000000,-0.000025,0.016998,-0.000000,0.010000,0
1790549823.3570,0.002218,-0.000551,-0.014232,0.016827,0.002218,0.000000,0.120000,0.000000,0.760870,0.000665,-0.014898,-0.000000,-0.000165,0.016992,-0.000000,0.010000,0
1790549823.3739,0.001611,-0.000377,-0.014398,0.016875,0.001611,0.000000,0.120000,0.000000,0.782609,0.000483,-0.014882,-0.000000,-0.000113,0.016988,0.000000,0.010000,0
1790549823.3907,0.000773,0.000013,-0.014642,0.016992,0.000773,0.000000,0.120000,0.000000,0.804348,0.000232,-0.014874,-0.000000,0.000004,0.016988,0.000000,0.010000,0
1790549823.4071,-0.000304,0.000579,-0.014968,0.017168,-0.000304,0.000000,0.120000,0.000000,0.826087,-0.000091,-0.014877,-0.000000,0.000174,0.016994,0.000000,0.010000,0
1790549823.4237,-0.001613,0.001311,-0.015377,0.017401,-0.001613,0.000000,0.120000,0.000000,0.847826,-0.000484,-0.014893,-0.000000,0.000393,0.017007,0.000000,0.010000,0
1790549823.4389,-0.003143,0.002207,-0.015867,0.017692,-0.003143,0.000000,0.120000,0.000000,0.869565,-0.000943,-0.014924,-0.000000,0.000662,0.017029,0.000000,0.010000,0
1790549823.4490,-0.004886,0.003265,-0.016439,0.018042,-0.004886,0.000000,0.120000,0.000000,0.891304,-0.001466,-0.014973,-0.000000,0.000979,0.017062,0.000000,0.010000,0
1790549823.4590,-0.006836,0.004484,-0.017092,0.018452,-0.006836,0.000000,0.120000,0.000000,0.913043,-0.002051,-0.015042,-0.000000,0.001345,0.017107,0.000000,0.010000,0
1790549823.4740,-0.008987,0.005864,-0.017828,0.018925,-0.008987,0.000000,0.120000,0.000000,0.934783,-0.002696,-0.015131,-0.000000,0.001759,0.017166,0.000000,0.010000,0
1790549823.4860,-0.011335,0.007400,-0.018645,0.019459,-0.011335,0.000000,0.120000,0.000000,0.956522,-0.003400,-0.015245,-0.000000,0.002220,0.017240,0.000000,0.010000,0
1790549823.4970,-0.013874,0.009083,-0.019546,0.020055,-0.013874,0.000000,0.120000,0.000000,0.978261,-0.004162,-0.015384,-0.000000,0.002725,0.017330,0.000000,0.010000,0
1790549823.5070,-0.014492,0.013197,-0.019876,0.021421,-0.014492,0.000000,0.120000,0.000000,1.000000,-0.004348,-0.015528,-0.000000,0.003959,0.017462,0.000000,0.010000,0
1790549823.5189,-0.016869,0.014616,-0.020758,0.021993,-0.016869,0.000000,0.120000,0.000000,0.021739,-0.005061,-0.015697,-0.000000,0.004385,0.017608,0.000000,0.010000,0
1790549823.5289,-0.019616,0.016335,-0.021778,0.022672,-0.019616,0.000000,0.120000,0.000000,0.043478,-0.005885,-0.015893,-0.000000,0.004901,0.017772,0.000000,0.010000,0
1790549823.5399,-0.022662,0.018230,-0.022919,0.023423,-0.022662,0.000000,0.120000,0.000000,0.065217,-0.006799,-0.016120,-0.000000,0.005469,0.017954,0.000000,0.010000,0
1790549823.5500,-0.019352,0.014379,-0.022119,0.022412,-0.019352,0.000000,0.120000,0.000000,0.086957,-0.005806,-0.016313,0.000000,0.004314,0.018098,-0.000000,0.010000,0
1790549823.5603,-0.016095,0.010361,-0.021303,0.021310,-0.016095,0.000000,0.120000,0.000000,0.108696,-0.004829,-0.016474,0.000000,0.003108,0.018202,-0.000000,0.010000,0
1790549823.5709,-0.012708,0.005889,-0.020414,0.020027,-0.012708,0.000000,0.120000,0.000000,0.130435,-0.003812,-0.016601,0.000000,0.001767,0.018260,-0.000000,0.010000,0
1790549823.5850,-0.008884,0.000537,-0.019355,0.018427,-0.008884,0.000000,0.120000,0.000000,0.152174,-0.002665,-0.016690,0.000000,0.000161,0.018266,-0.000000,0.010000,0
1790549823.6021,-0.004328,-0.005938,-0.018032,0.016425,-0.004328,0.000000,0.120000,0.000000,0.173913,-0.001298,-0.016734,0.000000,-0.001781,0.018206,-0.000000,0.010000,0
1790549823.6175,0.001141,-0.013467,-0.016380,0.014032,0.001141,0.000000,0.120000,0.000000,0.195652,0.000342,-0.016722,0.000000,-0.004040,0.018072,-0.000000,0.010000,0
1790549823.6332,0.007589,-0.021754,-0.014370,0.011328,0.007589,0.000000,0.120000,0.000000,0.217391,0.002277,-0.016646,0.000000,-0.006526,0.017854,-0.000000,0.010000,0
1790549823.6575,0.009702,-0.019554,-0.013639,0.011793,0.009702,0.000000,0.120000,0.000000,0.239130,0.002911,-0.016549,0.000000,-0.005866,0.017659,0.000000,0.010000,0
1790549823.6735,0.010130,-0.018301,-0.013409,0.011985,0.010130,0.000000,0.120000,0.000000,0.260870,0.003039,-0.016448,0.000000,-0.005490,0.017476,0.000000,0.010000,0
1790549823.6906,0.009879,-0.017039,-0.013386,0.012193,0.009879,0.000000,0.120000,0.000000,0.282609,0.002964,-0.016349,-0.000000,-0.005112,0.017305,0.000000,0.010000,0
1790549823.7075,0.009170,-0.015821,-0.013506,0.012401,0.009170,0.000000,0.120000,0.000000,0.304348,0.002751,-0.016258,-0.000000,-0.004746,0.017147,0.000000,0.010000,0
1790549823.7237,0.008187,-0.014630,-0.013719,0.012612,0.008187,0.000000,0.120000,0.000000,0.326087,0.002456,-0.016176,-0.000000,-0.004389,0.017001,0.000000,0.010000,0
1790549823.7410,0.007071,-0.013440,-0.013984,0.012834,0.007071,0.000000,0.120000,0.000000,0.347826,0.002121,-0.016105,-0.000000,-0.004032,0.016866,0.000000,0.010000,0
1790549823.7571,0.005928,-0.012225,-0.014267,0.013077,0.005928,0.000000,0.120000,0.000000,0.369565,0.001778,-0.016046,-0.000000,-0.003667,0.016744,0.000000,0.010000,0
1790549823.7738,0.003090,-0.008870,-0.015088,0.013994,0.003090,0.000000,0.120000,0.000000,0.391304,0.000927,-0.016015,-0.000000,-0.002661,0.016655,0.000000,0.010000,0
1790549823.7890,0.001610,-0.007986,-0.015516,0.014180,0.001610,0.000000,0.120000,0.000000,0.413043,0.000483,-0.015999,-0.000000,-0.002396,0.016576,0.000000,0.010000,0
1790549823.8075,0.000505,-0.006841,-0.015842,0.014455,0.000505,0.000000,0.120000,0.000000,0.434783,0.000151,-0.015994,-0.000000,-0.002052,0.016507,0.000000,0.010000,0
1790549823.8242,-0.000266,-0.005538,-0.016076,0.014790,-0.000266,0.000000,0.120000,0.000000,0.456522,-0.000080,-0.015996,-0.000000,-0.001661,0.016452,0.000000,0.010000,0
1790549823.8406,-0.000718,-0.004072,-0.016219,0.015189,-0.000718,0.000000,0.120000,0.000000,0.478261,-0.000215,-0.016003,-0.000000,-0.001222,0.016411,0.000000,0.010000,0
1790549823.8559,-0.000859,-0.002432,-0.016270,0.015657,-0.000859,0.000000,0.120000,0.000000,0.500000,-0.000258,-0.016012,-0.000000,-0.000730,0.016387,0.000000,0.010000,0
1790549823.8738,-0.000697,-0.000601,-0.016228,0.016200,-0.000697,0.000000,0.120000,0.000000,0.521739,-0.000209,-0.016019,0.000000,-0.000180,0.016381,0.000000,0.010000,0
1790549823.8909,-0.000237,0.001436,-0.016092,0.016826,-0.000237,0.000000,0.120000,0.000000,0.543478,-0.000071,-0.016021,0.000000,0.000431,0.016395,0.000000,0.010000,0
1790549823.9075,0.000520,0.003695,-0.015860,0.017540,0.000520,0.000000,0.120000,0.000000,0.565217,0.000156,-0.016016,0.000000,0.001108,0.016432,0.000000,0.010000,0
1790549823.9242,0.001577,0.006193,-0.015527,0.018352,0.001577,0.000000,0.120000,0.000000,0.586957,0.000473,-0.016000,0.000000,0.001858,0.016494,0.000000,0.010000,0
1790549823.9406,0.003277,0.009065,-0.014985,0.019304,0.003277,0.000000,0.120000,0.000000,0.608696,0.000983,-0.015968,0.000000,0.002720,0.016585,0.000000,0.010000,0
1790549823.9575,0.005313,0.012266,-0.014320,0.020387,0.005313,0.000000,0.120000,0.000000,0.630435,0.001594,-0.015914,0.000000,0.003680,0.016707,0.000000,0.010000,0
1790549823.9735,0.007530,0.015775,-0.013580,0.021598,0.007530,0.000000,0.120000,0.000000,0.652174,0.002259,-0.015839,0.000000,0.004733,0.016865,0.000000,0.010000,0
1790549823.9908,0.007973,0.012102,-0.013367,0.020617,0.007973,0.000000,0.120000,0.000000,0.673913,0.002392,-0.015759,0.000000,0.003631,0.016986,-0.000000,0.010000,0
1790549824.0059,0.006997,0.007819,-0.013590,0.019410,0.006997,0.000000,0.120000,0.000000,0.695652,0.002099,-0.015689,-0.000000,0.002346,0.017064,-0.000000,0.010000,0
1790549824.0232,0.004377,0.002712,-0.014333,0.017905,0.004377,0.000000,0.120000,0.000000,0.717391,0.001313,-0.015646,-0.000000,0.000814,0.017091,-0.000000,0.010000,0
1790549824.0406,0.000111,-0.003091,-0.015611,0.016133,0.000111,0.000000,0.120000,0.000000,0.739130,0.000033,-0.015645,-0.000000,-0.000927,0.017060,-0.000000,0.010000,0
1790549824.0559,-0.000257,-0.003195,-0.015724,0.016070,-0.000257,0.000000,0.120000,0.000000,0.760870,-0.000077,-0.015647,-0.000000,-0.000958,0.017028,-0.000000,0.010000,0
1790549824.0742,-0.000759,-0.002671,-0.015883,0.016201,-0.000759,0.000000,0.120000,0.000000,0.782609,-0.000228,-0.015655,-0.000000,-0.000801,0.017002,0.000000,0.010000,0
1790549824.0902,0.001057,0.000003,-0.015327,0.017003,0.001057,0.000000,0.120000,0.000000,0.804348,0.000317,-0.015644,0.000000,0.000001,0.017002,0.000000,0.010000,0
1790549824.1069,0.000505,0.000366,-0.015488,0.017115,0.000505,0.000000,0.120000,0.000000,0.826087,0.000151,-0.015639,-0.000000,0.000110,0.017005,0.000000,0.010000,0
1790549824.1235,-0.000442,0.001029,-0.015776,0.017324,-0.000442,0.000000,0.120000,0.000000,0.847826,-0.000133,-0.015644,-0.000000,0.000309,0.017016,0.000000,0.010000,0
1790549824.1405,-0.001735,0.001869,-0.016181,0.017595,-0.001735,0.000000,0.120000,0.000000,0.869565,-0.000521,-0.015661,-0.000000,0.000561,0.017034,0.000000,0.010000,0
1790549824.1557,-0.003336,0.002876,-0.016695,0.017926,-0.003336,0.000000,0.120000,0.000000,0.891304,-0.001001,-0.015694,-0.000000,0.000863,0.017063,0.000000,0.010000,0
1790549824.1738,-0.005215,0.004050,-0.017311,0.018319,-0.005215,0.000000,0.120000,0.000000,0.913043,-0.001565,-0.015746,-0.000000,0.001215,0.017104,0.000000,0.010000,0
1790549824.1901,-0.007349,0.005390,-0.018025,0.018775,-0.007349,0.000000,0.120000,0.000000,0.934783,-0.002205,-0.015820,-0.000000,0.001617,0.017158,0.000000,0.010000,0
1790549824.2091,-0.009717,0.006892,-0.018832,0.019294,-0.009717,0.000000,0.120000,0.000000,0.956522,-0.002915,-0.015917,-0.000000,0.002068,0.017226,0.000000,0.010000,0
1790549824.2258,-0.012302,0.008546,-0.019731,0.019876,-0.012302,0.000000,0.120000,0.000000,0.978261,-0.003691,-0.016040,-0.000000,0.002564,0.017312,0.000000,0.010000,0
1790549824.2380,-0.015085,0.010341,-0.020716,0.020518,-0.015085,0.000000,0.120000,0.000000,1.000000,-0.004525,-0.016191,-0.000000,0.003102,0.017415,0.000000,0.010000,0
1790549824.2549,-0.018049,0.012270,-0.021786,0.021219,-0.018049,0.000000,0.120000,0.000000,0.021739,-0.005415,-0.016371,-0.000000,0.003681,0.017538,0.000000,0.010000,0
1790549824.2680,-0.021178,0.014334,-0.022937,0.021982,-0.021178,0.000000,0.120000,0.000000,0.043478,-0.006353,-0.016583,-0.000000,0.004300,0.017681,0.000000,0.010000,0
1790549824.2850,-0.024463,0.016531,-0.024167,0.022806,-0.024463,0.000000,0.120000,0.000000,0.065217,-0.007339,-0.016828,-0.000000,0.004959,0.017847,0.000000,0.010000,0
1790549824.2970,-0.021114,0.012744,-0.023373,0.021797,-0.021114,0.000000,0.120000,0.000000,0.086957,-0.006334,-0.017039,0.000000,0.003823,0.017974,-0.000000,0.010000,0
1790549824.3086,-0.017797,0.008796,-0.022556,0.020701,-0.017797,0.000000,0.120000,0.000000,0.108696,-0.005339,-0.017217,0.000000,0.002639,0.018062,-0.000000,0.010000,0
1790549824.3250,-0.014324,0.004404,-0.021657,0.019427,-0.014324,0.000000,0.120000,0.000000,0.130435,-0.004297,-0.017360,0.000000,0.001321,0.018106,-0.000000,0.010000,0
1790549824.3359,-0.008958,-0.000936,-0.020137,0.017816,-0.008958,0.000000,0.120000,0.000000,0.152174,-0.002687,-0.017450,0.000000,-0.000281,0.018097,-0.000000,0.010000,0
1790549824.3499,-0.004070,-0.007252,-0.018711,0.015849,-0.004070,0.000000,0.120000,0.000000,0.173913,-0.001221,-0.017490,0.000000,-0.002176,0.018024,-0.000000,0.010000,0
1790549824.3640,0.001666,-0.014620,-0.016974,0.013492,0.001666,0.000000,0.120000,0.000000,0.195652,0.000500,-0.017474,0.000000,-0.004386,0.017878,-0.000000,0.010000,0
1790549824.3753,0.008341,-0.022762,-0.014888,0.010822,0.008341,0.000000,0.120000,0.000000,0.217391,0.002502,-0.017390,0.000000,-0.006829,0.017650,-0.000000,0.010000,0
1790549824.3859,0.010756,-0.020217,-0.014056,0.011383,0.010756,0.000000,0.120000,0.000000,0.239130,0.003227,-0.017283,0.000000,-0.006065,0.017448,0.000000,0.010000,0
1790549824.3959,0.011406,-0.018672,-0.013747,0.011660,0.011406,0.000000,0.120000,0.000000,0.260870,0.003422,-0.017169,0.000000,-0.005602,0.017262,0.000000,0.010000,0
1790549824.4073,0.011348,-0.017124,-0.013651,0.011953,0.011348,0.000000,0.120000,0.000000,0.282609,0.003404,-0.017055,-0.000000,-0.005137,0.017090,0.000000,0.010000,0
1790549824.4240,0.010812,-0.015624,-0.013704,0.012247,0.010812,0.000000,0.120000,0.000000,0.304348,0.003244,-0.016947,-0.000000,-0.004687,0.016934,0.000000,0.010000,0
1790549824.4396,0.009991,-0.014156,-0.013850,0.012546,0.009991,0.000000,0.120000,0.000000,0.326087,0.002997,-0.016847,-0.000000,-0.004247,0.016793,0.000000,0.010000,0
1790549824.4499,0.009027,-0.012681,-0.014049,0.012862,0.009027,0.000000,0.120000,0.000000,0.347826,0.002708,-0.016757,-0.000000,-0.003804,0.016666,0.000000,0.010000,0
1790549824.4649,0.006504,-0.009184,-0.014741,0.013819,0.006504,0.000000,0.120000,0.000000,0.369565,0.001951,-0.016692,-0.000000,-0.002755,0.016574,0.000000,0.010000,0
1790549824.4753,0.005108,-0.008080,-0.015108,0.014069,0.005108,0.000000,0.120000,0.000000,0.391304,0.001532,-0.016641,-0.000000,-0.002424,0.016493,0.000000,0.010000,0
1790549824.4869,0.004041,-0.006741,-0.015388,0.014403,0.004041,0.000000,0.120000,0.000000,0.413043,0.001212,-0.016600,-0.000000,-0.002022,0.016426,0.000000,0.010000,0
1790549824.4988,0.003280,-0.005262,-0.015584,0.014794,0.003280,0.000000,0.120000,0.000000,0.434783,0.000984,-0.016568,-0.000000,-0.001579,0.016373,0.000000,0.010000,0
1790549824.5106,0.002819,-0.003634,-0.015694,0.015246,0.002819,0.000000,0.120000,0.000000,0.456522,0.000846,-0.016539,-0.000000,-0.001090,0.016337,0.000000,0.010000,0
1790549824.5248,0.002657,-0.001843,-0.015716,0.015765,0.002657,0.000000,0.120000,0.000000,0.478261,0.000797,-0.016513,-0.000000,-0.000553,0.016318,0.000000,0.010000,0
1790549824.5406,0.002794,0.000126,-0.015647,0.016357,0.002794,0.000000,0.120000,0.000000,0.500000,0.000838,-0.016485,0.000000,0.000038,0.016320,0.000000,0.010000,0
1790549824.5589,0.003231,0.002291,-0.015483,0.017030,0.003231,0.000000,0.120000,0.000000,0.521739,0.000969,-0.016453,0.000000,0.000687,0.016342,0.000000,0.010000,0
1790549824.5735,0.003968,0.004669,-0.015222,0.017790,0.003968,0.000000,0.120000,0.000000,0.543478,0.001191,-0.016413,0.000000,0.001401,0.016389,0.000000,0.010000,0
1790549824.5910,0.005010,0.007278,-0.014860,0.018645,0.005010,0.000000,0.120000,0.000000,0.565217,0.001503,-0.016363,0.000000,0.002183,0.016462,0.000000,0.010000,0
1790549824.6068,0.006364,0.010138,-0.014390,0.019605,0.006364,0.000000,0.120000,0.000000,0.586957,0.001909,-0.016299,0.000000,0.003041,0.016563,0.000000,0.010000,0
1790549824.6242,0.008376,0.013384,-0.013703,0.020712,0.008376,0.000000,0.120000,0.000000,0.608696,0.002513,-0.016215,0.000000,0.004015,0.016697,0.000000,0.010000,0
1790549824.6406,0.010742,0.016972,-0.012886,0.021958,0.010742,0.000000,0.120000,0.000000,0.630435,0.003223,-0.016108,0.000000,0.005092,0.016867,0.000000,0.010000,0
1790549824.6565,0.011706,0.014361,-0.012479,0.021319,0.011706,0.000000,0.120000,0.000000,0.652174,0.003512,-0.015991,0.000000,0.004308,0.017010,-0.000000,0.010000,0
1790549824.6725,0.011638,0.016860,-0.012383,0.022237,0.011638,0.000000,0.120000,0.000000,0.673913,0.003491,-0.015875,-0.000000,0.005058,0.017179,0.000000,0.010000,0
1790549824.6906,0.008775,0.012329,-0.013154,0.021001,0.008775,0.000000,0.120000,0.000000,0.695652,0.002633,-0.015787,-0.000000,0.003699,0.017302,-0.000000,0.010000,0
1790549824.7081,0.004550,0.007196,-0.014376,0.019533,0.004550,0.000000,0.120000,0.000000,0.717391,0.001365,-0.015741,-0.000000,0.002159,0.017374,-0.000000,0.010000,0
1790549824.7234,-0.001256,0.001419,-0.016131,0.017814,-0.001256,0.000000,0.120000,0.000000,0.739130,-0.000377,-0.015754,-0.000000,0.000426,0.017388,-0.000000,0.010000,0
1790549824.7409,-0.002663,0.001985,-0.016580,0.018004,-0.002663,0.000000,0.120000,0.000000,0.760870,-0.000799,-0.015781,-0.000000,0.000596,0.017408,0.000000,0.010000,0
1790549824.7574,-0.004117,0.003109,-0.017057,0.018372,-0.004117,0.000000,0.120000,0.000000,0.782609,-0.001235,-0.015822,-0.000000,0.000933,0.017439,0.000000,0.010000,0
1790549824.7738,-0.005759,0.004453,-0.017607,0.018820,-0.005759,0.000000,0.120000,0.000000,0.804348,-0.001728,-0.015879,-0.000000,0.001336,0.017484,0.000000,0.010000,0
1790549824.7877,-0.007622,0.005973,-0.018242,0.019336,-0.007622,0.000000,0.120000,0.000000,0.826087,-0.002287,-0.015956,-0.000000,0.001792,0.017544,0.000000,0.010000,0
1790549824.8008,-0.009714,0.007667,-0.018967,0.019920,-0.009714,0.000000,0.120000,0.000000,0.847826,-0.002914,-0.016053,-0.000000,0.002300,0.017620,0.000000,0.010000,0
1790549824.8148,-0.012039,0.009534,-0.019785,0.020576,-0.012039,0.000000,0.120000,0.000000,0.869565,-0.003612,-0.016173,-0.000000,0.002860,0.017716,0.000000,0.010000,0
1790549824.8248,-0.014596,0.011579,-0.020698,0.021305,-0.014596,0.000000,0.120000,0.000000,0.891304,-0.004379,-0.016319,-0.000000,0.003474,0.017831,0.000000,0.010000,0
1790549824.8368,-0.017388,0.013804,-0.021709,0.022111,-0.017388,0.000000,0.120000,0.000000,0.913043,-0.005216,-0.016493,-0.000000,0.004141,0.017970,0.000000,0.010000,0
1790549824.8478,-0.020418,0.016215,-0.022822,0.022996,-0.020418,0.000000,0.120000,0.000000,0.934783,-0.006125,-0.016697,-0.000000,0.004865,0.018132,0.000000,0.010000,0
1790549824.8583,-0.023685,0.018811,-0.024039,0.023963,-0.023685,0.000000,0.120000,0.000000,0.956522,-0.007105,-0.016934,-0.000000,0.005643,0.018320,0.000000,0.010000,0
1790549824.8688,-0.027190,0.021589,-0.025363,0.025013,-0.027190,0.000000,0.120000,0.000000,0.978261,-0.008157,-0.017206,-0.000000,0.006477,0.018536,0.000000,0.010000,0
1790549824.8798,-0.030929,0.024546,-0.026794,0.026145,-0.030929,0.000000,0.120000,0.000000,1.000000,-0.009279,-0.017515,-0.000000,0.007364,0.018781,0.000000,0.010000,0
1790549824.8898,-0.034896,0.027677,-0.028333,0.027361,-0.034896,0.000000,0.120000,0.000000,0.021739,-0.010469,-0.017864,-0.000000,0.008303,0.019058,0.000000,0.010000,0
1790549824.9008,-0.031144,0.024038,-0.027519,0.026510,-0.031144,0.000000,0.120000,0.000000,0.043478,-0.009343,-0.018176,0.000000,0.007211,0.019298,-0.000000,0.010000,0
1790549824.9108,-0.027565,0.020026,-0.026721,0.025506,-0.027565,0.000000,0.120000,0.000000,0.065217,-0.008270,-0.018451,0.000000,0.006008,0.019499,-0.000000,0.010000,0
1790549824.9228,-0.021968,0.015637,-0.025261,0.024346,-0.021968,0.000000,0.120000,0.000000,0.086957,-0.006590,-0.018671,0.000000,0.004691,0.019655,-0.000000,0.010000,0
1790549824.9328,-0.018194,0.011236,-0.024311,0.023138,-0.018194,0.000000,0.120000,0.000000,0.108696,-0.005458,-0.018853,0.000000,0.003371,0.019767,-0.000000,0.010000,0
1790549824.9438,-0.014330,0.006392,-0.023295,0.021749,-0.014330,0.000000,0.120000,0.000000,0.130435,-0.004299,-0.018996,0.000000,0.001918,0.019831,-0.000000,0.010000,0
1790549824.9568,-0.010035,0.000675,-0.022107,0.020040,-0.010035,0.000000,0.120000,0.000000,0.152174,-0.003011,-0.019096,0.000000,0.000203,0.019838,-0.000000,0.010000,0
1790549824.9750,-0.005015,-0.006150,-0.020651,0.017931,-0.005015,0.000000,0.120000,0.000000,0.173913,-0.001504,-0.019147,0.000000,-0.001845,0.019776,-0.000000,0.010000,0
1790549824.9914,0.000912,-0.014017,-0.018864,0.015431,0.000912,0.000000,0.120000,0.000000,0.195652,0.000274,-0.019137,0.000000,-0.004205,0.019636,-0.000000,0.010000,0
1790549825.0075,0.007810,-0.022630,-0.016716,0.012621,0.007810,0.000000,0.120000,0.000000,0.217391,0.002343,-0.019059,0.000000,-0.006789,0.019410,-0.000000,0.010000,0
1790549825.0235,0.010481,-0.020274,-0.015810,0.013125,0.010481,0.000000,0.120000,0.000000,0.239130,0.003144,-0.018955,0.000000,-0.006082,0.019207,0.000000,0.010000,0
1790549825.0410,0.011495,-0.018506,-0.015391,0.013470,0.011495,0.000000,0.120000,0.000000,0.260870,0.003448,-0.018840,0.000000,-0.005552,0.019022,0.000000,0.010000,0
1790549825.0570,0.011454,-0.017279,-0.015289,0.013666,0.011454,0.000000,0.120000,0.000000,0.282609,0.003436,-0.018725,-0.000000,-0.005184,0.018849,0.000000,0.010000,0
1790549825.0742,0.010870,-0.016089,-0.015356,0.013862,0.010870,0.000000,0.120000,0.000000,0.304348,0.003261,-0.018616,-0.000000,-0.004827,0.018689,0.000000,0.010000,0
1790549825.0905,0.009949,-0.014923,-0.015532,0.014062,0.009949,0.000000,0.120000,0.000000,0.326087,0.002985,-0.018517,-0.000000,-0.004477,0.018539,0.000000,0.010000,0
1790549825.1075,0.008845,-0.013746,-0.015775,0.014278,0.008845,0.000000,0.120000,0.000000,0.347826,0.002653,-0.018428,-0.000000,-0.004124,0.018402,0.000000,0.010000,0
1790549825.1248,0.006281,-0.010714,-0.016481,0.015081,0.006281,0.000000,0.120000,0.000000,0.369565,0.001884,-0.018366,-0.000000,-0.003214,0.018295,0.000000,0.010000,0
1790549825.1424,0.004692,-0.009883,-0.016911,0.015231,0.004692,0.000000,0.120000,0.000000,0.391304,0.001408,-0.018319,-0.000000,-0.002965,0.018196,0.000000,0.010000,0
1790549825.1573,0.003408,-0.008827,-0.017262,0.015460,0.003408,0.000000,0.120000,0.000000,0.413043,0.001023,-0.018285,-0.000000,-0.002648,0.018108,0.000000,0.010000,0
1790549825.1753,0.002411,-0.007635,-0.017537,0.015741,0.002411,0.000000,0.120000,0.000000,0.434783,0.000723,-0.018261,-0.000000,-0.002291,0.018031,0.000000,0.010000,0
1790549825.1910,0.001697,-0.006300,-0.017734,0.016078,0.001697,0.000000,0.120000,0.000000,0.456522,0.000509,-0.018244,-0.000000,-0.001890,0.017968,0.000000,0.010000,0
1790549825.2067,0.001268,-0.004808,-0.017851,0.016478,0.001268,0.000000,0.120000,0.000000,0.478261,0.000380,-0.018231,-0.000000,-0.001442,0.017920,0.000000,0.010000,0
1790549825.2188,0.001124,-0.003145,-0.017883,0.016945,0.001124,0.000000,0.120000,0.000000,0.500000,0.000337,-0.018220,-0.000000,-0.000944,0.017889,0.000000,0.010000,0
1790549825.2425,0.001266,-0.001294,-0.017827,0.017487,0.001266,0.000000,0.120000,0.000000,0.521739,0.000380,-0.018207,0.000000,-0.000388,0.017876,0.000000,0.010000,0
1790549825.2591,0.001696,0.000761,-0.017681,0.018112,0.001696,0.000000,0.120000,0.000000,0.543478,0.000509,-0.018190,0.000000,0.000228,0.017883,0.000000,0.010000,0
1790549825.2751,0.002416,0.003037,-0.017441,0.018825,0.002416,0.000000,0.120000,0.000000,0.565217,0.000725,-0.018166,0.000000,0.000911,0.017914,0.000000,0.010000,0
1790549825.2909,0.003433,0.005552,-0.017102,0.019635,0.003433,0.000000,0.120000,0.000000,0.586957,0.001030,-0.018132,0.000000,0.001666,0.017969,0.000000,0.010000,0
1790549825.3085,0.005092,0.008442,-0.016553,0.020586,0.005092,0.000000,0.120000,0.000000,0.608696,0.001528,-0.018081,0.000000,0.002533,0.018054,0.000000,0.010000,0
1790549825.3251,0.007089,0.011660,-0.015883,0.021668,0.007089,0.000000,0.120000,0.000000,0.630435,0.002127,-0.018010,0.000000,0.003498,0.018170,0.000000,0.010000,0
1790549825.3414,0.009269,0.015188,-0.015136,0.022879,0.009269,0.000000,0.120000,0.000000,0.652174,0.002781,-0.017917,0.000000,0.004556,0.018322,0.000000,0.010000,0
1790549825.3579,0.009605,0.011452,-0.014940,0.021872,0.009605,0.000000,0.120000,0.000000,0.673913,0.002881,-0.017821,0.000000,0.003436,0.018437,-0.000000,0.010000,0
1790549825.3742,0.008534,0.007112,-0.015175,0.020641,0.008534,0.000000,0.120000,0.000000,0.695652,0.002560,-0.017736,-0.000000,0.002134,0.018508,-0.000000,0.010000,0
1790549825.3908,0.005823,0.001955,-0.015931,0.019114,0.005823,0.000000,0.120000,0.000000,0.717391,0.001747,-0.017677,-0.000000,0.000587,0.018527,-0.000000,0.010000,0
1790549825.4079,0.001468,-0.003891,-0.017222,0.017321,0.001468,0.000000,0.120000,0.000000,0.739130,0.000440,-0.017663,-0.000000,-0.001167,0.018488,-0.000000,0.010000,0
1790549825.4234,0.001098,-0.004012,-0.017322,0.017245,0.001098,0.000000,0.120000,0.000000,0.760870,0.000329,-0.017652,-0.000000,-0.001204,0.018448,-0.000000,0.010000,0
1790549825.4388,0.000591,-0.003498,-0.017469,0.017364,0.000591,0.000000,0.120000,0.000000,0.782609,0.000177,-0.017646,-0.000000,-0.001049,0.018413,0.000000,0.010000,0
1790549825.4536,0.002429,-0.000844,-0.016893,0.018152,0.002429,0.000000,0.120000,0.000000,0.804348,0.000729,-0.017622,0.000000,-0.000253,0.018405,0.000000,0.010000,0
1790549825.4736,0.001870,-0.000493,-0.017042,0.018252,0.001870,0.000000,0.120000,0.000000,0.826087,0.000561,-0.017603,-0.000000,-0.000148,0.018400,0.000000,0.010000,0
1790549825.4905,0.000920,0.000156,-0.017318,0.018448,0.000920,0.000000,0.120000,0.000000,0.847826,0.000276,-0.017594,-0.000000,0.000047,0.018402,0.000000,0.010000,0
1790549825.5066,-0.000371,0.000977,-0.017709,0.018704,-0.000371,0.000000,0.120000,0.000000,0.869565,-0.000111,-0.017597,-0.000000,0.000293,0.018411,0.000000,0.010000,0
1790549825.5219,-0.001964,0.001962,-0.018206,0.019020,-0.001964,0.000000,0.120000,0.000000,0.891304,-0.000589,-0.017617,-0.000000,0.000589,0.018431,0.000000,0.010000,0
1790549825.5406,-0.003830,0.003111,-0.018804,0.019395,-0.003830,0.000000,0.120000,0.000000,0.913043,-0.001149,-0.017655,-0.000000,0.000933,0.018462,0.000000,0.010000,0
1790549825.5571,-0.005946,0.004422,-0.019499,0.019833,-0.005946,0.000000,0.120000,0.000000,0.934783,-0.001784,-0.017715,-0.000000,0.001326,0.018506,0.000000,0.010000,0
1790549825.5738,-0.008291,0.005889,-0.020285,0.020332,-0.008291,0.000000,0.120000,0.000000,0.956522,-0.002487,-0.017798,-0.000000,0.001767,0.018565,0.000000,0.010000,0
1790549825.5909,-0.010847,0.007505,-0.021160,0.020892,-0.010847,0.000000,0.120000,0.000000,0.978261,-0.003254,-0.017906,-0.000000,0.002251,0.018640,0.000000,0.010000,0
1790549825.6074,-0.013597,0.009257,-0.022121,0.021510,-0.013597,0.000000,0.120000,0.000000,1.000000,-0.004079,-0.018042,-0.000000,0.002777,0.018733,0.000000,0.010000,0
1790549825.6235,-0.016522,0.011138,-0.023164,0.022186,-0.016522,0.000000,0.120000,0.000000,0.021739,-0.004957,-0.018207,-0.000000,0.003341,0.018844,0.000000,0.010000,0
1790549825.6406,-0.019608,0.013150,-0.024286,0.022921,-0.019608,0.000000,0.120000,0.000000,0.043478,-0.005882,-0.018403,-0.000000,0.003945,0.018976,0.000000,0.010000,0
1790549825.6567,-0.022843,0.015289,-0.025485,0.023715,-0.022843,0.000000,0.120000,0.000000,0.065217,-0.006853,-0.018632,-0.000000,0.004587,0.019129,0.000000,0.010000,0
1790549825.6742,-0.019470,0.011504,-0.024668,0.022695,-0.019470,0.000000,0.120000,0.000000,0.086957,-0.005841,-0.018827,0.000000,0.003451,0.019244,-0.000000,0.010000,0
1790549825.6906,-0.016125,0.007556,-0.023825,0.021586,-0.016125,0.000000,0.120000,0.000000,0.108696,-0.004838,-0.018988,0.000000,0.002267,0.019319,-0.000000,0.010000,0
1790549825.7075,-0.012620,0.003161,-0.022900,0.020299,-0.012620,0.000000,0.120000,0.000000,0.130435,-0.003786,-0.019114,0.000000,0.000948,0.019351,-0.000000,0.010000,0
1790549825.7235,-0.007181,-0.002184,-0.021340,0.018674,-0.007181,0.000000,0.120000,0.000000,0.152174,-0.002154,-0.019186,0.000000,-0.000655,0.019329,-0.000000,0.010000,0
1790549825.7410,-0.002259,-0.008505,-0.019886,0.016692,-0.002259,0.000000,0.120000,0.000000,0.173913,-0.000678,-0.019208,0.000000,-0.002551,0.019244,-0.000000,0.010000,0
1790549825.7559,0.003505,-0.015876,-0.018122,0.014322,0.003505,0.000000,0.120000,0.000000,0.195652,0.001051,-0.019173,0.000000,-0.004763,0.019085,-0.000000,0.010000,0
1790549825.7680,0.010208,-0.024023,-0.016009,0.011638,0.010208,0.000000,0.120000,0.000000,0.217391,0.003062,-0.019071,0.000000,-0.007207,0.018845,-0.000000,0.010000,0
1790549825.7799,0.012613,-0.021434,-0.015161,0.012200,0.012613,0.000000,0.120000,0.000000,0.239130,0.003784,-0.018945,0.000000,-0.006430,0.018631,0.000000,0.010000,0
1790549825.7929,0.013319,-0.019631,-0.014816,0.012545,0.013319,0.000000,0.120000,0.000000,0.260870,0.003996,-0.018812,0.000000,-0.005889,0.018434,0.000000,0.010000,0
1790549825.8049,0.013163,-0.018109,-0.014731,0.012820,0.013163,0.000000,0.120000,0.000000,0.282609,0.003949,-0.018680,-0.000000,-0.005433,0.018253,0.000000,0.010000,0
1790549825.8169,0.012521,-0.016637,-0.014799,0.013096,0.012521,0.000000,0.120000,0.000000,0.304348,0.003756,-0.018555,-0.000000,-0.004991,0.018087,0.000000,0.010000,0
1790549825.8270,0.011590,-0.015196,-0.014962,0.013376,0.011590,0.000000,0.120000,0.000000,0.326087,0.003477,-0.018439,-0.000000,-0.004559,0.017935,0.000000,0.010000,0
1790549825.8445,0.010520,-0.013758,-0.015178,0.013670,0.010520,0.000000,0.120000,0.000000,0.347826,0.003156,-0.018334,-0.000000,-0.004127,0.017797,0.000000,0.010000,0
1790549825.8549,0.007914,-0.010336,-0.015881,0.014593,0.007914,0.000000,0.120000,0.000000,0.369565,0.002374,-0.018255,-0.000000,-0.003101,0.017694,0.000000,0.010000,0
1790549825.8659,0.006417,-0.009254,-0.016266,0.014825,0.006417,0.000000,0.120000,0.000000,0.391304,0.001925,-0.018191,-0.000000,-0.002776,0.017601,0.000000,0.010000,0
1790549825.8766,0.005253,-0.007942,-0.016562,0.015139,0.005253,0.000000,0.120000,0.000000,0.413043,0.001576,-0.018138,-0.000000,-0.002383,0.017522,0.000000,0.010000,0
1790549825.8879,0.004397,-0.006493,-0.016775,0.015509,0.004397,0.000000,0.120000,0.000000,0.434783,0.001319,-0.018094,-0.000000,-0.001948,0.017457,0.000000,0.010000,0
1790549825.8989,0.003844,-0.004897,-0.016902,0.015939,0.003844,0.000000,0.120000,0.000000,0.456522,0.001153,-0.018056,-0.000000,-0.001469,0.017408,0.000000,0.010000,0
1790549825.9159,0.003594,-0.003140,-0.016942,0.016435,0.003594,0.000000,0.120000,0.000000,0.478261,0.001078,-0.018020,-0.000000,-0.000942,0.017377,0.000000,0.010000,0
1790549825.9279,0.003644,-0.001208,-0.016890,0.017002,0.003644,0.000000,0.120000,0.000000,0.500000,0.001093,-0.017983,0.000000,-0.000362,0.017365,0.000000,0.010000,0
1790549825.9494,0.003996,0.000917,-0.016745,0.017649,0.003996,0.000000,0.120000,0.000000,0.521739,0.001199,-0.017943,0.000000,0.000275,0.017374,0.000000,0.010000,0
1790549825.9649,0.004649,0.003254,-0.016502,0.018382,0.004649,0.000000,0.120000,0.000000,0.543478,0.001395,-0.017897,0.000000,0.000976,0.017406,0.000000,0.010000,0
1790549825.9787,0.005608,0.005819,-0.016159,0.019210,0.005608,0.000000,0.120000,0.000000,0.565217,0.001682,-0.017841,0.000000,0.001746,0.017464,0.000000,0.010000,0
1790549825.9942,0.006879,0.008632,-0.015708,0.020140,0.006879,0.000000,0.120000,0.000000,0.586957,0.002064,-0.017772,0.000000,0.002589,0.017551,0.000000,0.010000,0
1790549826.0091,0.008806,0.011828,-0.015042,0.021217,0.008806,0.000000,0.120000,0.000000,0.608696,0.002642,-0.017684,0.000000,0.003548,0.017669,0.000000,0.010000,0
1790549826.0248,0.011088,0.015364,-0.014247,0.022432,0.011088,0.000000,0.120000,0.000000,0.630435,0.003326,-0.017573,0.000000,0.004609,0.017823,0.000000,0.010000,0
1790549826.0408,0.013571,0.019222,-0.013366,0.023781,0.013571,0.000000,0.120000,0.000000,0.652174,0.004071,-0.017437,0.000000,0.005767,0.018015,0.000000,0.010000,0
1790549826.0581,0.014021,0.015291,-0.013091,0.022755,0.014021,0.000000,0.120000,0.000000,0.673913,0.004206,-0.017297,0.000000,0.004587,0.018168,-0.000000,0.010000,0
1790549826.0747,0.013127,0.010779,-0.013228,0.021509,0.013127,0.000000,0.120000,0.000000,0.695652,0.003938,-0.017166,-0.000000,0.003234,0.018276,-0.000000,0.010000,0
1790549826.0908,0.010637,0.005451,-0.013869,0.019965,0.010637,0.000000,0.120000,0.000000,0.717391,0.003191,-0.017060,-0.000000,0.001635,0.018330,-0.000000,0.010000,0
1790549826.1087,0.006527,-0.000572,-0.015036,0.018153,0.006527,0.000000,0.120000,0.000000,0.739130,0.001958,-0.016994,-0.000000,-0.000172,0.018324,-0.000000,0.010000,0
1790549826.1188,0.006028,-0.001163,-0.015126,0.017964,0.006028,0.000000,0.120000,0.000000,0.760870,0.001808,-0.016934,-0.000000,-0.000349,0.018313,-0.000000,0.010000,0
1790549826.1298,0.005318,-0.001099,-0.015286,0.017972,0.005318,0.000000,0.120000,0.000000,0.782609,0.001595,-0.016881,-0.000000,-0.000330,0.018302,0.000000,0.010000,0
1790549826.1414,0.004364,-0.000810,-0.015528,0.018051,0.004364,0.000000,0.120000,0.000000,0.804348,0.001309,-0.016837,-0.000000,-0.000243,0.018294,0.000000,0.010000,0
1790549826.1565,0.003170,-0.000341,-0.015855,0.018188,0.003170,0.000000,0.120000,0.000000,0.826087,0.000951,-0.016806,-0.000000,-0.000102,0.018290,0.000000,0.010000,0
1790549826.1718,0.001747,0.000300,-0.016264,0.018383,0.001747,0.000000,0.120000,0.000000,0.847826,0.000524,-0.016788,-0.000000,0.000090,0.018293,0.000000,0.010000,0
1790549826.1837,0.000110,0.001107,-0.016754,0.018636,0.000110,0.000000,0.120000,0.000000,0.869565,0.000033,-0.016787,-0.000000,0.000332,0.018304,0.000000,0.010000,0
1790549826.1968,-0.001730,0.002079,-0.017323,0.018949,-0.001730,0.000000,0.120000,0.000000,0.891304,-0.000519,-0.016804,-0.000000,0.000624,0.018325,0.000000,0.010000,0
1790549826.2158,-0.003764,0.003213,-0.017971,0.019321,-0.003764,0.000000,0.120000,0.000000,0.913043,-0.001129,-0.016842,-0.000000,0.000964,0.018357,0.000000,0.010000,0
1790549826.2278,-0.005986,0.004507,-0.018697,0.019754,-0.005986,0.000000,0.120000,0.000000,0.934783,-0.001796,-0.016902,-0.000000,0.001352,0.018402,0.000000,0.010000,0
1790549826.2388,-0.008390,0.005956,-0.019503,0.020249,-0.008390,0.000000,0.120000,0.000000,0.956522,-0.002517,-0.016986,-0.000000,0.001787,0.018462,0.000000,0.010000,0
1790549826.2589,-0.010971,0.007551,-0.020387,0.020803,-0.010971,0.000000,0.120000,0.000000,0.978261,-0.003291,-0.017095,-0.000000,0.002265,0.018537,0.000000,0.010000,0
1790549826.2739,-0.013718,0.009280,-0.021348,0.021414,-0.013718,0.000000,0.120000,0.000000,1.000000,-0.004115,-0.017233,-0.000000,0.002784,0.018630,0.000000,0.010000,0
1790549826.2888,-0.016620,0.011136,-0.022385,0.022082,-0.016620,0.000000,0.120000,0.000000,0.021739,-0.004986,-0.017399,-0.000000,0.003341,0.018742,0.000000,0.010000,0
1790549826.2998,-0.019669,0.013121,-0.023496,0.022809,-0.019669,0.000000,0.120000,0.000000,0.043478,-0.005901,-0.017595,-0.000000,0.003936,0.018873,0.000000,0.010000,0
1790549826.3158,-0.020618,0.017583,-0.023987,0.024324,-0.020618,0.000000,0.120000,0.000000,0.065217,-0.006185,-0.017802,-0.000000,0.005275,0.019049,0.000000,0.010000,0
1790549826.3266,-0.016636,0.013824,-0.022959,0.023334,-0.016636,0.000000,0.120000,0.000000,0.086957,-0.004991,-0.017968,0.000000,0.004147,0.019187,-0.000000,0.010000,0
1790549826.3424,-0.012946,0.009897,-0.021981,0.022255,-0.012946,0.000000,0.120000,0.000000,0.108696,-0.003884,-0.018097,0.000000,0.002969,0.019286,-0.000000,0.010000,0
1790549826.3577,-0.009255,0.005461,-0.020966,0.020979,-0.009255,0.000000,0.120000,0.000000,0.130435,-0.002776,-0.018190,0.000000,0.001638,0.019340,-0.000000,0.010000,0
1790549826.3729,-0.005222,0.000101,-0.019809,0.019372,-0.005222,0.000000,0.120000,0.000000,0.152174,-0.001567,-0.018242,0.000000,0.000030,0.019341,-0.000000,0.010000,0
1790549826.4088,-0.000532,-0.006408,-0.018407,0.017355,-0.000532,0.000000,0.120000,0.000000,0.173913,-0.000159,-0.018247,0.000000,-0.001922,0.019277,-0.000000,0.010000,0
1790549826.4241,0.005009,-0.013989,-0.016695,0.014941,0.005009,0.000000,0.120000,0.000000,0.195652,0.001503,-0.018197,0.000000,-0.004197,0.019137,-0.000000,0.010000,0
1790549826.4396,0.011478,-0.022335,-0.014639,0.012214,0.011478,0.000000,0.120000,0.000000,0.217391,0.003443,-0.018083,0.000000,-0.006700,0.018914,-0.000000,0.010000,0
1790549826.4528,0.013461,-0.020138,-0.013910,0.012671,0.013461,0.000000,0.120000,0.000000,0.239130,0.004038,-0.017948,0.000000,-0.006042,0.018713,0.000000,0.010000,0
1790549826.4679,0.013728,-0.018787,-0.013692,0.012889,0.013728,0.000000,0.120000,0.000000,0.260870,0.004118,-0.017811,0.000000,-0.005636,0.018525,0.000000,0.010000,0
1790549826.4779,0.013148,-0.017697,-0.013735,0.013039,0.013148,0.000000,0.120000,0.000000,0.282609,0.003944,-0.017679,-0.000000,-0.005309,0.018348,0.000000,0.010000,0
1790549826.4908,0.012084,-0.016653,-0.013933,0.013185,0.012084,0.000000,0.120000,0.000000,0.304348,0.003625,-0.017558,-0.000000,-0.004996,0.018181,0.000000,0.010000,0
1790549826.5048,0.010734,-0.015641,-0.014231,0.013333,0.010734,0.000000,0.120000,0.000000,0.326087,0.003220,-0.017451,-0.000000,-0.004692,0.018025,0.000000,0.010000,0
1790549826.5158,0.007955,-0.012756,-0.014985,0.014071,0.007955,0.000000,0.120000,0.000000,0.347826,0.002386,-0.017372,-0.000000,-0.003827,0.017897,0.000000,0.010000,0
1790549826.5349,0.006006,-0.012113,-0.015510,0.014142,0.006006,0.000000,0.120000,0.000000,0.369565,0.001802,-0.017311,-0.000000,-0.003634,0.017776,0.000000,0.010000,0
1790549826.5568,0.004302,-0.011285,-0.015978,0.014278,0.004302,0.000000,0.120000,0.000000,0.391304,0.001291,-0.017268,-0.000000,-0.003385,0.017663,0.000000,0.010000,0
1790549826.5748,0.002840,-0.010354,-0.016388,0.014454,0.002840,0.000000,0.120000,0.000000,0.413043,0.000852,-0.017240,-0.000000,-0.003106,0.017560,0.000000,0.010000,0
1790549826.5919,0.001628,-0.009311,-0.016735,0.014673,0.001628,0.000000,0.120000,0.000000,0.434783,0.000489,-0.017224,-0.000000,-0.002793,0.017467,0.000000,0.010000,0
1790549826.6081,0.000673,-0.008139,-0.017015,0.014944,0.000673,0.000000,0.120000,0.000000,0.456522,0.000202,-0.017217,-0.000000,-0.002442,0.017385,0.000000,0.010000,0
1790549826.6198,-0.000021,-0.006825,-0.017223,0.015269,-0.000021,0.000000,0.120000,0.000000,0.478261,-0.000006,-0.017217,-0.000000,-0.002048,0.017317,0.000000,0.010000,0
1790549826.6408,-0.000447,-0.005356,-0.017356,0.015657,-0.000447,0.000000,0.120000,0.000000,0.500000,-0.000134,-0.017222,-0.000000,-0.001607,0.017264,0.000000,0.010000,0
1790549826.6566,-0.000602,-0.003713,-0.017408,0.016112,-0.000602,0.000000,0.120000,0.000000,0.521739,-0.000180,-0.017228,-0.000000,-0.001114,0.017226,0.000000,0.010000,0
1790549826.6734,-0.000483,-0.001882,-0.017378,0.016643,-0.000483,0.000000,0.120000,0.000000,0.543478,-0.000145,-0.017233,0.000000,-0.000565,0.017208,0.000000,0.010000,0
1790549826.6851,-0.000087,0.000155,-0.017259,0.017255,-0.000087,0.000000,0.120000,0.000000,0.565217,-0.000026,-0.017233,0.000000,0.000046,0.017209,0.000000,0.010000,0
1790549826.6999,0.000596,0.002413,-0.017049,0.017957,0.000596,0.000000,0.120000,0.000000,0.586957,0.000179,-0.017227,0.000000,0.000724,0.017233,0.000000,0.010000,0
1790549826.7148,0.001909,0.005030,-0.016636,0.018792,0.001909,0.000000,0.120000,0.000000,0.608696,0.000573,-0.017208,0.000000,0.001509,0.017284,0.000000,0.010000,0
1790549826.7270,0.003547,0.007957,-0.016109,0.019750,0.003547,0.000000,0.120000,0.000000,0.630435,0.001064,-0.017173,0.000000,0.002387,0.017363,0.000000,0.010000,0
1790549826.7398,0.005357,0.011175,-0.015512,0.020827,0.005357,0.000000,0.120000,0.000000,0.652174,0.001607,-0.017119,0.000000,0.003353,0.017475,0.000000,0.010000,0
1790549826.7558,0.007428,0.014714,-0.014817,0.022036,0.007428,0.000000,0.120000,0.000000,0.673913,0.002228,-0.017045,0.000000,0.004414,0.017622,0.000000,0.010000,0
1790549826.7678,0.007008,0.009826,-0.014873,0.020668,0.007008,0.000000,0.120000,0.000000,0.695652,0.002102,-0.016975,-0.000000,0.002948,0.017720,-0.000000,0.010000,0
1790549826.7893,0.005280,0.004466,-0.015338,0.019105,0.005280,0.000000,0.120000,0.000000,0.717391,0.001584,-0.016922,-0.000000,0.001340,0.017765,-0.000000,0.010000,0
1790549826.8045,0.006072,0.002953,-0.015040,0.018680,0.006072,0.000000,0.120000,0.000000,0.739130,0.001822,-0.016861,0.000000,0.000886,0.017794,-0.000000,0.010000,0
1790549826.8235,0.006380,0.002026,-0.014884,0.018422,0.006380,0.000000,0.120000,0.000000,0.760870,0.001914,-0.016798,0.000000,0.000608,0.017815,-0.000000,0.010000,0
1790549826.8411,0.004672,-0.000992,-0.015349,0.017507,0.004672,0.000000,0.120000,0.000000,0.782609,0.001402,-0.016751,-0.000000,-0.000298,0.017805,-0.000000,0.010000,0
1790549826.8569,0.004174,-0.001305,-0.015457,0.017400,0.004174,0.000000,0.120000,0.000000,0.804348,0.001252,-0.016709,-0.000000,-0.000392,0.017792,-0.000000,0.010000,0
1790549826.8735,0.003397,-0.001254,-0.015656,0.017403,0.003397,0.000000,0.120000,0.000000,0.826087,0.001019,-0.016675,-0.000000,-0.000376,0.017779,0.000000,0.010000,0
1790549826.8910,0.002368,-0.001013,-0.015941,0.017465,0.002368,0.000000,0.120000,0.000000,0.847826,0.000710,-0.016652,-0.000000,-0.000304,0.017769,0.000000,0.010000,0
1790549826.9069,0.001107,-0.000601,-0.016308,0.017583,0.001107,0.000000,0.120000,0.000000,0.869565,0.000332,-0.016640,-0.000000,-0.000180,0.017763,0.000000,0.010000,0
1790549826.9239,-0.000368,-0.000022,-0.016755,0.017756,-0.000368,0.000000,0.120000,0.000000,0.891304,-0.000111,-0.016644,-0.000000,-0.000007,0.017763,0.000000,0.010000,0
1790549826.9408,-0.002045,0.000719,-0.017278,0.017986,-0.002045,0.000000,0.120000,0.000000,0.913043,-0.000613,-0.016665,-0.000000,0.000216,0.017770,0.000000,0.010000,0
1790549826.9574,-0.003912,0.001618,-0.017877,0.018272,-0.003912,0.000000,0.120000,0.000000,0.934783,-0.001173,-0.016704,-0.000000,0.000485,0.017786,0.000000,0.010000,0
1790549826.9741,-0.005959,0.002667,-0.018551,0.018613,-0.005959,0.000000,0.120000,0.000000,0.956522,-0.001788,-0.016763,-0.000000,0.000800,0.017813,0.000000,0.010000,0
1790549826.9906,-0.008177,0.003856,-0.019298,0.019008,-0.008177,0.000000,0.120000,0.000000,0.978261,-0.002453,-0.016845,-0.000000,0.001157,0.017851,0.000000,0.010000,0
1790549827.0074,-0.010552,0.005170,-0.020116,0.019454,-0.010552,0.000000,0.120000,0.000000,1.000000,-0.003166,-0.016951,-0.000000,0.001551,0.017903,0.000000,0.010000,0
1790549827.0238,-0.013071,0.006599,-0.021003,0.019949,-0.013071,0.000000,0.120000,0.000000,0.021739,-0.003921,-0.017081,-0.000000,0.001980,0.017969,0.000000,0.010000,0
1790549827.0410,-0.015722,0.008146,-0.021955,0.020494,-0.015722,0.000000,0.120000,0.000000,0.043478,-0.004717,-0.017239,-0.000000,0.002444,0.018051,0.000000,0.010000,0
1790549827.0571,-0.018496,0.009802,-0.022972,0.021089,-0.018496,0.000000,0.120000,0.000000,0.065217,-0.005549,-0.017423,-0.000000,0.002941,0.018149,0.000000,0.010000,0
1790549827.0734,-0.021386,0.011565,-0.024053,0.021734,-0.021386,0.000000,0.120000,0.000000,0.086957,-0.006416,-0.017637,-0.000000,0.003470,0.018264,0.000000,0.010000,0
1790549827.0909,-0.017979,0.007825,-0.023211,0.020690,-0.017979,0.000000,0.120000,0.000000,0.108696,-0.005394,-0.017817,0.000000,0.002348,0.018342,-0.000000,0.010000,0
1790549827.1071,-0.012539,0.003556,-0.021704,0.019445,-0.012539,0.000000,0.120000,0.000000,0.130435,-0.003762,-0.017943,0.000000,0.001067,0.018378,-0.000000,0.010000,0
1790549827.1237,-0.008298,-0.001415,-0.020515,0.017939,-0.008298,0.000000,0.120000,0.000000,0.152174,-0.002489,-0.018026,0.000000,-0.000425,0.018364,-0.000000,0.010000,0
1790549827.1406,-0.003431,-0.007509,-0.019089,0.016036,-0.003431,0.000000,0.120000,0.000000,0.173913,-0.001029,-0.018060,0.000000,-0.002253,0.018289,-0.000000,0.010000,0
1790549827.1574,0.002290,-0.014697,-0.017350,0.013733,0.002290,0.000000,0.120000,0.000000,0.195652,0.000687,-0.018037,0.000000,-0.004409,0.018142,-0.000000,0.010000,0
1790549827.1739,0.008937,-0.022679,-0.015267,0.011111,0.008937,0.000000,0.120000,0.000000,0.217391,0.002681,-0.017948,0.000000,-0.006804,0.017915,-0.000000,0.010000,0
1790549827.1909,0.011272,-0.020154,-0.014453,0.011667,0.011272,0.000000,0.120000,0.000000,0.239130,0.003382,-0.017835,0.000000,-0.006046,0.017714,0.000000,0.010000,0
1790549827.2075,0.011903,-0.018568,-0.014145,0.011958,0.011903,0.000000,0.120000,0.000000,0.260870,0.003571,-0.017716,0.000000,-0.005570,0.017528,0.000000,0.010000,0
1790549827.2234,0.011867,-0.016969,-0.014037,0.012267,0.011867,0.000000,0.120000,0.000000,0.282609,0.003560,-0.017597,-0.000000,-0.005091,0.017358,0.000000,0.010000,0
1790549827.2366,0.011386,-0.015410,-0.014067,0.012581,0.011386,0.000000,0.120000,0.000000,0.304348,0.003416,-0.017483,-0.000000,-0.004623,0.017204,0.000000,0.010000,0
1790549827.2498,0.010647,-0.013873,-0.014183,0.012903,0.010647,0.000000,0.120000,0.000000,0.326087,0.003194,-0.017377,-0.000000,-0.004162,0.017065,0.000000,0.010000,0
1790549827.2658,0.009790,-0.012332,-0.014342,0.013242,0.009790,0.000000,0.120000,0.000000,0.347826,0.002937,-0.017279,-0.000000,-0.003700,0.016942,0.000000,0.010000,0
1790549827.2758,0.008921,-0.010759,-0.014513,0.013607,0.008921,0.000000,0.120000,0.000000,0.369565,0.002676,-0.017190,-0.000000,-0.003228,0.016834,0.000000,0.010000,0
1790549827.2868,0.008118,-0.009120,-0.014673,0.014007,0.008118,0.000000,0.120000,0.000000,0.391304,0.002435,-0.017109,-0.000000,-0.002736,0.016743,0.000000,0.010000,0
1790549827.3091,0.005537,-0.005312,-0.015392,0.015096,0.005537,0.000000,0.120000,0.000000,0.413043,0.001661,-0.017053,-0.000000,-0.001594,0.016690,0.000000,0.010000,0
1790549827.3229,0.004519,-0.003960,-0.015652,0.015462,0.004519,0.000000,0.120000,0.000000,0.434783,0.001356,-0.017008,-0.000000,-0.001188,0.016650,0.000000,0.010000,0
1790549827.3444,0.003939,-0.002311,-0.015787,0.015934,0.003939,0.000000,0.120000,0.000000,0.456522,0.001182,-0.016969,-0.000000,-0.000693,0.016627,0.000000,0.010000,0
1790549827.3591,0.003745,-0.000474,-0.015808,0.016480,0.003745,0.000000,0.120000,0.000000,0.478261,0.001124,-0.016931,-0.000000,-0.000142,0.016623,0.000000,0.010000,0
1790549827.3748,0.003916,0.001556,-0.015717,0.017105,0.003916,0.000000,0.120000,0.000000,0.500000,0.001175,-0.016892,0.000000,0.000467,0.016638,0.000000,0.010000,0
1790549827.3924,0.004436,0.003795,-0.015517,0.017815,0.004436,0.000000,0.120000,0.000000,0.521739,0.001331,-0.016848,0.000000,0.001139,0.016676,0.000000,0.010000,0
1790549827.4081,0.005292,0.006260,-0.015207,0.018617,0.005292,0.000000,0.120000,0.000000,0.543478,0.001588,-0.016795,0.000000,0.001878,0.016739,0.000000,0.010000,0
1790549827.4247,0.006482,0.008969,-0.014785,0.019519,0.006482,0.000000,0.120000,0.000000,0.565217,0.001945,-0.016730,0.000000,0.002691,0.016828,0.000000,0.010000,0
1790549827.4409,0.008005,0.011938,-0.014248,0.020529,0.008005,0.000000,0.120000,0.000000,0.586957,0.002401,-0.016650,0.000000,0.003581,0.016948,0.000000,0.010000,0
1790549827.4565,0.010201,0.015305,-0.013488,0.021692,0.010201,0.000000,0.120000,0.000000,0.608696,0.003060,-0.016548,0.000000,0.004592,0.017101,0.000000,0.010000,0
1790549827.4748,0.012765,0.019026,-0.012591,0.022999,0.012765,0.000000,0.120000,0.000000,0.630435,0.003829,-0.016420,0.000000,0.005708,0.017291,0.000000,0.010000,0
1790549827.4935,0.013729,0.016256,-0.012164,0.022331,0.013729,0.000000,0.120000,0.000000,0.652174,0.004119,-0.016283,0.000000,0.004877,0.017454,-0.000000,0.010000,0
1790549827.5087,0.013232,0.012971,-0.012181,0.021475,0.013232,0.000000,0.120000,0.000000,0.673913,0.003970,-0.016151,-0.000000,0.003891,0.017583,-0.000000,0.010000,0
1790549827.5229,0.011064,0.008770,-0.012721,0.020302,0.011064,0.000000,0.120000,0.000000,0.695652,0.003319,-0.016040,-0.000000,0.002631,0.017671,-0.000000,0.010000,0
1790549827.5329,0.007216,0.003684,-0.013803,0.018813,0.007216,0.000000,0.120000,0.000000,0.717391,0.002165,-0.015968,-0.000000,0.001105,0.017708,-0.000000,0.010000,0
1790549827.5449,0.001716,-0.002107,-0.015436,0.017055,0.001716,0.000000,0.120000,0.000000,0.739130,0.000515,-0.015951,-0.000000,-0.000632,0.017687,-0.000000,0.010000,0
1790549827.5559,0.000478,-0.001568,-0.015802,0.017201,0.000478,0.000000,0.120000,0.000000,0.760870,0.000144,-0.015946,-0.000000,-0.000470,0.017671,0.000000,0.010000,0
1790549827.5659,0.002547,0.000963,-0.015156,0.017970,0.002547,0.000000,0.120000,0.000000,0.782609,0.000764,-0.015920,0.000000,0.000289,0.017681,0.000000,0.010000,0
1790549827.5769,0.001555,0.001460,-0.015438,0.018133,0.001555,0.000000,0.120000,0.000000,0.804348,0.000466,-0.015905,-0.000000,0.000438,0.017695,0.000000,0.010000,0
1790549827.5878,0.000239,0.002291,-0.015831,0.018405,0.000239,0.000000,0.120000,0.000000,0.826087,0.000072,-0.015902,-0.000000,0.000687,0.017718,0.000000,0.010000,0
1790549827.5978,-0.001381,0.003309,-0.016331,0.018744,-0.001381,0.000000,0.120000,0.000000,0.847826,-0.000414,-0.015916,-0.000000,0.000993,0.017751,0.000000,0.010000,0
1790549827.6079,-0.003282,0.004504,-0.016934,0.019148,-0.003282,0.000000,0.120000,0.000000,0.869565,-0.000985,-0.015949,-0.000000,0.001351,0.017796,0.000000,0.010000,0
1790549827.6229,-0.005442,0.005874,-0.017636,0.019617,-0.005442,0.000000,0.120000,0.000000,0.891304,-0.001633,-0.016003,-0.000000,0.001762,0.017855,0.000000,0.010000,0
1790549827.6339,-0.007845,0.007421,-0.018435,0.020156,-0.007845,0.000000,0.120000,0.000000,0.913043,-0.002353,-0.016082,-0.000000,0.002226,0.017929,0.000000,0.010000,0
1790549827.6469,-0.010476,0.009144,-0.019330,0.020764,-0.010476,0.000000,0.120000,0.000000,0.934783,-0.003143,-0.016187,-0.000000,0.002743,0.018021,0.000000,0.010000,0
1790549827.6595,-0.013327,0.011039,-0.020318,0.021443,-0.013327,0.000000,0.120000,0.000000,0.956522,-0.003998,-0.016320,-0.000000,0.003312,0.018131,0.000000,0.010000,0
1790549827.6729,-0.016386,0.013100,-0.021400,0.022192,-0.016386,0.000000,0.120000,0.000000,0.978261,-0.004916,-0.016484,-0.000000,0.003930,0.018262,0.000000,0.010000,0
1790549827.6839,-0.019642,0.015317,-0.022573,0.023011,-0.019642,0.000000,0.120000,0.000000,1.000000,-0.005893,-0.016680,-0.000000,0.004595,0.018415,0.000000,0.010000,0
1790549827.6960,-0.023083,0.017684,-0.023836,0.023898,-0.023083,0.000000,0.120000,0.000000,0.021739,-0.006925,-0.016911,-0.000000,0.005305,0.018592,0.000000,0.010000,0
1790549827.7078,-0.026699,0.020205,-0.025188,0.024856,-0.026699,0.000000,0.120000,0.000000,0.043478,-0.008010,-0.017178,-0.000000,0.006062,0.018794,0.000000,0.010000,0
1790549827.7209,-0.023296,0.016544,-0.024400,0.023923,-0.023296,0.000000,0.120000,0.000000,0.065217,-0.006989,-0.017411,0.000000,0.004963,0.018960,-0.000000,0.010000,0
1790549827.7431,-0.019989,0.012533,-0.023607,0.022845,-0.019989,0.000000,0.120000,0.000000,0.086957,-0.005997,-0.017611,0.000000,0.003760,0.019085,-0.000000,0.010000,0
1790549827.7586,-0.016674,0.008363,-0.022780,0.021678,-0.016674,0.000000,0.120000,0.000000,0.108696,-0.005002,-0.017778,0.000000,0.002509,0.019169,-0.000000,0.010000,0
1790549827.7739,-0.011276,0.003704,-0.021273,0.020317,-0.011276,0.000000,0.120000,0.000000,0.130435,-0.003383,-0.017890,0.000000,0.001111,0.019206,-0.000000,0.010000,0
1790549827.7910,-0.007081,-0.001684,-0.020085,0.018684,-0.007081,0.000000,0.120000,0.000000,0.152174,-0.002124,-0.017961,0.000000,-0.000505,0.019189,-0.000000,0.010000,0
1790549827.8071,-0.002236,-0.008169,-0.018654,0.016656,-0.002236,0.000000,0.120000,0.000000,0.173913,-0.000671,-0.017984,0.000000,-0.002451,0.019107,-0.000000,0.010000,0
1790549827.8191,0.003487,-0.015715,-0.016903,0.014236,0.003487,0.000000,0.120000,0.000000,0.195652,0.001046,-0.017949,0.000000,-0.004714,0.018950,-0.000000,0.010000,0
1790549827.8437,0.005873,-0.019503,-0.016128,0.012904,0.005873,0.000000,0.120000,0.000000,0.217391,0.001762,-0.017890,0.000000,-0.005851,0.018755,-0.000000,0.010000,0
1790549827.8579,0.008081,-0.017714,-0.015385,0.013264,0.008081,0.000000,0.120000,0.000000,0.239130,0.002424,-0.017809,0.000000,-0.005314,0.018578,0.000000,0.010000,0
1790549827.8729,0.008697,-0.016680,-0.015113,0.013407,0.008697,0.000000,0.120000,0.000000,0.260870,0.002609,-0.017722,0.000000,-0.005004,0.018411,0.000000,0.010000,0
1790549827.8879,0.008680,-0.015592,-0.015031,0.013578,0.008680,0.000000,0.120000,0.000000,0.282609,0.002604,-0.017635,-0.000000,-0.004678,0.018255,0.000000,0.010000,0
1790549827.9030,0.008234,-0.014510,-0.015083,0.013757,0.008234,0.000000,0.120000,0.000000,0.304348,0.002470,-0.017553,-0.000000,-0.004353,0.018110,0.000000,0.010000,0
1790549827.9185,0.007535,-0.013421,-0.015217,0.013950,0.007535,0.000000,0.120000,0.000000,0.326087,0.002260,-0.017478,-0.000000,-0.004026,0.017976,0.000000,0.010000,0
1790549827.9336,0.006713,-0.012303,-0.015397,0.014162,0.006713,0.000000,0.120000,0.000000,0.347826,0.002014,-0.017411,-0.000000,-0.003691,0.017853,0.000000,0.010000,0
1790549827.9571,0.005870,-0.011130,-0.015591,0.014402,0.005870,0.000000,0.120000,0.000000,0.369565,0.001761,-0.017352,-0.000000,-0.003339,0.017742,0.000000,0.010000,0
1790549827.9738,0.005082,-0.009880,-0.015777,0.014679,0.005082,0.000000,0.120000,0.000000,0.391304,0.001525,-0.017301,-0.000000,-0.002964,0.017643,0.000000,0.010000,0
1790549827.9914,0.004404,-0.008531,-0.015936,0.014998,0.004404,0.000000,0.120000,0.000000,0.413043,0.001321,-0.017257,-0.000000,-0.002559,0.017557,0.000000,0.010000,0
1790549828.0071,0.003880,-0.007063,-0.016054,0.015368,0.003880,0.000000,0.120000,0.000000,0.434783,0.001164,-0.017218,-0.000000,-0.002119,0.017487,0.000000,0.010000,0
1790549828.0238,0.003543,-0.005460,-0.016120,0.015794,0.003543,0.000000,0.120000,0.000000,0.456522,0.001063,-0.017183,-0.000000,-0.001638,0.017432,0.000000,0.010000,0
1790549828.0405,0.003420,-0.003705,-0.016123,0.016284,0.003420,0.000000,0.120000,0.000000,0.478261,0.001026,-0.017149,-0.000000,-0.001112,0.017395,0.000000,0.010000,0
1790549828.0571,0.003533,-0.001784,-0.016053,0.016842,0.003533,0.000000,0.120000,0.000000,0.500000,0.001060,-0.017113,0.000000,-0.000535,0.017377,0.000000,0.010000,0
1790549828.0734,0.003899,0.000323,-0.015904,0.017477,0.003899,0.000000,0.120000,0.000000,0.521739,0.001170,-0.017074,0.000000,0.000097,0.017381,0.000000,0.010000,0
1790549828.0908,0.004532,0.002634,-0.015669,0.018197,0.004532,0.000000,0.120000,0.000000,0.543478,0.001359,-0.017029,0.000000,0.000790,0.017407,0.000000,0.010000,0
1790549828.1039,0.005444,0.005168,-0.015341,0.019009,0.005444,0.000000,0.120000,0.000000,0.565217,0.001633,-0.016974,0.000000,0.001550,0.017459,0.000000,0.010000,0
1790549828.1192,0.006652,0.007943,-0.014912,0.019921,0.006652,0.000000,0.120000,0.000000,0.586957,0.001995,-0.016908,0.000000,0.002383,0.017538,0.000000,0.010000,0
1790549828.1345,0.008502,0.011096,-0.014272,0.020978,0.008502,0.000000,0.120000,0.000000,0.608696,0.002551,-0.016823,0.000000,0.003329,0.017649,0.000000,0.010000,0
1790549828.1575,0.010699,0.014584,-0.013506,0.022170,0.010699,0.000000,0.120000,0.000000,0.630435,0.003210,-0.016716,0.000000,0.004375,0.017795,0.000000,0.010000,0
1790549828.1727,0.013092,0.018388,-0.012657,0.023495,0.013092,0.000000,0.120000,0.000000,0.652174,0.003928,-0.016585,0.000000,0.005516,0.017979,0.000000,0.010000,0
1790549828.1905,0.013395,0.014527,-0.012433,0.022482,0.013395,0.000000,0.120000,0.000000,0.673913,0.004018,-0.016451,0.000000,0.004358,0.018124,-0.000000,0.010000,0
1790549828.2075,0.012354,0.010094,-0.012621,0.021253,0.012354,0.000000,0.120000,0.000000,0.695652,0.003706,-0.016328,-0.000000,0.003028,0.018225,-0.000000,0.010000,0
1790549828.2241,0.009711,0.004844,-0.013317,0.019727,0.009711,0.000000,0.120000,0.000000,0.717391,0.002913,-0.016230,-0.000000,0.001453,0.018273,-0.000000,0.010000,0
1790549828.2405,0.005444,-0.001101,-0.014543,0.017932,0.005444,0.000000,0.120000,0.000000,0.739130,0.001633,-0.016176,-0.000000,-0.000330,0.018262,-0.000000,0.010000,0
1790549828.2581,0.004903,-0.001584,-0.014656,0.017771,0.004903,0.000000,0.120000,0.000000,0.760870,0.001471,-0.016127,-0.000000,-0.000475,0.018246,-0.000000,0.010000,0
1790549828.2739,0.004143,-0.001408,-0.014843,0.017810,0.004143,0.000000,0.120000,0.000000,0.782609,0.001243,-0.016086,-0.000000,-0.000422,0.018232,0.000000,0.010000,0
1790549828.2910,0.003143,-0.001010,-0.015111,0.017919,0.003143,0.000000,0.120000,0.000000,0.804348,0.000943,-0.016054,-0.000000,-0.000303,0.018222,0.000000,0.010000,0
1790549828.3070,0.001902,-0.000434,-0.015464,0.018088,0.001902,0.000000,0.120000,0.000000,0.826087,0.000571,-0.016035,-0.000000,-0.000130,0.018218,0.000000,0.010000,0
1790549828.3235,0.000431,0.000312,-0.015901,0.018315,0.000431,0.000000,0.120000,0.000000,0.847826,0.000129,-0.016031,-0.000000,0.000093,0.018221,0.000000,0.010000,0
1790549828.3404,-0.001256,0.001223,-0.016420,0.018600,-0.001256,0.000000,0.120000,0.000000,0.869565,-0.000377,-0.016043,-0.000000,0.000367,0.018233,0.000000,0.010000,0
1790549828.3555,-0.003149,0.002297,-0.017020,0.018945,-0.003149,0.000000,0.120000,0.000000,0.891304,-0.000945,-0.016075,-0.000000,0.000689,0.018256,0.000000,0.010000,0
1790549828.3711,-0.005241,0.003534,-0.017700,0.019352,-0.005241,0.000000,0.120000,0.000000,0.913043,-0.001572,-0.016127,-0.000000,0.001060,0.018292,0.000000,0.010000,0
1790549828.3860,-0.007525,0.004933,-0.018460,0.019821,-0.007525,0.000000,0.120000,0.000000,0.934783,-0.002258,-0.016202,-0.000000,0.001480,0.018341,0.000000,0.010000,0
1790549828.4016,-0.009998,0.006487,-0.019302,0.020352,-0.009998,0.000000,0.120000,0.000000,0.956522,-0.002999,-0.016302,-0.000000,0.001946,0.018406,0.000000,0.010000,0
1790549828.4237,-0.012651,0.008188,-0.020224,0.020944,-0.012651,0.000000,0.120000,0.000000,0.978261,-0.003795,-0.016429,-0.000000,0.002457,0.018488,0.000000,0.010000,0
1790549828.4394,-0.015477,0.010027,-0.021227,0.021596,-0.015477,0.000000,0.120000,0.000000,1.000000,-0.004643,-0.016584,-0.000000,0.003008,0.018588,0.000000,0.010000,0
1790549828.4571,-0.018465,0.011994,-0.022308,0.022306,-0.018465,0.000000,0.120000,0.000000,0.021739,-0.005539,-0.016768,-0.000000,0.003598,0.018708,0.000000,0.010000,0
1790549828.4734,-0.019360,0.016412,-0.022770,0.023796,-0.019360,0.000000,0.120000,0.000000,0.043478,-0.005808,-0.016962,-0.000000,0.004924,0.018872,0.000000,0.010000,0
1790549828.4909,-0.022137,0.018110,-0.023824,0.024486,-0.022137,0.000000,0.120000,0.000000,0.065217,-0.006641,-0.017183,-0.000000,0.005433,0.019053,0.000000,0.010000,0
1790549828.5126,-0.018666,0.014316,-0.022970,0.023491,-0.018666,0.000000,0.120000,0.000000,0.086957,-0.005600,-0.017370,0.000000,0.004295,0.019196,-0.000000,0.010000,0
1790549828.5286,-0.015258,0.010360,-0.022100,0.022408,-0.015258,0.000000,0.120000,0.000000,0.108696,-0.004577,-0.017523,0.000000,0.003108,0.019300,-0.000000,0.010000,0
1790549828.5439,-0.011736,0.005939,-0.021161,0.021141,-0.011736,0.000000,0.120000,0.000000,0.130435,-0.003521,-0.017640,0.000000,0.001782,0.019359,-0.000000,0.010000,0
1790549828.5576,-0.007803,0.000627,-0.020059,0.019554,-0.007803,0.000000,0.120000,0.000000,0.152174,-0.002341,-0.017718,0.000000,0.000188,0.019366,-0.000000,0.010000,0
1790549828.5737,-0.003166,-0.005817,-0.018699,0.017562,-0.003166,0.000000,0.120000,0.000000,0.173913,-0.000950,-0.017750,0.000000,-0.001745,0.019307,-0.000000,0.010000,0
1790549828.5905,0.002359,-0.013330,-0.017018,0.015175,0.002359,0.000000,0.120000,0.000000,0.195652,0.000708,-0.017726,0.000000,-0.003999,0.019174,-0.000000,0.010000,0
1790549828.6054,0.008839,-0.021612,-0.014986,0.012474,0.008839,0.000000,0.120000,0.000000,0.217391,0.002652,-0.017638,0.000000,-0.006483,0.018958,-0.000000,0.010000,0
1790549828.6210,0.010925,-0.019482,-0.014251,0.012919,0.010925,0.000000,0.120000,0.000000,0.239130,0.003277,-0.017528,0.000000,-0.005845,0.018763,0.000000,0.010000,0
1790549828.6407,0.011290,-0.018307,-0.014029,0.013088,0.011290,0.000000,0.120000,0.000000,0.260870,0.003387,-0.017416,0.000000,-0.005492,0.018580,0.000000,0.010000,0
1790549828.6571,0.010984,-0.017109,-0.014011,0.013276,0.010984,0.000000,0.120000,0.000000,0.282609,0.003295,-0.017306,-0.000000,-0.005133,0.018409,0.000000,0.010000,0
1790549828.6734,0.010226,-0.015942,-0.014136,0.013467,0.010226,0.000000,0.120000,0.000000,0.304348,0.003068,-0.017203,-0.000000,-0.004783,0.018250,0.000000,0.010000,0
1790549828.6914,0.009200,-0.014793,-0.014351,0.013664,0.009200,0.000000,0.120000,0.000000,0.326087,0.002760,-0.017111,-0.000000,-0.004438,0.018102,0.000000,0.010000,0
1790549828.7065,0.008047,-0.013637,-0.014617,0.013874,0.008047,0.000000,0.120000,0.000000,0.347826,0.002414,-0.017031,-0.000000,-0.004091,0.017965,0.000000,0.010000,0
1790549828.7225,0.006872,-0.012451,-0.014901,0.014106,0.006872,0.000000,0.120000,0.000000,0.369565,0.002062,-0.016962,-0.000000,-0.003735,0.017841,0.000000,0.010000,0
1790549828.7405,0.005755,-0.011207,-0.015178,0.014367,0.005755,0.000000,0.120000,0.000000,0.391304,0.001726,-0.016905,-0.000000,-0.003362,0.017729,0.000000,0.010000,0
1790549828.7575,0.002872,-0.007845,-0.016014,0.015297,0.002872,0.000000,0.120000,0.000000,0.413043,0.000862,-0.016876,-0.000000,-0.002353,0.017650,0.000000,0.010000,0
1790549828.7741,0.001511,-0.006888,-0.016408,0.015515,0.001511,0.000000,0.120000,0.000000,0.434783,0.000453,-0.016861,-0.000000,-0.002066,0.017581,0.000000,0.010000,0
1790549828.7910,0.000574,-0.005644,-0.016683,0.015832,0.000574,0.000000,0.120000,0.000000,0.456522,0.000172,-0.016855,-0.000000,-0.001693,0.017525,0.000000,0.010000,0
1790549828.8068,0.000007,-0.004225,-0.016853,0.016215,0.000007,0.000000,0.120000,0.000000,0.478261,0.000002,-0.016855,-0.000000,-0.001268,0.017483,0.000000,0.010000,0
1790549828.8234,-0.000215,-0.002626,-0.016922,0.016668,-0.000215,0.000000,0.120000,0.000000,0.500000,-0.000064,-0.016857,-0.000000,-0.000788,0.017456,0.000000,0.010000,0
1790549828.8407,-0.000106,-0.000833,-0.016890,0.017198,-0.000106,0.000000,0.120000,0.000000,0.521739,-0.000032,-0.016858,0.000000,-0.000250,0.017448,0.000000,0.010000,0
1790549828.8528,0.000318,0.001169,-0.016760,0.017810,0.000318,0.000000,0.120000,0.000000,0.543478,0.000095,-0.016855,0.000000,0.000351,0.017460,0.000000,0.010000,0
1790549828.8689,0.001052,0.003397,-0.016529,0.018513,0.001052,0.000000,0.120000,0.000000,0.565217,0.000316,-0.016845,0.000000,0.001019,0.017494,0.000000,0.010000,0
1790549828.8896,0.002097,0.005866,-0.016195,0.019312,0.002097,0.000000,0.120000,0.000000,0.586957,0.000629,-0.016824,0.000000,0.001760,0.017552,0.000000,0.010000,0
1790549828.9075,0.003788,0.008710,-0.015649,0.020252,0.003788,0.000000,0.120000,0.000000,0.608696,0.001136,-0.016786,0.000000,0.002613,0.017639,0.000000,0.010000,0
1790549828.9228,0.005820,0.011884,-0.014982,0.021324,0.005820,0.000000,0.120000,0.000000,0.630435,0.001746,-0.016728,0.000000,0.003565,0.017758,0.000000,0.010000,0
1790549828.9409,0.008037,0.015370,-0.014236,0.022523,0.008037,0.000000,0.120000,0.000000,0.652174,0.002411,-0.016647,0.000000,0.004611,0.017912,0.000000,0.010000,0
1790549828.9558,0.008274,0.011658,-0.014082,0.021526,0.008274,0.000000,0.120000,0.000000,0.673913,0.002482,-0.016564,0.000000,0.003497,0.018029,-0.000000,0.010000,0
1790549828.9747,0.007104,0.007366,-0.014362,0.020312,0.007104,0.000000,0.120000,0.000000,0.695652,0.002131,-0.016493,-0.000000,0.002210,0.018102,-0.000000,0.010000,0
1790549828.9858,0.004288,0.002261,-0.015164,0.018803,0.004288,0.000000,0.120000,0.000000,0.717391,0.001287,-0.016451,-0.000000,0.000678,0.018125,-0.000000,0.010000,0
1790549829.0058,-0.000179,-0.003536,-0.016506,0.017029,-0.000179,0.000000,0.120000,0.000000,0.739130,-0.000054,-0.016452,-0.000000,-0.001061,0.018089,-0.000000,0.010000,0
1790549829.0231,-0.000497,-0.003657,-0.016606,0.016956,-0.000497,0.000000,0.120000,0.000000,0.760870,-0.000149,-0.016457,-0.000000,-0.001097,0.018053,-0.000000,0.010000,0
1790549829.0387,-0.000967,-0.003126,-0.016757,0.017084,-0.000967,0.000000,0.120000,0.000000,0.782609,-0.000290,-0.016467,-0.000000,-0.000938,0.018022,0.000000,0.010000,0
1790549829.0545,-0.001645,-0.002407,-0.016977,0.017275,-0.001645,0.000000,0.120000,0.000000,0.804348,-0.000493,-0.016483,-0.000000,-0.000722,0.017998,0.000000,0.010000,0
1790549829.0731,-0.002551,-0.001543,-0.017274,0.017519,-0.002551,0.000000,0.120000,0.000000,0.826087,-0.000765,-0.016509,-0.000000,-0.000463,0.017982,0.000000,0.010000,0
1790549829.0905,-0.001309,0.001454,-0.016915,0.018433,-0.001309,0.000000,0.120000,0.000000,0.847826,-0.000393,-0.016522,0.000000,0.000436,0.017997,0.000000,0.010000,0
1790549829.1071,-0.002264,0.002109,-0.017224,0.018650,-0.002264,0.000000,0.120000,0.000000,0.869565,-0.000679,-0.016545,-0.000000,0.000633,0.018018,0.000000,0.010000,0
1790549829.1240,-0.003620,0.003063,-0.017667,0.018967,-0.003620,0.000000,0.120000,0.000000,0.891304,-0.001086,-0.016581,-0.000000,0.000919,0.018048,0.000000,0.010000,0
1790549829.1408,-0.005316,0.004195,-0.018229,0.019349,-0.005316,0.000000,0.120000,0.000000,0.913043,-0.001595,-0.016634,-0.000000,0.001258,0.018090,0.000000,0.010000,0
1790549829.1573,-0.007317,0.005495,-0.018902,0.019794,-0.007317,0.000000,0.120000,0.000000,0.934783,-0.002195,-0.016707,-0.000000,0.001648,0.018145,0.000000,0.010000,0
1790549829.1739,-0.009590,0.006958,-0.019680,0.020302,-0.009590,0.000000,0.120000,0.000000,0.956522,-0.002877,-0.016803,-0.000000,0.002087,0.018215,0.000000,0.010000,0
1790549829.1909,-0.012109,0.008576,-0.020557,0.020873,-0.012109,0.000000,0.120000,0.000000,0.978261,-0.003633,-0.016924,-0.000000,0.002573,0.018301,0.000000,0.010000,0
1790549829.2069,-0.014850,0.010337,-0.021528,0.021505,-0.014850,0.000000,0.120000,0.000000,1.000000,-0.004455,-0.017073,-0.000000,0.003101,0.018404,0.000000,0.010000,0
1790549829.2239,-0.017787,0.012234,-0.022587,0.022196,-0.017787,0.000000,0.120000,0.000000,0.021739,-0.005336,-0.017251,-0.000000,0.003670,0.018526,0.000000,0.010000,0
1790549829.2405,-0.020902,0.014268,-0.023730,0.022949,-0.020902,0.000000,0.120000,0.000000,0.043478,-0.006271,-0.017460,-0.000000,0.004280,0.018669,0.000000,0.010000,0
1790549829.2589,-0.024181,0.016436,-0.024956,0.023764,-0.024181,0.000000,0.120000,0.000000,0.065217,-0.007254,-0.017701,-0.000000,0.004931,0.018833,0.000000,0.010000,0
1790549829.2745,-0.020784,0.012645,-0.024144,0.022753,-0.020784,0.000000,0.120000,0.000000,0.086957,-0.006235,-0.017909,0.000000,0.003794,0.018960,-0.000000,0.010000,0
1790549829.2909,-0.017404,0.008698,-0.023304,0.021656,-0.017404,0.000000,0.120000,0.000000,0.108696,-0.005221,-0.018083,0.000000,0.002609,0.019047,-0.000000,0.010000,0
1790549829.3071,-0.013862,0.004306,-0.022380,0.020382,-0.013862,0.000000,0.120000,0.000000,0.130435,-0.004159,-0.018222,0.000000,0.001292,0.019090,-0.000000,0.010000,0
1790549829.3239,-0.009862,-0.000957,-0.021279,0.018793,-0.009862,0.000000,0.120000,0.000000,0.152174,-0.002959,-0.018320,0.000000,-0.000287,0.019080,-0.000000,0.010000,0
1790549829.3414,-0.004106,-0.007423,-0.019593,0.016779,-0.004106,0.000000,0.120000,0.000000,0.173913,-0.001232,-0.018362,0.000000,-0.002227,0.019006,-0.000000,0.010000,0
1790549829.3579,0.001716,-0.014807,-0.017830,0.014416,0.001716,0.000000,0.120000,0.000000,0.195652,0.000515,-0.018344,0.000000,-0.004442,0.018858,-0.000000,0.010000,0
1790549829.3747,0.008455,-0.022945,-0.015723,0.011745,0.008455,0.000000,0.120000,0.000000,0.217391,0.002536,-0.018260,0.000000,-0.006884,0.018629,-0.000000,0.010000,0
1790549829.3908,0.010750,-0.020628,-0.014927,0.012234,0.010750,0.000000,0.120000,0.000000,0.239130,0.003225,-0.018152,0.000000,-0.006188,0.018422,0.000000,0.010000,0
1790549829.4065,0.011365,-0.019055,-0.014629,0.012515,0.011365,0.000000,0.120000,0.000000,0.260870,0.003409,-0.018039,0.000000,-0.005717,0.018232,0.000000,0.010000,0
1790549829.4256,0.011141,-0.017739,-0.014585,0.012733,0.011141,0.000000,0.120000,0.000000,0.282609,0.003342,-0.017927,-0.000000,-0.005322,0.018054,0.000000,0.010000,0
1790549829.4416,0.010442,-0.016458,-0.014690,0.012952,0.010442,0.000000,0.120000,0.000000,0.304348,0.003133,-0.017823,-0.000000,-0.004938,0.017890,0.000000,0.010000,0
1790549829.4568,0.009459,-0.015200,-0.014891,0.013178,0.009459,0.000000,0.120000,0.000000,0.326087,0.002838,-0.017728,-0.000000,-0.004560,0.017738,0.000000,0.010000,0
1790549829.4724,0.008340,-0.013939,-0.015143,0.013417,0.008340,0.000000,0.120000,0.000000,0.347826,0.002502,-0.017645,-0.000000,-0.004182,0.017598,0.000000,0.010000,0
1790549829.4880,0.007194,-0.012650,-0.015415,0.013677,0.007194,0.000000,0.120000,0.000000,0.369565,0.002158,-0.017573,-0.000000,-0.003795,0.017472,0.000000,0.010000,0
1790549829.5091,0.006106,-0.011308,-0.015680,0.013967,0.006106,0.000000,0.120000,0.000000,0.391304,0.001832,-0.017512,-0.000000,-0.003392,0.017359,0.000000,0.010000,0
1790549829.5248,0.005135,-0.009887,-0.015920,0.014294,0.005135,0.000000,0.120000,0.000000,0.413043,0.001541,-0.017461,-0.000000,-0.002966,0.017260,0.000000,0.010000,0
1790549829.5378,0.002332,-0.006341,-0.016737,0.015294,0.002332,0.000000,0.120000,0.000000,0.434783,0.000700,-0.017437,-0.000000,-0.001902,0.017197,0.000000,0.010000,0
1790549829.5486,0.001203,-0.005186,-0.017064,0.015589,0.001203,0.000000,0.120000,0.000000,0.456522,0.000361,-0.017425,-0.000000,-0.001556,0.017145,0.000000,0.010000,0
1790549829.5600,0.000537,-0.003723,-0.017259,0.015991,0.000537,0.000000,0.120000,0.000000,0.478261,0.000161,-0.017420,-0.000000,-0.001117,0.017107,0.000000,0.010000,0
1790549829.5828,0.000273,-0.002065,-0.017335,0.016467,0.000273,0.000000,0.120000,0.000000,0.500000,0.000082,-0.017417,-0.000000,-0.000619,0.017087,0.000000,0.010000,0
1790549829.5980,0.000379,-0.000206,-0.017299,0.017023,0.000379,0.000000,0.120000,0.000000,0.521739,0.000114,-0.017413,0.000000,-0.000062,0.017085,0.000000,0.010000,0
1790549829.6081,0.000835,0.001867,-0.017155,0.017664,0.000835,0.000000,0.120000,0.000000,0.543478,0.000250,-0.017405,0.000000,0.000560,0.017103,0.000000,0.010000,0
1790549829.6309,0.001625,0.004172,-0.016901,0.018397,0.001625,0.000000,0.120000,0.000000,0.565217,0.000488,-0.017389,0.000000,0.001252,0.017145,0.000000,0.010000,0
1790549829.6467,0.002746,0.006724,-0.016537,0.019229,0.002746,0.000000,0.120000,0.000000,0.586957,0.000824,-0.017361,0.000000,0.002017,0.017212,0.000000,0.010000,0
1790549829.6636,0.004529,0.009656,-0.015957,0.020206,0.004529,0.000000,0.120000,0.000000,0.608696,0.001359,-0.017316,0.000000,0.002897,0.017309,0.000000,0.010000,0
1790549829.6790,0.006665,0.012924,-0.015250,0.021315,0.006665,0.000000,0.120000,0.000000,0.630435,0.002000,-0.017249,0.000000,0.003877,0.017438,0.000000,0.010000,0
1790549829.7039,0.008998,0.016510,-0.014460,0.022556,0.008998,0.000000,0.120000,0.000000,0.652174,0.002699,-0.017159,0.000000,0.004953,0.017603,0.000000,0.010000,0
1790549829.7178,0.009298,0.012760,-0.014277,0.021559,0.009298,0.000000,0.120000,0.000000,0.673913,0.002789,-0.017066,0.000000,0.003828,0.017731,-0.000000,0.010000,0
1790549829.7308,0.008209,0.008435,-0.014522,0.020346,0.008209,0.000000,0.120000,0.000000,0.695652,0.002463,-0.016984,-0.000000,0.002531,0.017815,-0.000000,0.010000,0
1790549829.7439,0.005485,0.003299,-0.015284,0.018838,0.005485,0.000000,0.120000,0.000000,0.717391,0.001646,-0.016929,-0.000000,0.000990,0.017848,-0.000000,0.010000,0
1790549829.7585,0.001115,-0.002531,-0.016584,0.017063,0.001115,0.000000,0.120000,0.000000,0.739130,0.000335,-0.016918,-0.000000,-0.000759,0.017823,-0.000000,0.010000,0
1790549829.7742,0.000799,-0.002752,-0.016670,0.016970,0.000799,0.000000,0.120000,0.000000,0.760870,0.000240,-0.016910,-0.000000,-0.000826,0.017795,-0.000000,0.010000,0
1790549829.7894,0.000306,-0.002317,-0.016815,0.017077,0.000306,0.000000,0.120000,0.000000,0.782609,0.000092,-0.016907,-0.000000,-0.000695,0.017772,0.000000,0.010000,0
1790549829.8074,-0.000409,-0.001687,-0.017034,0.017249,-0.000409,0.000000,0.120000,0.000000,0.804348,-0.000123,-0.016911,-0.000000,-0.000506,0.017755,0.000000,0.010000,0
1790549829.8233,-0.001361,-0.000904,-0.017333,0.017475,-0.001361,0.000000,0.120000,0.000000,0.826087,-0.000408,-0.016925,-0.000000,-0.000271,0.017746,0.000000,0.010000,0
1790549829.8405,-0.002547,0.000025,-0.017714,0.017754,-0.002547,0.000000,0.120000,0.000000,0.847826,-0.000764,-0.016950,-0.000000,0.000008,0.017747,0.000000,0.010000,0
1790549829.8575,-0.003959,0.001099,-0.018178,0.018087,-0.003959,0.000000,0.120000,0.000000,0.869565,-0.001188,-0.016990,-0.000000,0.000330,0.017758,0.000000,0.010000,0
1790549829.8739,-0.005593,0.002318,-0.018724,0.018476,-0.005593,0.000000,0.120000,0.000000,0.891304,-0.001678,-0.017046,-0.000000,0.000695,0.017781,0.000000,0.010000,0
1790549829.8910,-0.007441,0.003684,-0.019353,0.018923,-0.007441,0.000000,0.120000,0.000000,0.913043,-0.002232,-0.017120,-0.000000,0.001105,0.017818,0.000000,0.010000,0
1790549829.9069,-0.007382,0.007234,-0.019409,0.020060,-0.007382,0.000000,0.120000,0.000000,0.934783,-0.002215,-0.017194,0.000000,0.002170,0.017890,0.000000,0.010000,0
1790549829.9233,-0.009171,0.008402,-0.020037,0.020495,-0.009171,0.000000,0.120000,0.000000,0.956522,-0.002751,-0.017286,-0.000000,0.002521,0.017974,0.000000,0.010000,0
1790549829.9408,-0.011355,0.009864,-0.020806,0.021032,-0.011355,0.000000,0.120000,0.000000,0.978261,-0.003406,-0.017399,-0.000000,0.002959,0.018073,0.000000,0.010000,0
1790549829.9575,-0.013860,0.011490,-0.021696,0.021634,-0.013860,0.000000,0.120000,0.000000,1.000000,-0.004158,-0.017538,-0.000000,0.003447,0.018187,0.000000,0.010000,0
1790549829.9739,-0.016640,0.013264,-0.022696,0.022299,-0.016640,0.000000,0.120000,0.000000,0.021739,-0.004992,-0.017704,-0.000000,0.003979,0.018320,0.000000,0.010000,0
1790549829.9910,-0.019656,0.015188,-0.023798,0.023028,-0.019656,0.000000,0.120000,0.000000,0.043478,-0.005897,-0.017901,-0.000000,0.004556,0.018472,0.000000,0.010000,0
1790549830.0070,-0.022882,0.017256,-0.024994,0.023821,-0.022882,0.000000,0.120000,0.000000,0.065217,-0.006865,-0.018130,-0.000000,0.005177,0.018645,0.000000,0.010000,0
1790549830.0240,-0.019513,0.013439,-0.024179,0.022811,-0.019513,0.000000,0.120000,0.000000,0.086957,-0.005854,-0.018325,0.000000,0.004032,0.018779,-0.000000,0.010000,0
1790549830.0410,-0.016163,0.009466,-0.023335,0.021713,-0.016163,0.000000,0.120000,0.000000,0.108696,-0.004849,-0.018486,0.000000,0.002840,0.018874,-0.000000,0.010000,0
1790549830.0571,-0.012658,0.005046,-0.022410,0.020438,-0.012658,0.000000,0.120000,0.000000,0.130435,-0.003797,-0.018613,0.000000,0.001514,0.018924,-0.000000,0.010000,0
1790549830.0733,-0.008703,-0.000247,-0.021311,0.018847,-0.008703,0.000000,0.120000,0.000000,0.152174,-0.002611,-0.018700,0.000000,-0.000074,0.018922,-0.000000,0.010000,0
1790549830.0909,-0.004009,-0.006658,-0.019943,0.016858,-0.004009,0.000000,0.120000,0.000000,0.173913,-0.001203,-0.018740,0.000000,-0.001997,0.018855,-0.000000,0.010000,0
1790549830.1074,0.001602,-0.014126,-0.018243,0.014476,0.001602,0.000000,0.120000,0.000000,0.195652,0.000481,-0.018724,0.000000,-0.004238,0.018714,-0.000000,0.010000,0
1790549830.1238,0.008191,-0.022354,-0.016185,0.011784,0.008191,0.000000,0.120000,0.000000,0.217391,0.002457,-0.018642,0.000000,-0.006706,0.018490,-0.000000,0.010000,0
1790549830.1406,0.010170,-0.020395,-0.015490,0.012168,0.010170,0.000000,0.120000,0.000000,0.239130,0.003051,-0.018541,0.000000,-0.006119,0.018286,0.000000,0.010000,0
1790549830.1575,0.010444,-0.019320,-0.015303,0.012297,0.010444,0.000000,0.120000,0.000000,0.260870,0.003133,-0.018436,0.000000,-0.005796,0.018093,0.000000,0.010000,0
1790549830.1734,0.009979,-0.018293,-0.015343,0.012422,0.009979,0.000000,0.120000,0.000000,0.282609,0.002994,-0.018336,-0.000000,-0.005488,0.017910,0.000000,0.010000,0
1790549830.1910,0.009051,-0.017299,-0.015530,0.012548,0.009051,0.000000,0.120000,0.000000,0.304348,0.002715,-0.018246,-0.000000,-0.005190,0.017737,0.000000,0.010000,0
1790549830.2071,0.007847,-0.016324,-0.015813,0.012677,0.007847,0.000000,0.120000,0.000000,0.326087,0.002354,-0.018167,-0.000000,-0.004897,0.017574,0.000000,0.010000,0
1790549830.2238,0.006509,-0.015347,-0.016149,0.012816,0.006509,0.000000,0.120000,0.000000,0.347826,0.001953,-0.018102,-0.000000,-0.004604,0.017420,0.000000,0.010000,0
1790549830.2407,0.005144,-0.014343,-0.016508,0.012974,0.005144,0.000000,0.120000,0.000000,0.369565,0.001543,-0.018051,-0.000000,-0.004303,0.017277,0.000000,0.010000,0
1790549830.2575,0.003830,-0.013288,-0.016863,0.013158,0.003830,0.000000,0.120000,0.000000,0.391304,0.001149,-0.018012,-0.000000,-0.003986,0.017144,0.000000,0.010000,0
1790549830.2735,0.002627,-0.012159,-0.017198,0.013375,0.002627,0.000000,0.120000,0.000000,0.413043,0.000788,-0.017986,-0.000000,-0.003648,0.017023,0.000000,0.010000,0
1790549830.2901,0.001578,-0.010937,-0.017497,0.013632,0.001578,0.000000,0.120000,0.000000,0.434783,0.000473,-0.017970,-0.000000,-0.003281,0.016913,0.000000,0.010000,0
1790549830.3069,-0.001367,-0.007554,-0.018394,0.014571,-0.001367,0.000000,0.120000,0.000000,0.456522,-0.000410,-0.017984,-0.000000,-0.002266,0.016838,0.000000,0.010000,0
1790549830.3239,-0.002543,-0.006587,-0.018772,0.014796,-0.002543,0.000000,0.120000,0.000000,0.478261,-0.000763,-0.018010,-0.000000,-0.001976,0.016772,0.000000,0.010000,0
1790549830.3410,-0.003243,-0.005301,-0.019015,0.015128,-0.003243,0.000000,0.120000,0.000000,0.500000,-0.000973,-0.018042,-0.000000,-0.001590,0.016719,0.000000,0.010000,0
1790549830.3569,-0.003538,-0.003812,-0.019139,0.015537,-0.003538,0.000000,0.120000,0.000000,0.521739,-0.001062,-0.018077,-0.000000,-0.001144,0.016681,0.000000,0.010000,0
1790549830.3735,-0.003468,-0.002115,-0.019152,0.016025,-0.003468,0.000000,0.120000,0.000000,0.543478,-0.001040,-0.018112,0.000000,-0.000635,0.016659,0.000000,0.010000,0
1790549830.3910,-0.003053,-0.000198,-0.019058,0.016598,-0.003053,0.000000,0.120000,0.000000,0.565217,-0.000916,-0.018143,0.000000,-0.000059,0.016657,0.000000,0.010000,0
1790549830.4067,-0.002309,0.001954,-0.018858,0.017263,-0.002309,0.000000,0.120000,0.000000,0.586957,-0.000693,-0.018166,0.000000,0.000586,0.016677,0.000000,0.010000,0
1790549830.4235,-0.000910,0.004471,-0.018448,0.018063,-0.000910,0.000000,0.120000,0.000000,0.608696,-0.000273,-0.018175,0.000000,0.001341,0.016722,0.000000,0.010000,0
1790549830.4413,0.000830,0.007309,-0.017917,0.018987,0.000830,0.000000,0.120000,0.000000,0.630435,0.000249,-0.018166,0.000000,0.002193,0.016795,0.000000,0.010000,0
1790549830.4568,0.002749,0.010444,-0.017314,0.020033,0.002749,0.000000,0.120000,0.000000,0.652174,0.000825,-0.018139,0.000000,0.003133,0.016899,0.000000,0.010000,0
1790549830.4735,0.004929,0.013906,-0.016611,0.021210,0.004929,0.000000,0.120000,0.000000,0.673913,0.001479,-0.018090,0.000000,0.004172,0.017038,0.000000,0.010000,0
1790549830.4900,0.004559,0.009103,-0.016676,0.019860,0.004559,0.000000,0.120000,0.000000,0.695652,0.001368,-0.018044,-0.000000,0.002731,0.017129,-0.000000,0.010000,0
1790549830.5053,0.002866,0.003835,-0.017155,0.018318,0.002866,0.000000,0.120000,0.000000,0.717391,0.000860,-0.018015,-0.000000,0.001151,0.017168,-0.000000,0.010000,0
1790549830.5239,0.003892,0.002448,-0.016809,0.017926,0.003892,0.000000,0.120000,0.000000,0.739130,0.001167,-0.017976,0.000000,0.000734,0.017192,-0.000000,0.010000,0
1790549830.5410,0.004442,0.001649,-0.016600,0.017703,0.004442,0.000000,0.120000,0.000000,0.760870,0.001333,-0.017932,0.000000,0.000495,0.017209,-0.000000,0.010000,0
1790549830.5566,0.004558,0.001098,-0.016519,0.017549,0.004558,0.000000,0.120000,0.000000,0.782609,0.001367,-0.017886,0.000000,0.000329,0.017220,-0.000000,0.010000,0
1790549830.5734,0.004289,0.000756,-0.016557,0.017454,0.004289,0.000000,0.120000,0.000000,0.804348,0.001287,-0.017844,-0.000000,0.000227,0.017227,-0.000000,0.010000,0
1790549830.5886,0.003683,0.000614,-0.016702,0.017417,0.003683,0.000000,0.120000,0.000000,0.826087,0.001105,-0.017807,-0.000000,0.000184,0.017233,-0.000000,0.010000,0
1790549830.6070,0.002781,0.000661,-0.016945,0.017438,0.002781,0.000000,0.120000,0.000000,0.847826,0.000834,-0.017779,-0.000000,0.000198,0.017240,0.000000,0.010000,0
1790549830.6235,0.001617,0.000892,-0.017278,0.017516,0.001617,0.000000,0.120000,0.000000,0.869565,0.000485,-0.017763,-0.000000,0.000268,0.017249,0.000000,0.010000,0
1790549830.6410,0.000216,0.001301,-0.017696,0.017652,0.000216,0.000000,0.120000,0.000000,0.891304,0.000065,-0.017761,-0.000000,0.000390,0.017262,0.000000,0.010000,0
1790549830.6581,-0.001400,0.001882,-0.018195,0.017845,-0.001400,0.000000,0.120000,0.000000,0.913043,-0.000420,-0.017775,-0.000000,0.000565,0.017281,0.000000,0.010000,0
1790549830.6751,-0.003216,0.002631,-0.018772,0.018096,-0.003216,0.000000,0.120000,0.000000,0.934783,-0.000965,-0.017807,-0.000000,0.000789,0.017307,0.000000,0.010000,0
1790549830.6868,-0.005218,0.003539,-0.019424,0.018404,-0.005218,0.000000,0.120000,0.000000,0.956522,-0.001566,-0.017859,-0.000000,0.001062,0.017342,0.000000,0.010000,0
1790549830.6978,-0.008905,0.002216,-0.020619,0.018029,-0.008905,0.000000,0.120000,0.000000,0.978261,-0.002671,-0.017948,-0.000000,0.000665,0.017365,-0.000000,0.010000,0
1790549830.7158,-0.011234,0.003515,-0.021430,0.018454,-0.011234,0.000000,0.120000,0.000000,1.000000,-0.003370,-0.018060,-0.000000,0.001054,0.017400,0.000000,0.010000,0
1790549830.7277,-0.013663,0.005067,-0.022296,0.018970,-0.013663,0.000000,0.120000,0.000000,0.021739,-0.004099,-0.018197,-0.000000,0.001520,0.017450,0.000000,0.010000,0
1790549830.7378,-0.016187,0.006723,-0.023215,0.019534,-0.016187,0.000000,0.120000,0.000000,0.043478,-0.004856,-0.018359,-0.000000,0.002017,0.017518,0.000000,0.010000,0
1790549830.7487,-0.018811,0.008468,-0.024190,0.020143,-0.018811,0.000000,0.120000,0.000000,0.065217,-0.005643,-0.018547,-0.000000,0.002540,0.017602,0.000000,0.010000,0
1790549830.7590,-0.021535,0.010298,-0.025223,0.020795,-0.021535,0.000000,0.120000,0.000000,0.086957,-0.006460,-0.018762,-0.000000,0.003089,0.017705,0.000000,0.010000,0
1790549830.7708,-0.017957,0.006693,-0.024329,0.019780,-0.017957,0.000000,0.120000,0.000000,0.108696,-0.005387,-0.018942,0.000000,0.002008,0.017772,-0.000000,0.010000,0
1790549830.7818,-0.012297,0.002544,-0.022754,0.018561,-0.012297,0.000000,0.120000,0.000000,0.130435,-0.003689,-0.019065,0.000000,0.000763,0.017798,-0.000000,0.010000,0
1790549830.7931,-0.007902,-0.002303,-0.021514,0.017084,-0.007902,0.000000,0.120000,0.000000,0.152174,-0.002370,-0.019144,0.000000,-0.000691,0.017775,-0.000000,0.010000,0
1790549830.8068,-0.002900,-0.008273,-0.020043,0.015210,-0.002900,0.000000,0.120000,0.000000,0.173913,-0.000870,-0.019173,0.000000,-0.002482,0.017692,-0.000000,0.010000,0
1790549830.8178,0.002947,-0.015347,-0.018259,0.012934,0.002947,0.000000,0.120000,0.000000,0.195652,0.000884,-0.019143,0.000000,-0.004604,0.017538,-0.000000,0.010000,0
1790549830.8280,0.009709,-0.023223,-0.016134,0.010339,0.009709,0.000000,0.120000,0.000000,0.217391,0.002913,-0.019046,0.000000,-0.006967,0.017306,-0.000000,0.010000,0
1790549830.8393,0.012054,-0.020645,-0.015310,0.010906,0.012054,0.000000,0.120000,0.000000,0.239130,0.003616,-0.018926,0.000000,-0.006193,0.017100,0.000000,0.010000,0
1790549830.8586,0.012675,-0.018979,-0.014997,0.011216,0.012675,0.000000,0.120000,0.000000,0.260870,0.003802,-0.018799,0.000000,-0.005694,0.016910,0.000000,0.010000,0
1790549830.8754,0.012577,-0.017365,-0.014900,0.011527,0.012577,0.000000,0.120000,0.000000,0.282609,0.003773,-0.018673,-0.000000,-0.005209,0.016736,0.000000,0.010000,0
1790549830.8908,0.012035,-0.015787,-0.014942,0.011842,0.012035,0.000000,0.120000,0.000000,0.304348,0.003611,-0.018553,-0.000000,-0.004736,0.016578,0.000000,0.010000,0
1790549830.9084,0.011237,-0.014231,-0.015069,0.012167,0.011237,0.000000,0.120000,0.000000,0.326087,0.003371,-0.018441,-0.000000,-0.004269,0.016436,0.000000,0.010000,0
1790549830.9244,0.010324,-0.012671,-0.015240,0.012508,0.010324,0.000000,0.120000,0.000000,0.347826,0.003097,-0.018337,-0.000000,-0.003801,0.016309,0.000000,0.010000,0
1790549830.9414,0.009405,-0.011080,-0.015422,0.012875,0.009405,0.000000,0.120000,0.000000,0.369565,0.002822,-0.018243,-0.000000,-0.003324,0.016199,0.000000,0.010000,0
1790549830.9581,0.008559,-0.009430,-0.015590,0.013275,0.008559,0.000000,0.120000,0.000000,0.391304,0.002568,-0.018158,-0.000000,-0.002829,0.016104,0.000000,0.010000,0
1790549830.9697,0.007846,-0.007697,-0.015725,0.013718,0.007846,0.000000,0.120000,0.000000,0.413043,0.002354,-0.018079,-0.000000,-0.002309,0.016027,0.000000,0.010000,0
1790549830.9924,0.007310,-0.005859,-0.015813,0.014211,0.007310,0.000000,0.120000,0.000000,0.434783,0.002193,-0.018006,-0.000000,-0.001758,0.015969,0.000000,0.010000,0
1790549831.0081,0.006985,-0.003891,-0.015841,0.014763,0.006985,0.000000,0.120000,0.000000,0.456522,0.002095,-0.017936,-0.000000,-0.001167,0.015930,0.000000,0.010000,0
1790549831.0239,0.004746,0.000347,-0.016465,0.016037,0.004746,0.000000,0.120000,0.000000,0.478261,0.001424,-0.017889,-0.000000,0.000104,0.015933,0.000000,0.010000,0
1790549831.0406,0.004387,0.002130,-0.016529,0.016594,0.004387,0.000000,0.120000,0.000000,0.500000,0.001316,-0.017845,-0.000000,0.000639,0.015955,0.000000,0.010000,0
1790549831.0572,0.004552,0.004276,-0.016434,0.017280,0.004552,0.000000,0.120000,0.000000,0.521739,0.001366,-0.017799,0.000000,0.001283,0.015997,0.000000,0.010000,0
1790549831.0742,0.005166,0.006668,-0.016198,0.018064,0.005166,0.000000,0.120000,0.000000,0.543478,0.001550,-0.017748,0.000000,0.002000,0.016064,0.000000,0.010000,0
1790549831.0908,0.006195,0.009313,-0.015827,0.018951,0.006195,0.000000,0.120000,0.000000,0.565217,0.001858,-0.017686,0.000000,0.002794,0.016157,0.000000,0.010000,0
1790549831.1064,0.007619,0.012226,-0.015324,0.019947,0.007619,0.000000,0.120000,0.000000,0.586957,0.002286,-0.017610,0.000000,0.003668,0.016279,0.000000,0.010000,0
1790549831.1243,0.009759,0.015542,-0.014584,0.021097,0.009759,0.000000,0.120000,0.000000,0.608696,0.002928,-0.017512,0.000000,0.004663,0.016435,0.000000,0.010000,0
1790549831.1403,0.012300,0.019216,-0.013699,0.022392,0.012300,0.000000,0.120000,0.000000,0.630435,0.003690,-0.017389,0.000000,0.005765,0.016627,0.000000,0.010000,0
1790549831.1581,0.013141,0.016500,-0.013315,0.021742,0.013141,0.000000,0.120000,0.000000,0.652174,0.003942,-0.017258,0.000000,0.004950,0.016792,-0.000000,0.010000,0
1790549831.1818,0.012525,0.013287,-0.013375,0.020911,0.012525,0.000000,0.120000,0.000000,0.673913,0.003758,-0.017132,-0.000000,0.003986,0.016925,-0.000000,0.010000,0
1790549831.1924,0.010238,0.009163,-0.013959,0.019765,0.010238,0.000000,0.120000,0.000000,0.695652,0.003071,-0.017030,-0.000000,0.002749,0.017016,-0.000000,0.010000,0
1790549831.2081,0.006268,0.004157,-0.015087,0.018305,0.006268,0.000000,0.120000,0.000000,0.717391,0.001881,-0.016967,-0.000000,0.001247,0.017058,-0.000000,0.010000,0
1790549831.2259,0.000639,-0.001558,-0.016769,0.016575,0.000639,0.000000,0.120000,0.000000,0.739130,0.000192,-0.016961,-0.000000,-0.000467,0.017042,-0.000000,0.010000,0
1790549831.2408,0.004364,0.002342,-0.015608,0.017768,0.004364,0.000000,0.120000,0.000000,0.760870,0.001309,-0.016917,0.000000,0.000703,0.017066,0.000000,0.010000,0
1790549831.2573,0.003592,0.002525,-0.015804,0.017849,0.003592,0.000000,0.120000,0.000000,0.782609,0.001078,-0.016881,-0.000000,0.000757,0.017091,0.000000,0.010000,0
1790549831.2739,0.002543,0.003126,-0.016093,0.018060,0.002543,0.000000,0.120000,0.000000,0.804348,0.000763,-0.016856,-0.000000,0.000938,0.017122,0.000000,0.010000,0
1790549831.2908,0.001176,0.003934,-0.016491,0.018342,0.001176,0.000000,0.120000,0.000000,0.826087,0.000353,-0.016844,-0.000000,0.001180,0.017162,0.000000,0.010000,0
1790549831.3073,-0.000498,0.004929,-0.016998,0.018690,-0.000498,0.000000,0.120000,0.000000,0.847826,-0.000149,-0.016849,-0.000000,0.001479,0.017211,0.000000,0.010000,0
1790549831.3238,-0.002456,0.006107,-0.017611,0.019104,-0.002456,0.000000,0.120000,0.000000,0.869565,-0.000737,-0.016874,-0.000000,0.001832,0.017272,0.000000,0.010000,0
1790549831.3408,-0.004677,0.007468,-0.018323,0.019587,-0.004677,0.000000,0.120000,0.000000,0.891304,-0.001403,-0.016920,-0.000000,0.002241,0.017347,0.000000,0.010000,0
1790549831.3574,-0.007142,0.009014,-0.019134,0.020141,-0.007142,0.000000,0.120000,0.000000,0.913043,-0.002142,-0.016992,-0.000000,0.002704,0.017437,0.000000,0.010000,0
1790549831.3741,-0.009839,0.010744,-0.020042,0.020768,-0.009839,0.000000,0.120000,0.000000,0.934783,-0.002952,-0.017090,-0.000000,0.003223,0.017544,0.000000,0.010000,0
1790549831.3907,-0.012757,0.012653,-0.021045,0.021467,-0.012757,0.000000,0.120000,0.000000,0.956522,-0.003827,-0.017218,-0.000000,0.003796,0.017671,0.000000,0.010000,0
1790549831.4074,-0.015886,0.014735,-0.022143,0.022239,-0.015886,0.000000,0.120000,0.000000,0.978261,-0.004766,-0.017377,-0.000000,0.004420,0.017818,0.000000,0.010000,0
1790549831.4244,-0.019215,0.016978,-0.023333,0.023082,-0.019215,0.000000,0.120000,0.000000,1.000000,-0.005764,-0.017569,-0.000000,0.005093,0.017988,0.000000,0.010000,0
1790549831.4393,-0.022730,0.019378,-0.024615,0.023995,-0.022730,0.000000,0.120000,0.000000,0.021739,-0.006819,-0.017796,-0.000000,0.005813,0.018182,0.000000,0.010000,0
1790549831.4573,-0.026424,0.021938,-0.025988,0.024982,-0.026424,0.000000,0.120000,0.000000,0.043478,-0.007927,-0.018060,-0.000000,0.006581,0.018401,0.000000,0.010000,0
1790549831.4740,-0.023024,0.018235,-0.025198,0.024054,-0.023024,0.000000,0.120000,0.000000,0.065217,-0.006907,-0.018291,0.000000,0.005471,0.018584,-0.000000,0.010000,0
1790549831.4907,-0.019704,0.014190,-0.024399,0.022983,-0.019704,0.000000,0.120000,0.000000,0.086957,-0.005911,-0.018488,0.000000,0.004257,0.018725,-0.000000,0.010000,0
1790549831.5070,-0.016370,0.009988,-0.023562,0.021822,-0.016370,0.000000,0.120000,0.000000,0.108696,-0.004911,-0.018651,0.000000,0.002996,0.018825,-0.000000,0.010000,0
1790549831.5240,-0.012869,0.005353,-0.022641,0.020485,-0.012869,0.000000,0.120000,0.000000,0.130435,-0.003861,-0.018780,0.000000,0.001606,0.018879,-0.000000,0.010000,0
1790549831.5409,-0.007357,-0.000216,-0.021061,0.018812,-0.007357,0.000000,0.120000,0.000000,0.152174,-0.002207,-0.018854,0.000000,-0.000065,0.018877,-0.000000,0.010000,0
1790549831.5574,-0.002430,-0.006741,-0.019607,0.016787,-0.002430,0.000000,0.120000,0.000000,0.173913,-0.000729,-0.018878,0.000000,-0.002022,0.018809,-0.000000,0.010000,0
1790549831.5739,0.003338,-0.014300,-0.017843,0.014376,0.003338,0.000000,0.120000,0.000000,0.195652,0.001001,-0.018845,0.000000,-0.004290,0.018666,-0.000000,0.010000,0
1790549831.5910,0.010052,-0.022624,-0.015728,0.011653,0.010052,0.000000,0.120000,0.000000,0.217391,0.003016,-0.018744,0.000000,-0.006787,0.018440,-0.000000,0.010000,0
1790549831.6069,0.012212,-0.020439,-0.014958,0.012104,0.012212,0.000000,0.120000,0.000000,0.239130,0.003664,-0.018622,0.000000,-0.006132,0.018236,0.000000,0.010000,0
1790549831.6247,0.012750,-0.018813,-0.014669,0.012404,0.012750,0.000000,0.120000,0.000000,0.260870,0.003825,-0.018494,0.000000,-0.005644,0.018048,0.000000,0.010000,0
1790549831.6410,0.012236,-0.017781,-0.014701,0.012535,0.012236,0.000000,0.120000,0.000000,0.282609,0.003671,-0.018372,-0.000000,-0.005334,0.017870,0.000000,0.010000,0
1790549831.6569,0.011220,-0.016780,-0.014894,0.012668,0.011220,0.000000,0.120000,0.000000,0.304348,0.003366,-0.018260,-0.000000,-0.005034,0.017702,0.000000,0.010000,0
1790549831.6740,0.009898,-0.015789,-0.015191,0.012807,0.009898,0.000000,0.120000,0.000000,0.326087,0.002969,-0.018161,-0.000000,-0.004737,0.017544,0.000000,0.010000,0
1790549831.6907,0.007222,-0.013074,-0.015922,0.013491,0.007222,0.000000,0.120000,0.000000,0.347826,0.002167,-0.018089,-0.000000,-0.003922,0.017413,0.000000,0.010000,0
1790549831.7072,0.005297,-0.012427,-0.016446,0.013561,0.005297,0.000000,0.120000,0.000000,0.369565,0.001589,-0.018036,-0.000000,-0.003728,0.017289,0.000000,0.010000,0
1790549831.7233,0.003610,-0.011595,-0.016917,0.013694,0.003610,0.000000,0.120000,0.000000,0.391304,0.001083,-0.018000,-0.000000,-0.003479,0.017173,0.000000,0.010000,0
1790549831.7414,0.002158,-0.010663,-0.017330,0.013868,0.002158,0.000000,0.120000,0.000000,0.413043,0.000648,-0.017978,-0.000000,-0.003199,0.017066,0.000000,0.010000,0
1790549831.7570,0.000952,-0.009618,-0.017683,0.014085,0.000952,0.000000,0.120000,0.000000,0.434783,0.000286,-0.017968,-0.000000,-0.002885,0.016970,0.000000,0.010000,0
1790549831.7739,0.000000,-0.008447,-0.017968,0.014352,0.000000,0.000000,0.120000,0.000000,0.456522,0.000000,-0.017968,-0.000000,-0.002534,0.016886,0.000000,0.010000,0
1790549831.7910,-0.000693,-0.007135,-0.018183,0.014674,-0.000693,0.000000,0.120000,0.000000,0.478261,-0.000208,-0.017975,-0.000000,-0.002140,0.016814,0.000000,0.010000,0
1790549831.8057,-0.001120,-0.005668,-0.018323,0.015057,-0.001120,0.000000,0.120000,0.000000,0.500000,-0.000336,-0.017987,-0.000000,-0.001700,0.016758,0.000000,0.010000,0
1790549831.8176,-0.001278,-0.004030,-0.018383,0.015508,-0.001278,0.000000,0.120000,0.000000,0.521739,-0.000383,-0.017999,-0.000000,-0.001209,0.016717,0.000000,0.010000,0
1790549831.8411,-0.001164,-0.002205,-0.018360,0.016034,-0.001164,0.000000,0.120000,0.000000,0.543478,-0.000349,-0.018011,0.000000,-0.000661,0.016695,0.000000,0.010000,0
1790549831.8573,-0.000772,-0.000175,-0.018250,0.016641,-0.000772,0.000000,0.120000,0.000000,0.565217,-0.000232,-0.018019,0.000000,-0.000052,0.016694,0.000000,0.010000,0
1790549831.8738,-0.000095,0.002076,-0.018048,0.017337,-0.000095,0.000000,0.120000,0.000000,0.586957,-0.000029,-0.018020,0.000000,0.000623,0.016714,0.000000,0.010000,0
1790549831.8909,0.001208,0.004682,-0.017645,0.018166,0.001208,0.000000,0.120000,0.000000,0.608696,0.000362,-0.018008,0.000000,0.001405,0.016761,0.000000,0.010000,0
1790549831.9074,0.002837,0.007598,-0.017128,0.019117,0.002837,0.000000,0.120000,0.000000,0.630435,0.000851,-0.017979,0.000000,0.002279,0.016837,0.000000,0.010000,0
1790549831.9237,0.004639,0.010805,-0.016541,0.020187,0.004639,0.000000,0.120000,0.000000,0.652174,0.001392,-0.017933,0.000000,0.003242,0.016945,0.000000,0.010000,0
1790549831.9408,0.006702,0.014332,-0.015855,0.021388,0.006702,0.000000,0.120000,0.000000,0.673913,0.002011,-0.017866,0.000000,0.004300,0.017089,0.000000,0.010000,0
1790549831.9573,0.006161,0.009517,-0.015956,0.020039,0.006161,0.000000,0.120000,0.000000,0.695652,0.001848,-0.017804,-0.000000,0.002855,0.017184,-0.000000,0.010000,0
1790549831.9735,0.004322,0.004238,-0.016464,0.018498,0.004322,0.000000,0.120000,0.000000,0.717391,0.001297,-0.017761,-0.000000,0.001271,0.017226,-0.000000,0.010000,0
1790549831.9908,0.005180,0.002844,-0.016155,0.018108,0.005180,0.000000,0.120000,0.000000,0.739130,0.001554,-0.017709,0.000000,0.000853,0.017255,-0.000000,0.010000,0
1790549832.0074,0.005555,0.002051,-0.015987,0.017891,0.005555,0.000000,0.120000,0.000000,0.760870,0.001667,-0.017654,0.000000,0.000615,0.017275,-0.000000,0.010000,0
1790549832.0238,0.005495,0.001514,-0.015950,0.017745,0.005495,0.000000,0.120000,0.000000,0.782609,0.001649,-0.017599,-0.000000,0.000454,0.017290,-0.000000,0.010000,0
1790549832.0414,0.005053,0.001196,-0.016032,0.017661,0.005053,0.000000,0.120000,0.000000,0.804348,0.001516,-0.017548,-0.000000,0.000359,0.017302,-0.000000,0.010000,0
1790549832.0572,0.004276,0.001083,-0.016223,0.017638,0.004276,0.000000,0.120000,0.000000,0.826087,0.001283,-0.017505,-0.000000,0.000325,0.017313,-0.000000,0.010000,0
1790549832.0733,0.003207,0.001168,-0.016511,0.017675,0.003207,0.000000,0.120000,0.000000,0.847826,0.000962,-0.017473,-0.000000,0.000351,0.017325,0.000000,0.010000,0
1790549832.0899,0.000383,-0.000990,-0.017354,0.017018,0.000383,0.000000,0.120000,0.000000,0.869565,0.000115,-0.017469,-0.000000,-0.000297,0.017315,-0.000000,0.010000,0
1790549832.1073,-0.001166,-0.000427,-0.017831,0.017182,-0.001166,0.000000,0.120000,0.000000,0.891304,-0.000350,-0.017481,-0.000000,-0.000128,0.017311,0.000000,0.010000,0
1790549832.1238,-0.002886,0.000460,-0.018376,0.017453,-0.002886,0.000000,0.120000,0.000000,0.913043,-0.000866,-0.017510,-0.000000,0.000138,0.017315,0.000000,0.010000,0
1790549832.1408,-0.004768,0.001506,-0.018988,0.017782,-0.004768,0.000000,0.120000,0.000000,0.934783,-0.001430,-0.017558,-0.000000,0.000452,0.017330,0.000000,0.010000,0
1790549832.1574,-0.006811,0.002691,-0.019669,0.018164,-0.006811,0.000000,0.120000,0.000000,0.956522,-0.002043,-0.017626,-0.000000,0.000807,0.017357,0.000000,0.010000,0
1790549832.1738,-0.009015,0.004005,-0.020420,0.018599,-0.009015,0.000000,0.120000,0.000000,0.978261,-0.002704,-0.017716,-0.000000,0.001201,0.017397,0.000000,0.010000,0
1790549832.1908,-0.011370,0.005435,-0.021241,0.019082,-0.011370,0.000000,0.120000,0.000000,1.000000,-0.003411,-0.017830,-0.000000,0.001630,0.017451,0.000000,0.010000,0
1790549832.2073,-0.013868,0.006973,-0.022129,0.019613,-0.013868,0.000000,0.120000,0.000000,0.021739,-0.004160,-0.017968,-0.000000,0.002092,0.017521,0.000000,0.010000,0
1790549832.2238,-0.016498,0.008621,-0.023083,0.020194,-0.016498,0.000000,0.120000,0.000000,0.043478,-0.004949,-0.018133,-0.000000,0.002586,0.017607,0.000000,0.010000,0
1790549832.2409,-0.019255,0.010373,-0.024102,0.020823,-0.019255,0.000000,0.120000,0.000000,0.065217,-0.005776,-0.018326,-0.000000,0.003112,0.017711,0.000000,0.010000,0
1790549832.2567,-0.022131,0.012227,-0.025187,0.021502,-0.022131,0.000000,0.120000,0.000000,0.086957,-0.006639,-0.018547,-0.000000,0.003668,0.017833,0.000000,0.010000,0
1790549832.2733,-0.018605,0.008535,-0.024315,0.020479,-0.018605,0.000000,0.120000,0.000000,0.108696,-0.005581,-0.018733,0.000000,0.002560,0.017919,-0.000000,0.010000,0
1790549832.2910,-0.013002,0.004295,-0.022764,0.019250,-0.013002,0.000000,0.120000,0.000000,0.130435,-0.003901,-0.018863,0.000000,0.001289,0.017962,-0.000000,0.010000,0
1790549832.3069,-0.008639,-0.000621,-0.021541,0.017769,-0.008639,0.000000,0.120000,0.000000,0.152174,-0.002592,-0.018950,0.000000,-0.000186,0.017956,-0.000000,0.010000,0
1790549832.3240,-0.003665,-0.006654,-0.020086,0.015893,-0.003665,0.000000,0.120000,0.000000,0.173913,-0.001100,-0.018986,0.000000,-0.001996,0.017889,-0.000000,0.010000,0
1790549832.3407,0.002191,-0.013758,-0.018307,0.013624,0.002191,0.000000,0.120000,0.000000,0.195652,0.000657,-0.018964,0.000000,-0.004127,0.017751,-0.000000,0.010000,0
1790549832.3575,0.008928,-0.021694,-0.016197,0.011026,0.008928,0.000000,0.120000,0.000000,0.217391,0.002678,-0.018875,0.000000,-0.006508,0.017534,-0.000000,0.010000,0
1790549832.3741,0.011213,-0.019334,-0.015399,0.011541,0.011213,0.000000,0.120000,0.000000,0.239130,0.003364,-0.018763,0.000000,-0.005800,0.017341,0.000000,0.010000,0
1790549832.3903,0.011781,-0.017900,-0.015111,0.011792,0.011781,0.000000,0.120000,0.000000,0.260870,0.003534,-0.018645,0.000000,-0.005370,0.017162,0.000000,0.010000,0
1790549832.4072,0.011705,-0.016431,-0.015016,0.012069,0.011705,0.000000,0.120000,0.000000,0.282609,0.003512,-0.018528,-0.000000,-0.004929,0.016998,0.000000,0.010000,0
1790549832.4233,0.011199,-0.014984,-0.015056,0.012353,0.011199,0.000000,0.120000,0.000000,0.304348,0.003360,-0.018416,-0.000000,-0.004495,0.016848,0.000000,0.010000,0
1790549832.4408,0.010442,-0.013547,-0.015179,0.012649,0.010442,0.000000,0.120000,0.000000,0.326087,0.003133,-0.018312,-0.000000,-0.004064,0.016712,0.000000,0.010000,0
1790549832.4568,0.009572,-0.012094,-0.015344,0.012963,0.009572,0.000000,0.120000,0.000000,0.347826,0.002872,-0.018216,-0.000000,-0.003628,0.016592,0.000000,0.010000,0
1790549832.4736,0.008694,-0.010600,-0.015521,0.013305,0.008694,0.000000,0.120000,0.000000,0.369565,0.002608,-0.018129,-0.000000,-0.003180,0.016486,0.000000,0.010000,0
1790549832.4908,0.007886,-0.009041,-0.015684,0.013683,0.007886,0.000000,0.120000,0.000000,0.391304,0.002366,-0.018050,-0.000000,-0.002712,0.016395,0.000000,0.010000,0
1790549832.5074,0.007205,-0.007392,-0.015817,0.014104,0.007205,0.000000,0.120000,0.000000,0.413043,0.002161,-0.017978,-0.000000,-0.002218,0.016321,0.000000,0.010000,0
1790549832.5240,0.006696,-0.005633,-0.015902,0.014575,0.006696,0.000000,0.120000,0.000000,0.434783,0.002009,-0.017911,-0.000000,-0.001690,0.016265,0.000000,0.010000,0
1790549832.5409,0.006394,-0.003744,-0.015929,0.015104,0.006394,0.000000,0.120000,0.000000,0.456522,0.001918,-0.017847,-0.000000,-0.001123,0.016227,0.000000,0.010000,0
1790549832.5570,0.006324,-0.001708,-0.015887,0.015698,0.006324,0.000000,0.120000,0.000000,0.478261,0.001897,-0.017784,-0.000000,-0.000513,0.016210,0.000000,0.010000,0
1790549832.5738,0.006498,0.000515,-0.015770,0.016370,0.006498,0.000000,0.120000,0.000000,0.500000,0.001949,-0.017719,0.000000,0.000155,0.016216,0.000000,0.010000,0
1790549832.5910,0.004839,0.005093,-0.016219,0.017794,0.004839,0.000000,0.120000,0.000000,0.521739,0.001452,-0.017671,-0.000000,0.001528,0.016266,0.000000,0.010000,0
1790549832.6066,0.005048,0.007203,-0.016106,0.018499,0.005048,0.000000,0.120000,0.000000,0.543478,0.001514,-0.017620,0.000000,0.002161,0.016338,0.000000,0.010000,0
1790549832.6240,0.005803,0.009723,-0.015821,0.019353,0.005803,0.000000,0.120000,0.000000,0.565217,0.001741,-0.017562,0.000000,0.002917,0.016436,0.000000,0.010000,0
1790549832.6410,0.007032,0.012530,-0.015382,0.020320,0.007032,0.000000,0.120000,0.000000,0.586957,0.002110,-0.017492,0.000000,0.003759,0.016561,0.000000,0.010000,0
1790549832.6562,0.009034,0.015747,-0.014691,0.021442,0.009034,0.000000,0.120000,0.000000,0.608696,0.002710,-0.017401,0.000000,0.004724,0.016718,0.000000,0.010000,0
1790549832.6735,0.011478,0.019327,-0.013843,0.022710,0.011478,0.000000,0.120000,0.000000,0.630435,0.003443,-0.017287,0.000000,0.005798,0.016912,0.000000,0.010000,0
1790549832.6909,0.012198,0.016606,-0.013505,0.022060,0.012198,0.000000,0.120000,0.000000,0.652174,0.003659,-0.017165,0.000000,0.004982,0.017078,-0.000000,0.010000,0
1790549832.7068,0.011462,0.013398,-0.013612,0.021231,0.011462,0.000000,0.120000,0.000000,0.673913,0.003439,-0.017050,-0.000000,0.004020,0.017212,-0.000000,0.010000,0
1790549832.7233,0.009055,0.009286,-0.014243,0.020090,0.009055,0.000000,0.120000,0.000000,0.695652,0.002716,-0.016960,-0.000000,0.002786,0.017305,-0.000000,0.010000,0
1790549832.7402,0.004964,0.004292,-0.015421,0.018635,0.004964,0.000000,0.120000,0.000000,0.717391,0.001489,-0.016910,-0.000000,0.001288,0.017348,-0.000000,0.010000,0
1790549832.7567,-0.000791,-0.001409,-0.017155,0.016911,-0.000791,0.000000,0.120000,0.000000,0.739130,-0.000237,-0.016918,-0.000000,-0.000423,0.017333,-0.000000,0.010000,0
1790549832.7736,0.002829,0.002779,-0.016041,0.018195,0.002829,0.000000,0.120000,0.000000,0.760870,0.000849,-0.016889,0.000000,0.000834,0.017361,0.000000,0.010000,0
1790549832.7909,0.001970,0.003121,-0.016279,0.018329,0.001970,0.000000,0.120000,0.000000,0.782609,0.000591,-0.016870,-0.000000,0.000936,0.017392,0.000000,0.010000,0
1790549832.8068,0.000837,0.003882,-0.016610,0.018596,0.000837,0.000000,0.120000,0.000000,0.804348,0.000251,-0.016861,-0.000000,0.001165,0.017431,0.000000,0.010000,0
1790549832.8239,-0.000615,0.004848,-0.017052,0.018934,-0.000615,0.000000,0.120000,0.000000,0.826087,-0.000185,-0.016868,-0.000000,0.001454,0.017480,0.000000,0.010000,0
1790549832.8409,-0.002378,0.006001,-0.017605,0.019340,-0.002378,0.000000,0.120000,0.000000,0.847826,-0.000713,-0.016891,-0.000000,0.001800,0.017540,0.000000,0.010000,0
1790549832.8573,-0.004428,0.007338,-0.018264,0.019814,-0.004428,0.000000,0.120000,0.000000,0.869565,-0.001328,-0.016936,-0.000000,0.002201,0.017613,0.000000,0.010000,0
1790549832.8733,-0.006747,0.008860,-0.019027,0.020360,-0.006747,0.000000,0.120000,0.000000,0.891304,-0.002024,-0.017003,-0.000000,0.002658,0.017702,0.000000,0.010000,0
1790549832.8909,-0.009317,0.010569,-0.019891,0.020978,-0.009317,0.000000,0.120000,0.000000,0.913043,-0.002795,-0.017096,-0.000000,0.003171,0.017807,0.000000,0.010000,0
1790549832.9066,-0.012128,0.012466,-0.020856,0.021672,-0.012128,0.000000,0.120000,0.000000,0.934783,-0.003638,-0.017218,-0.000000,0.003740,0.017932,0.000000,0.010000,0
1790549832.9239,-0.015170,0.014548,-0.021920,0.022442,-0.015170,0.000000,0.120000,0.000000,0.956522,-0.004551,-0.017369,-0.000000,0.004364,0.018078,0.000000,0.010000,0
1790549832.9409,-0.018432,0.016806,-0.023083,0.023288,-0.018432,0.000000,0.120000,0.000000,0.978261,-0.005530,-0.017554,-0.000000,0.005042,0.018246,0.000000,0.010000,0
1790549832.9568,-0.021904,0.019234,-0.024344,0.024208,-0.021904,0.000000,0.120000,0.000000,1.000000,-0.006571,-0.017773,-0.000000,0.005770,0.018438,0.000000,0.010000,0
1790549832.9739,-0.025575,0.021824,-0.025701,0.025204,-0.025575,0.000000,0.120000,0.000000,0.021739,-0.007672,-0.018028,-0.000000,0.006547,0.018656,0.000000,0.010000,0
1790549832.9909,-0.022085,0.018415,-0.024875,0.024365,-0.022085,0.000000,0.120000,0.000000,0.043478,-0.006625,-0.018249,0.000000,0.005524,0.018840,-0.000000,0.010000,0
1790549833.0066,-0.018777,0.014606,-0.024070,0.023368,-0.018777,0.000000,0.120000,0.000000,0.065217,-0.005633,-0.018437,0.000000,0.004382,0.018986,-0.000000,0.010000,0
1790549833.0235,-0.021469,0.015510,-0.025092,0.023795,-0.021469,0.000000,0.120000,0.000000,0.086957,-0.006441,-0.018652,-0.000000,0.004653,0.019142,0.000000,0.010000,0
1790549833.0408,-0.017880,0.011285,-0.024194,0.022640,-0.017880,0.000000,0.120000,0.000000,0.108696,-0.005364,-0.018830,0.000000,0.003385,0.019254,-0.000000,0.010000,0
1790549833.0580,-0.014176,0.006625,-0.023225,0.021308,-0.014176,0.000000,0.120000,0.000000,0.130435,-0.004253,-0.018972,0.000000,0.001988,0.019321,-0.000000,0.010000,0
1790549833.0739,-0.008369,0.001011,-0.021567,0.019634,-0.008369,0.000000,0.120000,0.000000,0.152174,-0.002511,-0.019056,0.000000,0.000303,0.019331,-0.000000,0.010000,0
1790549833.0909,-0.003288,-0.005546,-0.020075,0.017612,-0.003288,0.000000,0.120000,0.000000,0.173913,-0.000986,-0.019089,0.000000,-0.001664,0.019275,-0.000000,0.010000,0
1790549833.1068,0.002604,-0.013140,-0.018282,0.015202,0.002604,0.000000,0.120000,0.000000,0.195652,0.000781,-0.019063,0.000000,-0.003942,0.019144,-0.000000,0.010000,0
1790549833.1233,0.009419,-0.021506,-0.016143,0.012477,0.009419,0.000000,0.120000,0.000000,0.217391,0.002826,-0.018969,0.000000,-0.006452,0.018929,-0.000000,0.010000,0
1790549833.1409,0.011591,-0.019494,-0.015375,0.012886,0.011591,0.000000,0.120000,0.000000,0.239130,0.003477,-0.018853,0.000000,-0.005848,0.018734,0.000000,0.010000,0
1790549833.1569,0.012145,-0.018051,-0.015088,0.013138,0.012145,0.000000,0.120000,0.000000,0.260870,0.003643,-0.018731,0.000000,-0.005415,0.018553,0.000000,0.010000,0
1790549833.1732,0.011677,-0.017148,-0.015111,0.013237,0.011677,0.000000,0.120000,0.000000,0.282609,0.003503,-0.018614,-0.000000,-0.005144,0.018382,0.000000,0.010000,0
1790549833.1906,0.010715,-0.016262,-0.015293,0.013341,0.010715,0.000000,0.120000,0.000000,0.304348,0.003215,-0.018507,-0.000000,-0.004879,0.018219,0.000000,0.010000,0
1790549833.2073,0.009455,-0.015385,-0.015576,0.013450,0.009455,0.000000,0.120000,0.000000,0.326087,0.002836,-0.018413,-0.000000,-0.004615,0.018065,0.000000,0.010000,0
1790549833.2240,0.008046,-0.014497,-0.015919,0.013571,0.008046,0.000000,0.120000,0.000000,0.347826,0.002414,-0.018332,-0.000000,-0.004349,0.017920,0.000000,0.010000,0
1790549833.2408,0.006600,-0.013576,-0.016286,0.013712,0.006600,0.000000,0.120000,0.000000,0.369565,0.001980,-0.018266,-0.000000,-0.004073,0.017785,0.000000,0.010000,0
1790549833.2574,0.005200,-0.012600,-0.016654,0.013879,0.005200,0.000000,0.120000,0.000000,0.391304,0.001560,-0.018214,-0.000000,-0.003780,0.017659,0.000000,0.010000,0
1790549833.2733,0.003909,-0.011546,-0.017003,0.014079,0.003909,0.000000,0.120000,0.000000,0.413043,0.001173,-0.018175,-0.000000,-0.003464,0.017543,0.000000,0.010000,0
1790549833.2909,0.002771,-0.010396,-0.017316,0.014320,0.002771,0.000000,0.120000,0.000000,0.434783,0.000831,-0.018147,-0.000000,-0.003119,0.017439,0.000000,0.010000,0
1790549833.3068,0.001822,-0.009134,-0.017583,0.014608,0.001822,0.000000,0.120000,0.000000,0.456522,0.000546,-0.018129,-0.000000,-0.002740,0.017348,0.000000,0.010000,0
1790549833.3237,0.001086,-0.007743,-0.017793,0.014947,0.001086,0.000000,0.120000,0.000000,0.478261,0.000326,-0.018118,-0.000000,-0.002323,0.017271,0.000000,0.010000,0
1790549833.3406,-0.001523,-0.004116,-0.018591,0.015994,-0.001523,0.000000,0.120000,0.000000,0.500000,-0.000457,-0.018134,-0.000000,-0.001235,0.017229,0.000000,0.010000,0
1790549833.3575,-0.002305,-0.002900,-0.018848,0.016330,-0.002305,0.000000,0.120000,0.000000,0.521739,-0.000692,-0.018157,-0.000000,-0.000870,0.017200,0.000000,0.010000,0
1790549833.3739,-0.002584,-0.001324,-0.018958,0.016790,-0.002584,0.000000,0.120000,0.000000,0.543478,-0.000775,-0.018183,-0.000000,-0.000397,0.017187,0.000000,0.010000,0
1790549833.3899,-0.002434,0.000489,-0.018937,0.017339,-0.002434,0.000000,0.120000,0.000000,0.565217,-0.000730,-0.018207,0.000000,0.000147,0.017192,0.000000,0.010000,0
1790549833.4058,-0.001891,0.002545,-0.018793,0.017981,-0.001891,0.000000,0.120000,0.000000,0.586957,-0.000567,-0.018226,0.000000,0.000763,0.017217,0.000000,0.010000,0
1790549833.4247,-0.000646,0.004971,-0.018426,0.018759,-0.000646,0.000000,0.120000,0.000000,0.608696,-0.000194,-0.018232,0.000000,0.001491,0.017267,0.000000,0.010000,0
1790549833.4396,0.000978,0.007722,-0.017929,0.019661,0.000978,0.000000,0.120000,0.000000,0.630435,0.000293,-0.018222,0.000000,0.002317,0.017344,0.000000,0.010000,0
1790549833.4568,0.002807,0.010777,-0.017352,0.020685,0.002807,0.000000,0.120000,0.000000,0.652174,0.000842,-0.018194,0.000000,0.003233,0.017452,0.000000,0.010000,0
1790549833.4738,0.004918,0.014162,-0.016670,0.021842,0.004918,0.000000,0.120000,0.000000,0.673913,0.001475,-0.018145,0.000000,0.004249,0.017594,0.000000,0.010000,0
1790549833.4908,0.004413,0.009334,-0.016777,0.020487,0.004413,0.000000,0.120000,0.000000,0.695652,0.001324,-0.018101,-0.000000,0.002800,0.017687,-0.000000,0.010000,0
1790549833.5073,0.002597,0.004043,-0.017296,0.018941,0.002597,0.000000,0.120000,0.000000,0.717391,0.000779,-0.018075,-0.000000,0.001213,0.017728,-0.000000,0.010000,0
1790549833.5237,0.003555,0.002695,-0.016973,0.018563,0.003555,0.000000,0.120000,0.000000,0.739130,0.001067,-0.018040,0.000000,0.000809,0.017755,-0.000000,0.010000,0
1790549833.5409,0.004035,0.001948,-0.016789,0.018358,0.004035,0.000000,0.120000,0.000000,0.760870,0.001211,-0.017999,0.000000,0.000584,0.017774,-0.000000,0.010000,0
1790549833.5568,0.004083,0.001450,-0.016734,0.018223,0.004083,0.000000,0.120000,0.000000,0.782609,0.001225,-0.017958,0.000000,0.000435,0.017789,-0.000000,0.010000,0
1790549833.5733,0.003747,0.001162,-0.016797,0.018149,0.003747,0.000000,0.120000,0.000000,0.804348,0.001124,-0.017921,-0.000000,0.000349,0.017800,-0.000000,0.010000,0
1790549833.5910,0.003075,0.001075,-0.016968,0.018133,0.003075,0.000000,0.120000,0.000000,0.826087,0.000923,-0.017890,-0.000000,0.000323,0.017811,-0.000000,0.010000,0
1790549833.6067,0.002107,0.001180,-0.017237,0.018177,0.002107,0.000000,0.120000,0.000000,0.847826,0.000632,-0.017869,-0.000000,0.000354,0.017823,0.000000,0.010000,0
1790549833.6232,0.000876,0.001470,-0.017598,0.018279,0.000876,0.000000,0.120000,0.000000,0.869565,0.000263,-0.017860,-0.000000,0.000441,0.017837,0.000000,0.010000,0
1790549833.6406,-0.000594,0.001941,-0.018044,0.018439,-0.000594,0.000000,0.120000,0.000000,0.891304,-0.000178,-0.017866,-0.000000,0.000582,0.017857,0.000000,0.010000,0
1790549833.6575,-0.002281,0.002588,-0.018573,0.018659,-0.002281,0.000000,0.120000,0.000000,0.913043,-0.000684,-0.017889,-0.000000,0.000776,0.017883,0.000000,0.010000,0
1790549833.6739,-0.004170,0.003406,-0.019182,0.018938,-0.004170,0.000000,0.120000,0.000000,0.934783,-0.001251,-0.017931,-0.000000,0.001022,0.017917,0.000000,0.010000,0
1790549833.6909,-0.006249,0.004385,-0.019868,0.019276,-0.006249,0.000000,0.120000,0.000000,0.956522,-0.001875,-0.017993,-0.000000,0.001315,0.017961,0.000000,0.010000,0
1790549833.7068,-0.008511,0.005504,-0.020632,0.019667,-0.008511,0.000000,0.120000,0.000000,0.978261,-0.002553,-0.018078,-0.000000,0.001651,0.018016,0.000000,0.010000,0
1790549833.7238,-0.012473,0.004400,-0.021945,0.019380,-0.012473,0.000000,0.120000,0.000000,1.000000,-0.003742,-0.018203,-0.000000,0.001320,0.018060,-0.000000,0.010000,0
1790549833.7407,-0.015028,0.005899,-0.022862,0.019888,-0.015028,0.000000,0.120000,0.000000,0.021739,-0.004509,-0.018353,-0.000000,0.001770,0.018119,0.000000,0.010000,0
1790549833.7575,-0.017678,0.007661,-0.023834,0.020494,-0.017678,0.000000,0.120000,0.000000,0.043478,-0.005304,-0.018530,-0.000000,0.002298,0.018195,0.000000,0.010000,0
1790549833.7741,-0.020418,0.009525,-0.024860,0.021148,-0.020418,0.000000,0.120000,0.000000,0.065217,-0.006125,-0.018734,-0.000000,0.002858,0.018290,0.000000,0.010000,0
1790549833.7909,-0.016838,0.006067,-0.023954,0.020171,-0.016838,0.000000,0.120000,0.000000,0.086957,-0.005052,-0.018903,0.000000,0.001820,0.018351,-0.000000,0.010000,0
1790549833.8072,-0.013313,0.002413,-0.023030,0.019099,-0.013313,0.000000,0.120000,0.000000,0.108696,-0.003994,-0.019036,0.000000,0.000724,0.018375,-0.000000,0.010000,0
1790549833.8238,-0.007472,-0.001776,-0.021352,0.017825,-0.007472,0.000000,0.120000,0.000000,0.130435,-0.002242,-0.019111,0.000000,-0.000533,0.018358,-0.000000,0.010000,0
1790549833.8409,-0.007834,-0.002824,-0.021539,0.017482,-0.007834,0.000000,0.120000,0.000000,0.152174,-0.002350,-0.019189,-0.000000,-0.000847,0.018329,-0.000000,0.010000,0
1790549833.8573,-0.002823,-0.008834,-0.020064,0.015591,-0.002823,0.000000,0.120000,0.000000,0.173913,-0.000847,-0.019217,0.000000,-0.002650,0.018241,-0.000000,0.010000,0
1790549833.8735,0.003030,-0.015932,-0.018278,0.013302,0.003030,0.000000,0.120000,0.000000,0.195652,0.000909,-0.019187,0.000000,-0.004780,0.018082,-0.000000,0.010000,0
1790549833.8907,0.009806,-0.023823,-0.016147,0.010697,0.009806,0.000000,0.120000,0.000000,0.217391,0.002942,-0.019089,0.000000,-0.007147,0.017843,-0.000000,0.010000,0
1790549833.9073,0.012186,-0.021202,-0.015311,0.011271,0.012186,0.000000,0.120000,0.000000,0.239130,0.003656,-0.018967,0.000000,-0.006361,0.017631,0.000000,0.010000,0
1790549833.9241,0.012819,-0.019504,-0.014993,0.011585,0.012819,0.000000,0.120000,0.000000,0.260870,0.003846,-0.018839,0.000000,-0.005851,0.017436,0.000000,0.010000,0
1790549833.9407,0.012802,-0.017783,-0.014870,0.011924,0.012802,0.000000,0.120000,0.000000,0.282609,0.003841,-0.018711,-0.000000,-0.005335,0.017259,0.000000,0.010000,0
1790549833.9575,0.012352,-0.016094,-0.014882,0.012269,0.012352,0.000000,0.120000,0.000000,0.304348,0.003706,-0.018587,-0.000000,-0.004828,0.017098,0.000000,0.010000,0
1790549833.9737,0.011654,-0.014421,-0.014974,0.012627,0.011654,0.000000,0.120000,0.000000,0.326087,0.003496,-0.018471,-0.000000,-0.004326,0.016953,0.000000,0.010000,0
1790549833.9907,0.010850,-0.012740,-0.015107,0.013004,0.010850,0.000000,0.120000,0.000000,0.347826,0.003255,-0.018362,-0.000000,-0.003822,0.016826,0.000000,0.010000,0
1790549834.0068,0.010045,-0.011024,-0.015248,0.013408,0.010045,0.000000,0.120000,0.000000,0.369565,0.003014,-0.018262,-0.000000,-0.003307,0.016716,0.000000,0.010000,0
1790549834.0238,0.009319,-0.009247,-0.015373,0.013849,0.009319,0.000000,0.120000,0.000000,0.391304,0.002796,-0.018168,-0.000000,-0.002774,0.016623,0.000000,0.010000,0
1790549834.0407,0.008731,-0.007382,-0.015462,0.014335,0.008731,0.000000,0.120000,0.000000,0.413043,0.002619,-0.018081,-0.000000,-0.002215,0.016549,0.000000,0.010000,0
1790549834.0572,0.008325,-0.005409,-0.015500,0.014873,0.008325,0.000000,0.120000,0.000000,0.434783,0.002497,-0.017998,-0.000000,-0.001623,0.016495,0.000000,0.010000,0
1790549834.0741,0.008136,-0.003307,-0.015476,0.015470,0.008136,0.000000,0.120000,0.000000,0.456522,0.002441,-0.017917,-0.000000,-0.000992,0.016462,0.000000,0.010000,0
1790549834.0907,0.008191,-0.001058,-0.015377,0.016134,0.008191,0.000000,0.120000,0.000000,0.478261,0.002457,-0.017835,0.000000,-0.000317,0.016452,0.000000,0.010000,0
1790549834.1072,0.008512,0.001357,-0.015196,0.016872,0.008512,0.000000,0.120000,0.000000,0.500000,0.002554,-0.017750,0.000000,0.000407,0.016465,0.000000,0.010000,0
1790549834.1238,0.009118,0.003960,-0.014923,0.017693,0.009118,0.000000,0.120000,0.000000,0.521739,0.002735,-0.017658,0.000000,0.001188,0.016505,0.000000,0.010000,0
1790549834.1407,0.010020,0.006770,-0.014552,0.018604,0.010020,0.000000,0.120000,0.000000,0.543478,0.003006,-0.017558,0.000000,0.002031,0.016573,0.000000,0.010000,0
1790549834.1572,0.011234,0.009811,-0.014076,0.019614,0.011234,0.000000,0.120000,0.000000,0.565217,0.003370,-0.017446,0.000000,0.002943,0.016671,0.000000,0.010000,0
1790549834.1738,0.012775,0.013103,-0.013485,0.020733,0.012775,0.000000,0.120000,0.000000,0.586957,0.003833,-0.017318,0.000000,0.003931,0.016802,0.000000,0.010000,0
1790549834.1909,0.014991,0.016784,-0.012671,0.022005,0.014991,0.000000,0.120000,0.000000,0.608696,0.004497,-0.017168,0.000000,0.005035,0.016970,0.000000,0.010000,0
1790549834.2069,0.017587,0.020814,-0.011716,0.023422,0.017587,0.000000,0.120000,0.000000,0.630435,0.005276,-0.016992,0.000000,0.006244,0.017178,0.000000,0.010000,0
1790549834.2238,0.018306,0.018012,-0.011317,0.022761,0.018306,0.000000,0.120000,0.000000,0.652174,0.005492,-0.016809,0.000000,0.005404,0.017358,-0.000000,0.010000,0
1790549834.2414,0.017662,0.014715,-0.011334,0.021919,0.017662,0.000000,0.120000,0.000000,0.673913,0.005299,-0.016633,-0.000000,0.004414,0.017505,-0.000000,0.010000,0
1790549834.2573,0.015397,0.010503,-0.011859,0.020761,0.015397,0.000000,0.120000,0.000000,0.695652,0.004619,-0.016479,-0.000000,0.003151,0.017610,-0.000000,0.010000,0
1790549834.2739,0.011486,0.005407,-0.012918,0.019286,0.011486,0.000000,0.120000,0.000000,0.717391,0.003446,-0.016364,-0.000000,0.001622,0.017664,-0.000000,0.010000,0
1790549834.2909,0.005938,-0.000397,-0.014523,0.017541,0.005938,0.000000,0.120000,0.000000,0.739130,0.001781,-0.016304,-0.000000,-0.000119,0.017660,-0.000000,0.010000,0
1790549834.3068,0.004625,-0.000327,-0.014871,0.017559,0.004625,0.000000,0.120000,0.000000,0.760870,0.001387,-0.016258,-0.000000,-0.000098,0.017657,0.000000,0.010000,0
1790549834.3232,0.003211,0.000377,-0.015263,0.017774,0.003211,0.000000,0.120000,0.000000,0.782609,0.000963,-0.016226,-0.000000,0.000113,0.017661,0.000000,0.010000,0
1790549834.3407,0.001616,0.001309,-0.015725,0.018066,0.001616,0.000000,0.120000,0.000000,0.804348,0.000485,-0.016210,-0.000000,0.000393,0.017674,0.000000,0.010000,0
1790549834.3574,-0.000177,0.002419,-0.016265,0.018424,-0.000177,0.000000,0.120000,0.000000,0.826087,-0.000053,-0.016212,-0.000000,0.000726,0.017698,0.000000,0.010000,0
1790549834.3739,-0.002173,0.003701,-0.016885,0.018845,-0.002173,0.000000,0.120000,0.000000,0.847826,-0.000652,-0.016233,-0.000000,0.001110,0.017735,0.000000,0.010000,0
1790549834.3909,-0.004369,0.005152,-0.017588,0.019332,-0.004369,0.000000,0.120000,0.000000,0.869565,-0.001311,-0.016277,-0.000000,0.001546,0.017786,0.000000,0.010000,0
1790549834.4068,-0.006765,0.006772,-0.018374,0.019886,-0.006765,0.000000,0.120000,0.000000,0.891304,-0.002029,-0.016345,-0.000000,0.002032,0.017854,0.000000,0.010000,0
1790549834.4238,-0.009360,0.008564,-0.019246,0.020509,-0.009360,0.000000,0.120000,0.000000,0.913043,-0.002808,-0.016438,-0.000000,0.002569,0.017940,0.000000,0.010000,0
1790549834.4410,-0.012155,0.010528,-0.020206,0.021203,-0.012155,0.000000,0.120000,0.000000,0.934783,-0.003646,-0.016560,-0.000000,0.003158,0.018045,0.000000,0.010000,0
1790549834.4567,-0.013140,0.014633,-0.020633,0.022581,-0.013140,0.000000,0.120000,0.000000,0.956522,-0.003942,-0.016691,-0.000000,0.004390,0.018191,0.000000,0.010000,0
1790549834.4730,-0.015847,0.016451,-0.021604,0.023291,-0.015847,0.000000,0.120000,0.000000,0.978261,-0.004754,-0.016850,-0.000000,0.004935,0.018356,0.000000,0.010000,0
1790549834.4910,-0.018952,0.018585,-0.022725,0.024117,-0.018952,0.000000,0.120000,0.000000,1.000000,-0.005686,-0.017039,-0.000000,0.005575,0.018542,0.000000,0.010000,0
1790549834.5069,-0.022379,0.020905,-0.023977,0.025022,-0.022379,0.000000,0.120000,0.000000,0.021739,-0.006714,-0.017263,-0.000000,0.006271,0.018751,0.000000,0.010000,0
1790549834.5241,-0.026085,0.023407,-0.025349,0.026007,-0.026085,0.000000,0.120000,0.000000,0.043478,-0.007826,-0.017524,-0.000000,0.007022,0.018985,0.000000,0.010000,0
1790549834.5409,-0.022709,0.019684,-0.024564,0.025087,-0.022709,0.000000,0.120000,0.000000,0.065217,-0.006813,-0.017751,0.000000,0.005905,0.019182,-0.000000,0.010000,0
1790549834.5568,-0.019414,0.015620,-0.023769,0.024024,-0.019414,0.000000,0.120000,0.000000,0.086957,-0.005824,-0.017945,0.000000,0.004686,0.019338,-0.000000,0.010000,0
1790549834.5739,-0.016106,0.011389,-0.022938,0.022868,-0.016106,0.000000,0.120000,0.000000,0.108696,-0.004832,-0.018106,0.000000,0.003417,0.019452,-0.000000,0.010000,0
1790549834.5911,-0.012637,0.006718,-0.022024,0.021534,-0.012637,0.000000,0.120000,0.000000,0.130435,-0.003791,-0.018233,0.000000,0.002015,0.019519,-0.000000,0.010000,0
1790549834.6070,-0.008708,0.001185,-0.020932,0.019886,-0.008708,0.000000,0.120000,0.000000,0.152174,-0.002612,-0.018320,0.000000,0.000355,0.019531,-0.000000,0.010000,0
1790549834.6236,-0.004028,-0.005453,-0.019568,0.017840,-0.004028,0.000000,0.120000,0.000000,0.173913,-0.001208,-0.018360,0.000000,-0.001636,0.019476,-0.000000,0.010000,0
1790549834.6407,0.001578,-0.013136,-0.017871,0.015404,0.001578,0.000000,0.120000,0.000000,0.195652,0.000473,-0.018344,0.000000,-0.003941,0.019345,-0.000000,0.010000,0
1790549834.6574,0.008193,-0.021574,-0.015804,0.012657,0.008193,0.000000,0.120000,0.000000,0.217391,0.002458,-0.018262,0.000000,-0.006472,0.019129,-0.000000,0.010000,0
1790549834.6739,0.009978,-0.019954,-0.015169,0.012944,0.009978,0.000000,0.120000,0.000000,0.239130,0.002993,-0.018162,0.000000,-0.005986,0.018930,0.000000,0.010000,0
1790549834.6909,0.010133,-0.018958,-0.015021,0.013053,0.010133,0.000000,0.120000,0.000000,0.260870,0.003040,-0.018061,0.000000,-0.005687,0.018740,0.000000,0.010000,0
1790549834.7080,0.009381,-0.018345,-0.015153,0.013053,0.009381,0.000000,0.120000,0.000000,0.282609,0.002814,-0.017967,-0.000000,-0.005503,0.018557,0.000000,0.010000,0
1790549834.7238,0.008152,-0.017749,-0.015440,0.013054,0.008152,0.000000,0.120000,0.000000,0.304348,0.002445,-0.017886,-0.000000,-0.005325,0.018379,0.000000,0.010000,0
1790549834.7408,0.006632,-0.017164,-0.015830,0.013058,0.006632,0.000000,0.120000,0.000000,0.326087,0.001989,-0.017819,-0.000000,-0.005149,0.018207,0.000000,0.010000,0
1790549834.7573,0.004965,-0.016573,-0.016280,0.013070,0.004965,0.000000,0.120000,0.000000,0.347826,0.001489,-0.017770,-0.000000,-0.004972,0.018042,0.000000,0.010000,0
1790549834.7738,0.001737,-0.014069,-0.017231,0.013680,0.001737,0.000000,0.120000,0.000000,0.369565,0.000521,-0.017752,-0.000000,-0.004221,0.017901,0.000000,0.010000,0
1790549834.7899,-0.000381,-0.013815,-0.017870,0.013618,-0.000381,0.000000,0.120000,0.000000,0.391304,-0.000114,-0.017756,-0.000000,-0.004144,0.017763,0.000000,0.010000,0
1790549834.8070,-0.002192,-0.013340,-0.018436,0.013628,-0.002192,0.000000,0.120000,0.000000,0.413043,-0.000658,-0.017778,-0.000000,-0.004002,0.017629,0.000000,0.010000,0
1790549834.8234,-0.003729,-0.012745,-0.018934,0.013679,-0.003729,0.000000,0.120000,0.000000,0.434783,-0.001119,-0.017815,-0.000000,-0.003824,0.017502,0.000000,0.010000,0
1790549834.8407,-0.004998,-0.012026,-0.019365,0.013774,-0.004998,0.000000,0.120000,0.000000,0.456522,-0.001499,-0.017865,-0.000000,-0.003608,0.017382,0.000000,0.010000,0
1790549834.8572,-0.006005,-0.011172,-0.019727,0.013918,-0.006005,0.000000,0.120000,0.000000,0.478261,-0.001801,-0.017925,-0.000000,-0.003352,0.017270,0.000000,0.010000,0
1790549834.8738,-0.006754,-0.010172,-0.020019,0.014117,-0.006754,0.000000,0.120000,0.000000,0.500000,-0.002026,-0.017993,-0.000000,-0.003051,0.017168,0.000000,0.010000,0
1790549834.8907,-0.007247,-0.009011,-0.020240,0.014375,-0.007247,0.000000,0.120000,0.000000,0.521739,-0.002174,-0.018065,-0.000000,-0.002703,0.017078,0.000000,0.010000,0
1790549834.9068,-0.007488,-0.007676,-0.020387,0.014699,-0.007488,0.000000,0.120000,0.000000,0.543478,-0.002246,-0.018140,-0.000000,-0.002303,0.017001,0.000000,0.010000,0
1790549834.9231,-0.007475,-0.006154,-0.020458,0.015094,-0.007475,0.000000,0.120000,0.000000,0.565217,-0.002243,-0.018215,0.000000,-0.001846,0.016940,0.000000,0.010000,0
1790549834.9407,-0.007204,-0.004428,-0.020448,0.015567,-0.007204,0.000000,0.120000,0.000000,0.586957,-0.002161,-0.018287,0.000000,-0.001328,0.016896,0.000000,0.010000,0
1790549834.9572,-0.006338,-0.002369,-0.020252,0.016161,-0.006338,0.000000,0.120000,0.000000,0.608696,-0.001901,-0.018351,0.000000,-0.000711,0.016872,0.000000,0.010000,0
1790549834.9738,-0.005179,-0.000023,-0.019956,0.016865,-0.005179,0.000000,0.120000,0.000000,0.630435,-0.001554,-0.018402,0.000000,-0.000007,0.016872,0.000000,0.010000,0
1790549834.9907,-0.003882,0.002589,-0.019606,0.017674,-0.003882,0.000000,0.120000,0.000000,0.652174,-0.001165,-0.018441,0.000000,0.000777,0.016898,0.000000,0.010000,0
1790549835.0072,-0.002363,0.005491,-0.019174,0.018600,-0.002363,0.000000,0.120000,0.000000,0.673913,-0.000709,-0.018465,0.000000,0.001647,0.016953,0.000000,0.010000,0
1790549835.0238,-0.000318,0.008773,-0.018563,0.019672,-0.000318,0.000000,0.120000,0.000000,0.695652,-0.000095,-0.018468,0.000000,0.002632,0.017040,0.000000,0.010000,0
1790549835.0408,0.003386,0.004900,-0.017418,0.018559,0.003386,0.000000,0.120000,0.000000,0.717391,0.001016,-0.018434,0.000000,0.001470,0.017089,-0.000000,0.010000,0
1790549835.0572,0.003999,-0.000185,-0.017194,0.017032,0.003999,0.000000,0.120000,0.000000,0.739130,0.001200,-0.018394,0.000000,-0.000055,0.017087,-0.000000,0.010000,0
1790549835.0738,0.005708,-0.001717,-0.016625,0.016555,0.005708,0.000000,0.120000,0.000000,0.760870,0.001712,-0.018337,0.000000,-0.000515,0.017070,-0.000000,0.010000,0
1790549835.0907,0.006808,-0.002830,-0.016227,0.016193,0.006808,0.000000,0.120000,0.000000,0.782609,0.002042,-0.018269,0.000000,-0.000849,0.017042,-0.000000,0.010000,0
1790549835.1071,0.007421,-0.003745,-0.015968,0.015881,0.007421,0.000000,0.120000,0.000000,0.804348,0.002226,-0.018195,0.000000,-0.001123,0.017004,-0.000000,0.010000,0
1790549835.1239,0.007627,-0.004484,-0.015830,0.015615,0.007627,0.000000,0.120000,0.000000,0.826087,0.002288,-0.018118,0.000000,-0.001345,0.016960,-0.000000,0.010000,0
1790549835.1409,0.007492,-0.005055,-0.015796,0.015392,0.007492,0.000000,0.120000,0.000000,0.847826,0.002247,-0.018044,-0.000000,-0.001517,0.016909,-0.000000,0.010000,0
1790549835.1568,0.007066,-0.005467,-0.015853,0.015214,0.007066,0.000000,0.120000,0.000000,0.869565,0.002120,-0.017973,-0.000000,-0.001640,0.016854,-0.000000,0.010000,0
1790549835.1732,0.006391,-0.005724,-0.015992,0.015080,0.006391,0.000000,0.120000,0.000000,0.891304,0.001917,-0.017909,-0.000000,-0.001717,0.016797,-0.000000,0.010000,0
1790549835.1909,0.005501,-0.005834,-0.016204,0.014989,0.005501,0.000000,0.120000,0.000000,0.913043,0.001650,-0.017854,-0.000000,-0.001750,0.016739,-0.000000,0.010000,0
1790549835.2067,0.004419,-0.005805,-0.016484,0.014939,0.004419,0.000000,0.120000,0.000000,0.934783,0.001326,-0.017810,-0.000000,-0.001741,0.016681,0.000000,0.010000,0
1790549835.2237,0.003169,-0.005647,-0.016827,0.014930,0.003169,0.000000,0.120000,0.000000,0.956522,0.000951,-0.017778,-0.000000,-0.001694,0.016624,0.000000,0.010000,0
1790549835.2414,0.001770,-0.005377,-0.017229,0.014958,0.001770,0.000000,0.120000,0.000000,0.978261,0.000531,-0.017760,-0.000000,-0.001613,0.016571,0.000000,0.010000,0
1790549835.2572,0.000245,-0.005012,-0.017685,0.015017,0.000245,0.000000,0.120000,0.000000,1.000000,0.000073,-0.017758,-0.000000,-0.001504,0.016520,0.000000,0.010000,0
1790549835.2738,-0.001387,-0.004567,-0.018188,0.015105,-0.001387,0.000000,0.120000,0.000000,0.021739,-0.000416,-0.017772,-0.000000,-0.001370,0.016475,0.000000,0.010000,0
1790549835.2909,-0.004777,-0.006485,-0.019253,0.014465,-0.004777,0.000000,0.120000,0.000000,0.043478,-0.001433,-0.017820,-0.000000,-0.001945,0.016410,-0.000000,0.010000,0
1790549835.3073,-0.006514,-0.005777,-0.019839,0.014619,-0.006514,0.000000,0.120000,0.000000,0.065217,-0.001954,-0.017885,-0.000000,-0.001733,0.016352,0.000000,0.010000,0
1790549835.3237,-0.008275,-0.004869,-0.020450,0.014843,-0.008275,0.000000,0.120000,0.000000,0.086957,-0.002482,-0.017967,-0.000000,-0.001461,0.016303,0.000000,0.010000,0
1790549835.3407,-0.009694,-0.004080,-0.020972,0.015039,-0.009694,0.000000,0.120000,0.000000,0.108696,-0.002908,-0.018064,-0.000000,-0.001224,0.016263,0.000000,0.010000,0
1790549835.3573,-0.011165,-0.003252,-0.021526,0.015254,-0.011165,0.000000,0.120000,0.000000,0.130435,-0.003350,-0.018176,-0.000000,-0.000976,0.016230,0.000000,0.010000,0
1790549835.3739,-0.007245,-0.007510,-0.020422,0.013902,-0.007245,0.000000,0.120000,0.000000,0.152174,-0.002174,-0.018248,0.000000,-0.002253,0.016155,-0.000000,0.010000,0
1790549835.3909,-0.002604,-0.012928,-0.019056,0.012147,-0.002604,0.000000,0.120000,0.000000,0.173913,-0.000781,-0.018275,0.000000,-0.003878,0.016026,-0.000000,0.010000,0
1790549835.4074,0.003636,-0.019562,-0.017147,0.009961,0.003636,0.000000,0.120000,0.000000,0.195652,0.001091,-0.018238,0.000000,-0.005869,0.015830,-0.000000,0.010000,0
1790549835.4239,0.005636,-0.017833,-0.016491,0.010302,0.005636,0.000000,0.120000,0.000000,0.217391,0.001691,-0.018182,0.000000,-0.005350,0.015652,0.000000,0.010000,0
1790549835.4410,0.006542,-0.016351,-0.016154,0.010583,0.006542,0.000000,0.120000,0.000000,0.239130,0.001963,-0.018116,0.000000,-0.004905,0.015488,0.000000,0.010000,0
1790549835.4566,0.006964,-0.014822,-0.015957,0.010894,0.006964,0.000000,0.120000,0.000000,0.260870,0.002089,-0.018047,0.000000,-0.004447,0.015340,0.000000,0.010000,0
1790549835.4733,0.007066,-0.013289,-0.015856,0.011221,0.007066,0.000000,0.120000,0.000000,0.282609,0.002120,-0.017976,0.000000,-0.003987,0.015207,0.000000,0.010000,0
1790549835.4909,0.006987,-0.011736,-0.015810,0.011569,0.006987,0.000000,0.120000,0.000000,0.304348,0.002096,-0.017906,-0.000000,-0.003521,0.015090,0.000000,0.010000,0
1790549835.5073,0.006833,-0.010143,-0.015788,0.011946,0.006833,0.000000,0.120000,0.000000,0.326087,0.002050,-0.017838,-0.000000,-0.003043,0.014988,0.000000,0.010000,0
1790549835.5239,0.006687,-0.008484,-0.015765,0.012358,0.006687,0.000000,0.120000,0.000000,0.347826,0.002006,-0.017771,-0.000000,-0.002545,0.014904,0.000000,0.010000,0
1790549835.5408,0.006613,-0.006737,-0.015721,0.012815,0.006613,0.000000,0.120000,0.000000,0.369565,0.001984,-0.017705,-0.000000,-0.002021,0.014836,0.000000,0.010000,0
1790549835.5573,0.006659,-0.004879,-0.015641,0.013324,0.006659,0.000000,0.120000,0.000000,0.391304,0.001998,-0.017638,0.000000,-0.001464,0.014787,0.000000,0.010000,0
1790549835.5739,0.006864,-0.002889,-0.015511,0.013892,0.006864,0.000000,0.120000,0.000000,0.413043,0.002059,-0.017570,0.000000,-0.000867,0.014758,0.000000,0.010000,0
1790549835.5909,0.007257,-0.000748,-0.015320,0.014527,0.007257,0.000000,0.120000,0.000000,0.434783,0.002177,-0.017497,0.000000,-0.000224,0.014751,0.000000,0.010000,0
1790549835.6072,0.007863,0.001561,-0.015059,0.015235,0.007863,0.000000,0.120000,0.000000,0.456522,0.002359,-0.017418,0.000000,0.000468,0.014767,0.000000,0.010000,0
1790549835.6238,0.008706,0.004053,-0.014720,0.016023,0.008706,0.000000,0.120000,0.000000,0.478261,0.002612,-0.017331,0.000000,0.001216,0.014807,0.000000,0.010000,0
1790549835.6409,0.009803,0.006745,-0.014292,0.016898,0.009803,0.000000,0.120000,0.000000,0.500000,0.002941,-0.017233,0.000000,0.002024,0.014875,0.000000,0.010000,0
1790549835.6574,0.011174,0.009657,-0.013769,0.017868,0.011174,0.000000,0.120000,0.000000,0.521739,0.003352,-0.017122,0.000000,0.002897,0.014971,0.000000,0.010000,0
1790549835.6741,0.012832,0.012809,-0.013144,0.018942,0.012832,0.000000,0.120000,0.000000,0.543478,0.003850,-0.016993,0.000000,0.003843,0.015099,0.000000,0.010000,0
1790549835.6909,0.014798,0.016216,-0.012406,0.020126,0.014798,0.000000,0.120000,0.000000,0.565217,0.004439,-0.016845,0.000000,0.004865,0.015261,0.000000,0.010000,0
1790549835.7074,0.018620,0.017327,-0.011073,0.020633,0.018620,0.000000,0.120000,0.000000,0.586957,0.005586,-0.016659,0.000000,0.005198,0.015435,0.000000,0.010000,0
1790549835.7239,0.021516,0.021522,-0.009989,0.022106,0.021516,0.000000,0.120000,0.000000,0.608696,0.006455,-0.016444,0.000000,0.006456,0.015650,0.000000,0.010000,0
1790549835.7407,0.023032,0.019476,-0.009304,0.021688,0.023032,0.000000,0.120000,0.000000,0.630435,0.006910,-0.016214,0.000000,0.005843,0.015845,-0.000000,0.010000,0
1790549835.7571,0.023138,0.017201,-0.009041,0.021177,0.023138,0.000000,0.120000,0.000000,0.652174,0.006941,-0.015982,0.000000,0.005160,0.016017,-0.000000,0.010000,0
1790549835.7737,0.021572,0.014092,-0.009295,0.020385,0.021572,0.000000,0.120000,0.000000,0.673913,0.006472,-0.015767,-0.000000,0.004228,0.016158,-0.000000,0.010000,0
1790549835.7909,0.018332,0.009993,-0.010084,0.019256,0.018332,0.000000,0.120000,0.000000,0.695652,0.005500,-0.015583,-0.000000,0.002998,0.016258,-0.000000,0.010000,0
1790549835.8067,0.013434,0.005000,-0.011419,0.017807,0.013434,0.000000,0.120000,0.000000,0.717391,0.004030,-0.015449,-0.000000,0.001500,0.016308,-0.000000,0.010000,0
1790549835.8238,0.006900,-0.000697,-0.013310,0.016092,0.006900,0.000000,0.120000,0.000000,0.739130,0.002070,-0.015380,-0.000000,-0.000209,0.016301,-0.000000,0.010000,0
1790549835.8409,0.004779,0.000109,-0.013898,0.016334,0.004779,0.000000,0.120000,0.000000,0.760870,0.001434,-0.015332,-0.000000,0.000033,0.016302,0.000000,0.010000,0
1790549835.8573,0.002996,0.000925,-0.014403,0.016588,0.002996,0.000000,0.120000,0.000000,0.782609,0.000899,-0.015302,-0.000000,0.000277,0.016311,0.000000,0.010000,0
1790549835.8740,0.001137,0.001972,-0.014950,0.016922,0.001137,0.000000,0.120000,0.000000,0.804348,0.000341,-0.015291,-0.000000,0.000591,0.016331,0.000000,0.010000,0
1790549835.8908,-0.000858,0.003201,-0.015557,0.017323,-0.000858,0.000000,0.120000,0.000000,0.826087,-0.000257,-0.015299,-0.000000,0.000960,0.016363,0.000000,0.010000,0
1790549835.9073,-0.000701,0.006472,-0.015517,0.018369,-0.000701,0.000000,0.120000,0.000000,0.847826,-0.000210,-0.015306,0.000000,0.001942,0.016427,0.000000,0.010000,0
1790549835.9238,-0.002651,0.007583,-0.016128,0.018778,-0.002651,0.000000,0.120000,0.000000,0.869565,-0.000795,-0.015333,-0.000000,0.002275,0.016503,0.000000,0.010000,0
1790549835.9411,-0.004954,0.009031,-0.016869,0.019303,-0.004954,0.000000,0.120000,0.000000,0.891304,-0.001486,-0.015382,-0.000000,0.002709,0.016593,0.000000,0.010000,0
1790549835.9567,-0.007557,0.010683,-0.017725,0.019905,-0.007557,0.000000,0.120000,0.000000,0.913043,-0.002267,-0.015458,-0.000000,0.003205,0.016700,0.000000,0.010000,0
1790549835.9737,-0.010434,0.012531,-0.018693,0.020585,-0.010434,0.000000,0.120000,0.000000,0.934783,-0.003130,-0.015562,-0.000000,0.003759,0.016826,0.000000,0.010000,0
1790549835.9909,-0.013566,0.014570,-0.019768,0.021342,-0.013566,0.000000,0.120000,0.000000,0.956522,-0.004070,-0.015698,-0.000000,0.004371,0.016971,0.000000,0.010000,0
1790549836.0072,-0.016935,0.016794,-0.020948,0.022178,-0.016935,0.000000,0.120000,0.000000,0.978261,-0.005080,-0.015867,-0.000000,0.005038,0.017139,0.000000,0.010000,0
1790549836.0240,-0.020523,0.019193,-0.022230,0.023089,-0.020523,0.000000,0.120000,0.000000,1.000000,-0.006157,-0.016073,-0.000000,0.005758,0.017331,0.000000,0.010000,0
1790549836.0407,-0.024315,0.021761,-0.023610,0.024077,-0.024315,0.000000,0.120000,0.000000,0.021739,-0.007295,-0.016316,-0.000000,0.006528,0.017549,0.000000,0.010000,0
1790549836.0572,-0.028299,0.024503,-0.025088,0.025145,-0.028299,0.000000,0.120000,0.000000,0.043478,-0.008490,-0.016599,-0.000000,0.007351,0.017794,0.000000,0.010000,0
1790549836.0807,-0.024964,0.020771,-0.024338,0.024233,-0.024964,0.000000,0.120000,0.000000,0.065217,-0.007489,-0.016848,0.000000,0.006231,0.018002,-0.000000,0.010000,0
1790549836.0914,-0.021686,0.016714,-0.023571,0.023183,-0.021686,0.000000,0.120000,0.000000,0.086957,-0.006506,-0.017065,0.000000,0.005014,0.018169,-0.000000,0.010000,0
1790549836.1072,-0.018377,0.012501,-0.022762,0.022044,-0.018377,0.000000,0.120000,0.000000,0.108696,-0.005513,-0.017249,0.000000,0.003750,0.018294,-0.000000,0.010000,0
1790549836.1237,-0.014891,0.007856,-0.021865,0.020729,-0.014891,0.000000,0.120000,0.000000,0.130435,-0.004467,-0.017398,0.000000,0.002357,0.018372,-0.000000,0.010000,0
1790549836.1407,-0.009366,0.002251,-0.020301,0.019070,-0.009366,0.000000,0.120000,0.000000,0.152174,-0.002810,-0.017492,0.000000,0.000675,0.018395,-0.000000,0.010000,0
1790549836.1572,-0.004445,-0.004288,-0.018870,0.017066,-0.004445,0.000000,0.120000,0.000000,0.173913,-0.001334,-0.017536,0.000000,-0.001286,0.018352,-0.000000,0.010000,0
1790549836.1737,0.001314,-0.011860,-0.017129,0.014675,0.001314,0.000000,0.120000,0.000000,0.195652,0.000394,-0.017523,0.000000,-0.003558,0.018233,-0.000000,0.010000,0
1790549836.1903,0.008021,-0.020207,-0.015036,0.011969,0.008021,0.000000,0.120000,0.000000,0.217391,0.002406,-0.017443,0.000000,-0.006062,0.018031,-0.000000,0.010000,0
1790549836.2073,0.009972,-0.018429,-0.014351,0.012318,0.009972,0.000000,0.120000,0.000000,0.239130,0.002992,-0.017343,0.000000,-0.005529,0.017847,0.000000,0.010000,0
1790549836.2234,0.010322,-0.017231,-0.014143,0.012505,0.010322,0.000000,0.120000,0.000000,0.260870,0.003097,-0.017240,0.000000,-0.005169,0.017675,0.000000,0.010000,0
1790549836.2407,0.009727,-0.016488,-0.014224,0.012563,0.009727,0.000000,0.120000,0.000000,0.282609,0.002918,-0.017142,-0.000000,-0.004946,0.017510,0.000000,0.010000,0
1790549836.2590,0.008657,-0.015756,-0.014459,0.012625,0.008657,0.000000,0.120000,0.000000,0.304348,0.002597,-0.017056,-0.000000,-0.004727,0.017352,0.000000,0.010000,0
1790549836.2740,0.007297,-0.015029,-0.014794,0.012693,0.007297,0.000000,0.120000,0.000000,0.326087,0.002189,-0.016983,-0.000000,-0.004509,0.017202,0.000000,0.010000,0
1790549836.2909,0.005793,-0.014287,-0.015187,0.012773,0.005793,0.000000,0.120000,0.000000,0.347826,0.001738,-0.016925,-0.000000,-0.004286,0.017059,0.000000,0.010000,0
1790549836.3077,0.004243,-0.013491,-0.015610,0.012877,0.004243,0.000000,0.120000,0.000000,0.369565,0.001273,-0.016883,-0.000000,-0.004047,0.016924,0.000000,0.010000,0
1790549836.3236,0.001021,-0.010728,-0.016566,0.013598,0.001021,0.000000,0.120000,0.000000,0.391304,0.000306,-0.016872,-0.000000,-0.003219,0.016817,0.000000,0.010000,0
1790549836.3409,-0.000846,-0.010262,-0.017135,0.013636,-0.000846,0.000000,0.120000,0.000000,0.413043,-0.000254,-0.016881,-0.000000,-0.003079,0.016714,0.000000,0.010000,0
1790549836.3578,-0.002346,-0.009541,-0.017608,0.013757,-0.002346,0.000000,0.120000,0.000000,0.434783,-0.000704,-0.016904,-0.000000,-0.002862,0.016619,0.000000,0.010000,0
1790549836.3747,-0.003524,-0.008674,-0.017997,0.013930,-0.003524,0.000000,0.120000,0.000000,0.456522,-0.001057,-0.016940,-0.000000,-0.002602,0.016532,0.000000,0.010000,0
1790549836.3909,-0.004397,-0.007659,-0.018303,0.014158,-0.004397,0.000000,0.120000,0.000000,0.478261,-0.001319,-0.016983,-0.000000,-0.002298,0.016455,0.000000,0.010000,0
1790549836.4077,-0.004977,-0.006486,-0.018526,0.014445,-0.004977,0.000000,0.120000,0.000000,0.500000,-0.001493,-0.017033,-0.000000,-0.001946,0.016391,0.000000,0.010000,0
1790549836.4247,-0.005272,-0.005140,-0.018668,0.014797,-0.005272,0.000000,0.120000,0.000000,0.521739,-0.001582,-0.017086,-0.000000,-0.001542,0.016339,0.000000,0.010000,0
1790549836.4419,-0.005290,-0.003605,-0.018726,0.015222,-0.005290,0.000000,0.120000,0.000000,0.543478,-0.001587,-0.017139,-0.000000,-0.001082,0.016303,0.000000,0.010000,0
1790549836.4579,-0.005032,-0.001868,-0.018699,0.015724,-0.005032,0.000000,0.120000,0.000000,0.565217,-0.001510,-0.017189,0.000000,-0.000560,0.016284,0.000000,0.010000,0
1790549836.4743,-0.004497,0.000086,-0.018583,0.016311,-0.004497,0.000000,0.120000,0.000000,0.586957,-0.001349,-0.017234,0.000000,0.000026,0.016285,0.000000,0.010000,0
1790549836.4904,-0.003348,0.002388,-0.018272,0.017026,-0.003348,0.000000,0.120000,0.000000,0.608696,-0.001004,-0.017268,0.000000,0.000716,0.016309,0.000000,0.010000,0
1790549836.5078,-0.001888,0.004995,-0.017853,0.017858,-0.001888,0.000000,0.120000,0.000000,0.630435,-0.000566,-0.017287,0.000000,0.001498,0.016359,0.000000,0.010000,0
1790549836.5247,-0.000273,0.007884,-0.017371,0.018803,-0.000273,0.000000,0.120000,0.000000,0.652174,-0.000082,-0.017289,0.000000,0.002365,0.016438,0.000000,0.010000,0
1790549836.5410,0.001581,0.011084,-0.016799,0.019874,0.001581,0.000000,0.120000,0.000000,0.673913,0.000474,-0.017273,0.000000,0.003325,0.016549,0.000000,0.010000,0
1790549836.5577,0.000931,0.006490,-0.016985,0.018561,0.000931,0.000000,0.120000,0.000000,0.695652,0.000279,-0.017264,-0.000000,0.001947,0.016614,-0.000000,0.010000,0
1790549836.5736,-0.001061,0.001418,-0.017593,0.017053,-0.001061,0.000000,0.120000,0.000000,0.717391,-0.000318,-0.017275,-0.000000,0.000426,0.016628,-0.000000,0.010000,0
1790549836.5907,0.000021,0.000403,-0.017268,0.016753,0.000021,0.000000,0.120000,0.000000,0.739130,0.000006,-0.017275,0.000000,0.000121,0.016632,-0.000000,0.010000,0
1790549836.6078,0.000666,-0.000016,-0.017068,0.016627,0.000666,0.000000,0.120000,0.000000,0.760870,0.000200,-0.017268,0.000000,-0.000005,0.016632,-0.000000,0.010000,0
1790549836.6237,0.000907,-0.000216,-0.016987,0.016565,0.000907,0.000000,0.120000,0.000000,0.782609,0.000272,-0.017259,0.000000,-0.000065,0.016630,-0.000000,0.010000,0
1790549836.6407,0.000777,-0.000233,-0.017018,0.016558,0.000777,0.000000,0.120000,0.000000,0.804348,0.000233,-0.017251,-0.000000,-0.000070,0.016627,-0.000000,0.010000,0
1790549836.6577,0.000313,-0.000074,-0.017154,0.016604,0.000313,0.000000,0.120000,0.000000,0.826087,0.000094,-0.017248,-0.000000,-0.000022,0.016627,0.000000,0.010000,0
1790549836.6734,-0.000451,0.000254,-0.017388,0.016705,-0.000451,0.000000,0.120000,0.000000,0.847826,-0.000135,-0.017252,-0.000000,0.000076,0.016629,0.000000,0.010000,0
1790549836.6907,-0.001490,0.000747,-0.017714,0.016861,-0.001490,0.000000,0.119882,0.000000,0.869565,-0.000447,-0.017267,-0.000000,0.000224,0.016637,0.000000,0.010000,0
1790549836.7077,-0.002774,0.001400,-0.018127,0.017071,-0.002774,0.000000,0.119527,0.000000,0.891304,-0.000832,-0.017295,-0.000000,0.000420,0.016651,0.000000,0.010000,0
1790549836.7234,-0.004277,0.002208,-0.018621,0.017335,-0.004277,0.000000,0.118937,0.000000,0.913043,-0.001283,-0.017338,-0.000000,0.000662,0.016673,0.000000,0.010000,0
1790549836.7407,-0.005972,0.003162,-0.019189,0.017653,-0.005972,0.000000,0.118115,0.000000,0.934783,-0.001792,-0.017398,-0.000000,0.000949,0.016704,0.000000,0.010000,0
1790549836.7556,-0.007835,0.004249,-0.019826,0.018021,-0.007835,0.000000,0.117063,0.000000,0.956522,-0.002351,-0.017476,-0.000000,0.001275,0.016747,0.000000,0.010000,0
1790549836.7752,-0.009839,0.005460,-0.020526,0.018439,-0.009839,0.000000,0.115787,0.000000,0.978261,-0.002952,-0.017574,-0.000000,0.001638,0.016801,0.000000,0.010000,0
1790549836.7904,-0.009513,0.009249,-0.020523,0.019669,-0.009513,0.000000,0.114290,0.000000,1.000000,-0.002854,-0.017669,0.000000,0.002775,0.016894,0.000000,0.010000,0
1790549836.8080,-0.011240,0.010086,-0.021154,0.020020,-0.011240,0.000000,0.112578,0.000000,0.021739,-0.003372,-0.017782,-0.000000,0.003026,0.016995,0.000000,0.010000,0
1790549836.8237,-0.013239,0.011180,-0.021886,0.020460,-0.013239,0.000000,0.110660,0.000000,0.043478,-0.003972,-0.017914,-0.000000,0.003354,0.017107,0.000000,0.010000,0
1790549836.8407,-0.015414,0.012383,-0.022693,0.020945,-0.015414,0.000000,0.108541,0.000000,0.065217,-0.004624,-0.018068,-0.000000,0.003715,0.017230,0.000000,0.010000,0
1790549836.8573,-0.012226,0.008692,-0.021858,0.019925,-0.012226,0.000000,0.106231,0.000000,0.086957,-0.003668,-0.018191,0.000000,0.002608,0.017317,-0.000000,0.010000,0
1790549836.8736,-0.009076,0.004334,-0.021004,0.018661,-0.009076,0.000000,0.103738,0.000000,0.108696,-0.002723,-0.018281,0.000000,0.001300,0.017361,-0.000000,0.010000,0
1790549836.8907,-0.009633,0.003700,-0.021268,0.018508,-0.009633,0.000000,0.101073,0.000000,0.130435,-0.002890,-0.018378,-0.000000,0.001110,0.017398,-0.000000,0.010000,0
1790549836.9062,-0.005609,-0.001482,-0.020117,0.016938,-0.005609,0.000000,0.098245,0.000000,0.152174,-0.001683,-0.018434,0.000000,-0.000444,0.017383,-0.000000,0.010000,0
1790549836.9215,-0.000706,-0.007728,-0.018653,0.014987,-0.000706,0.000000,0.095267,0.000000,0.173913,-0.000212,-0.018441,0.000000,-0.002319,0.017305,-0.000000,0.010000,0
1790549836.9403,0.005201,-0.015025,-0.016828,0.012648,0.005201,0.000000,0.092150,0.000000,0.195652,0.001560,-0.018389,0.000000,-0.004507,0.017155,-0.000000,0.010000,0
1790549836.9570,0.007023,-0.014220,-0.016212,0.012747,0.007023,0.000000,0.088905,0.000000,0.217391,0.002107,-0.018319,0.000000,-0.004266,0.017013,0.000000,0.010000,0
1790549836.9735,0.007568,-0.013884,-0.015972,0.012709,0.007568,0.000000,0.085547,0.000000,0.239130,0.002270,-0.018243,0.000000,-0.004165,0.016874,0.000000,0.010000,0
1790549836.9900,0.007642,-0.013414,-0.015874,0.012716,0.007642,0.000000,0.082087,0.000000,0.260870,0.002292,-0.018166,0.000000,-0.004024,0.016740,0.000000,0.010000,0
1790549837.0073,0.007430,-0.012859,-0.015863,0.012754,0.007430,0.000000,0.078541,0.000000,0.282609,0.002229,-0.018092,-0.000000,-0.003858,0.016611,0.000000,0.010000,0
1790549837.0239,0.007092,-0.012210,-0.015894,0.012826,0.007092,0.000000,0.074921,0.000000,0.304348,0.002128,-0.018021,-0.000000,-0.003663,0.016489,0.000000,0.010000,0
1790549837.0408,0.006754,-0.011449,-0.015928,0.012940,0.006754,0.000000,0.071243,0.000000,0.326087,0.002026,-0.017954,-0.000000,-0.003435,0.016375,0.000000,0.010000,0
1790549837.0573,0.006510,-0.010556,-0.015936,0.013103,0.006510,0.000000,0.067520,0.000000,0.347826,0.001953,-0.017889,-0.000000,-0.003167,0.016269,0.000000,0.010000,0
1790549837.0733,0.006435,-0.009508,-0.015894,0.013322,0.006435,0.000000,0.063767,0.000000,0.369565,0.001930,-0.017824,-0.000000,-0.002853,0.016174,0.000000,0.010000,0
1790549837.0885,0.006583,-0.008287,-0.015784,0.013605,0.006583,0.000000,0.060000,0.000000,0.391304,0.001975,-0.017758,0.000000,-0.002486,0.016091,0.000000,0.010000,0
1790549837.1068,0.006998,-0.006873,-0.015589,0.013961,0.006998,0.000000,0.056233,0.000000,0.413043,0.002099,-0.017688,0.000000,-0.002062,0.016023,0.000000,0.010000,0
1790549837.1240,0.007715,-0.005247,-0.015297,0.014396,0.007715,0.000000,0.052480,0.000000,0.434783,0.002314,-0.017611,0.000000,-0.001574,0.015970,0.000000,0.010000,0
1790549837.1469,0.008758,-0.003397,-0.014896,0.014917,0.008758,0.000000,0.048757,0.000000,0.456522,0.002627,-0.017524,0.000000,-0.001019,0.015936,0.000000,0.010000,0
1790549837.1581,0.010148,-0.001309,-0.014378,0.015530,0.010148,0.000000,0.045079,0.000000,0.478261,0.003044,-0.017422,0.000000,-0.000393,0.015923,0.000000,0.010000,0
1790549837.1716,0.011901,0.001027,-0.013733,0.016241,0.011901,0.000000,0.041459,0.000000,0.500000,0.003570,-0.017303,0.000000,0.000308,0.015933,0.000000,0.010000,0
1790549837.1866,0.014027,0.003623,-0.012955,0.017057,0.014027,0.000000,0.037913,0.000000,0.521739,0.004208,-0.017163,0.000000,0.001087,0.015970,0.000000,0.010000,0
1790549837.2073,0.016536,0.006498,-0.012037,0.017984,0.016536,0.000000,0.034453,0.000000,0.543478,0.004961,-0.016998,0.000000,0.001949,0.016035,0.000000,0.010000,0
1790549837.2249,0.020950,0.007122,-0.010503,0.018242,0.020950,0.000000,0.031095,0.000000,0.565217,0.006285,-0.016788,0.000000,0.002137,0.016106,0.000000,0.010000,0
1790549837.2407,0.024217,0.010662,-0.009281,0.019411,0.024217,0.000000,0.027850,0.000000,0.586957,0.007265,-0.016546,0.000000,0.003199,0.016212,0.000000,0.010000,0
1790549837.2568,0.027943,0.014713,-0.007884,0.020773,0.027943,0.000000,0.024733,0.000000,0.608696,0.008383,-0.016267,0.000000,0.004414,0.016360,0.000000,0.010000,0
1790549837.2726,0.027443,0.012232,-0.007759,0.020151,0.027443,0.000000,0.021755,0.000000,0.630435,0.008233,-0.015992,-0.000000,0.003669,0.016482,-0.000000,0.010000,0
1790549837.2908,0.025958,0.009112,-0.007945,0.019307,0.025958,0.000000,0.018927,0.000000,0.652174,0.007787,-0.015733,-0.000000,0.002734,0.016573,-0.000000,0.010000,0
1790549837.3074,0.023265,0.005140,-0.008520,0.018166,0.023265,0.000000,0.016262,0.000000,0.673913,0.006980,-0.015500,-0.000000,0.001542,0.016624,-0.000000,0.010000,0
1790549837.3240,0.019214,0.000151,-0.009544,0.016671,0.019214,0.000000,0.013769,0.000000,0.695652,0.005764,-0.015308,-0.000000,0.000045,0.016626,-0.000000,0.010000,0
1790549837.3409,0.013782,-0.005704,-0.011035,0.014858,0.013782,0.000000,0.011459,0.000000,0.717391,0.004135,-0.015170,-0.000000,-0.001711,0.016569,-0.000000,0.010000,0
1790549837.3568,0.006951,-0.012168,-0.013015,0.012797,0.006951,0.000000,0.009340,0.000000,0.739130,0.002085,-0.015100,-0.000000,-0.003650,0.016447,-0.000000,0.010000,0
1790549837.3737,0.009244,-0.005569,-0.012235,0.014721,0.009244,0.000000,0.007422,0.000000,0.760870,0.002773,-0.015008,0.000000,-0.001671,0.016391,0.000000,0.010000,0
1790549837.3902,0.008180,-0.004265,-0.012472,0.015069,0.008180,0.000000,0.005710,0.000000,0.782609,0.002454,-0.014926,-0.000000,-0.001279,0.016349,0.000000,0.010000,0
1790549837.4075,0.007191,-0.002617,-0.012697,0.015537,0.007191,0.000000,0.004213,0.000000,0.804348,0.002157,-0.014854,-0.000000,-0.000785,0.016323,0.000000,0.010000,0
1790549837.4247,0.006151,-0.000863,-0.012947,0.016055,0.006151,0.000000,0.002937,0.000000,0.826087,0.001845,-0.014793,-0.000000,-0.000259,0.016314,0.000000,0.010000,0
1790549837.4407,0.005003,0.000988,-0.013242,0.016620,0.005003,0.000000,0.001885,0.000000,0.847826,0.001501,-0.014743,-0.000000,0.000296,0.016324,0.000000,0.010000,0
1790549837.4574,0.003714,0.002948,-0.013591,0.017238,0.003714,0.000000,0.001063,0.000000,0.869565,0.001114,-0.014706,-0.000000,0.000884,0.016353,0.000000,0.010000,0
1790549837.4741,0.002260,0.005030,-0.014005,0.017913,0.002260,0.000000,0.000473,0.000000,0.891304,0.000678,-0.014683,-0.000000,0.001509,0.016404,0.000000,0.010000,0
1790549837.4908,0.000621,0.007250,-0.014491,0.018651,0.000621,0.000000,0.000118,0.000000,0.913043,0.000186,-0.014677,-0.000000,0.002175,0.016476,0.000000,0.010000,0
1790549837.5072,-0.001224,0.009624,-0.015056,0.019460,-0.001224,0.000000,0.000000,0.000000,0.934783,-0.000367,-0.014689,-0.000000,0.002887,0.016572,0.000000,0.010000,0
