t,imu_roll,imu_pitch,pid_roll,pid_pitch,roll_meas,banked_roll,eff_lin,eff_ang,phase,p_roll,i_roll,d_roll,p_pitch,i_pitch,d_pitch,dt,ik_clamped
1790542461.7755,-0.013529,-0.033195,-0.001356,-0.003328,-0.013529,0.000000,0.000000,0.000000,0.000082,-0.001353,-0.000003,0.000000,-0.003320,-0.000008,0.000000,0.010000,0
1790542461.7899,-0.009623,-0.048743,0.006521,-0.034714,-0.009623,0.000000,0.000290,0.000000,0.034093,-0.000962,-0.000007,0.007491,-0.004874,-0.000027,-0.029813,0.015645,0
1790542461.8035,-0.008318,-0.051349,0.002006,-0.010868,-0.008318,0.000000,0.001020,0.000000,0.063970,-0.000832,-0.000010,0.002848,-0.005135,-0.000045,-0.005688,0.013743,0
1790542461.8172,-0.003988,-0.051725,0.009066,-0.006058,-0.003988,0.000000,0.002186,0.000000,0.093766,-0.000399,-0.000011,0.009477,-0.005172,-0.000063,-0.000823,0.013706,0
1790542461.8312,-0.005627,-0.050498,-0.004078,-0.002509,-0.005627,0.000000,0.003824,0.000000,0.124277,-0.000563,-0.000013,-0.003502,-0.005050,-0.000080,0.002621,0.014035,0
1790542461.8452,-0.007736,-0.049208,-0.005307,-0.002254,-0.007736,0.000000,0.005894,0.000000,0.154726,-0.000774,-0.000016,-0.004517,-0.004921,-0.000098,0.002764,0.014007,0
1790542461.8597,-0.009663,-0.048048,-0.005052,-0.002473,-0.009663,0.000000,0.008424,0.000000,0.185637,-0.000966,-0.000019,-0.004066,-0.004805,-0.000115,0.002447,0.014219,0
1790542461.8740,-0.009671,-0.047194,-0.001007,-0.003075,-0.009671,0.000000,0.011409,0.000000,0.216985,-0.000967,-0.000023,-0.000017,-0.004719,-0.000132,0.001776,0.014420,0
1790542461.8882,-0.007472,-0.044645,0.003854,0.000752,-0.007472,0.000000,0.014753,0.000000,0.247983,-0.000747,-0.000026,0.004627,-0.004464,-0.000148,0.005364,0.014259,0
1790542461.9023,-0.005252,-0.042152,0.004180,0.000935,-0.005252,0.000000,0.018411,0.000000,0.278583,-0.000525,-0.000027,0.004732,-0.004215,-0.000163,0.005313,0.014076,0
1790542461.9163,-0.005754,-0.035877,-0.001677,0.009621,-0.005754,0.000000,0.022390,0.000000,0.309162,-0.000575,-0.000030,-0.001072,-0.003588,-0.000175,0.013384,0.014066,0
1790542461.9303,-0.011457,-0.029190,-0.013335,0.011150,-0.011457,0.000000,0.026666,0.000000,0.339756,-0.001146,-0.000034,-0.012156,-0.002919,-0.000185,0.014254,0.014073,0
1790542461.9442,-0.023959,-0.028661,-0.029449,-0.001919,-0.023959,0.000000,0.031140,0.000000,0.369942,-0.002396,-0.000042,-0.027011,-0.002866,-0.000195,0.001143,0.013886,0
1790542461.9581,-0.024452,-0.027351,-0.003559,-0.000115,-0.024452,0.000000,0.035841,0.000000,0.400176,-0.002445,-0.000050,-0.001064,-0.002735,-0.000205,0.002825,0.013908,0
1790542461.9721,-0.019252,-0.030816,0.009171,-0.010728,-0.019252,0.000000,0.040755,0.000000,0.430586,-0.001925,-0.000057,0.011153,-0.003082,-0.000216,-0.007431,0.013988,0
1790542461.9860,-0.017821,-0.038011,0.001250,-0.019590,-0.017821,0.000000,0.045775,0.000000,0.460742,-0.001782,-0.000063,0.003095,-0.003801,-0.000229,-0.015560,0.013872,0
1790542462.0000,-0.015807,-0.043961,0.002662,-0.017374,-0.015807,0.000000,0.050957,0.000000,0.491213,-0.001581,-0.000069,0.004311,-0.004396,-0.000244,-0.012734,0.014017,0
1790542462.0140,-0.017103,-0.047552,-0.004565,-0.012715,-0.017103,0.000000,0.056200,0.000000,0.521631,-0.001710,-0.000075,-0.002780,-0.004755,-0.000261,-0.007699,0.013992,0
1790542462.0277,-0.018419,-0.046710,-0.004809,-0.003102,-0.018419,0.000000,0.061352,0.000000,0.551354,-0.001842,-0.000081,-0.002886,-0.004671,-0.000277,0.001846,0.013673,0
1790542462.0413,-0.017859,-0.042758,-0.000645,0.004100,-0.017859,0.000000,0.066496,0.000000,0.581093,-0.001786,-0.000087,0.001228,-0.004276,-0.000291,0.008667,0.013680,0
1790542462.0553,-0.015915,-0.038699,0.002487,0.004536,-0.015915,0.000000,0.071704,0.000000,0.611485,-0.001591,-0.000093,0.004172,-0.003870,-0.000305,0.008711,0.013980,0
1790542462.0693,-0.015123,-0.035134,0.000087,0.003811,-0.015123,0.000000,0.076827,0.000000,0.641910,-0.001512,-0.000098,0.001698,-0.003513,-0.000317,0.007641,0.013996,0
1790542462.0833,-0.014343,-0.030907,0.000135,0.005643,-0.014343,0.000000,0.081819,0.000000,0.672334,-0.001434,-0.000103,0.001672,-0.003091,-0.000328,0.009062,0.013995,0
1790542462.0972,-0.011803,-0.024256,0.004178,0.011552,-0.011803,0.000000,0.086624,0.000000,0.702633,-0.001180,-0.000107,0.005466,-0.002426,-0.000337,0.014315,0.013937,0
1790542462.1114,-0.003651,-0.014747,0.017146,0.018734,-0.003651,0.000000,0.091207,0.000000,0.732810,-0.000365,-0.000108,0.017619,-0.001475,-0.000342,0.020551,0.013881,0
1790542462.1257,-0.009758,-0.020134,-0.013700,-0.013485,-0.009758,0.000000,0.095748,0.000000,0.764393,-0.000976,-0.000112,-0.012612,-0.002013,-0.000349,-0.011123,0.014528,0
1790542462.1398,-0.008877,-0.025634,0.000880,-0.014667,-0.008877,0.000000,0.099857,0.000000,0.794930,-0.000888,-0.000115,0.001883,-0.002563,-0.000358,-0.011746,0.014047,0
1790542462.1537,-0.000776,-0.023216,0.017199,0.002503,-0.000776,0.000000,0.103636,0.000000,0.825306,-0.000078,-0.000115,0.017392,-0.002322,-0.000366,0.005191,0.013973,0
1790542462.1677,0.006174,-0.026087,0.015365,-0.009123,0.006174,0.000000,0.107092,0.000000,0.855807,0.000617,-0.000113,0.014861,-0.002609,-0.000375,-0.006139,0.014030,0
1790542462.1816,0.012423,-0.027847,0.014583,-0.006959,0.012423,0.000000,0.110163,0.000000,0.886106,0.001242,-0.000109,0.013449,-0.002785,-0.000385,-0.003789,0.013938,0
1790542462.1956,0.003808,-0.027944,-0.018227,-0.003397,0.003808,0.000000,0.112856,0.000000,0.916476,0.000381,-0.000108,-0.018500,-0.002794,-0.000395,-0.000208,0.013970,0
1790542462.2095,0.005678,-0.027459,0.004503,-0.002101,0.005678,0.000000,0.115129,0.000000,0.946658,0.000568,-0.000106,0.004040,-0.002746,-0.000404,0.001049,0.013884,0
1790542462.2236,0.006886,-0.029307,0.003166,-0.007292,0.006886,0.000000,0.117001,0.000000,0.977193,0.000689,-0.000103,0.002581,-0.002931,-0.000415,-0.003947,0.014046,0
1790542462.2376,0.003225,-0.029561,-0.007612,-0.003925,0.003225,0.000000,0.118428,0.000000,0.007676,0.000323,-0.000102,-0.007832,-0.002956,-0.000425,-0.000544,0.014022,0
1790542462.2511,-0.002459,-0.023623,-0.012943,0.010362,-0.002459,0.000000,0.119376,0.000000,0.037111,-0.000246,-0.000103,-0.012594,-0.002362,-0.000433,0.013157,0.013540,0
1790542462.2648,-0.007321,-0.019468,-0.011547,0.006764,-0.007321,0.000000,0.119897,0.000000,0.066721,-0.000732,-0.000105,-0.010710,-0.001947,-0.000440,0.009151,0.013621,0
1790542462.2788,-0.006449,-0.020634,0.001113,-0.005003,-0.006449,0.000000,0.120000,0.000000,0.097226,-0.000645,-0.000108,0.001865,-0.002063,-0.000447,-0.002493,0.014032,0
1790542462.2929,-0.003230,-0.021140,0.006447,-0.003649,-0.003230,0.000000,0.120000,0.000000,0.127741,-0.000323,-0.000109,0.006879,-0.002114,-0.000454,-0.001081,0.014037,0
1790542462.3068,-0.005179,-0.020469,-0.004814,-0.001068,-0.005179,0.000000,0.120000,0.000000,0.158105,-0.000518,-0.000111,-0.004185,-0.002047,-0.000461,0.001440,0.013968,0
1790542462.3212,-0.004581,-0.017816,0.000694,0.003365,-0.004581,0.000000,0.120000,0.000000,0.188930,-0.000458,-0.000112,0.001265,-0.001782,-0.000468,0.005614,0.014179,0
1790542462.3355,-0.011844,-0.014753,-0.016361,0.004403,-0.011844,0.000000,0.120000,0.000000,0.220380,-0.001184,-0.000116,-0.015060,-0.001475,-0.000473,0.006351,0.014467,0
1790542462.3495,-0.008760,-0.015647,0.005574,-0.003948,-0.008760,0.000000,0.120000,0.000000,0.250993,-0.000876,-0.000120,0.006570,-0.001565,-0.000478,-0.001905,0.014082,0
1790542462.3636,-0.005698,-0.020496,0.005866,-0.012920,-0.005698,0.000000,0.120000,0.000000,0.281446,-0.000570,-0.000122,0.006557,-0.002050,-0.000486,-0.010384,0.014009,0
1790542462.3781,-0.011562,-0.027644,-0.013553,-0.018217,-0.011562,0.000000,0.120000,0.000000,0.312612,-0.001156,-0.000126,-0.012271,-0.002764,-0.000496,-0.014957,0.014336,0
1790542462.3927,-0.012311,-0.039053,-0.002890,-0.027712,-0.012311,0.000000,0.120000,0.000000,0.344552,-0.001231,-0.000130,-0.001529,-0.003905,-0.000510,-0.023297,0.014693,0
1790542462.4070,-0.011336,-0.048426,0.000777,-0.025024,-0.011336,0.000000,0.120000,0.000000,0.375653,-0.001134,-0.000134,0.002045,-0.004843,-0.000527,-0.019654,0.014307,0
1790542462.4214,-0.005250,-0.055423,0.011932,-0.020567,-0.005250,0.000000,0.120000,0.000000,0.407172,-0.000525,-0.000136,0.012593,-0.005542,-0.000547,-0.014477,0.014498,0
1790542462.4354,-0.010056,-0.060957,-0.011408,-0.018482,-0.010056,0.000000,0.120000,0.000000,0.437714,-0.001006,-0.000140,-0.010262,-0.006096,-0.000569,-0.011817,0.014049,0
1790542462.4499,-0.015528,-0.067444,-0.013129,-0.020889,-0.015528,0.000000,0.120000,0.000000,0.468933,-0.001553,-0.000145,-0.011431,-0.006744,-0.000593,-0.013552,0.014361,0
1790542462.4639,-0.027563,-0.073351,-0.028517,-0.020521,-0.027563,0.000000,0.120000,0.000000,0.499587,-0.002756,-0.000155,-0.025606,-0.007335,-0.000619,-0.012567,0.014101,0
1790542462.4779,-0.037444,-0.077438,-0.025028,-0.017124,-0.037444,0.000000,0.120000,0.000000,0.530106,-0.003744,-0.000168,-0.021115,-0.007744,-0.000646,-0.008734,0.014039,0
1790542462.4916,-0.043155,-0.080370,-0.017022,-0.015141,-0.043155,0.000000,0.120000,0.000000,0.559845,-0.004315,-0.000183,-0.012523,-0.008037,-0.000673,-0.006430,0.013680,0
1790542462.5052,-0.045496,-0.083342,-0.009903,-0.015580,-0.045496,0.000000,0.120000,0.000000,0.589464,-0.004550,-0.000198,-0.005155,-0.008334,-0.000702,-0.006544,0.013624,0
1790542462.5192,-0.044246,-0.087170,-0.001956,-0.017662,-0.044246,0.000000,0.120000,0.000000,0.619863,-0.004425,-0.000214,0.002682,-0.008717,-0.000732,-0.008212,0.013984,0
1790542462.5331,-0.042021,-0.088261,0.000346,-0.011932,-0.042021,0.000000,0.120000,0.000000,0.650239,-0.004202,-0.000229,0.004777,-0.008826,-0.000763,-0.002343,0.013973,0
1790542462.5470,-0.040220,-0.087089,-0.000382,-0.006974,-0.040220,0.000000,0.120000,0.000000,0.680482,-0.004022,-0.000243,0.003882,-0.008709,-0.000793,0.002528,0.013912,0
1790542462.5610,-0.039973,-0.082376,-0.003721,0.001106,-0.039973,0.000000,0.120000,0.000000,0.710716,-0.003997,-0.000256,0.000533,-0.008238,-0.000822,0.010166,0.013907,0
1790542462.5749,-0.036774,-0.073956,0.002928,0.009853,-0.036774,0.000000,0.120000,0.000000,0.741063,-0.003677,-0.000269,0.006875,-0.007396,-0.000848,0.018097,0.013959,0
1790542462.5888,-0.034061,-0.064099,0.002171,0.014003,-0.034061,0.000000,0.120000,0.000000,0.771265,-0.003406,-0.000281,0.005858,-0.006410,-0.000870,0.021284,0.013893,0
1790542462.6027,-0.029691,-0.052671,0.006181,0.018535,-0.029691,0.000000,0.120000,0.000000,0.801453,-0.002969,-0.000291,0.009442,-0.005267,-0.000888,0.024690,0.013886,0
1790542462.6169,-0.025836,-0.040023,0.005380,0.022210,-0.025836,0.000000,0.120000,0.000000,0.831873,-0.002584,-0.000300,0.008265,-0.004002,-0.000902,0.027115,0.013993,0
1790542462.6314,-0.029918,-0.040152,-0.011711,-0.005197,-0.029918,0.000000,0.120000,0.000000,0.863539,-0.002992,-0.000311,-0.008408,-0.004015,-0.000917,-0.000265,0.014567,0
1790542462.6455,-0.033527,-0.049098,-0.011313,-0.024778,-0.033527,0.000000,0.120000,0.000000,0.894354,-0.003353,-0.000323,-0.007637,-0.004910,-0.000934,-0.018934,0.014175,0
1790542462.6594,-0.023764,-0.052075,0.018253,-0.012552,-0.023764,0.000000,0.120000,0.000000,0.924728,-0.002376,-0.000332,0.020961,-0.005208,-0.000953,-0.006392,0.013972,0
1790542462.6733,-0.024493,-0.057829,-0.004357,-0.019144,-0.024493,0.000000,0.120000,0.000000,0.955016,-0.002449,-0.000340,-0.001568,-0.005783,-0.000973,-0.012389,0.013933,0
1790542462.6873,-0.014059,-0.070065,0.020680,-0.034309,-0.014059,0.000000,0.120000,0.000000,0.985352,-0.001406,-0.000345,0.022431,-0.007006,-0.000997,-0.026305,0.013955,0
1790542462.7013,0.005746,-0.078170,0.042718,-0.026228,0.005746,0.000000,0.120000,0.000000,0.015752,0.000575,-0.000343,0.042487,-0.007817,-0.001025,-0.017387,0.013984,0
1790542462.7149,0.013288,-0.084805,0.017629,-0.024171,0.013288,0.000000,0.120000,0.000000,0.045317,0.001329,-0.000338,0.016638,-0.008480,-0.001053,-0.014637,0.013600,0
1790542462.7285,0.019404,-0.092311,0.015080,-0.026852,0.019404,0.000000,0.120000,0.000000,0.074922,0.001940,-0.000332,0.013471,-0.009231,-0.001085,-0.016536,0.013618,0
1790542462.7424,0.028914,-0.100026,0.022979,-0.027676,0.028914,0.000000,0.120000,0.000000,0.105313,0.002891,-0.000322,0.020409,-0.010003,-0.001120,-0.016554,0.013980,0
1790542462.7564,0.015236,-0.104307,-0.028231,-0.020800,0.015236,0.000000,0.120000,0.000000,0.135617,0.001524,-0.000316,-0.029438,-0.010431,-0.001156,-0.009213,0.013940,0
1790542462.7704,0.009493,-0.095857,-0.011707,0.007386,0.009493,0.000000,0.120000,0.000000,0.165958,0.000949,-0.000313,-0.012343,-0.009586,-0.001190,0.018162,0.013957,0
1790542462.7843,0.016720,-0.088010,0.016911,0.006859,0.016720,0.000000,0.120000,0.000000,0.196276,0.001672,-0.000307,0.015546,-0.008801,-0.001220,0.016880,0.013946,0
1790542462.7983,0.017744,-0.077946,0.003665,0.012514,0.017744,0.000000,0.120000,0.000000,0.226723,0.001774,-0.000301,0.002192,-0.007795,-0.001248,0.021557,0.014006,0
1790542462.8122,0.004914,-0.059491,-0.027554,0.032694,0.004914,0.000000,0.120000,0.000000,0.256881,0.000491,-0.000299,-0.027746,-0.005949,-0.001268,0.039912,0.013872,0
1790542462.8262,-0.004099,-0.044822,-0.020069,0.025742,-0.004099,0.000000,0.120000,0.000000,0.287243,-0.000410,-0.000301,-0.019358,-0.004482,-0.001284,0.031508,0.013967,0
1790542462.8400,-0.006180,-0.039572,-0.005437,0.006137,-0.006180,0.000000,0.120000,0.000000,0.317300,-0.000618,-0.000303,-0.004516,-0.003957,-0.001298,0.011391,0.013826,0
1790542462.8539,-0.003637,-0.043589,0.004806,-0.014317,-0.003637,0.000000,0.120000,0.000000,0.347596,-0.000364,-0.000304,0.005474,-0.004359,-0.001313,-0.008646,0.013937,0
1790542462.8682,0.000496,-0.045433,0.008582,-0.009815,0.000496,0.000000,0.120000,0.000000,0.378099,0.000050,-0.000304,0.008837,-0.004543,-0.001329,-0.003943,0.014031,0
1790542462.8828,-0.000914,-0.052680,-0.003273,-0.021402,-0.000914,0.000000,0.120000,0.000000,0.410064,-0.000091,-0.000304,-0.002877,-0.005268,-0.001348,-0.014786,0.014704,0
1790542462.8968,-0.003137,-0.065837,-0.005360,-0.036009,-0.003137,0.000000,0.120000,0.000000,0.440650,-0.000314,-0.000305,-0.004741,-0.006584,-0.001371,-0.028054,0.014070,0
1790542462.9109,-0.009653,-0.074494,-0.015109,-0.027229,-0.009653,0.000000,0.120000,0.000000,0.471365,-0.000965,-0.000309,-0.013835,-0.007449,-0.001397,-0.018382,0.014129,0
1790542462.9248,-0.025235,-0.080665,-0.036401,-0.022781,-0.025235,0.000000,0.120000,0.000000,0.501645,-0.002523,-0.000318,-0.033560,-0.008066,-0.001426,-0.013289,0.013929,0
1790542462.9385,-0.038415,-0.084890,-0.033101,-0.019217,-0.038415,0.000000,0.120000,0.000000,0.531360,-0.003842,-0.000331,-0.028929,-0.008489,-0.001455,-0.009273,0.013669,0
1790542462.9537,-0.047427,-0.085842,-0.023335,-0.011997,-0.047427,0.000000,0.120000,0.000000,0.563575,-0.004743,-0.000348,-0.018244,-0.008584,-0.001486,-0.001927,0.014819,0
1790542462.9675,-0.052233,-0.088754,-0.015779,-0.016568,-0.052233,0.000000,0.120000,0.000000,0.594338,-0.005223,-0.000367,-0.010189,-0.008875,-0.001518,-0.006175,0.014151,0
1790542462.9815,-0.054860,-0.091756,-0.011515,-0.017175,-0.054860,0.000000,0.120000,0.000000,0.624694,-0.005486,-0.000386,-0.005644,-0.009176,-0.001550,-0.006450,0.013963,0
1790542462.9956,-0.047577,-0.093241,0.010314,-0.014062,-0.047577,0.000000,0.120000,0.000000,0.655387,-0.004758,-0.000403,0.015474,-0.009324,-0.001583,-0.003155,0.014119,0
1790542463.0095,-0.039746,-0.090796,0.012421,-0.005445,-0.039746,0.000000,0.120000,0.000000,0.685765,-0.003975,-0.000417,0.016812,-0.009080,-0.001614,0.005249,0.013974,0
1790542463.0235,-0.030569,-0.084818,0.016146,0.002663,-0.030569,0.000000,0.120000,0.000000,0.716253,-0.003057,-0.000427,0.019631,-0.008482,-0.001644,0.012789,0.014024,0
1790542463.0375,-0.022705,-0.076582,0.014199,0.008373,-0.022705,0.000000,0.120000,0.000000,0.746593,-0.002270,-0.000435,0.016905,-0.007658,-0.001671,0.017703,0.013957,0
1790542463.0514,-0.015395,-0.064641,0.013747,0.017535,-0.015395,0.000000,0.120000,0.000000,0.776905,-0.001540,-0.000441,0.015727,-0.006464,-0.001693,0.025692,0.013943,0
1790542463.0654,-0.007664,-0.050508,0.015347,0.023503,-0.007664,0.000000,0.120000,0.000000,0.807359,-0.000766,-0.000443,0.016557,-0.005051,-0.001711,0.030265,0.014009,0
1790542463.0793,0.001193,-0.036964,0.018849,0.023902,0.001193,0.000000,0.120000,0.000000,0.837484,0.000119,-0.000443,0.019173,-0.003696,-0.001724,0.029323,0.013858,0
1790542463.0931,-0.002838,-0.035706,-0.009455,-0.002584,-0.002838,0.000000,0.120000,0.000000,0.867605,-0.000284,-0.000444,-0.008727,-0.003571,-0.001736,0.002723,0.013855,0
1790542463.1071,-0.009568,-0.043226,-0.015811,-0.022172,-0.009568,0.000000,0.120000,0.000000,0.898069,-0.000957,-0.000447,-0.014407,-0.004323,-0.001751,-0.016098,0.014014,0
1790542463.1216,-0.004150,-0.049937,0.010766,-0.021167,-0.004150,0.000000,0.120000,0.000000,0.928453,-0.000415,-0.000449,0.011629,-0.004994,-0.001769,-0.014404,0.013977,0
1790542463.1357,-0.006911,-0.054241,-0.006840,-0.016092,-0.006911,0.000000,0.120000,0.000000,0.960063,-0.000691,-0.000451,-0.005698,-0.005424,-0.001789,-0.008880,0.014540,0
1790542463.1496,-0.004162,-0.064612,0.005054,-0.030613,-0.004162,0.000000,0.120000,0.000000,0.990339,-0.000416,-0.000453,0.005922,-0.006461,-0.001811,-0.022341,0.013927,0
1790542463.1635,0.009763,-0.076946,0.030495,-0.036079,0.009763,0.000000,0.120000,0.000000,0.020642,0.000976,-0.000449,0.029968,-0.007695,-0.001838,-0.026547,0.013939,0
1790542463.1772,0.022810,-0.085233,0.030494,-0.028590,0.022810,0.000000,0.120000,0.000000,0.050336,0.002281,-0.000441,0.028655,-0.008523,-0.001867,-0.018200,0.013659,0
1790542463.1909,0.031531,-0.092890,0.021933,-0.028053,0.031531,0.000000,0.120000,0.000000,0.079944,0.003153,-0.000431,0.019211,-0.009289,-0.001899,-0.016865,0.013620,0
1790542463.2049,0.040242,-0.098340,0.022229,-0.023418,0.040242,0.000000,0.120000,0.000000,0.110453,0.004024,-0.000417,0.018621,-0.009834,-0.001933,-0.011651,0.014035,0
1790542463.2190,0.033250,-0.101956,-0.012065,-0.019912,0.033250,0.000000,0.120000,0.000000,0.140886,0.003325,-0.000405,-0.014985,-0.010196,-0.001969,-0.007748,0.013999,0
1790542463.2331,0.017448,-0.095250,-0.031943,0.002599,0.017448,0.000000,0.120000,0.000000,0.171843,0.001745,-0.000399,-0.033289,-0.009525,-0.002003,0.014126,0.014240,0
1790542463.2471,0.012060,-0.080773,-0.010748,0.020950,0.012060,0.000000,0.120000,0.000000,0.202243,0.001206,-0.000395,-0.011560,-0.008077,-0.002031,0.031058,0.013984,0
1790542463.2611,0.007009,-0.068515,-0.010467,0.017242,0.007009,0.000000,0.120000,0.000000,0.232815,0.000701,-0.000392,-0.010776,-0.006852,-0.002055,0.026149,0.014063,0
1790542463.2752,-0.010302,-0.051254,-0.038390,0.029659,-0.010302,0.000000,0.120000,0.000000,0.263357,-0.001030,-0.000396,-0.036964,-0.005125,-0.002073,0.036857,0.014050,0
1790542463.2893,-0.024838,-0.028546,-0.033673,0.043154,-0.024838,0.000000,0.120000,0.000000,0.294152,-0.002484,-0.000405,-0.030785,-0.002855,-0.002083,0.048092,0.014165,0
1790542463.3031,-0.014121,-0.030517,0.021441,-0.009423,-0.014121,0.000000,0.120000,0.000000,0.324199,-0.001412,-0.000409,0.023262,-0.003052,-0.002094,-0.004278,0.013822,0
1790542463.3171,-0.010333,-0.035320,0.006709,-0.015980,-0.010333,0.000000,0.120000,0.000000,0.354490,-0.001033,-0.000413,0.008156,-0.003532,-0.002106,-0.010342,0.013934,0
1790542463.3310,-0.011451,-0.034498,-0.003962,-0.003803,-0.011451,0.000000,0.120000,0.000000,0.384864,-0.001145,-0.000417,-0.002400,-0.003450,-0.002118,0.001765,0.013972,0
1790542463.3448,-0.004322,-0.042831,0.014676,-0.024565,-0.004322,0.000000,0.120000,0.000000,0.414807,-0.000432,-0.000418,0.015527,-0.004283,-0.002133,-0.018149,0.013773,0
1790542463.3587,-0.002467,-0.054772,0.003347,-0.033460,-0.002467,0.000000,0.120000,0.000000,0.444955,-0.000247,-0.000419,0.004013,-0.005477,-0.002152,-0.025831,0.013868,0
1790542463.3731,-0.015155,-0.064388,-0.028833,-0.028995,-0.015155,0.000000,0.120000,0.000000,0.475726,-0.001516,-0.000425,-0.026893,-0.006439,-0.002175,-0.020382,0.014154,0
1790542463.3874,-0.033109,-0.072829,-0.041082,-0.027037,-0.033109,0.000000,0.120000,0.000000,0.507089,-0.003311,-0.000437,-0.037334,-0.007283,-0.002201,-0.017553,0.014427,0
1790542463.4012,-0.049331,-0.078409,-0.040506,-0.022150,-0.049331,0.000000,0.120000,0.000000,0.537212,-0.004933,-0.000454,-0.035120,-0.007841,-0.002228,-0.012081,0.013857,0
1790542463.4148,-0.060160,-0.079940,-0.030325,-0.013618,-0.060160,0.000000,0.120000,0.000000,0.566845,-0.006016,-0.000474,-0.023834,-0.007994,-0.002255,-0.003368,0.013631,0
1790542463.4288,-0.062084,-0.079125,-0.010826,-0.008450,-0.062084,0.000000,0.120000,0.000000,0.597272,-0.006208,-0.000496,-0.004122,-0.007913,-0.002283,0.001746,0.013996,0
1790542463.4428,-0.056830,-0.078006,0.005056,-0.007713,-0.056830,0.000000,0.120000,0.000000,0.627716,-0.005683,-0.000516,0.011255,-0.007801,-0.002310,0.002398,0.014004,0
1790542463.4567,-0.048377,-0.075701,0.012899,-0.004924,-0.048377,0.000000,0.120000,0.000000,0.657889,-0.004838,-0.000533,0.018270,-0.007570,-0.002337,0.004982,0.013879,0
1790542463.4707,-0.043040,-0.074125,0.006586,-0.006398,-0.043040,0.000000,0.120000,0.000000,0.688326,-0.004304,-0.000548,0.011437,-0.007413,-0.002362,0.003377,0.014001,0
1790542463.4847,-0.038314,-0.072178,0.005785,-0.005413,-0.038314,0.000000,0.120000,0.000000,0.718607,-0.003831,-0.000561,0.010177,-0.007218,-0.002388,0.004192,0.013930,0
1790542463.4987,-0.031727,-0.066859,0.010317,0.002258,-0.031727,0.000000,0.120000,0.000000,0.749158,-0.003173,-0.000572,0.014061,-0.006686,-0.002411,0.011355,0.014053,0
1790542463.5125,-0.025194,-0.058904,0.011049,0.008906,-0.025194,0.000000,0.120000,0.000000,0.779272,-0.002519,-0.000581,0.014149,-0.005890,-0.002432,0.017228,0.013853,0
1790542463.5274,-0.018349,-0.047656,0.011842,0.016227,-0.018349,0.000000,0.120000,0.000000,0.810568,-0.001835,-0.000588,0.014264,-0.004766,-0.002449,0.023441,0.014396,0
1790542463.5425,-0.015114,-0.035795,0.004192,0.017050,-0.015114,0.000000,0.120000,0.000000,0.844066,-0.001511,-0.000593,0.006297,-0.003579,-0.002462,0.023092,0.015409,0
1790542463.5573,-0.021834,-0.036059,-0.016485,-0.006621,-0.021834,0.000000,0.120000,0.000000,0.876055,-0.002183,-0.000601,-0.013700,-0.003606,-0.002476,-0.000539,0.014715,0
1790542463.5715,-0.015007,-0.043255,0.012211,-0.021909,-0.015007,0.000000,0.120000,0.000000,0.907149,-0.001501,-0.000607,0.014318,-0.004325,-0.002491,-0.015093,0.014303,0
1790542463.5863,-0.014401,-0.044331,-0.000813,-0.009138,-0.014401,0.000000,0.120000,0.000000,0.939077,-0.001440,-0.000612,0.001239,-0.004433,-0.002507,-0.002197,0.014687,0
1790542463.6003,-0.015581,-0.053204,-0.004650,-0.026454,-0.015581,0.000000,0.120000,0.000000,0.970176,-0.001558,-0.000618,-0.002474,-0.005320,-0.002526,-0.018607,0.014306,0
1790542463.6143,-0.001931,-0.063165,0.028610,-0.030337,-0.001931,0.000000,0.120000,0.000000,0.000433,-0.000193,-0.000618,0.029421,-0.006317,-0.002548,-0.021472,0.013918,0
1790542463.6285,0.008389,-0.071203,0.022451,-0.027006,0.008389,0.000000,0.120000,0.000000,0.030712,0.000839,-0.000615,0.022228,-0.007120,-0.002573,-0.017312,0.013928,0
1790542463.6423,0.016441,-0.076729,0.018211,-0.022061,0.016441,0.000000,0.120000,0.000000,0.061284,0.001644,-0.000610,0.017177,-0.007673,-0.002600,-0.011788,0.014063,0
1790542463.6560,0.024655,-0.082621,0.019840,-0.023784,0.024655,0.000000,0.120000,0.000000,0.091085,0.002465,-0.000601,0.017976,-0.008262,-0.002629,-0.012894,0.013708,0
1790542463.6699,0.029828,-0.092656,0.013477,-0.033428,0.029828,0.000000,0.120000,0.000000,0.121523,0.002983,-0.000591,0.011084,-0.009266,-0.002661,-0.021501,0.014002,0
1790542463.6839,0.013461,-0.091190,-0.034568,-0.008648,0.013461,0.000000,0.120000,0.000000,0.151738,0.001346,-0.000586,-0.035328,-0.009119,-0.002693,0.003164,0.013899,0
1790542463.6978,0.007655,-0.079215,-0.012254,0.015007,0.007655,0.000000,0.120000,0.000000,0.182187,0.000765,-0.000583,-0.012436,-0.007922,-0.002720,0.025649,0.014007,0
1790542463.7118,0.005765,-0.067038,-0.004077,0.016802,0.005765,0.000000,0.120000,0.000000,0.212443,0.000577,-0.000581,-0.004072,-0.006704,-0.002744,0.026249,0.013917,0
1790542463.7256,-0.000772,-0.054974,-0.014822,0.017877,-0.000772,0.000000,0.120000,0.000000,0.242546,-0.000077,-0.000582,-0.014163,-0.005497,-0.002763,0.026137,0.013847,0
1790542463.7396,-0.006511,-0.035954,-0.013542,0.034415,-0.006511,0.000000,0.120000,0.000000,0.272958,-0.000651,-0.000584,-0.012307,-0.003595,-0.002775,0.040786,0.013990,0
1790542463.7536,-0.016721,-0.021855,-0.024150,0.025256,-0.016721,0.000000,0.120000,0.000000,0.303379,-0.001672,-0.000590,-0.021888,-0.002186,-0.002783,0.030225,0.013994,0
1790542463.7675,-0.006393,-0.022034,0.020923,-0.005378,-0.006393,0.000000,0.120000,0.000000,0.333782,-0.000639,-0.000592,0.022155,-0.002203,-0.002791,-0.000384,0.013985,0
1790542463.7814,-0.003380,-0.025824,0.005606,-0.013604,-0.003380,0.000000,0.120000,0.000000,0.363844,-0.000338,-0.000593,0.006537,-0.002582,-0.002800,-0.008222,0.013828,0
1790542463.7953,-0.002974,-0.030607,-0.000018,-0.016172,-0.002974,0.000000,0.120000,0.000000,0.394123,-0.000297,-0.000594,0.000874,-0.003061,-0.002810,-0.010301,0.013928,0
1790542463.8095,-0.001205,-0.042809,0.003044,-0.033030,-0.001205,0.000000,0.120000,0.000000,0.424821,-0.000120,-0.000595,0.003759,-0.004281,-0.002825,-0.025924,0.014121,0
1790542463.8234,-0.003083,-0.054443,-0.004950,-0.033346,-0.003083,0.000000,0.120000,0.000000,0.455100,-0.000308,-0.000596,-0.004046,-0.005444,-0.002844,-0.025057,0.013929,0
1790542463.8374,-0.018431,-0.063950,-0.035414,-0.029683,-0.018431,0.000000,0.120000,0.000000,0.485460,-0.001843,-0.000602,-0.032969,-0.006395,-0.002867,-0.020421,0.013966,0
1790542463.8512,-0.034392,-0.071524,-0.038643,-0.026458,-0.034392,0.000000,0.120000,0.000000,0.515555,-0.003439,-0.000614,-0.034590,-0.007152,-0.002891,-0.016414,0.013843,0
1790542463.8648,-0.048065,-0.074646,-0.035598,-0.017270,-0.048065,0.000000,0.120000,0.000000,0.545120,-0.004807,-0.000630,-0.030162,-0.007465,-0.002917,-0.006888,0.013600,0
1790542463.8789,-0.056553,-0.076526,-0.024740,-0.014679,-0.056553,0.000000,0.120000,0.000000,0.575147,-0.005655,-0.000650,-0.018435,-0.007653,-0.002943,-0.004083,0.013812,0
1790542463.8938,-0.060260,-0.077873,-0.014108,-0.013451,-0.060260,0.000000,0.120000,0.000000,0.607773,-0.006026,-0.000672,-0.007410,-0.007787,-0.002972,-0.002691,0.015008,0
1790542463.9079,-0.053203,-0.078743,0.008901,-0.012713,-0.053203,0.000000,0.120000,0.000000,0.638637,-0.005320,-0.000691,0.014912,-0.007874,-0.003000,-0.001838,0.014197,0
1790542463.9219,-0.047729,-0.075645,0.006185,-0.003990,-0.047729,0.000000,0.120000,0.000000,0.669240,-0.004773,-0.000708,0.011666,-0.007564,-0.003027,0.006601,0.014078,0
1790542463.9358,-0.042276,-0.073021,0.006759,-0.004719,-0.042276,0.000000,0.120000,0.000000,0.699609,-0.004228,-0.000723,0.011709,-0.007302,-0.003053,0.005636,0.013969,0
1790542463.9498,-0.035283,-0.066982,0.010821,0.003251,-0.035283,0.000000,0.120000,0.000000,0.729844,-0.003528,-0.000735,0.015084,-0.006698,-0.003076,0.013025,0.013908,0
1790542463.9638,-0.025612,-0.056639,0.017383,0.013367,-0.025612,0.000000,0.120000,0.000000,0.760331,-0.002561,-0.000744,0.020689,-0.005664,-0.003096,0.022126,0.014024,0
1790542463.9778,-0.017271,-0.044148,0.015393,0.019234,-0.017271,0.000000,0.120000,0.000000,0.790773,-0.001727,-0.000750,0.017870,-0.004415,-0.003111,0.026760,0.014003,0
1790542463.9918,-0.009001,-0.030587,0.016127,0.022975,-0.009001,0.000000,0.120000,0.000000,0.821106,-0.000900,-0.000753,0.017781,-0.003059,-0.003122,0.029156,0.013953,0
1790542464.0056,-0.010709,-0.026588,-0.005517,0.002847,-0.010709,0.000000,0.120000,0.000000,0.851305,-0.001071,-0.000757,-0.003689,-0.002659,-0.003131,0.008636,0.013892,0
1790542464.0197,-0.010993,-0.033274,-0.002468,-0.020790,-0.010993,0.000000,0.120000,0.000000,0.881753,-0.001099,-0.000761,-0.000608,-0.003327,-0.003143,-0.014320,0.014006,0
1790542464.0337,-0.004721,-0.042641,0.012214,-0.027509,-0.004721,0.000000,0.120000,0.000000,0.912168,-0.000472,-0.000763,0.013448,-0.004264,-0.003158,-0.020087,0.013991,0
1790542464.0475,-0.007138,-0.049800,-0.006683,-0.023569,-0.007138,0.000000,0.120000,0.000000,0.942455,-0.000714,-0.000765,-0.005204,-0.004980,-0.003175,-0.015414,0.013932,0
1790542464.0615,-0.002691,-0.063231,0.008568,-0.038528,-0.002691,0.000000,0.120000,0.000000,0.972652,-0.000269,-0.000766,0.009603,-0.006323,-0.003197,-0.029008,0.013891,0
1790542464.0754,0.012185,-0.077623,0.032433,-0.041925,0.012185,0.000000,0.120000,0.000000,0.002991,0.001218,-0.000762,0.031976,-0.007762,-0.003224,-0.030938,0.013956,0
1790542464.0891,0.026176,-0.087141,0.032606,-0.032880,0.026176,0.000000,0.120000,0.000000,0.032674,0.002618,-0.000753,0.030742,-0.008714,-0.003254,-0.020912,0.013654,0
1790542464.1026,0.034433,-0.094367,0.021002,-0.028737,0.034433,0.000000,0.120000,0.000000,0.062099,0.003443,-0.000741,0.018300,-0.009437,-0.003286,-0.016015,0.013536,0
1790542464.1163,0.044151,-0.104361,0.025022,-0.035697,0.044151,0.000000,0.120000,0.000000,0.091808,0.004415,-0.000726,0.021333,-0.010436,-0.003321,-0.021940,0.013666,0
1790542464.1303,0.044139,-0.113463,0.003679,-0.034253,0.044139,0.000000,0.120000,0.000000,0.122177,0.004414,-0.000711,-0.000025,-0.011346,-0.003361,-0.019546,0.013970,0
1790542464.1450,0.030175,-0.110719,-0.026365,-0.008837,0.030175,0.000000,0.120000,0.000000,0.153929,0.003017,-0.000700,-0.028683,-0.011072,-0.003401,0.005636,0.014606,0
1790542464.1590,0.027300,-0.097711,-0.004095,0.014559,0.027300,0.000000,0.120000,0.000000,0.184483,0.002730,-0.000690,-0.006135,-0.009771,-0.003436,0.027766,0.014055,0
1790542464.1730,0.025894,-0.082699,-0.001094,0.020323,0.025894,0.000000,0.120000,0.000000,0.215021,0.002589,-0.000681,-0.003003,-0.008270,-0.003465,0.032058,0.014048,0
1790542464.1871,0.017958,-0.064185,-0.015774,0.029510,0.017958,0.000000,0.120000,0.000000,0.245656,0.001796,-0.000675,-0.016895,-0.006418,-0.003487,0.039416,0.014092,0
1790542464.2011,0.007232,-0.043335,-0.022885,0.036750,0.007232,0.000000,0.120000,0.000000,0.276153,0.000723,-0.000672,-0.022937,-0.004334,-0.003503,0.044586,0.014029,0
1790542464.2150,-0.006188,-0.027099,-0.030150,0.028691,-0.006188,0.000000,0.120000,0.000000,0.306482,-0.000619,-0.000674,-0.028857,-0.002710,-0.003512,0.034913,0.013952,0
1790542464.2290,-0.007265,-0.026819,-0.003731,-0.005598,-0.007265,0.000000,0.120000,0.000000,0.336666,-0.000727,-0.000677,-0.002328,-0.002682,-0.003521,0.000606,0.013885,0
1790542464.2432,-0.004531,-0.044704,0.004635,-0.045733,-0.004531,0.000000,0.120000,0.000000,0.367585,-0.000453,-0.000678,0.005767,-0.004470,-0.003537,-0.037726,0.014223,0
1790542464.2573,-0.006136,-0.052548,-0.004689,-0.025408,-0.006136,0.000000,0.120000,0.000000,0.398406,-0.000614,-0.000681,-0.003395,-0.005255,-0.003556,-0.016598,0.014178,0
1790542464.2712,-0.006054,-0.061461,-0.001110,-0.029025,-0.006054,0.000000,0.120000,0.000000,0.428520,-0.000605,-0.000683,0.000178,-0.006146,-0.003577,-0.019302,0.013853,0
1790542464.2852,0.000711,-0.075261,0.013887,-0.040705,0.000711,0.000000,0.120000,0.000000,0.458952,0.000071,-0.000682,0.014498,-0.007526,-0.003603,-0.029575,0.013999,0
1790542464.2991,-0.010766,-0.085325,-0.026308,-0.033688,-0.010766,0.000000,0.120000,0.000000,0.489447,-0.001077,-0.000686,-0.024545,-0.008532,-0.003633,-0.021522,0.014028,0
1790542464.3131,-0.024517,-0.094274,-0.032786,-0.032384,-0.024517,0.000000,0.120000,0.000000,0.519705,-0.002452,-0.000695,-0.029639,-0.009427,-0.003666,-0.019290,0.013919,0
1790542464.3267,-0.040894,-0.100513,-0.040987,-0.027538,-0.040894,0.000000,0.120000,0.000000,0.549218,-0.004089,-0.000709,-0.036189,-0.010051,-0.003700,-0.013786,0.013576,0
1790542464.3403,-0.054498,-0.103690,-0.036034,-0.021077,-0.054498,0.000000,0.120000,0.000000,0.578933,-0.005450,-0.000727,-0.029857,-0.010369,-0.003736,-0.006973,0.013669,0
1790542464.3544,-0.052202,-0.102158,-0.001038,-0.010700,-0.052202,0.000000,0.120000,0.000000,0.609317,-0.005220,-0.000745,0.004928,-0.010216,-0.003771,0.003288,0.013977,0
1790542464.3683,-0.044018,-0.098929,0.012430,-0.006756,-0.044018,0.000000,0.120000,0.000000,0.639654,-0.004402,-0.000761,0.017593,-0.009893,-0.003806,0.006943,0.013955,0
1790542464.3827,-0.038573,-0.097645,0.006867,-0.010894,-0.038573,0.000000,0.120000,0.000000,0.670542,-0.003857,-0.000775,0.011498,-0.009764,-0.003841,0.002711,0.014209,0
1790542464.3974,-0.035261,-0.096486,0.002499,-0.011141,-0.035261,0.000000,0.120000,0.000000,0.702246,-0.003526,-0.000787,0.006812,-0.009649,-0.003876,0.002383,0.014584,0
1790542464.4118,-0.031331,-0.091542,0.004074,-0.002990,-0.031331,0.000000,0.120000,0.000000,0.734259,-0.003133,-0.000799,0.008006,-0.009154,-0.003910,0.010074,0.014726,0
1790542464.4259,-0.023988,-0.081871,0.012513,0.008577,-0.023988,0.000000,0.120000,0.000000,0.764724,-0.002399,-0.000807,0.015719,-0.008187,-0.003938,0.020702,0.014014,0
1790542464.4402,-0.016537,-0.067453,0.013143,0.019498,-0.016537,0.000000,0.120000,0.000000,0.795855,-0.001654,-0.000813,0.015610,-0.006745,-0.003962,0.030205,0.014320,0
1790542464.4542,-0.008191,-0.051401,0.016110,0.025007,-0.008191,0.000000,0.120000,0.000000,0.826530,-0.000819,-0.000816,0.017745,-0.005140,-0.003980,0.034127,0.014111,0
1790542464.4683,-0.000401,-0.036443,0.015850,0.024444,-0.000401,0.000000,0.120000,0.000000,0.856938,-0.000040,-0.000816,0.016706,-0.003644,-0.003993,0.032081,0.013988,0
1790542464.4824,-0.016891,-0.039179,-0.037412,-0.013717,-0.016891,0.000000,0.120000,0.000000,0.887752,-0.001689,-0.000822,-0.034901,-0.003918,-0.004007,-0.005792,0.014174,0
1790542464.4964,-0.021641,-0.049328,-0.013183,-0.030727,-0.021641,0.000000,0.120000,0.000000,0.918156,-0.002164,-0.000830,-0.010189,-0.004933,-0.004024,-0.021769,0.013986,0
1790542464.5102,-0.016616,-0.053153,0.008375,-0.017634,-0.016616,0.000000,0.120000,0.000000,0.948301,-0.001662,-0.000836,0.010872,-0.005315,-0.004043,-0.008276,0.013867,0
1790542464.5242,-0.017683,-0.062952,-0.004905,-0.031429,-0.017683,0.000000,0.120000,0.000000,0.978633,-0.001768,-0.000842,-0.002295,-0.006295,-0.004065,-0.021069,0.013953,0
1790542464.5381,-0.009510,-0.077116,0.015797,-0.042290,-0.009510,0.000000,0.120000,0.000000,0.008931,-0.000951,-0.000845,0.017593,-0.007712,-0.004092,-0.030487,0.013937,0
1790542464.5518,0.007849,-0.090062,0.038134,-0.041612,0.007849,0.000000,0.120000,0.000000,0.038574,0.000785,-0.000842,0.038191,-0.009006,-0.004122,-0.028484,0.013635,0
1790542464.5654,0.019849,-0.099852,0.027550,-0.035679,0.019849,0.000000,0.120000,0.000000,0.068218,0.001985,-0.000836,0.026401,-0.009985,-0.004156,-0.021538,0.013636,0
1790542464.5793,0.032664,-0.108352,0.030001,-0.033309,0.032664,0.000000,0.120000,0.000000,0.098545,0.003266,-0.000824,0.027559,-0.010835,-0.004194,-0.018279,0.013950,0
1790542464.5933,0.039834,-0.118088,0.018585,-0.036970,0.039834,0.000000,0.120000,0.000000,0.128886,0.003983,-0.000810,0.015412,-0.011809,-0.004235,-0.020926,0.013957,0
1790542464.6071,0.025418,-0.117593,-0.029487,-0.014964,0.025418,0.000000,0.120000,0.000000,0.158994,0.002542,-0.000802,-0.031228,-0.011759,-0.004276,0.001071,0.013849,0
1790542464.6211,0.014722,-0.105092,-0.022344,0.012084,0.014722,0.000000,0.120000,0.000000,0.189297,0.001472,-0.000796,-0.023020,-0.010509,-0.004313,0.026906,0.013939,0
1790542464.6354,0.010279,-0.091025,-0.009373,0.016969,0.010279,0.000000,0.120000,0.000000,0.219458,0.001028,-0.000793,-0.009608,-0.009103,-0.004344,0.030416,0.013874,0
1790542464.6498,-0.000135,-0.070595,-0.022069,0.030285,-0.000135,0.000000,0.120000,0.000000,0.251398,-0.000013,-0.000793,-0.021263,-0.007060,-0.004370,0.041714,0.014693,0
1790542464.6639,-0.012157,-0.049440,-0.027575,0.035650,-0.012157,0.000000,0.120000,0.000000,0.282070,-0.001216,-0.000797,-0.025562,-0.004944,-0.004388,0.044981,0.014109,0
1790542464.6779,-0.021466,-0.036119,-0.022862,0.020481,-0.021466,0.000000,0.120000,0.000000,0.312562,-0.002147,-0.000805,-0.019911,-0.003612,-0.004400,0.028493,0.014026,0
1790542464.6919,-0.017266,-0.042380,0.006429,-0.022019,-0.017266,0.000000,0.120000,0.000000,0.343111,-0.001727,-0.000811,0.008967,-0.004238,-0.004415,-0.013366,0.014053,0
1790542464.7059,-0.012586,-0.044731,0.007913,-0.013921,-0.012586,0.000000,0.120000,0.000000,0.373675,-0.001259,-0.000815,0.009986,-0.004473,-0.004431,-0.005017,0.014060,0
1790542464.7198,-0.010335,-0.051941,0.003007,-0.025213,-0.010335,0.000000,0.120000,0.000000,0.403878,-0.001034,-0.000819,0.004859,-0.005194,-0.004449,-0.015569,0.013893,0
1790542464.7337,-0.003066,-0.063088,0.014619,-0.034922,-0.003066,0.000000,0.120000,0.000000,0.433988,-0.000307,-0.000820,0.015746,-0.006309,-0.004471,-0.024142,0.013851,0
1790542464.7477,-0.007087,-0.073587,-0.010169,-0.034407,-0.007087,0.000000,0.120000,0.000000,0.464351,-0.000709,-0.000822,-0.008638,-0.007359,-0.004496,-0.022552,0.013967,0
1790542464.7617,-0.019726,-0.082511,-0.029868,-0.031889,-0.019726,0.000000,0.120000,0.000000,0.494803,-0.001973,-0.000829,-0.027067,-0.008251,-0.004525,-0.019112,0.014008,0
1790542464.7757,-0.038069,-0.091587,-0.043836,-0.033105,-0.038069,0.000000,0.120000,0.000000,0.525331,-0.003807,-0.000843,-0.039187,-0.009159,-0.004558,-0.019389,0.014043,0
1790542464.7892,-0.051724,-0.094936,-0.036358,-0.021521,-0.051724,0.000000,0.120000,0.000000,0.554696,-0.005172,-0.000860,-0.030326,-0.009494,-0.004590,-0.007437,0.013508,0
1790542464.8028,-0.058693,-0.097116,-0.022117,-0.019141,-0.058693,0.000000,0.120000,0.000000,0.584272,-0.005869,-0.000880,-0.015368,-0.009712,-0.004623,-0.004807,0.013605,0
1790542464.8169,-0.061385,-0.099335,-0.012779,-0.019322,-0.061385,0.000000,0.120000,0.000000,0.614864,-0.006138,-0.000902,-0.005739,-0.009934,-0.004658,-0.004730,0.014072,0
1790542464.8308,-0.060226,-0.101864,-0.004450,-0.020326,-0.060226,0.000000,0.120000,0.000000,0.645144,-0.006023,-0.000923,0.002495,-0.010186,-0.004693,-0.005447,0.013929,0
1790542464.8448,-0.052690,-0.098478,0.009998,-0.007291,-0.052690,0.000000,0.120000,0.000000,0.675466,-0.005269,-0.000941,0.016208,-0.009848,-0.004727,0.007284,0.013948,0
1790542464.8589,-0.047231,-0.090218,0.005898,0.003737,-0.047231,0.000000,0.120000,0.000000,0.706215,-0.004723,-0.000958,0.011578,-0.009022,-0.004759,0.017518,0.014144,0
1790542464.8729,-0.039040,-0.078059,0.012691,0.013483,-0.039040,0.000000,0.120000,0.000000,0.736625,-0.003904,-0.000971,0.017567,-0.007806,-0.004787,0.026076,0.013989,0
1790542464.8874,-0.026382,-0.062779,0.023111,0.021181,-0.026382,0.000000,0.120000,0.000000,0.767509,-0.002638,-0.000981,0.026730,-0.006278,-0.004809,0.032267,0.014207,0
1790542464.9019,-0.012271,-0.046277,0.026601,0.024242,-0.012271,0.000000,0.120000,0.000000,0.799448,-0.001227,-0.000985,0.028813,-0.004628,-0.004826,0.033696,0.014692,0
1790542464.9159,-0.007186,-0.035112,0.009148,0.015484,-0.007186,0.000000,0.120000,0.000000,0.830001,-0.000719,-0.000988,0.010855,-0.003511,-0.004838,0.023833,0.014055,0
1790542464.9301,-0.013780,-0.040163,-0.016311,-0.019548,-0.013780,0.000000,0.120000,0.000000,0.860849,-0.001378,-0.000993,-0.013940,-0.004016,-0.004852,-0.010679,0.014190,0
1790542464.9441,-0.009609,-0.044542,0.006981,-0.018707,-0.009609,0.000000,0.120000,0.000000,0.891279,-0.000961,-0.000996,0.008938,-0.004454,-0.004868,-0.009385,0.013998,0
1790542464.9580,-0.007088,-0.048642,0.003726,-0.018586,-0.007088,0.000000,0.120000,0.000000,0.921538,-0.000709,-0.000998,0.005433,-0.004864,-0.004885,-0.008837,0.013919,0
1790542464.9720,-0.009802,-0.054004,-0.007784,-0.021766,-0.009802,0.000000,0.120000,0.000000,0.952045,-0.000980,-0.001002,-0.005802,-0.005400,-0.004904,-0.011462,0.014033,0
1790542464.9859,-0.003088,-0.064527,0.013140,-0.034030,-0.003088,0.000000,0.120000,0.000000,0.982343,-0.000309,-0.001003,0.014452,-0.006453,-0.004926,-0.022651,0.013937,0
1790542464.9999,0.009798,-0.080035,0.027631,-0.046235,0.009798,0.000000,0.120000,0.000000,0.012737,0.000980,-0.000999,0.027650,-0.008004,-0.004954,-0.033277,0.013981,0
1790542465.0134,0.022920,-0.087620,0.030358,-0.030542,0.022920,0.000000,0.120000,0.000000,0.042189,0.002292,-0.000992,0.029058,-0.008762,-0.004984,-0.016796,0.013548,0
1790542465.0271,0.030287,-0.092739,0.018231,-0.025533,0.030287,0.000000,0.120000,0.000000,0.071877,0.003029,-0.000981,0.016183,-0.009274,-0.005016,-0.011243,0.013657,0
1790542465.0411,0.036945,-0.098929,0.016990,-0.028206,0.036945,0.000000,0.120000,0.000000,0.102318,0.003695,-0.000968,0.014264,-0.009893,-0.005050,-0.013262,0.014003,0
1790542465.0550,0.023715,-0.098304,-0.027025,-0.013572,0.023715,0.000000,0.120000,0.000000,0.132661,0.002372,-0.000960,-0.028437,-0.009830,-0.005085,0.001343,0.013958,0
1790542465.0690,0.014272,-0.090659,-0.019871,0.002288,0.014272,0.000000,0.120000,0.000000,0.162935,0.001427,-0.000955,-0.020343,-0.009066,-0.005116,0.016470,0.013926,0
1790542465.0830,0.011667,-0.079089,-0.005371,0.011765,0.011667,0.000000,0.120000,0.000000,0.193339,0.001167,-0.000951,-0.005587,-0.007909,-0.005144,0.024818,0.013986,0
1790542465.0969,0.009848,-0.066300,-0.003866,0.015634,0.009848,0.000000,0.120000,0.000000,0.223744,0.000985,-0.000948,-0.003903,-0.006630,-0.005167,0.027431,0.013986,0
1790542465.1109,0.003280,-0.050535,-0.014742,0.023667,0.003280,0.000000,0.120000,0.000000,0.254069,0.000328,-0.000947,-0.014124,-0.005053,-0.005185,0.033905,0.013950,0
1790542465.1248,-0.005828,-0.035840,-0.021290,0.023097,-0.005828,0.000000,0.120000,0.000000,0.284133,-0.000583,-0.000949,-0.019759,-0.003584,-0.005197,0.031878,0.013829,0
1790542465.1391,-0.009866,-0.022184,-0.010590,0.021835,-0.009866,0.000000,0.120000,0.000000,0.314572,-0.000987,-0.000952,-0.008651,-0.002218,-0.005205,0.029258,0.014002,0
1790542465.1531,-0.000835,-0.024397,0.017794,-0.012268,-0.000835,0.000000,0.120000,0.000000,0.345848,-0.000084,-0.000952,0.018830,-0.002440,-0.005214,-0.004615,0.014387,0
1790542465.1670,0.000010,-0.027819,0.000875,-0.015395,0.000010,0.000000,0.120000,0.000000,0.376044,0.000001,-0.000952,0.001826,-0.002782,-0.005223,-0.007390,0.013890,0
1790542465.1811,0.002791,-0.036904,0.005281,-0.028376,0.002791,0.000000,0.120000,0.000000,0.406507,0.000279,-0.000951,0.005953,-0.003690,-0.005236,-0.019449,0.014013,0
1790542465.1949,0.004308,-0.048677,0.002761,-0.035571,0.004308,0.000000,0.120000,0.000000,0.436677,0.000431,-0.000950,0.003280,-0.004868,-0.005253,-0.025450,0.013878,0
1790542465.2089,0.000033,-0.058591,-0.010087,-0.032327,0.000033,0.000000,0.120000,0.000000,0.467182,0.000003,-0.000950,-0.009141,-0.005859,-0.005274,-0.021194,0.014032,0
1790542465.2230,-0.011478,-0.068933,-0.026918,-0.034488,-0.011478,0.000000,0.120000,0.000000,0.497433,-0.001148,-0.000954,-0.024817,-0.006893,-0.005298,-0.022297,0.013915,0
1790542465.2369,-0.026696,-0.076443,-0.036256,-0.029069,-0.026696,0.000000,0.120000,0.000000,0.527854,-0.002670,-0.000963,-0.032623,-0.007644,-0.005324,-0.016100,0.013994,0
1790542465.2506,-0.040238,-0.079546,-0.034656,-0.020101,-0.040238,0.000000,0.120000,0.000000,0.557637,-0.004024,-0.000977,-0.029655,-0.007955,-0.005352,-0.006795,0.013700,0
1790542465.2641,-0.046400,-0.082926,-0.019221,-0.021125,-0.046400,0.000000,0.120000,0.000000,0.587214,-0.004640,-0.000993,-0.013588,-0.008293,-0.005380,-0.007453,0.013606,0
1790542465.2780,-0.053838,-0.087322,-0.022467,-0.023642,-0.053838,0.000000,0.120000,0.000000,0.617393,-0.005384,-0.001011,-0.016072,-0.008732,-0.005410,-0.009500,0.013882,0
1790542465.2919,-0.051506,-0.092685,-0.001158,-0.026261,-0.051506,0.000000,0.120000,0.000000,0.647676,-0.005151,-0.001029,0.005022,-0.009268,-0.005442,-0.011550,0.013930,0
1790542465.3059,-0.045136,-0.093750,0.008173,-0.017146,-0.045136,0.000000,0.120000,0.000000,0.677927,-0.004514,-0.001045,0.013732,-0.009375,-0.005475,-0.002296,0.013916,0
1790542465.3199,-0.037392,-0.088407,0.011797,-0.002898,-0.037392,0.000000,0.120000,0.000000,0.708363,-0.003739,-0.001058,0.016595,-0.008841,-0.005506,0.011449,0.014000,0
1790542465.3338,-0.031062,-0.081221,0.009442,0.001800,-0.031062,0.000000,0.120000,0.000000,0.738681,-0.003106,-0.001069,0.013617,-0.008122,-0.005534,0.015457,0.013946,0
1790542465.3478,-0.019767,-0.069070,0.021137,0.013561,-0.019767,0.000000,0.120000,0.000000,0.769131,-0.001977,-0.001076,0.024190,-0.006907,-0.005558,0.026026,0.014007,0
1790542465.3617,-0.009779,-0.054649,0.019575,0.020187,-0.009779,0.000000,0.120000,0.000000,0.799245,-0.000978,-0.001079,0.021632,-0.005465,-0.005577,0.031230,0.013852,0
1790542465.3755,0.000407,-0.039905,0.021041,0.022381,0.000407,0.000000,0.120000,0.000000,0.829331,0.000041,-0.001079,0.022079,-0.003990,-0.005591,0.031962,0.013839,0
1790542465.3900,-0.000191,-0.031580,-0.002367,0.008906,-0.000191,0.000000,0.120000,0.000000,0.860061,-0.000019,-0.001079,-0.001269,-0.003158,-0.005602,0.017666,0.014136,0
1790542465.4043,-0.011827,-0.035167,-0.026181,-0.016503,-0.011827,0.000000,0.120000,0.000000,0.891793,-0.001183,-0.001084,-0.023915,-0.003517,-0.005615,-0.007371,0.014596,0
1790542465.4184,-0.014593,-0.040966,-0.008436,-0.022070,-0.014593,0.000000,0.120000,0.000000,0.922431,-0.001459,-0.001089,-0.005888,-0.004097,-0.005630,-0.012344,0.014094,0
1790542465.4325,-0.010820,-0.046890,0.005937,-0.023071,-0.010820,0.000000,0.120000,0.000000,0.952767,-0.001082,-0.001092,0.008111,-0.004689,-0.005646,-0.012736,0.013954,0
1790542465.4470,-0.007367,-0.063557,0.005291,-0.046404,-0.007367,0.000000,0.120000,0.000000,0.984385,-0.000737,-0.001095,0.007123,-0.006356,-0.005669,-0.034379,0.014544,0
1790542465.4612,0.007726,-0.079232,0.031422,-0.046587,0.007726,0.000000,0.120000,0.000000,0.015395,0.000773,-0.001092,0.031741,-0.007923,-0.005697,-0.032966,0.014265,0
1790542465.4751,0.022057,-0.088601,0.032025,-0.034791,0.022057,0.000000,0.120000,0.000000,0.045640,0.002206,-0.001085,0.030903,-0.008860,-0.005728,-0.020203,0.013912,0
1790542465.4889,0.032754,-0.098261,0.025416,-0.036552,0.032754,0.000000,0.120000,0.000000,0.075692,0.003275,-0.001073,0.023214,-0.009826,-0.005762,-0.020964,0.013824,0
1790542465.5029,0.044281,-0.105993,0.028019,-0.032933,0.044281,0.000000,0.120000,0.000000,0.106190,0.004428,-0.001058,0.024648,-0.010599,-0.005799,-0.016534,0.014029,0
1790542465.5168,0.040974,-0.111072,-0.004069,-0.027883,0.040974,0.000000,0.120000,0.000000,0.136469,0.004097,-0.001044,-0.007122,-0.011107,-0.005838,-0.010938,0.013928,0
1790542465.5308,0.025984,-0.105035,-0.030691,-0.003388,0.025984,0.000000,0.120000,0.000000,0.166777,0.002598,-0.001035,-0.032255,-0.010504,-0.005875,0.012990,0.013942,0
1790542465.5450,0.022189,-0.089767,-0.006831,0.017394,0.022189,0.000000,0.120000,0.000000,0.197626,0.002219,-0.001027,-0.008023,-0.008977,-0.005906,0.032278,0.014191,0
1790542465.5592,0.021258,-0.072511,-0.000854,0.023155,0.021258,0.000000,0.120000,0.000000,0.228596,0.002126,-0.001019,-0.001961,-0.007251,-0.005932,0.036339,0.014246,0
1790542465.5734,0.009102,-0.049828,-0.026012,0.037405,0.009102,0.000000,0.120000,0.000000,0.259199,0.000910,-0.001016,-0.025906,-0.004983,-0.005950,0.048338,0.014077,0
1790542465.5875,-0.004935,-0.025872,-0.031105,0.041961,-0.004935,0.000000,0.120000,0.000000,0.290133,-0.000493,-0.001018,-0.029594,-0.002587,-0.005959,0.050507,0.014230,0
1790542465.6016,-0.018131,-0.011505,-0.030919,0.023458,-0.018131,0.000000,0.120000,0.000000,0.320780,-0.001813,-0.001024,-0.028082,-0.001151,-0.005963,0.030572,0.014098,0
1790542465.6164,-0.009177,-0.027808,0.016728,-0.042751,-0.009177,0.000000,0.120000,0.000000,0.352055,-0.000918,-0.001027,0.018673,-0.002781,-0.005973,-0.033997,0.014386,0
1790542465.6313,-0.008158,-0.037109,0.000224,-0.028612,-0.008158,0.000000,0.120000,0.000000,0.384125,-0.000816,-0.001030,0.002070,-0.003711,-0.005987,-0.018914,0.014752,0
1790542465.6460,-0.006441,-0.046195,0.001760,-0.028810,-0.006441,0.000000,0.120000,0.000000,0.416705,-0.000644,-0.001033,0.003437,-0.004619,-0.006004,-0.018187,0.014987,0
1790542465.6604,0.002077,-0.058274,0.017105,-0.037275,0.002077,0.000000,0.120000,0.000000,0.447692,0.000208,-0.001032,0.017929,-0.005827,-0.006025,-0.025422,0.014254,0
1790542465.6755,-0.004663,-0.070380,-0.014630,-0.036671,-0.004663,0.000000,0.120000,0.000000,0.481174,-0.000466,-0.001034,-0.013130,-0.007038,-0.006052,-0.023581,0.015402,0
1790542465.6896,-0.017641,-0.080217,-0.030384,-0.035008,-0.017641,0.000000,0.120000,0.000000,0.511862,-0.001764,-0.001040,-0.027580,-0.008022,-0.006080,-0.020906,0.014116,0
1790542465.7034,-0.035715,-0.086805,-0.043941,-0.029121,-0.035715,0.000000,0.120000,0.000000,0.541843,-0.003572,-0.001052,-0.039317,-0.008680,-0.006110,-0.014330,0.013792,0
1790542465.7172,-0.050678,-0.088979,-0.038466,-0.019737,-0.050678,0.000000,0.120000,0.000000,0.572028,-0.005068,-0.001070,-0.032328,-0.008898,-0.006141,-0.004698,0.013885,0
1790542465.7314,-0.059922,-0.090073,-0.026600,-0.017490,-0.059922,0.000000,0.120000,0.000000,0.602919,-0.005992,-0.001091,-0.019516,-0.009007,-0.006173,-0.002310,0.014210,0
1790542465.7455,-0.053738,-0.089753,0.006650,-0.014500,-0.053738,0.000000,0.120000,0.000000,0.633627,-0.005374,-0.001110,0.013134,-0.008975,-0.006205,0.000680,0.014126,0
1790542465.7596,-0.046213,-0.084902,0.010388,-0.004321,-0.046213,0.000000,0.120000,0.000000,0.664040,-0.004621,-0.001126,0.016135,-0.008490,-0.006234,0.010404,0.013990,0
1790542465.7738,-0.039640,-0.080388,0.008758,-0.004785,-0.039640,0.000000,0.120000,0.000000,0.694967,-0.003964,-0.001140,0.013862,-0.008039,-0.006263,0.009517,0.014226,0
1790542465.7878,-0.036664,-0.075381,0.001499,-0.003192,-0.036664,0.000000,0.120000,0.000000,0.725674,-0.003666,-0.001153,0.006319,-0.007538,-0.006290,0.010636,0.014125,0
1790542465.8019,-0.026135,-0.067452,0.018807,0.003947,-0.026135,0.000000,0.120000,0.000000,0.756080,-0.002614,-0.001163,0.022583,-0.006745,-0.006313,0.017006,0.013987,0
1790542465.8159,-0.013003,-0.057248,0.025590,0.009742,-0.013003,0.000000,0.120000,0.000000,0.786606,-0.001300,-0.001167,0.028058,-0.005725,-0.006333,0.021800,0.014042,0
1790542465.8302,-0.005206,-0.042750,0.014661,0.019785,-0.005206,0.000000,0.120000,0.000000,0.817702,-0.000521,-0.001169,0.016351,-0.004275,-0.006349,0.030408,0.014304,0
1790542465.8441,-0.009435,-0.034713,-0.011209,0.007452,-0.009435,0.000000,0.120000,0.000000,0.848027,-0.000943,-0.001172,-0.009094,-0.003471,-0.006361,0.017284,0.013949,0
1790542465.8580,-0.015520,-0.041516,-0.015856,-0.025202,-0.015520,0.000000,0.120000,0.000000,0.878261,-0.001552,-0.001178,-0.013126,-0.004152,-0.006375,-0.014675,0.013908,0
1790542465.8721,-0.015252,-0.046546,-0.002134,-0.021834,-0.015252,0.000000,0.120000,0.000000,0.908670,-0.001525,-0.001183,0.000574,-0.004655,-0.006391,-0.010788,0.013988,0
1790542465.8863,-0.016557,-0.054212,-0.005607,-0.028067,-0.016557,0.000000,0.120000,0.000000,0.939464,-0.001656,-0.001189,-0.002763,-0.005421,-0.006411,-0.016235,0.014165,0
1790542465.9008,-0.012794,-0.066609,0.005385,-0.038982,-0.012794,0.000000,0.120000,0.000000,0.970696,-0.001279,-0.001193,0.007858,-0.006661,-0.006435,-0.025886,0.014367,0
1790542465.9152,-0.001843,-0.083850,0.021276,-0.050517,-0.001843,0.000000,0.120000,0.000000,0.002221,-0.000184,-0.001194,0.022654,-0.008385,-0.006465,-0.035667,0.014501,0
1790542465.9289,0.013174,-0.095214,0.032799,-0.040743,0.013174,0.000000,0.120000,0.000000,0.032197,0.001317,-0.001190,0.032672,-0.009521,-0.006498,-0.024724,0.013789,0
1790542465.9425,0.024568,-0.102782,0.026357,-0.033471,0.024568,0.000000,0.120000,0.000000,0.061824,0.002457,-0.001181,0.025081,-0.010278,-0.006533,-0.016660,0.013629,0
1790542465.9561,0.033929,-0.107630,0.022809,-0.027994,0.033929,0.000000,0.120000,0.000000,0.091481,0.003393,-0.001170,0.020586,-0.010763,-0.006569,-0.010661,0.013642,0
1790542465.9700,0.027603,-0.114228,-0.011990,-0.032206,0.027603,0.000000,0.120000,0.000000,0.121837,0.002760,-0.001160,-0.013590,-0.011423,-0.006609,-0.014174,0.013964,0
1790542465.9839,0.014541,-0.110761,-0.028016,-0.010207,0.014541,0.000000,0.120000,0.000000,0.151923,0.001454,-0.001155,-0.028315,-0.011076,-0.006648,0.007516,0.013839,0
1790542465.9979,0.011282,-0.102489,-0.007032,0.000854,0.011282,0.000000,0.120000,0.000000,0.182253,0.001128,-0.001151,-0.007009,-0.010249,-0.006683,0.017786,0.013952,0
1790542466.0119,0.009334,-0.089172,-0.004391,0.012929,0.009334,0.000000,0.120000,0.000000,0.212661,0.000933,-0.001148,-0.004177,-0.008917,-0.006715,0.028560,0.013988,0
1790542466.0259,0.006893,-0.070416,-0.005688,0.026414,0.006893,0.000000,0.120000,0.000000,0.243094,0.000689,-0.001145,-0.005232,-0.007042,-0.006739,0.040195,0.013999,0
1790542466.0398,0.000599,-0.048819,-0.014590,0.034703,0.000599,0.000000,0.120000,0.000000,0.273488,0.000060,-0.001145,-0.013505,-0.004882,-0.006756,0.046341,0.013981,0
1790542466.0537,-0.006198,-0.028919,-0.016505,0.033497,-0.006198,0.000000,0.120000,0.000000,0.303562,-0.000620,-0.001147,-0.014738,-0.002892,-0.006766,0.043155,0.013834,0
1790542466.0676,-0.015521,-0.014050,-0.022728,0.023757,-0.015521,0.000000,0.120000,0.000000,0.333928,-0.001552,-0.001153,-0.020023,-0.001405,-0.006771,0.031933,0.013969,0
1790542466.0818,-0.005765,-0.018299,0.019209,-0.017728,-0.005765,0.000000,0.120000,0.000000,0.364313,-0.000576,-0.001155,0.020940,-0.001830,-0.006778,-0.009121,0.013977,0
1790542466.0963,0.000208,-0.028946,0.011184,-0.031642,0.000208,0.000000,0.120000,0.000000,0.395933,0.000021,-0.001155,0.012318,-0.002895,-0.006788,-0.021959,0.014545,0
1790542466.1104,0.001092,-0.032302,0.000826,-0.017123,0.001092,0.000000,0.120000,0.000000,0.426784,0.000109,-0.001154,0.001871,-0.003230,-0.006800,-0.007093,0.014192,0
1790542466.1245,0.010782,-0.038819,0.020505,-0.024535,0.010782,0.000000,0.120000,0.000000,0.457494,0.001078,-0.001150,0.020577,-0.003882,-0.006813,-0.013840,0.014127,0
1790542466.1384,0.006661,-0.047237,-0.009365,-0.029700,0.006661,0.000000,0.120000,0.000000,0.487748,0.000666,-0.001148,-0.008883,-0.004724,-0.006830,-0.018146,0.013917,0
1790542466.1527,-0.002712,-0.056534,-0.021534,-0.032454,-0.002712,0.000000,0.120000,0.000000,0.518139,-0.000271,-0.001149,-0.020114,-0.005653,-0.006849,-0.019951,0.013980,0
1790542466.1664,-0.013203,-0.060592,-0.024937,-0.021619,-0.013203,0.000000,0.120000,0.000000,0.548598,-0.001320,-0.001154,-0.022463,-0.006059,-0.006871,-0.008689,0.014011,0
1790542466.1801,-0.021295,-0.058984,-0.021002,-0.009270,-0.021295,0.000000,0.120000,0.000000,0.578395,-0.002130,-0.001161,-0.017711,-0.005898,-0.006891,0.003519,0.013707,0
1790542466.1942,-0.026557,-0.058110,-0.015066,-0.010856,-0.026557,0.000000,0.120000,0.000000,0.608924,-0.002656,-0.001170,-0.011240,-0.005811,-0.006911,0.001867,0.014043,0
1790542466.2081,-0.030421,-0.057303,-0.012502,-0.010932,-0.030421,0.000000,0.120000,0.000000,0.639365,-0.003042,-0.001181,-0.008279,-0.005730,-0.006931,0.001730,0.014003,0
1790542466.2222,-0.031696,-0.054734,-0.007104,-0.006896,-0.031696,0.000000,0.120000,0.000000,0.669669,-0.003170,-0.001192,-0.002743,-0.005473,-0.006950,0.005528,0.013940,0
1790542466.2362,-0.027132,-0.050333,0.005807,-0.002625,-0.027132,0.000000,0.120000,0.000000,0.700280,-0.002713,-0.001202,0.009722,-0.005033,-0.006968,0.009376,0.014081,0
1790542466.2502,-0.016133,-0.046067,0.020744,-0.002451,-0.016133,0.000000,0.120000,0.000000,0.730723,-0.001613,-0.001207,0.023564,-0.004607,-0.006984,0.009140,0.014004,0
1790542466.2640,-0.007756,-0.040493,0.016108,0.000992,-0.007756,0.000000,0.120000,0.000000,0.760915,-0.000776,-0.001210,0.018094,-0.004049,-0.006998,0.012040,0.013888,0
1790542466.2781,0.004071,-0.033879,0.024439,0.003717,0.004071,0.000000,0.120000,0.000000,0.791475,0.000407,-0.001208,0.025240,-0.003388,-0.007010,0.014115,0.014058,0
1790542466.2920,-0.000430,-0.030451,-0.010982,-0.002656,-0.000430,0.000000,0.120000,0.000000,0.821646,-0.000043,-0.001209,-0.009730,-0.003045,-0.007021,0.007410,0.013879,0
1790542466.3059,-0.001771,-0.030566,-0.004275,-0.010336,-0.001771,0.000000,0.120000,0.000000,0.851898,-0.000177,-0.001209,-0.002889,-0.003057,-0.007031,-0.000248,0.013916,0
1790542466.3199,-0.001667,-0.032798,-0.001154,-0.015117,-0.001667,0.000000,0.120000,0.000000,0.882261,-0.000167,-0.001210,0.000223,-0.003280,-0.007043,-0.004794,0.013967,0
1790542466.3339,-0.003039,-0.035872,-0.004455,-0.017230,-0.003039,0.000000,0.120000,0.000000,0.912698,-0.000304,-0.001211,-0.002940,-0.003587,-0.007055,-0.006588,0.014001,0
1790542466.3479,-0.002019,-0.038630,0.000766,-0.016827,-0.002019,0.000000,0.120000,0.000000,0.943206,-0.000202,-0.001212,0.002180,-0.003863,-0.007069,-0.005895,0.014034,0
1790542466.3618,0.001625,-0.045018,0.006854,-0.025438,0.001625,0.000000,0.120000,0.000000,0.973283,0.000163,-0.001211,0.007903,-0.004502,-0.007085,-0.013852,0.013835,0
1790542466.3756,0.008813,-0.051576,0.015260,-0.026482,0.008813,0.000000,0.120000,0.000000,0.003357,0.000881,-0.001208,0.015587,-0.005158,-0.007102,-0.014222,0.013834,0
1790542466.3891,0.017983,-0.057826,0.020906,-0.026746,0.017983,0.000000,0.120000,0.000000,0.032804,0.001798,-0.001202,0.020310,-0.005783,-0.007122,-0.013841,0.013546,0
1790542466.4031,0.021929,-0.061102,0.009633,-0.020421,0.021929,0.000000,0.120000,0.000000,0.062612,0.002193,-0.001194,0.008634,-0.006110,-0.007143,-0.007168,0.013712,0
1790542466.4172,0.028701,-0.067424,0.015856,-0.027140,0.028701,0.000000,0.120000,0.000000,0.093777,0.002870,-0.001184,0.014170,-0.006742,-0.007167,-0.013231,0.014336,0
1790542466.4312,0.037730,-0.074575,0.021947,-0.029971,0.037730,0.000000,0.120000,0.000000,0.124216,0.003773,-0.001171,0.019345,-0.007457,-0.007193,-0.015320,0.014002,0
1790542466.4453,0.029485,-0.079972,-0.015773,-0.026714,0.029485,0.000000,0.120000,0.000000,0.154838,0.002948,-0.001161,-0.017561,-0.007997,-0.007221,-0.011495,0.014086,0
1790542466.4592,0.018388,-0.070528,-0.023237,0.006060,0.018388,0.000000,0.120000,0.000000,0.185090,0.001839,-0.001154,-0.023922,-0.007053,-0.007246,0.020359,0.013916,0
1790542466.4732,0.015545,-0.056253,-0.005686,0.017696,0.015545,0.000000,0.120000,0.000000,0.215529,0.001554,-0.001149,-0.006092,-0.005625,-0.007266,0.030587,0.014002,0
1790542466.4871,0.010900,-0.042606,-0.010039,0.017796,0.010900,0.000000,0.120000,0.000000,0.245866,0.001090,-0.001145,-0.009984,-0.004261,-0.007281,0.029337,0.013955,0
1790542466.5010,-0.001189,-0.026959,-0.027432,0.023883,-0.001189,0.000000,0.120000,0.000000,0.275996,-0.000119,-0.001145,-0.026168,-0.002696,-0.007290,0.033869,0.013860,0
1790542466.5149,-0.006179,-0.016410,-0.012538,0.013838,-0.006179,0.000000,0.120000,0.000000,0.306204,-0.000618,-0.001147,-0.010773,-0.001641,-0.007296,0.022775,0.013896,0
1790542466.5288,-0.005428,-0.025980,-0.000072,-0.030539,-0.005428,0.000000,0.120000,0.000000,0.336449,-0.000543,-0.001149,0.001620,-0.002598,-0.007305,-0.020637,0.013913,0
1790542466.5426,-0.013262,-0.031799,-0.019458,-0.023105,-0.013262,0.000000,0.120000,0.000000,0.366544,-0.001326,-0.001154,-0.016977,-0.003180,-0.007316,-0.012609,0.013844,0
1790542466.5566,-0.012766,-0.039702,-0.001367,-0.028305,-0.012766,0.000000,0.120000,0.000000,0.396855,-0.001277,-0.001158,0.001068,-0.003970,-0.007329,-0.017005,0.013943,0
1790542466.5705,-0.000916,-0.049384,0.024261,-0.033130,-0.000916,0.000000,0.120000,0.000000,0.427147,-0.000092,-0.001159,0.025511,-0.004938,-0.007347,-0.020845,0.013934,0
1790542466.5845,0.002310,-0.059383,0.006006,-0.034791,0.002310,0.000000,0.120000,0.000000,0.457498,0.000231,-0.001158,0.006933,-0.005938,-0.007367,-0.021485,0.013961,0
1790542466.5983,-0.007183,-0.067836,-0.022430,-0.032474,-0.007183,0.000000,0.120000,0.000000,0.487622,-0.000718,-0.001160,-0.020551,-0.006784,-0.007391,-0.018300,0.013857,0
1790542466.6123,-0.018099,-0.075661,-0.026432,-0.031797,-0.018099,0.000000,0.120000,0.000000,0.517975,-0.001810,-0.001167,-0.023455,-0.007566,-0.007417,-0.016814,0.013962,0
1790542466.6259,-0.034904,-0.077887,-0.041702,-0.020137,-0.034904,0.000000,0.120000,0.000000,0.547568,-0.003490,-0.001179,-0.037034,-0.007789,-0.007444,-0.004904,0.013613,0
1790542466.6395,-0.043498,-0.079007,-0.024423,-0.017832,-0.043498,0.000000,0.120000,0.000000,0.577257,-0.004350,-0.001193,-0.018880,-0.007901,-0.007471,-0.002460,0.013657,0
1790542466.6534,-0.047285,-0.081037,-0.014163,-0.020011,-0.047285,0.000000,0.120000,0.000000,0.607284,-0.004728,-0.001210,-0.008224,-0.008104,-0.007499,-0.004409,0.013813,0
1790542466.6678,-0.043706,-0.081404,0.001911,-0.016439,-0.043706,0.000000,0.120000,0.000000,0.638380,-0.004371,-0.001225,0.007507,-0.008140,-0.007528,-0.000770,0.014304,0
1790542466.6819,-0.038935,-0.079647,0.004998,-0.011789,-0.038935,0.000000,0.120000,0.000000,0.669095,-0.003893,-0.001239,0.010130,-0.007965,-0.007556,0.003731,0.014129,0
1790542466.6957,-0.035209,-0.076009,0.003262,-0.007338,-0.035209,0.000000,0.120000,0.000000,0.699337,-0.003521,-0.001251,0.008034,-0.007601,-0.007582,0.007845,0.013911,0
1790542466.7097,-0.030718,-0.070758,0.005290,-0.003429,-0.030718,0.000000,0.120000,0.000000,0.729767,-0.003072,-0.001262,0.009624,-0.007076,-0.007607,0.011254,0.013998,0
1790542466.7237,-0.021937,-0.063505,0.015398,0.001598,-0.021937,0.000000,0.120000,0.000000,0.760132,-0.002194,-0.001270,0.018861,-0.006350,-0.007629,0.015578,0.013968,0
1790542466.7377,-0.014826,-0.053650,0.012542,0.008193,-0.014826,0.000000,0.120000,0.000000,0.790441,-0.001483,-0.001275,0.015299,-0.005365,-0.007648,0.021206,0.013942,0
1790542466.7518,-0.004978,-0.038437,0.019199,0.020892,-0.004978,0.000000,0.120000,0.000000,0.821066,-0.000498,-0.001277,0.020974,-0.003844,-0.007662,0.032397,0.014087,0
1790542466.7657,-0.007930,-0.030915,-0.008388,0.005329,-0.007930,0.000000,0.120000,0.000000,0.851549,-0.000793,-0.001279,-0.006316,-0.003091,-0.007672,0.016093,0.014022,0
1790542466.7796,-0.013937,-0.036363,-0.015643,-0.023079,-0.013937,0.000000,0.120000,0.000000,0.881769,-0.001394,-0.001284,-0.012965,-0.003636,-0.007685,-0.011758,0.013901,0
1790542466.7935,-0.008799,-0.048617,0.008906,-0.038972,-0.008799,0.000000,0.120000,0.000000,0.912030,-0.000880,-0.001287,0.011073,-0.004862,-0.007702,-0.026409,0.013920,0
1790542466.8074,-0.009744,-0.055945,-0.004308,-0.029155,-0.009744,0.000000,0.120000,0.000000,0.942204,-0.000974,-0.001291,-0.002043,-0.005595,-0.007721,-0.015839,0.013880,0
1790542466.8215,-0.007963,-0.069317,0.001730,-0.043349,-0.007963,0.000000,0.120000,0.000000,0.972620,-0.000796,-0.001294,0.003820,-0.006932,-0.007746,-0.028672,0.013992,0
1790542466.8356,0.005450,-0.083289,0.027753,-0.045791,0.005450,0.000000,0.120000,0.000000,0.003313,0.000545,-0.001292,0.028500,-0.008329,-0.007775,-0.029687,0.014119,0
1790542466.8491,0.015973,-0.092946,0.023595,-0.038469,0.015973,0.000000,0.120000,0.000000,0.032789,0.001597,-0.001286,0.023284,-0.009295,-0.007807,-0.021368,0.013559,0
1790542466.8628,0.026822,-0.099236,0.025274,-0.031603,0.026822,0.000000,0.120000,0.000000,0.062430,0.002682,-0.001277,0.023868,-0.009924,-0.007840,-0.013839,0.013635,0
1790542466.8763,0.037673,-0.106180,0.026425,-0.033803,0.037673,0.000000,0.120000,0.000000,0.092015,0.003767,-0.001264,0.023922,-0.010618,-0.007876,-0.015308,0.013609,0
1790542466.8904,0.030885,-0.112481,-0.012678,-0.032634,0.030885,0.000000,0.120000,0.000000,0.122521,0.003088,-0.001253,-0.014513,-0.011248,-0.007916,-0.013470,0.014033,0
1790542466.9046,0.018190,-0.104270,-0.026491,-0.000876,0.018190,0.000000,0.120000,0.000000,0.153114,0.001819,-0.001247,-0.027063,-0.010427,-0.007953,0.017504,0.014073,0
1790542466.9190,0.018019,-0.089741,0.000208,0.013187,0.018019,0.000000,0.120000,0.000000,0.184546,0.001802,-0.001240,-0.000353,-0.008974,-0.007985,0.030146,0.014459,0
1790542466.9329,0.022036,-0.075650,0.009595,0.014675,0.022036,0.000000,0.120000,0.000000,0.214925,0.002204,-0.001233,0.008624,-0.007565,-0.008012,0.030251,0.013974,0
1790542466.9469,0.013737,-0.057628,-0.017625,0.024795,0.013737,0.000000,0.120000,0.000000,0.245383,0.001374,-0.001228,-0.017771,-0.005763,-0.008032,0.038590,0.014011,0
1790542466.9608,0.006734,-0.041018,-0.015761,0.023925,0.006734,0.000000,0.120000,0.000000,0.275412,0.000673,-0.001226,-0.015209,-0.004102,-0.008046,0.036072,0.013813,0
1790542466.9747,-0.001657,-0.027056,-0.019416,0.019229,-0.001657,0.000000,0.120000,0.000000,0.305775,-0.000166,-0.001226,-0.018024,-0.002706,-0.008055,0.029990,0.013967,0
1790542466.9886,0.004773,-0.023042,0.013091,-0.001729,0.004773,0.000000,0.120000,0.000000,0.336080,0.000477,-0.001225,0.013838,-0.002304,-0.008063,0.008638,0.013940,0
1790542467.0026,0.005731,-0.023664,0.001408,-0.011776,0.005731,0.000000,0.120000,0.000000,0.366427,0.000573,-0.001223,0.002057,-0.002366,-0.008072,-0.001338,0.013960,0
1790542467.0165,0.008150,-0.028961,0.004813,-0.022402,0.008150,0.000000,0.120000,0.000000,0.396667,0.000815,-0.001220,0.005218,-0.002896,-0.008082,-0.011424,0.013910,0
1790542467.0305,0.006847,-0.037559,-0.003319,-0.030234,0.006847,0.000000,0.120000,0.000000,0.427169,0.000685,-0.001217,-0.002786,-0.003756,-0.008095,-0.018383,0.014031,0
1790542467.0444,0.003712,-0.044555,-0.007635,-0.027720,0.003712,0.000000,0.120000,0.000000,0.457274,0.000371,-0.001216,-0.006791,-0.004455,-0.008110,-0.015154,0.013848,0
1790542467.0583,-0.004167,-0.051471,-0.018537,-0.028111,-0.004167,0.000000,0.120000,0.000000,0.487676,-0.000417,-0.001218,-0.016903,-0.005147,-0.008128,-0.014836,0.013985,0
1790542467.0721,-0.016065,-0.057998,-0.028651,-0.028116,-0.016065,0.000000,0.120000,0.000000,0.517726,-0.001606,-0.001223,-0.025821,-0.005800,-0.008148,-0.014168,0.013823,0
1790542467.0857,-0.028891,-0.059670,-0.032619,-0.017849,-0.028891,0.000000,0.120000,0.000000,0.547079,-0.002889,-0.001233,-0.028497,-0.005967,-0.008168,-0.003714,0.013502,0
1790542467.0993,-0.033176,-0.061503,-0.014008,-0.018382,-0.033176,0.000000,0.120000,0.000000,0.576659,-0.003318,-0.001244,-0.009447,-0.006150,-0.008189,-0.004042,0.013607,0
1790542467.1131,-0.036494,-0.062807,-0.012077,-0.017310,-0.036494,0.000000,0.120000,0.000000,0.606835,-0.003649,-0.001257,-0.007171,-0.006281,-0.008211,-0.002818,0.013881,0
1790542467.1272,-0.039938,-0.064655,-0.012656,-0.018666,-0.039938,0.000000,0.120000,0.000000,0.637221,-0.003994,-0.001271,-0.007392,-0.006466,-0.008234,-0.003967,0.013978,0
1790542467.1411,-0.039891,-0.065405,-0.005175,-0.016402,-0.039891,0.000000,0.120000,0.000000,0.667701,-0.003989,-0.001285,0.000099,-0.006541,-0.008257,-0.001605,0.014021,0
1790542467.1550,-0.030259,-0.066536,0.016508,-0.017377,-0.030259,0.000000,0.120000,0.000000,0.697861,-0.003026,-0.001295,0.020829,-0.006654,-0.008280,-0.002444,0.013874,0
1790542467.1695,-0.019486,-0.058782,0.019348,0.002085,-0.019486,0.000000,0.120000,0.000000,0.728952,-0.001949,-0.001302,0.022599,-0.005878,-0.008301,0.016264,0.014302,0
1790542467.1835,-0.012431,-0.048300,0.012432,0.009112,-0.012431,0.000000,0.120000,0.000000,0.759663,-0.001243,-0.001307,0.014981,-0.004830,-0.008318,0.022260,0.014127,0
1790542467.1974,-0.006148,-0.037412,0.011564,0.011300,-0.006148,0.000000,0.120000,0.000000,0.790045,-0.000615,-0.001309,0.013487,-0.003741,-0.008331,0.023372,0.013976,0
1790542467.2114,-0.000942,-0.026323,0.009755,0.012795,-0.000942,0.000000,0.120000,0.000000,0.820473,-0.000094,-0.001309,0.011158,-0.002632,-0.008340,0.023768,0.013997,0
1790542467.2254,-0.009894,-0.028514,-0.021600,-0.015927,-0.009894,0.000000,0.120000,0.000000,0.850726,-0.000989,-0.001312,-0.019298,-0.002851,-0.008350,-0.004725,0.013916,0
1790542467.2393,-0.012199,-0.031651,-0.007515,-0.018299,-0.012199,0.000000,0.120000,0.000000,0.880932,-0.001220,-0.001317,-0.004978,-0.003165,-0.008361,-0.006773,0.013895,0
1790542467.2532,-0.009510,-0.034549,0.003501,-0.018046,-0.009510,0.000000,0.120000,0.000000,0.911325,-0.000951,-0.001320,0.005772,-0.003455,-0.008373,-0.006218,0.013981,0
1790542467.2672,-0.012276,-0.041624,-0.008503,-0.027770,-0.012276,0.000000,0.120000,0.000000,0.941643,-0.001228,-0.001324,-0.005951,-0.004162,-0.008388,-0.015220,0.013946,0
1790542467.2812,-0.009642,-0.055089,0.003361,-0.042813,-0.009642,0.000000,0.120000,0.000000,0.972030,-0.000964,-0.001328,0.005653,-0.005509,-0.008407,-0.028897,0.013978,0
1790542467.2951,0.002962,-0.067502,0.026168,-0.041967,0.002962,0.000000,0.120000,0.000000,0.002252,0.000296,-0.001327,0.027198,-0.006750,-0.008430,-0.026786,0.013902,0
1790542467.3087,0.012207,-0.071922,0.020268,-0.025386,0.012207,0.000000,0.120000,0.000000,0.031853,0.001221,-0.001322,0.020370,-0.007192,-0.008455,-0.009739,0.013616,0
1790542467.3222,0.018249,-0.075097,0.013837,-0.022993,0.018249,0.000000,0.120000,0.000000,0.061417,0.001825,-0.001316,0.013328,-0.007510,-0.008480,-0.007003,0.013600,0
1790542467.3359,0.026865,-0.079345,0.020469,-0.025854,0.026865,0.000000,0.120000,0.000000,0.090855,0.002687,-0.001307,0.019089,-0.007935,-0.008507,-0.009413,0.013541,0
1790542467.3499,0.034953,-0.084976,0.019482,-0.029066,0.034953,0.000000,0.120000,0.000000,0.121377,0.003495,-0.001295,0.017281,-0.008498,-0.008537,-0.012031,0.014040,0
1790542467.3637,0.027126,-0.090892,-0.015524,-0.030470,0.027126,0.000000,0.120000,0.000000,0.151489,0.002713,-0.001286,-0.016951,-0.009089,-0.008569,-0.012812,0.013852,0
1790542467.3779,0.012324,-0.082688,-0.032237,0.000974,0.012324,0.000000,0.120000,0.000000,0.181480,0.001232,-0.001281,-0.032188,-0.008269,-0.008597,0.017839,0.013796,0
1790542467.3927,0.006756,-0.068331,-0.011689,0.013132,0.006756,0.000000,0.120000,0.000000,0.214233,0.000676,-0.001279,-0.011086,-0.006833,-0.008623,0.028588,0.015066,0
1790542467.4069,0.001756,-0.054834,-0.011668,0.014392,0.001756,0.000000,0.120000,0.000000,0.245100,0.000176,-0.001278,-0.010565,-0.005483,-0.008642,0.028517,0.014199,0
1790542467.4209,-0.003453,-0.039620,-0.012733,0.019829,-0.003453,0.000000,0.120000,0.000000,0.275679,-0.000345,-0.001279,-0.011108,-0.003962,-0.008656,0.032447,0.014066,0
1790542467.4356,-0.007004,-0.026909,-0.009258,0.014680,-0.007004,0.000000,0.120000,0.000000,0.307517,-0.000700,-0.001282,-0.007275,-0.002691,-0.008666,0.026037,0.014646,0
1790542467.4497,-0.004180,-0.019032,0.004307,0.006182,-0.004180,0.000000,0.120000,0.000000,0.338172,-0.000418,-0.001283,0.006008,-0.001903,-0.008673,0.016758,0.014101,0
1790542467.4637,0.000893,-0.020594,0.009596,-0.014062,0.000893,0.000000,0.120000,0.000000,0.368834,0.000089,-0.001283,0.010790,-0.002059,-0.008680,-0.003322,0.014105,0
1790542467.4777,0.006202,-0.027230,0.010708,-0.025622,0.006202,0.000000,0.120000,0.000000,0.399288,0.000620,-0.001281,0.011369,-0.002723,-0.008690,-0.014210,0.014009,0
1790542467.4918,0.012566,-0.035101,0.013553,-0.028998,0.012566,0.000000,0.120000,0.000000,0.429869,0.001257,-0.001276,0.013573,-0.003510,-0.008702,-0.016786,0.014067,0
1790542467.5058,0.015442,-0.040753,0.006444,-0.024920,0.015442,0.000000,0.120000,0.000000,0.460262,0.001544,-0.001271,0.006171,-0.004075,-0.008716,-0.012128,0.013981,0
1790542467.5197,0.008081,-0.047601,-0.016304,-0.028232,0.008081,0.000000,0.120000,0.000000,0.490561,0.000808,-0.001268,-0.015844,-0.004760,-0.008733,-0.014740,0.013937,0
1790542467.5336,-0.003469,-0.055921,-0.026502,-0.032271,-0.003469,0.000000,0.120000,0.000000,0.520830,-0.000347,-0.001269,-0.024886,-0.005592,-0.008752,-0.017927,0.013924,0
1790542467.5474,-0.019026,-0.059917,-0.037279,-0.023524,-0.019026,0.000000,0.120000,0.000000,0.550584,-0.001903,-0.001276,-0.034101,-0.005992,-0.008773,-0.008760,0.013687,0
1790542467.5611,-0.026789,-0.063921,-0.020870,-0.023907,-0.026789,0.000000,0.120000,0.000000,0.580529,-0.002679,-0.001285,-0.016906,-0.006392,-0.008795,-0.008720,0.013775,0
1790542467.5752,-0.030484,-0.067660,-0.012234,-0.023565,-0.030484,0.000000,0.120000,0.000000,0.611076,-0.003048,-0.001296,-0.007889,-0.006766,-0.008818,-0.007981,0.014052,0
1790542467.5891,-0.037608,-0.072391,-0.020371,-0.026245,-0.037608,0.000000,0.120000,0.000000,0.641441,-0.003761,-0.001309,-0.015301,-0.007239,-0.008844,-0.010162,0.013968,0
1790542467.6033,-0.032525,-0.073008,0.006167,-0.017474,-0.032525,0.000000,0.120000,0.000000,0.672304,-0.003253,-0.001321,0.010740,-0.007301,-0.008870,-0.001304,0.014197,0
1790542467.6173,-0.022482,-0.067308,0.017866,-0.003453,-0.022482,0.000000,0.120000,0.000000,0.702850,-0.002248,-0.001328,0.021443,-0.006731,-0.008893,0.012171,0.014051,0
1790542467.6313,-0.016990,-0.056094,0.008751,0.009537,-0.016990,0.000000,0.120000,0.000000,0.733245,-0.001699,-0.001334,0.011785,-0.005609,-0.008913,0.024059,0.013982,0
1790542467.6453,-0.012571,-0.041901,0.006861,0.017261,-0.012571,0.000000,0.120000,0.000000,0.763717,-0.001257,-0.001339,0.009456,-0.004190,-0.008928,0.030378,0.014017,0
1790542467.6592,0.001183,-0.028315,0.028624,0.017711,0.001183,0.000000,0.120000,0.000000,0.793773,0.000118,-0.001338,0.029844,-0.002831,-0.008937,0.029480,0.013826,0
1790542467.6732,0.012253,-0.018151,0.023557,0.010967,0.012253,0.000000,0.120000,0.000000,0.824280,0.001225,-0.001334,0.023666,-0.001815,-0.008944,0.021726,0.014034,0
1790542467.6886,0.010347,-0.015513,-0.004210,-0.005081,0.010347,0.000000,0.120000,0.000000,0.856034,0.001035,-0.001330,-0.003915,-0.001551,-0.008949,0.005420,0.014606,0
1790542467.7040,0.002254,-0.019711,-0.016308,-0.018816,0.002254,0.000000,0.120000,0.000000,0.890748,0.000225,-0.001329,-0.015204,-0.001971,-0.008957,-0.007887,0.015969,0
1790542467.7189,-0.002818,-0.025326,-0.011910,-0.022899,-0.002818,0.000000,0.120000,0.000000,0.922871,-0.000282,-0.001330,-0.010298,-0.002533,-0.008967,-0.011399,0.014777,0
1790542467.7335,-0.005186,-0.033454,-0.006654,-0.028813,-0.005186,0.000000,0.120000,0.000000,0.955021,-0.000519,-0.001332,-0.004803,-0.003345,-0.008979,-0.016489,0.014789,0
1790542467.7487,-0.001114,-0.044850,0.006727,-0.036347,-0.001114,0.000000,0.120000,0.000000,0.987521,-0.000111,-0.001333,0.008171,-0.004485,-0.008996,-0.022866,0.014950,0
1790542467.7627,0.007758,-0.061248,0.017960,-0.049363,0.007758,0.000000,0.120000,0.000000,0.018774,0.000776,-0.001330,0.018514,-0.006125,-0.009018,-0.034220,0.014376,0
1790542467.7764,0.025056,-0.070848,0.039096,-0.037167,0.025056,0.000000,0.120000,0.000000,0.048531,0.002506,-0.001321,0.037912,-0.007085,-0.009042,-0.021041,0.013688,0
1790542467.7900,0.034168,-0.075300,0.022200,-0.026414,0.034168,0.000000,0.120000,0.000000,0.078107,0.003417,-0.001310,0.020093,-0.007530,-0.009068,-0.009817,0.013605,0
1790542467.8041,0.042072,-0.079490,0.019635,-0.025910,0.042072,0.000000,0.120000,0.000000,0.108931,0.004207,-0.001295,0.016723,-0.007949,-0.009096,-0.008865,0.014179,0
1790542467.8181,0.050654,-0.081167,0.022274,-0.020852,0.050654,0.000000,0.120000,0.000000,0.139209,0.005065,-0.001277,0.018486,-0.008117,-0.009124,-0.003611,0.013928,0
1790542467.8322,0.042492,-0.085210,-0.014460,-0.026318,0.042492,0.000000,0.120000,0.000000,0.169719,0.004249,-0.001262,-0.017447,-0.008521,-0.009154,-0.008643,0.014035,0
1790542467.8461,0.034301,-0.078164,-0.015382,-0.001889,0.034301,0.000000,0.120000,0.000000,0.200136,0.003430,-0.001250,-0.017562,-0.007816,-0.009181,0.015109,0.013992,0
1790542467.8601,0.028927,-0.066171,-0.009858,0.009865,0.028927,0.000000,0.120000,0.000000,0.230584,0.002893,-0.001240,-0.011511,-0.006617,-0.009204,0.025686,0.014006,0
1790542467.8741,0.025208,-0.054258,-0.006683,0.010889,0.025208,0.000000,0.120000,0.000000,0.261007,0.002521,-0.001231,-0.007973,-0.005426,-0.009223,0.025539,0.013994,0
1790542467.8881,0.019931,-0.037706,-0.010587,0.022608,0.019931,0.000000,0.120000,0.000000,0.291315,0.001993,-0.001224,-0.011355,-0.003771,-0.009237,0.035616,0.013942,0
1790542467.9021,0.009795,-0.021790,-0.021857,0.022519,0.009795,0.000000,0.120000,0.000000,0.321897,0.000979,-0.001221,-0.021615,-0.002179,-0.009244,0.033942,0.014068,0
1790542467.9164,0.012872,-0.021434,0.006651,-0.010633,0.012872,0.000000,0.120000,0.000000,0.352388,0.001287,-0.001217,0.006581,-0.002143,-0.009252,0.000762,0.014026,0
1790542467.9309,0.019160,-0.029793,0.013625,-0.029413,0.019160,0.000000,0.120000,0.000000,0.384136,0.001916,-0.001210,0.012919,-0.002979,-0.009263,-0.017171,0.014604,0
1790542467.9451,0.018917,-0.038113,0.000180,-0.030481,0.018917,0.000000,0.120000,0.000000,0.415332,0.001892,-0.001203,-0.000509,-0.003811,-0.009276,-0.017394,0.014350,0
1790542467.9590,0.023715,-0.045500,0.011513,-0.029757,0.023715,0.000000,0.120000,0.000000,0.445603,0.002371,-0.001194,0.010336,-0.004550,-0.009292,-0.015915,0.013925,0
1790542467.9730,0.021751,-0.052916,-0.003236,-0.030557,0.021751,0.000000,0.120000,0.000000,0.475918,0.002175,-0.001187,-0.004225,-0.005292,-0.009311,-0.015955,0.013945,0
1790542467.9869,0.011081,-0.063334,-0.022968,-0.038019,0.011081,0.000000,0.120000,0.000000,0.506315,0.001108,-0.001183,-0.022893,-0.006333,-0.009333,-0.022353,0.013982,0
1790542468.0005,-0.005516,-0.074404,-0.038411,-0.041259,-0.005516,0.000000,0.120000,0.000000,0.535829,-0.000552,-0.001185,-0.036674,-0.007440,-0.009358,-0.024460,0.013577,0
1790542468.0141,-0.020055,-0.078401,-0.035261,-0.026041,-0.020055,0.000000,0.120000,0.000000,0.565401,-0.002005,-0.001192,-0.032064,-0.007840,-0.009385,-0.008816,0.013603,0
1790542468.0281,-0.023875,-0.081770,-0.011768,-0.024804,-0.023875,0.000000,0.120000,0.000000,0.595858,-0.002388,-0.001200,-0.008181,-0.008177,-0.009413,-0.007213,0.014010,0
1790542468.0420,-0.031151,-0.084464,-0.020020,-0.023701,-0.031151,0.000000,0.120000,0.000000,0.626094,-0.003115,-0.001211,-0.015694,-0.008446,-0.009443,-0.005812,0.013909,0
1790542468.0560,-0.034905,-0.088735,-0.012784,-0.027530,-0.034905,0.000000,0.120000,0.000000,0.656425,-0.003490,-0.001223,-0.008071,-0.008873,-0.009474,-0.009183,0.013952,0
1790542468.0698,-0.023656,-0.088563,0.020781,-0.017987,-0.023656,0.000000,0.120000,0.000000,0.686519,-0.002366,-0.001231,0.024378,-0.008856,-0.009504,0.000374,0.013843,0
1790542468.0837,-0.017599,-0.080874,0.010082,-0.001018,-0.017599,0.000000,0.120000,0.000000,0.716722,-0.001760,-0.001237,0.013079,-0.008087,-0.009532,0.016601,0.013893,0
1790542468.0977,-0.012637,-0.069596,0.008139,0.007677,-0.012637,0.000000,0.120000,0.000000,0.747124,-0.001264,-0.001242,0.010644,-0.006960,-0.009557,0.024193,0.013985,0
1790542468.1116,-0.002551,-0.054084,0.020294,0.018532,-0.002551,0.000000,0.120000,0.000000,0.777308,-0.000255,-0.001243,0.021792,-0.005408,-0.009575,0.033516,0.013885,0
1790542468.1254,0.013106,-0.039456,0.034031,0.018193,0.013106,0.000000,0.120000,0.000000,0.807377,0.001311,-0.001238,0.033959,-0.003946,-0.009589,0.031728,0.013832,0
1790542468.1394,0.029481,-0.031998,0.036735,0.003147,0.029481,0.000000,0.120000,0.000000,0.837877,0.002948,-0.001228,0.035015,-0.003200,-0.009600,0.015947,0.014030,0
1790542468.1533,0.021187,-0.038140,-0.017047,-0.026716,0.021187,0.000000,0.120000,0.000000,0.868021,0.002119,-0.001220,-0.017945,-0.003814,-0.009614,-0.013289,0.013866,0
1790542468.1673,0.016790,-0.042216,-0.009015,-0.022638,0.016790,0.000000,0.120000,0.000000,0.898270,0.001679,-0.001215,-0.009479,-0.004222,-0.009628,-0.008788,0.013914,0
1790542468.1816,0.017256,-0.046411,0.001496,-0.023110,0.017256,0.000000,0.120000,0.000000,0.929271,0.001726,-0.001208,0.000979,-0.004641,-0.009645,-0.008824,0.014261,0
1790542468.1956,0.011786,-0.056658,-0.011703,-0.037208,0.011786,0.000000,0.120000,0.000000,0.959817,0.001179,-0.001204,-0.011678,-0.005666,-0.009665,-0.021878,0.014051,0
1790542468.2096,0.014670,-0.068090,0.006438,-0.040961,0.014670,0.000000,0.120000,0.000000,0.990294,0.001467,-0.001199,0.006171,-0.006809,-0.009689,-0.024463,0.014020,0
1790542468.2236,0.025048,-0.080290,0.023576,-0.043915,0.025048,0.000000,0.120000,0.000000,0.020698,0.002505,-0.001190,0.022261,-0.008029,-0.009717,-0.026169,0.013986,0
1790542468.2372,0.036871,-0.089754,0.028545,-0.039564,0.036871,0.000000,0.120000,0.000000,0.050313,0.003687,-0.001178,0.026036,-0.008975,-0.009747,-0.020841,0.013623,0
1790542468.2508,0.045304,-0.095401,0.021954,-0.031765,0.045304,0.000000,0.120000,0.000000,0.079905,0.004530,-0.001162,0.018586,-0.009540,-0.009780,-0.012445,0.013612,0
1790542468.2648,0.052117,-0.098265,0.018667,-0.025778,0.052117,0.000000,0.120000,0.000000,0.110341,0.005212,-0.001144,0.014599,-0.009827,-0.009814,-0.006138,0.014001,0
1790542468.2788,0.043838,-0.101597,-0.014471,-0.027141,0.043838,0.000000,0.120000,0.000000,0.140804,0.004384,-0.001129,-0.017725,-0.010160,-0.009850,-0.007132,0.014013,0
1790542468.2927,0.035058,-0.093990,-0.016569,-0.002858,0.035058,0.000000,0.120000,0.000000,0.171008,0.003506,-0.001117,-0.018958,-0.009399,-0.009882,0.016424,0.013894,0
1790542468.3067,0.030627,-0.083701,-0.007524,0.003733,0.030627,0.000000,0.120000,0.000000,0.201489,0.003063,-0.001106,-0.009480,-0.008370,-0.009912,0.022015,0.014021,0
1790542468.3206,0.024925,-0.069654,-0.010850,0.013264,0.024925,0.000000,0.120000,0.000000,0.231859,0.002492,-0.001097,-0.012246,-0.006965,-0.009936,0.030166,0.013970,0
1790542468.3345,0.022847,-0.053970,-0.003319,0.018738,0.022847,0.000000,0.120000,0.000000,0.261865,0.002285,-0.001089,-0.004515,-0.005397,-0.009955,0.034090,0.013803,0
1790542468.3485,0.019460,-0.038529,-0.006412,0.019342,0.019460,0.000000,0.120000,0.000000,0.292229,0.001946,-0.001083,-0.007276,-0.003853,-0.009968,0.033163,0.013968,0
1790542468.3624,0.022044,-0.027722,0.006705,0.010567,0.022044,0.000000,0.120000,0.000000,0.322459,0.002204,-0.001075,0.005576,-0.002772,-0.009978,0.023316,0.013906,0
1790542468.3762,0.022655,-0.036154,0.002517,-0.031817,0.022655,0.000000,0.120000,0.000000,0.352654,0.002265,-0.001067,0.001319,-0.003615,-0.009990,-0.018212,0.013890,0
1790542468.3901,0.016888,-0.045124,-0.011798,-0.033848,0.016888,0.000000,0.120000,0.000000,0.382921,0.001689,-0.001061,-0.012426,-0.004512,-0.010006,-0.019330,0.013923,0
1790542468.4045,0.013654,-0.059098,-0.006531,-0.045493,0.013654,0.000000,0.120000,0.000000,0.413754,0.001365,-0.001056,-0.006840,-0.005910,-0.010027,-0.029556,0.014184,0
1790542468.4192,0.017537,-0.069772,0.008724,-0.039080,0.017537,0.000000,0.120000,0.000000,0.445326,0.001754,-0.001050,0.008021,-0.006977,-0.010052,-0.022050,0.014523,0
1790542468.4340,0.007424,-0.076190,-0.020547,-0.030545,0.007424,0.000000,0.120000,0.000000,0.477908,0.000742,-0.001047,-0.020242,-0.007619,-0.010081,-0.012846,0.014988,0
1790542468.4481,-0.006940,-0.085890,-0.032190,-0.039261,-0.006940,0.000000,0.120000,0.000000,0.508677,-0.000694,-0.001050,-0.030447,-0.008589,-0.010111,-0.020561,0.014154,0
1790542468.4619,-0.023263,-0.092544,-0.038852,-0.033854,-0.023263,0.000000,0.120000,0.000000,0.538690,-0.002326,-0.001058,-0.035468,-0.009254,-0.010143,-0.014457,0.013806,0
1790542468.4756,-0.033384,-0.094259,-0.026455,-0.023339,-0.033384,0.000000,0.120000,0.000000,0.568629,-0.003338,-0.001069,-0.022047,-0.009426,-0.010176,-0.003738,0.013772,0
1790542468.4898,-0.040717,-0.096849,-0.020793,-0.025418,-0.040717,0.000000,0.120000,0.000000,0.599210,-0.004072,-0.001083,-0.015638,-0.009685,-0.010210,-0.005523,0.014067,0
1790542468.5039,-0.045144,-0.099411,-0.014938,-0.025582,-0.045144,0.000000,0.120000,0.000000,0.630175,-0.004514,-0.001100,-0.009324,-0.009941,-0.010245,-0.005396,0.014244,0
1790542468.5179,-0.044970,-0.101825,-0.005242,-0.025624,-0.044970,0.000000,0.120000,0.000000,0.660679,-0.004497,-0.001115,0.000371,-0.010183,-0.010281,-0.005161,0.014032,0
1790542468.5320,-0.041613,-0.103511,0.001904,-0.024280,-0.041613,0.000000,0.120000,0.000000,0.691112,-0.004161,-0.001130,0.007195,-0.010351,-0.010317,-0.003612,0.013999,0
1790542468.5461,-0.031400,-0.104951,0.017539,-0.023927,-0.031400,0.000000,0.120000,0.000000,0.721639,-0.003140,-0.001141,0.021820,-0.010495,-0.010354,-0.003078,0.014042,0
1790542468.5602,-0.019444,-0.100922,0.022110,-0.011989,-0.019444,0.000000,0.120000,0.000000,0.752578,-0.001944,-0.001148,0.025202,-0.010092,-0.010390,0.008493,0.014232,0
1790542468.5742,-0.010692,-0.091998,0.016507,-0.000524,-0.010692,0.000000,0.120000,0.000000,0.783055,-0.001069,-0.001152,0.018728,-0.009200,-0.010422,0.019098,0.014020,0
1790542468.5882,-0.001400,-0.077472,0.018685,0.013031,-0.001400,0.000000,0.120000,0.000000,0.813392,-0.000140,-0.001152,0.019977,-0.007747,-0.010449,0.031227,0.013955,0
1790542468.6023,0.009085,-0.060982,0.022217,0.018755,0.009085,0.000000,0.120000,0.000000,0.843839,0.000908,-0.001149,0.022458,-0.006098,-0.010470,0.035323,0.014006,0
1790542468.6162,0.020213,-0.043439,0.024786,0.022857,0.020213,0.000000,0.120000,0.000000,0.874196,0.002021,-0.001142,0.023906,-0.004344,-0.010486,0.037687,0.013964,0
1790542468.6302,0.012981,-0.047666,-0.015283,-0.024295,0.012981,0.000000,0.120000,0.000000,0.904735,0.001298,-0.001137,-0.015444,-0.004767,-0.010502,-0.009026,0.014048,0
1790542468.6441,0.002513,-0.054482,-0.023494,-0.030690,0.002513,0.000000,0.120000,0.000000,0.934931,0.000251,-0.001136,-0.022609,-0.005448,-0.010521,-0.014721,0.013890,0
1790542468.6580,0.006969,-0.057680,0.009224,-0.023242,0.006969,0.000000,0.120000,0.000000,0.965010,0.000697,-0.001134,0.009661,-0.005768,-0.010541,-0.006933,0.013836,0
1790542468.6724,-0.001523,-0.066872,-0.019381,-0.036840,-0.001523,0.000000,0.120000,0.000000,0.995615,-0.000152,-0.001135,-0.018094,-0.006687,-0.010565,-0.019588,0.014079,0
1790542468.6870,0.001215,-0.080636,0.004501,-0.046381,0.001215,0.000000,0.120000,0.000000,0.027995,0.000121,-0.001134,0.005514,-0.008064,-0.010595,-0.027723,0.014894,0
1790542468.7007,0.010216,-0.095020,0.019622,-0.051658,0.010216,0.000000,0.120000,0.000000,0.057748,0.001022,-0.001131,0.019731,-0.009502,-0.010627,-0.031529,0.013687,0
1790542468.7144,0.022884,-0.105569,0.028748,-0.044191,0.022884,0.000000,0.120000,0.000000,0.087699,0.002288,-0.001123,0.027583,-0.010557,-0.010664,-0.022971,0.013777,0
1790542468.7285,0.034682,-0.111539,0.027469,-0.034563,0.034682,0.000000,0.120000,0.000000,0.118340,0.003468,-0.001110,0.025111,-0.011154,-0.010703,-0.012706,0.014095,0
1790542468.7427,0.047642,-0.113956,0.030976,-0.027230,0.047642,0.000000,0.120000,0.000000,0.149294,0.004764,-0.001093,0.027305,-0.011396,-0.010743,-0.005091,0.014239,0
1790542468.7572,0.037910,-0.112154,-0.017897,-0.018183,0.037910,0.000000,0.120000,0.000000,0.180092,0.003791,-0.001080,-0.020608,-0.011215,-0.010783,0.003816,0.014167,0
1790542468.7715,0.030853,-0.097536,-0.012471,0.009441,0.030853,0.000000,0.120000,0.000000,0.211856,0.003085,-0.001069,-0.014488,-0.009754,-0.010819,0.030014,0.014611,0
1790542468.7855,0.024547,-0.078626,-0.012093,0.021734,0.024547,0.000000,0.120000,0.000000,0.242350,0.002455,-0.001060,-0.013488,-0.007863,-0.010846,0.040443,0.014027,0
1790542468.7996,0.018795,-0.058135,-0.011519,0.027296,0.018795,0.000000,0.120000,0.000000,0.272737,0.001880,-0.001054,-0.012345,-0.005814,-0.010867,0.043977,0.013978,0
1790542468.8137,0.014570,-0.038915,-0.008536,0.025916,0.014570,0.000000,0.120000,0.000000,0.303544,0.001457,-0.001048,-0.008944,-0.003892,-0.010880,0.040688,0.014171,0
1790542468.8278,0.015326,-0.034521,0.002096,-0.005006,0.015326,0.000000,0.120000,0.000000,0.334232,0.001533,-0.001043,0.001607,-0.003452,-0.010893,0.009339,0.014117,0
1790542468.8417,0.020731,-0.048603,0.012648,-0.046023,0.020731,0.000000,0.120000,0.000000,0.364589,0.002073,-0.001036,0.011611,-0.004860,-0.010910,-0.030253,0.013964,0
1790542468.8558,0.022025,-0.061301,0.003967,-0.044450,0.022025,0.000000,0.120000,0.000000,0.394826,0.002203,-0.001028,0.002793,-0.006130,-0.010931,-0.027389,0.013909,0
1790542468.8700,0.029585,-0.068882,0.017876,-0.033823,0.029585,0.000000,0.120000,0.000000,0.425765,0.002959,-0.001018,0.015935,-0.006888,-0.010955,-0.015979,0.014232,0
1790542468.8840,0.032196,-0.075035,0.007769,-0.031577,0.032196,0.000000,0.120000,0.000000,0.456417,0.003220,-0.001006,0.005556,-0.007503,-0.010982,-0.013092,0.014100,0
1790542468.8980,0.022797,-0.084146,-0.018809,-0.038901,0.022797,0.000000,0.120000,0.000000,0.486929,0.002280,-0.000998,-0.020091,-0.008415,-0.011011,-0.019475,0.014035,0
1790542468.9120,0.010960,-0.096034,-0.025287,-0.046146,0.010960,0.000000,0.120000,0.000000,0.517336,0.001096,-0.000994,-0.025388,-0.009603,-0.011045,-0.025498,0.013988,0
1790542468.9260,-0.001538,-0.101567,-0.028558,-0.033371,-0.001538,0.000000,0.120000,0.000000,0.547073,-0.000154,-0.000995,-0.027409,-0.010157,-0.011080,-0.012134,0.013679,0
1790542468.9402,-0.010339,-0.100796,-0.020353,-0.019589,-0.010339,0.000000,0.120000,0.000000,0.578403,-0.001034,-0.000999,-0.018320,-0.010080,-0.011116,0.001606,0.014412,0
1790542468.9543,-0.016328,-0.100541,-0.015313,-0.020666,-0.016328,0.000000,0.120000,0.000000,0.609216,-0.001633,-0.001004,-0.012676,-0.010054,-0.011152,0.000540,0.014174,0
1790542468.9684,-0.019808,-0.101100,-0.010436,-0.022495,-0.019808,0.000000,0.120000,0.000000,0.639707,-0.001981,-0.001011,-0.007444,-0.010110,-0.011187,-0.001197,0.014026,0
1790542468.9825,-0.011127,-0.102684,0.016254,-0.024845,-0.011127,0.000000,0.120000,0.000000,0.670504,-0.001113,-0.001015,0.018382,-0.010268,-0.011223,-0.003354,0.014166,0
1790542468.9964,0.000499,-0.098703,0.024003,-0.012579,0.000499,0.000000,0.120000,0.000000,0.700873,0.000050,-0.001015,0.024969,-0.009870,-0.011258,0.008550,0.013970,0
1790542469.0105,0.005473,-0.090630,0.010123,-0.003167,0.005473,0.000000,0.120000,0.000000,0.731508,0.000547,-0.001013,0.010589,-0.009063,-0.011290,0.017185,0.014092,0
1790542469.0246,0.012335,-0.076361,0.014932,0.011631,0.012335,0.000000,0.120000,0.000000,0.761936,0.001234,-0.001009,0.014708,-0.007636,-0.011317,0.030583,0.013997,0
1790542469.0387,0.019518,-0.059505,0.016183,0.018459,0.019518,0.000000,0.120000,0.000000,0.792689,0.001952,-0.001002,0.015233,-0.005951,-0.011338,0.035747,0.014146,0
1790542469.0526,0.028829,-0.046157,0.021983,0.012835,0.028829,0.000000,0.120000,0.000000,0.822909,0.002883,-0.000992,0.020092,-0.004616,-0.011354,0.028805,0.013901,0
1790542469.0668,0.037125,-0.036107,0.020308,0.006312,0.037125,0.000000,0.120000,0.000000,0.853697,0.003713,-0.000979,0.017574,-0.003611,-0.011366,0.021289,0.014163,0
1790542469.0811,0.033013,-0.036684,-0.006260,-0.016253,0.033013,0.000000,0.120000,0.000000,0.884903,0.003301,-0.000967,-0.008594,-0.003668,-0.011380,-0.001205,0.014355,0
1790542469.0952,0.032993,-0.045083,0.002301,-0.033700,0.032993,0.000000,0.120000,0.000000,0.915684,0.003299,-0.000955,-0.000043,-0.004508,-0.011396,-0.017796,0.014159,0
1790542469.1092,0.032826,-0.053017,0.001981,-0.033679,0.032826,0.000000,0.120000,0.000000,0.946188,0.003283,-0.000944,-0.000357,-0.005302,-0.011414,-0.016963,0.014032,0
1790542469.1233,0.031802,-0.061546,0.000049,-0.035918,0.031802,0.000000,0.120000,0.000000,0.976535,0.003180,-0.000933,-0.002199,-0.006155,-0.011436,-0.018328,0.013960,0
1790542469.1375,0.044347,-0.072544,0.029991,-0.041925,0.044347,0.000000,0.120000,0.000000,0.007439,0.004435,-0.000917,0.026473,-0.007254,-0.011461,-0.023209,0.014216,0
1790542469.1512,0.053180,-0.082911,0.023787,-0.042512,0.053180,0.000000,0.120000,0.000000,0.037182,0.005318,-0.000899,0.019368,-0.008291,-0.011490,-0.022731,0.013682,0
1790542469.1650,0.064436,-0.093135,0.030033,-0.043061,0.064436,0.000000,0.120000,0.000000,0.067185,0.006444,-0.000877,0.024466,-0.009314,-0.011522,-0.022225,0.013801,0
1790542469.1794,0.081216,-0.100621,0.042679,-0.037413,0.081216,0.000000,0.120000,0.000000,0.098096,0.008122,-0.000848,0.035405,-0.010062,-0.011558,-0.015793,0.014219,0
1790542469.1936,0.089697,-0.108255,0.025971,-0.038461,0.089697,0.000000,0.120000,0.000000,0.129138,0.008970,-0.000816,0.017817,-0.010825,-0.011596,-0.016039,0.014280,0
1790542469.2080,0.078860,-0.114879,-0.015392,-0.036872,0.078860,0.000000,0.120000,0.000000,0.160563,0.007886,-0.000787,-0.022490,-0.011488,-0.011638,-0.013746,0.014456,0
1790542469.2221,0.057320,-0.103973,-0.040739,0.001068,0.057320,0.000000,0.120000,0.000000,0.191300,0.005732,-0.000767,-0.045704,-0.010397,-0.011675,0.023140,0.014139,0
1790542469.2363,0.054673,-0.089609,-0.000877,0.009710,0.054673,0.000000,0.120000,0.000000,0.222137,0.005467,-0.000748,-0.005597,-0.008961,-0.011706,0.030377,0.014185,0
1790542469.2502,0.047251,-0.073370,-0.011973,0.015867,0.047251,0.000000,0.120000,0.000000,0.252453,0.004725,-0.000731,-0.015967,-0.007337,-0.011732,0.034936,0.013945,0
1790542469.2641,0.043788,-0.059544,-0.003760,0.011927,0.043788,0.000000,0.120000,0.000000,0.282880,0.004379,-0.000716,-0.007423,-0.005954,-0.011753,0.029634,0.013997,0
1790542469.2781,0.028749,-0.047855,-0.030224,0.008623,0.028749,0.000000,0.120000,0.000000,0.313158,0.002875,-0.000706,-0.032393,-0.004785,-0.011769,0.025178,0.013928,0
1790542469.2920,0.024490,-0.045689,-0.007457,-0.011671,0.024490,0.000000,0.120000,0.000000,0.343322,0.002449,-0.000697,-0.009209,-0.004569,-0.011785,0.004683,0.013875,0
1790542469.3062,0.033913,-0.055093,0.022663,-0.037230,0.033913,0.000000,0.120000,0.000000,0.374115,0.003391,-0.000685,0.019957,-0.005509,-0.011805,-0.019916,0.014165,0
1790542469.3202,0.033338,-0.063987,0.001435,-0.037190,0.033338,0.000000,0.120000,0.000000,0.404702,0.003334,-0.000673,-0.001225,-0.006399,-0.011827,-0.018964,0.014070,0
1790542469.3341,0.034526,-0.074502,0.005342,-0.041885,0.034526,0.000000,0.120000,0.000000,0.435070,0.003453,-0.000661,0.002551,-0.007450,-0.011853,-0.022582,0.013969,0
1790542469.3481,0.033846,-0.088625,0.001268,-0.051207,0.033846,0.000000,0.120000,0.000000,0.465308,0.003385,-0.000650,-0.001467,-0.008863,-0.011884,-0.030461,0.013910,0
1790542469.3621,0.019636,-0.098212,-0.029276,-0.042382,0.019636,0.000000,0.120000,0.000000,0.495597,0.001964,-0.000643,-0.030597,-0.009821,-0.011918,-0.020642,0.013933,0
1790542469.3761,0.001342,-0.105402,-0.039745,-0.037917,0.001342,0.000000,0.120000,0.000000,0.526006,0.000134,-0.000642,-0.039237,-0.010540,-0.011955,-0.015422,0.013988,0
1790542469.3898,-0.013441,-0.111447,-0.034231,-0.036322,-0.013441,0.000000,0.120000,0.000000,0.555909,-0.001344,-0.000647,-0.032240,-0.011145,-0.011994,-0.013183,0.013756,0
1790542469.4037,-0.021479,-0.112596,-0.020201,-0.025779,-0.021479,0.000000,0.120000,0.000000,0.586040,-0.002148,-0.000654,-0.017398,-0.011260,-0.012033,-0.002487,0.013860,0
1790542469.4177,-0.016306,-0.113016,0.008781,-0.024273,-0.016306,0.000000,0.120000,0.000000,0.616515,-0.001631,-0.000660,0.011072,-0.011302,-0.012072,-0.000899,0.014019,0
1790542469.4319,-0.008452,-0.108920,0.015309,-0.014232,-0.008452,0.000000,0.120000,0.000000,0.646974,-0.000845,-0.000663,0.016818,-0.010892,-0.012110,0.008770,0.014011,0
1790542469.4464,-0.006050,-0.108221,0.003671,-0.021532,-0.006050,0.000000,0.120000,0.000000,0.678665,-0.000605,-0.000665,0.004942,-0.010822,-0.012150,0.001440,0.014578,0
1790542469.4605,0.003195,-0.107048,0.019141,-0.020421,0.003195,0.000000,0.120000,0.000000,0.709607,0.000319,-0.000664,0.019485,-0.010705,-0.012188,0.002471,0.014233,0
1790542469.4745,0.015683,-0.101241,0.027722,-0.009881,0.015683,0.000000,0.120000,0.000000,0.739984,0.001568,-0.000659,0.026812,-0.010124,-0.012223,0.012467,0.013973,0
1790542469.4885,0.021074,-0.091287,0.012903,-0.000249,0.021074,0.000000,0.120000,0.000000,0.770698,0.002107,-0.000651,0.011447,-0.009129,-0.012255,0.021136,0.014128,0
1790542469.5026,0.030267,-0.077914,0.022076,0.008571,0.030267,0.000000,0.120000,0.000000,0.801145,0.003027,-0.000641,0.019690,-0.007791,-0.012283,0.028645,0.014006,0
1790542469.5165,0.036873,-0.062194,0.017251,0.015245,0.036873,0.000000,0.120000,0.000000,0.831505,0.003687,-0.000628,0.014192,-0.006219,-0.012304,0.033769,0.013965,0
1790542469.5303,0.031745,-0.052423,-0.008547,0.003594,0.031745,0.000000,0.120000,0.000000,0.861623,0.003174,-0.000617,-0.011104,-0.005242,-0.012323,0.021159,0.013854,0
1790542469.5443,0.021558,-0.056235,-0.020401,-0.026179,0.021558,0.000000,0.120000,0.000000,0.891895,0.002156,-0.000609,-0.021947,-0.005624,-0.012342,-0.008213,0.013925,0
1790542469.5583,0.023062,-0.068710,0.004947,-0.046123,0.023062,0.000000,0.120000,0.000000,0.922156,0.002306,-0.000601,0.003242,-0.006871,-0.012366,-0.026886,0.013920,0
1790542469.5724,0.025289,-0.077074,0.006659,-0.037840,0.025289,0.000000,0.120000,0.000000,0.952904,0.002529,-0.000592,0.004723,-0.007707,-0.012393,-0.017739,0.014144,0
1790542469.5864,0.028976,-0.089131,0.010169,-0.047020,0.028976,0.000000,0.120000,0.000000,0.983522,0.002898,-0.000582,0.007853,-0.008913,-0.012425,-0.025682,0.014084,0
1790542469.6005,0.046390,-0.103212,0.041257,-0.052849,0.046390,0.000000,0.120000,0.000000,0.014066,0.004639,-0.000566,0.037184,-0.010321,-0.012461,-0.030067,0.014050,0
1790542469.6142,0.062090,-0.114822,0.039952,-0.049337,0.062090,0.000000,0.120000,0.000000,0.043930,0.006209,-0.000544,0.034287,-0.011482,-0.012500,-0.025354,0.013737,0
1790542469.6281,0.069518,-0.118781,0.022680,-0.033080,0.069518,0.000000,0.120000,0.000000,0.073741,0.006952,-0.000521,0.016249,-0.011878,-0.012541,-0.008661,0.013713,0
1790542469.6421,0.080270,-0.121620,0.030456,-0.030798,0.080270,0.000000,0.120000,0.000000,0.104332,0.008027,-0.000492,0.022922,-0.012162,-0.012584,-0.006052,0.014072,0
1790542469.6560,0.089427,-0.126184,0.028066,-0.035007,0.089427,0.000000,0.120000,0.000000,0.134827,0.008943,-0.000461,0.019584,-0.012618,-0.012628,-0.009761,0.014028,0
1790542469.6700,0.084045,-0.132861,-0.003649,-0.040377,0.084045,0.000000,0.120000,0.000000,0.165032,0.008404,-0.000432,-0.011621,-0.013286,-0.012674,-0.014416,0.013894,0
1790542469.6842,0.074566,-0.124039,-0.013444,-0.006047,0.074566,0.000000,0.120000,0.000000,0.195194,0.007457,-0.000406,-0.020495,-0.012404,-0.012717,0.019075,0.013875,0
1790542469.6984,0.063975,-0.111303,-0.015828,0.002379,0.063975,0.000000,0.120000,0.000000,0.226816,0.006397,-0.000383,-0.021842,-0.011130,-0.012758,0.026267,0.014546,0
1790542469.7123,0.055841,-0.098756,-0.012302,0.004361,0.055841,0.000000,0.120000,0.000000,0.257089,0.005584,-0.000363,-0.017523,-0.009876,-0.012792,0.027029,0.013926,0
1790542469.7264,0.048014,-0.085669,-0.012225,0.006501,0.048014,0.000000,0.120000,0.000000,0.287693,0.004801,-0.000346,-0.016680,-0.008567,-0.012822,0.027890,0.014078,0
1790542469.7403,0.042531,-0.073259,-0.007856,0.006483,0.042531,0.000000,0.120000,0.000000,0.318054,0.004253,-0.000332,-0.011778,-0.007326,-0.012848,0.026657,0.013966,0
1790542469.7543,0.034367,-0.057385,-0.014479,0.015608,0.034367,0.000000,0.120000,0.000000,0.348313,0.003437,-0.000320,-0.017596,-0.005738,-0.012868,0.034214,0.013919,0
1790542469.7685,0.035538,-0.052262,0.005771,-0.007075,0.035538,0.000000,0.120000,0.000000,0.378582,0.003554,-0.000307,0.002524,-0.005226,-0.012886,0.011037,0.013924,0
1790542469.7841,0.047312,-0.062839,0.027122,-0.039569,0.047312,0.000000,0.120000,0.000000,0.412438,0.004731,-0.000289,0.022680,-0.006284,-0.012911,-0.020375,0.015574,0
1790542469.7988,0.037433,-0.077111,-0.016681,-0.049762,0.037433,0.000000,0.120000,0.000000,0.444411,0.003743,-0.000275,-0.020150,-0.007711,-0.012939,-0.029112,0.014708,0
1790542469.8133,0.038494,-0.090932,0.005766,-0.050430,0.038494,0.000000,0.120000,0.000000,0.476189,0.003849,-0.000261,0.002178,-0.009093,-0.012972,-0.028365,0.014618,0
1790542469.8277,0.027607,-0.104332,-0.020404,-0.051645,0.027607,0.000000,0.120000,0.000000,0.507175,0.002761,-0.000251,-0.022914,-0.010433,-0.013009,-0.028202,0.014254,0
1790542469.8418,0.010493,-0.116100,-0.035017,-0.049291,0.010493,0.000000,0.120000,0.000000,0.538337,0.001049,-0.000247,-0.035818,-0.011610,-0.013051,-0.024630,0.014334,0
1790542469.8556,-0.009224,-0.126442,-0.043860,-0.048128,-0.009224,0.000000,0.120000,0.000000,0.568461,-0.000922,-0.000251,-0.042687,-0.012644,-0.013095,-0.022389,0.013857,0
1790542469.8695,-0.020785,-0.135242,-0.027285,-0.045658,-0.020785,0.000000,0.120000,0.000000,0.598682,-0.002078,-0.000258,-0.024949,-0.013524,-0.013142,-0.018992,0.013901,0
1790542469.8837,-0.017408,-0.141954,0.005212,-0.041731,-0.017408,0.000000,0.120000,0.000000,0.629198,-0.001741,-0.000264,0.007217,-0.014195,-0.013192,-0.014344,0.014037,0
1790542469.8979,-0.008211,-0.141741,0.018089,-0.026972,-0.008211,0.000000,0.120000,0.000000,0.660475,-0.000821,-0.000267,0.019177,-0.014174,-0.013243,0.000445,0.014387,0
1790542469.9119,-0.007209,-0.139578,0.001159,-0.022609,-0.007209,0.000000,0.120000,0.000000,0.690870,-0.000721,-0.000269,0.002150,-0.013958,-0.013291,0.004640,0.013982,0
1790542469.9257,0.000944,-0.130270,0.017419,-0.006278,0.000944,0.000000,0.120000,0.000000,0.721093,0.000094,-0.000269,0.017594,-0.013027,-0.013337,0.020085,0.013902,0
1790542469.9402,0.007171,-0.112716,0.013731,0.012793,0.007171,0.000000,0.120000,0.000000,0.751670,0.000717,-0.000267,0.013281,-0.011272,-0.013376,0.037441,0.014066,0
1790542469.9544,0.017830,-0.088919,0.023531,0.026835,0.017830,0.000000,0.120000,0.000000,0.783256,0.001783,-0.000260,0.022008,-0.008892,-0.013409,0.049136,0.014530,0
1790542469.9686,0.024271,-0.063151,0.015752,0.034564,0.024271,0.000000,0.120000,0.000000,0.814199,0.002427,-0.000251,0.013576,-0.006315,-0.013431,0.054310,0.014234,0
1790542469.9826,0.040381,-0.044420,0.038294,0.022216,0.040381,0.000000,0.120000,0.000000,0.844659,0.004038,-0.000237,0.034493,-0.004442,-0.013447,0.040105,0.014011,0
1790542469.9965,0.038006,-0.040958,-0.001544,-0.010091,0.038006,0.000000,0.120000,0.000000,0.874903,0.003801,-0.000224,-0.005121,-0.004096,-0.013461,0.007466,0.013912,0
1790542470.0106,0.027432,-0.052442,-0.020059,-0.043254,0.027432,0.000000,0.120000,0.000000,0.905434,0.002743,-0.000214,-0.022588,-0.005244,-0.013479,-0.024530,0.014045,0
1790542470.0245,0.023827,-0.054046,-0.005581,-0.022354,0.023827,0.000000,0.120000,0.000000,0.935740,0.002383,-0.000206,-0.007758,-0.005405,-0.013498,-0.003451,0.013941,0
1790542470.0385,0.024125,-0.057100,0.002857,-0.025787,0.024125,0.000000,0.120000,0.000000,0.966108,0.002413,-0.000198,0.000642,-0.005710,-0.013518,-0.006559,0.013969,0
1790542470.0524,0.018760,-0.064580,-0.009826,-0.036048,0.018760,0.000000,0.120000,0.000000,0.996505,0.001876,-0.000191,-0.011511,-0.006458,-0.013541,-0.016049,0.013983,0
1790542470.0663,0.026687,-0.075806,0.019585,-0.045365,0.026687,0.000000,0.120000,0.000000,0.026738,0.002669,-0.000182,0.017098,-0.007581,-0.013567,-0.024217,0.013907,0
1790542470.0800,0.033257,-0.082599,0.017596,-0.036783,0.033257,0.000000,0.120000,0.000000,0.056412,0.003326,-0.000170,0.014441,-0.008260,-0.013595,-0.014928,0.013650,0
1790542470.0936,0.037005,-0.085086,0.011795,-0.027610,0.037005,0.000000,0.120000,0.000000,0.086024,0.003700,-0.000158,0.008253,-0.008509,-0.013624,-0.005477,0.013622,0
1790542470.1075,0.043994,-0.083647,0.019276,-0.018927,0.043994,0.000000,0.120000,0.000000,0.116374,0.004399,-0.000143,0.015019,-0.008365,-0.013653,0.003091,0.013961,0
1790542470.1215,0.048298,-0.083077,0.013965,-0.020762,0.048298,0.000000,0.120000,0.000000,0.146681,0.004830,-0.000126,0.009261,-0.008308,-0.013682,0.001228,0.013942,0
1790542470.1354,0.056981,-0.083223,0.024358,-0.022349,0.056981,0.000000,0.120000,0.000000,0.176859,0.005698,-0.000106,0.018765,-0.008322,-0.013711,-0.000315,0.013882,0
1790542470.1493,0.060894,-0.081009,0.014393,-0.017095,0.060894,0.000000,0.120000,0.000000,0.207285,0.006089,-0.000085,0.008388,-0.008101,-0.013740,0.004745,0.013996,0
1790542470.1632,0.050614,-0.078992,-0.017255,-0.017302,0.050614,0.000000,0.120000,0.000000,0.237418,0.005061,-0.000067,-0.022250,-0.007899,-0.013767,0.004364,0.013861,0
1790542470.1773,0.046380,-0.069240,-0.004433,0.000063,0.046380,0.000000,0.120000,0.000000,0.268028,0.004638,-0.000051,-0.009020,-0.006924,-0.013791,0.020778,0.014080,0
1790542470.1919,0.040838,-0.059237,-0.007704,0.001472,0.040838,0.000000,0.120000,0.000000,0.298786,0.004084,-0.000036,-0.011751,-0.005924,-0.013812,0.021208,0.014149,0
1790542470.2062,0.033215,-0.051927,-0.012375,-0.003996,0.033215,0.000000,0.120000,0.000000,0.330511,0.003321,-0.000024,-0.015672,-0.005193,-0.013831,0.015028,0.014593,0
1790542470.2201,0.029130,-0.042414,-0.005830,0.002241,0.029130,0.000000,0.120000,0.000000,0.361033,0.002913,-0.000014,-0.008729,-0.004241,-0.013846,0.020328,0.014040,0
1790542470.2342,0.034244,-0.046009,0.014345,-0.026142,0.034244,0.000000,0.120000,0.000000,0.391568,0.003424,-0.000002,0.010922,-0.004601,-0.013862,-0.007679,0.014046,0
1790542470.2481,0.037217,-0.054189,0.010121,-0.036874,0.037217,0.000000,0.120000,0.000000,0.421923,0.003722,0.000011,0.006388,-0.005419,-0.013881,-0.017574,0.013963,0
1790542470.2621,0.032410,-0.060987,-0.007059,-0.034603,0.032410,0.000000,0.120000,0.000000,0.452288,0.003241,0.000022,-0.010323,-0.006099,-0.013902,-0.014601,0.013968,0
1790542470.2760,0.032209,-0.066010,0.002819,-0.031392,0.032209,0.000000,0.120000,0.000000,0.482438,0.003221,0.000034,-0.000436,-0.006601,-0.013925,-0.010865,0.013869,0
1790542470.2900,0.026992,-0.072007,-0.008438,-0.034002,0.026992,0.000000,0.120000,0.000000,0.512871,0.002699,0.000043,-0.011181,-0.007201,-0.013950,-0.012851,0.013999,0
1790542470.3036,0.015766,-0.077508,-0.023068,-0.033829,0.015766,0.000000,0.120000,0.000000,0.542519,0.001577,0.000048,-0.024693,-0.007751,-0.013977,-0.012101,0.013638,0
1790542470.3171,0.004754,-0.083163,-0.023925,-0.034878,0.004754,0.000000,0.120000,0.000000,0.571893,0.000475,0.000050,-0.024450,-0.008316,-0.014005,-0.012557,0.013512,0
1790542470.3310,-0.004483,-0.088194,-0.020329,-0.033709,-0.004483,0.000000,0.120000,0.000000,0.602120,-0.000448,0.000048,-0.019929,-0.008819,-0.014036,-0.010854,0.013904,0
1790542470.3449,-0.011681,-0.093943,-0.016633,-0.035851,-0.011681,0.000000,0.120000,0.000000,0.632389,-0.001168,0.000044,-0.015509,-0.009394,-0.014068,-0.012388,0.013924,0
1790542470.3588,-0.006549,-0.097610,0.010510,-0.031810,-0.006549,0.000000,0.120000,0.000000,0.662477,-0.000655,0.000042,0.011123,-0.009761,-0.014102,-0.007947,0.013841,0
1790542470.3728,0.000968,-0.093032,0.016226,-0.013641,0.000968,0.000000,0.120000,0.000000,0.692952,0.000097,0.000042,0.016087,-0.009303,-0.014135,0.009797,0.014018,0
1790542470.3868,0.007221,-0.085482,0.014136,-0.006572,0.007221,0.000000,0.120000,0.000000,0.723456,0.000722,0.000045,0.013369,-0.008548,-0.014165,0.016141,0.014032,0
1790542470.4008,0.017780,-0.073065,0.024459,0.005115,0.017780,0.000000,0.120000,0.000000,0.753886,0.001778,0.000051,0.022630,-0.007307,-0.014190,0.026611,0.013998,0
1790542470.4148,0.027735,-0.058007,0.024239,0.012364,0.027735,0.000000,0.120000,0.000000,0.784220,0.002774,0.000061,0.021404,-0.005801,-0.014211,0.032375,0.013953,0
1790542470.4288,0.033769,-0.040726,0.016409,0.018818,0.033769,0.000000,0.120000,0.000000,0.814584,0.003377,0.000073,0.012960,-0.004073,-0.014225,0.037116,0.013968,0
1790542470.4432,0.031773,-0.029219,-0.000981,0.007299,0.031773,0.000000,0.120000,0.000000,0.845271,0.003177,0.000084,-0.004242,-0.002922,-0.014235,0.024456,0.014116,0
1790542470.4574,0.022033,-0.031638,-0.017904,-0.022426,0.022033,0.000000,0.120000,0.000000,0.876719,0.002203,0.000092,-0.020199,-0.003164,-0.014247,-0.005016,0.014466,0
1790542470.4713,0.025028,-0.036545,0.009046,-0.028471,0.025028,0.000000,0.120000,0.000000,0.907036,0.002503,0.000101,0.006442,-0.003655,-0.014259,-0.010557,0.013946,0
1790542470.4853,0.019487,-0.041485,-0.009886,-0.029069,0.019487,0.000000,0.120000,0.000000,0.937297,0.001949,0.000107,-0.011942,-0.004149,-0.014274,-0.010647,0.013920,0
1790542470.4993,0.017296,-0.051901,-0.002805,-0.041583,0.017296,0.000000,0.120000,0.000000,0.968032,0.001730,0.000113,-0.004649,-0.005190,-0.014292,-0.022101,0.014138,0
1790542470.5133,0.029170,-0.066294,0.028531,-0.051843,0.029170,0.000000,0.120000,0.000000,0.998411,0.002917,0.000124,0.025490,-0.006629,-0.014315,-0.030898,0.013975,0
1790542470.5272,0.040604,-0.078447,0.028928,-0.048471,0.040604,0.000000,0.120000,0.000000,0.028566,0.004060,0.000138,0.024730,-0.007845,-0.014342,-0.026284,0.013871,0
1790542470.5408,0.045988,-0.082986,0.016637,-0.032690,0.045988,0.000000,0.120000,0.000000,0.058106,0.004599,0.000153,0.011885,-0.008299,-0.014371,-0.010021,0.013588,0
1790542470.5546,0.054344,-0.084712,0.023856,-0.026642,0.054344,0.000000,0.120000,0.000000,0.087970,0.005434,0.000172,0.018250,-0.008471,-0.014400,-0.003771,0.013737,0
1790542470.5686,0.061327,-0.086633,0.021262,-0.027202,0.061327,0.000000,0.120000,0.000000,0.118458,0.006133,0.000194,0.014935,-0.008663,-0.014430,-0.004109,0.014025,0
1790542470.5826,0.066640,-0.087112,0.018249,-0.024196,0.066640,0.000000,0.120000,0.000000,0.148937,0.006664,0.000217,0.011369,-0.008711,-0.014461,-0.001024,0.014020,0
1790542470.5966,0.060779,-0.084992,-0.006216,-0.018457,0.060779,0.000000,0.120000,0.000000,0.179433,0.006078,0.000238,-0.012532,-0.008499,-0.014490,0.004532,0.014028,0
1790542470.6107,0.046637,-0.078409,-0.025226,-0.008327,0.046637,0.000000,0.120000,0.000000,0.210030,0.004664,0.000255,-0.030145,-0.007841,-0.014518,0.014032,0.014075,0
1790542470.6246,0.039209,-0.066932,-0.011814,0.003491,0.039209,0.000000,0.120000,0.000000,0.240302,0.003921,0.000268,-0.016003,-0.006693,-0.014541,0.024726,0.013925,0
1790542470.6391,0.031913,-0.058796,-0.011643,-0.003586,0.031913,0.000000,0.120000,0.000000,0.271783,0.003191,0.000280,-0.015114,-0.005880,-0.014563,0.016856,0.014481,0
1790542470.6531,0.026782,-0.045043,-0.007994,0.010294,0.026782,0.000000,0.120000,0.000000,0.302313,0.002678,0.000289,-0.010961,-0.004504,-0.014578,0.029377,0.014044,0
1790542470.6671,0.020939,-0.033458,-0.010119,0.006868,0.020939,0.000000,0.120000,0.000000,0.332774,0.002094,0.000297,-0.012509,-0.003346,-0.014590,0.024804,0.014012,0
1790542470.6812,0.024236,-0.033999,0.009769,-0.019156,0.024236,0.000000,0.120000,0.000000,0.363316,0.002424,0.000305,0.007040,-0.003400,-0.014602,-0.001154,0.014049,0
1790542470.6957,0.035437,-0.045685,0.027558,-0.043909,0.035437,0.000000,0.120000,0.000000,0.394143,0.003544,0.000318,0.023697,-0.004568,-0.014618,-0.024723,0.014180,0
1790542470.7099,0.034468,-0.058584,0.001767,-0.047248,0.034468,0.000000,0.120000,0.000000,0.425591,0.003447,0.000330,-0.002010,-0.005858,-0.014639,-0.026750,0.014466,0
1790542470.7240,0.031207,-0.069053,-0.003469,-0.043818,0.031207,0.000000,0.120000,0.000000,0.456281,0.003121,0.000341,-0.006931,-0.006905,-0.014664,-0.022248,0.014117,0
1790542470.7379,0.023490,-0.078559,-0.013900,-0.042993,0.023490,0.000000,0.120000,0.000000,0.486603,0.002349,0.000349,-0.016598,-0.007856,-0.014691,-0.020446,0.013948,0
1790542470.7519,0.008294,-0.086093,-0.031298,-0.039435,0.008294,0.000000,0.120000,0.000000,0.517115,0.000829,0.000352,-0.032479,-0.008609,-0.014721,-0.016104,0.014035,0
1790542470.7656,-0.007171,-0.092197,-0.034294,-0.037362,-0.007171,0.000000,0.120000,0.000000,0.546843,-0.000717,0.000350,-0.033927,-0.009220,-0.014753,-0.013389,0.013675,0
1790542470.7791,-0.019467,-0.097658,-0.028925,-0.036685,-0.019467,0.000000,0.120000,0.000000,0.576196,-0.001947,0.000343,-0.027322,-0.009766,-0.014786,-0.012133,0.013502,0
1790542470.7930,-0.028026,-0.103396,-0.020945,-0.037548,-0.028026,0.000000,0.120000,0.000000,0.606407,-0.002803,0.000333,-0.018476,-0.010340,-0.014822,-0.012387,0.013897,0
1790542470.8070,-0.022211,-0.110289,0.010559,-0.040653,-0.022211,0.000000,0.120000,0.000000,0.636857,-0.002221,0.000326,0.012455,-0.011029,-0.014860,-0.014763,0.014007,0
1790542470.8209,-0.013230,-0.111519,0.018417,-0.028711,-0.013230,0.000000,0.120000,0.000000,0.667018,-0.001323,0.000321,0.019419,-0.011152,-0.014899,-0.002660,0.013874,0
1790542470.8349,-0.008132,-0.110359,0.010423,-0.023489,-0.008132,0.000000,0.120000,0.000000,0.697471,-0.000813,0.000318,0.010918,-0.011036,-0.014938,0.002485,0.014009,0
1790542470.8489,-0.005513,-0.103730,0.005339,-0.011241,-0.005513,0.000000,0.120000,0.000000,0.728116,-0.000551,0.000316,0.005574,-0.010373,-0.014974,0.014107,0.014096,0
1790542470.8628,-0.001146,-0.090049,0.009654,0.005603,-0.001146,0.000000,0.120000,0.000000,0.758245,-0.000115,0.000316,0.009453,-0.009005,-0.015006,0.029614,0.013859,0
1790542470.8767,0.000055,-0.072175,0.002914,0.016330,0.000055,0.000000,0.120000,0.000000,0.788462,0.000006,0.000316,0.002592,-0.007217,-0.015031,0.038578,0.013900,0
1790542470.8908,0.007623,-0.052298,0.017219,0.022103,0.007623,0.000000,0.120000,0.000000,0.819048,0.000762,0.000319,0.016138,-0.005230,-0.015049,0.042382,0.014070,0
1790542470.9047,0.014081,-0.031547,0.015646,0.026502,0.014081,0.000000,0.120000,0.000000,0.849313,0.001408,0.000323,0.013915,-0.003155,-0.015060,0.044717,0.013922,0
1790542470.9186,0.003792,-0.023225,-0.021496,0.000567,0.003792,0.000000,0.120000,0.000000,0.879537,0.000379,0.000325,-0.022200,-0.002322,-0.015068,0.017957,0.013903,0
1790542470.9325,0.003932,-0.027224,0.001020,-0.026404,0.003932,0.000000,0.120000,0.000000,0.909847,0.000393,0.000326,0.000300,-0.002722,-0.015078,-0.008604,0.013943,0
1790542470.9470,0.004771,-0.031481,0.002581,-0.027248,0.004771,0.000000,0.120000,0.000000,0.940655,0.000477,0.000328,0.001776,-0.003148,-0.015089,-0.009012,0.014171,0
1790542470.9614,-0.000902,-0.035022,-0.011418,-0.025881,-0.000902,0.000000,0.120000,0.000000,0.972396,-0.000090,0.000328,-0.011655,-0.003502,-0.015101,-0.007277,0.014601,0
1790542470.9755,-0.001430,-0.039668,-0.000942,-0.028984,-0.001430,0.000000,0.120000,0.000000,0.002995,-0.000143,0.000327,-0.001126,-0.003967,-0.015115,-0.009901,0.014076,0
1790542470.9892,0.008394,-0.052763,0.022609,-0.048987,0.008394,0.000000,0.120000,0.000000,0.032880,0.000839,0.000330,0.021440,-0.005276,-0.015134,-0.028577,0.013747,0
1790542471.0029,0.018752,-0.063421,0.024840,-0.044782,0.018752,0.000000,0.120000,0.000000,0.062731,0.001875,0.000336,0.022629,-0.006342,-0.015155,-0.023285,0.013731,0
1790542471.0165,0.027834,-0.064712,0.023187,-0.024500,0.027834,0.000000,0.120000,0.000000,0.092263,0.002783,0.000346,0.020058,-0.006471,-0.015177,-0.002851,0.013585,0
1790542471.0304,0.033712,-0.066308,0.016361,-0.025262,0.033712,0.000000,0.120000,0.000000,0.122608,0.003371,0.000358,0.012632,-0.006631,-0.015200,-0.003431,0.013959,0
1790542471.0444,0.041496,-0.067388,0.021177,-0.024273,0.041496,0.000000,0.120000,0.000000,0.153089,0.004150,0.000372,0.016655,-0.006739,-0.015224,-0.002310,0.014021,0
1790542471.0583,0.051422,-0.068089,0.026998,-0.023573,0.051422,0.000000,0.120000,0.000000,0.183246,0.005142,0.000390,0.021466,-0.006809,-0.015248,-0.001516,0.013872,0
1790542471.0723,0.051051,-0.069498,0.004713,-0.025252,0.051051,0.000000,0.120000,0.000000,0.213563,0.005105,0.000408,-0.000799,-0.006950,-0.015272,-0.003031,0.013946,0
1790542471.0862,0.039184,-0.065531,-0.021104,-0.013342,0.039184,0.000000,0.120000,0.000000,0.243979,0.003918,0.000421,-0.025443,-0.006553,-0.015295,0.008506,0.013991,0
1790542471.1002,0.032998,-0.053008,-0.009595,0.006363,0.032998,0.000000,0.120000,0.000000,0.274252,0.003300,0.000433,-0.013327,-0.005301,-0.015313,0.026978,0.013926,0
1790542471.1141,0.024088,-0.041943,-0.016352,0.004323,0.024088,0.000000,0.120000,0.000000,0.304514,0.002409,0.000441,-0.019202,-0.004194,-0.015328,0.023846,0.013921,0
1790542471.1281,0.015701,-0.030066,-0.016009,0.007183,0.015701,0.000000,0.120000,0.000000,0.334858,0.001570,0.000447,-0.018026,-0.003007,-0.015338,0.025528,0.013958,0
1790542471.1421,0.019786,-0.022690,0.011178,-0.001828,0.019786,0.000000,0.120000,0.000000,0.365325,0.001979,0.000454,0.008745,-0.002269,-0.015346,0.015788,0.014015,0
1790542471.1559,0.026720,-0.026543,0.018193,-0.026375,0.026720,0.000000,0.120000,0.000000,0.395357,0.002672,0.000463,0.015058,-0.002654,-0.015356,-0.008365,0.013814,0
1790542471.1698,0.024015,-0.035382,-0.002961,-0.037970,0.024015,0.000000,0.120000,0.000000,0.425595,0.002402,0.000471,-0.005834,-0.003538,-0.015368,-0.019064,0.013910,0
1790542471.1838,0.023007,-0.044098,0.000618,-0.038491,0.023007,0.000000,0.120000,0.000000,0.455996,0.002301,0.000479,-0.002162,-0.004410,-0.015383,-0.018698,0.013984,0
1790542471.1980,0.018557,-0.053319,-0.007292,-0.040697,0.018557,0.000000,0.120000,0.000000,0.486121,0.001856,0.000486,-0.009634,-0.005332,-0.015402,-0.019963,0.013858,0
1790542471.2122,0.004251,-0.062509,-0.028754,-0.040731,0.004251,0.000000,0.120000,0.000000,0.517571,0.000425,0.000487,-0.029667,-0.006251,-0.015424,-0.019056,0.014467,0
1790542471.2258,-0.011101,-0.070781,-0.034318,-0.040680,-0.011101,0.000000,0.120000,0.000000,0.547288,-0.001110,0.000484,-0.033691,-0.007078,-0.015448,-0.018154,0.013670,0
1790542471.2396,-0.025581,-0.077462,-0.033691,-0.037804,-0.025581,0.000000,0.120000,0.000000,0.577166,-0.002558,0.000475,-0.031608,-0.007746,-0.015475,-0.014583,0.013744,0
1790542471.2535,-0.033061,-0.085015,-0.018901,-0.040221,-0.033061,0.000000,0.120000,0.000000,0.607545,-0.003306,0.000463,-0.016058,-0.008501,-0.015505,-0.016215,0.013974,0
1790542471.2674,-0.029351,-0.087902,0.005536,-0.030566,-0.029351,0.000000,0.120000,0.000000,0.637721,-0.002935,0.000453,0.008019,-0.008790,-0.015535,-0.006241,0.013881,0
1790542471.2813,-0.021580,-0.082234,0.014988,-0.011605,-0.021580,0.000000,0.120000,0.000000,0.668067,-0.002158,0.000445,0.016700,-0.008223,-0.015564,0.012182,0.013959,0
1790542471.2953,-0.017936,-0.076632,0.006479,-0.011212,-0.017936,0.000000,0.120000,0.000000,0.698404,-0.001794,0.000439,0.007833,-0.007663,-0.015591,0.012042,0.013955,0
1790542471.3092,-0.007677,-0.068097,0.021742,-0.004061,-0.007677,0.000000,0.120000,0.000000,0.728716,-0.000768,0.000437,0.022073,-0.006810,-0.015614,0.018364,0.013943,0
1790542471.3231,0.003599,-0.054750,0.025240,0.007822,0.003599,0.000000,0.120000,0.000000,0.758804,0.000360,0.000438,0.024442,-0.005475,-0.015633,0.028930,0.013840,0
1790542471.3369,0.009111,-0.039430,0.013249,0.013479,0.009111,0.000000,0.120000,0.000000,0.789018,0.000911,0.000441,0.011897,-0.003943,-0.015647,0.033069,0.013899,0
1790542471.3508,0.018113,-0.023428,0.021748,0.016647,0.018113,0.000000,0.120000,0.000000,0.819140,0.001811,0.000447,0.019490,-0.002343,-0.015655,0.034645,0.013856,0
1790542471.3648,0.006330,-0.021355,-0.024219,-0.013347,0.006330,0.000000,0.120000,0.000000,0.849511,0.000633,0.000449,-0.025302,-0.002136,-0.015663,0.004451,0.013971,0
1790542471.3788,0.003506,-0.025513,-0.005239,-0.027118,0.003506,0.000000,0.120000,0.000000,0.879996,0.000351,0.000451,-0.006040,-0.002551,-0.015672,-0.008895,0.014023,0
1790542471.3928,0.005885,-0.033248,0.006151,-0.035627,0.005885,0.000000,0.120000,0.000000,0.910351,0.000588,0.000453,0.005110,-0.003325,-0.015683,-0.016619,0.013963,0
1790542471.4068,0.000235,-0.041113,-0.011662,-0.036706,0.000235,0.000000,0.120000,0.000000,0.940707,0.000023,0.000453,-0.012138,-0.004111,-0.015698,-0.016897,0.013963,0
1790542471.4206,0.003304,-0.055198,0.007427,-0.051719,0.003304,0.000000,0.120000,0.000000,0.970840,0.000330,0.000454,0.006643,-0.005520,-0.015717,-0.030483,0.013861,0
1790542471.4346,0.019983,-0.070349,0.038205,-0.055249,0.019983,0.000000,0.120000,0.000000,0.001270,0.001998,0.000461,0.035745,-0.007035,-0.015741,-0.032473,0.013998,0
1790542471.4486,0.035368,-0.082164,0.037834,-0.049959,0.035368,0.000000,0.120000,0.000000,0.030934,0.003537,0.000473,0.033824,-0.008216,-0.015769,-0.025973,0.013646,0
1790542471.4630,0.042497,-0.087047,0.019384,-0.034538,0.042497,0.000000,0.120000,0.000000,0.062681,0.004250,0.000489,0.014646,-0.008705,-0.015801,-0.010032,0.014604,0
1790542471.4767,0.053383,-0.093214,0.029694,-0.038667,0.053383,0.000000,0.120000,0.000000,0.092449,0.005338,0.000507,0.023849,-0.009321,-0.015833,-0.013512,0.013693,0
1790542471.4908,0.064158,-0.099662,0.029722,-0.039464,0.064158,0.000000,0.120000,0.000000,0.123303,0.006416,0.000530,0.022777,-0.009966,-0.015868,-0.013629,0.014193,0
1790542471.5049,0.057935,-0.107139,-0.006894,-0.042523,0.057935,0.000000,0.120000,0.000000,0.153965,0.005793,0.000550,-0.013237,-0.010714,-0.015906,-0.015903,0.014105,0
1790542471.5187,0.046145,-0.102158,-0.020414,-0.015344,0.046145,0.000000,0.120000,0.000000,0.184008,0.004614,0.000566,-0.025594,-0.010216,-0.015942,0.010813,0.013820,0
1790542471.5327,0.040165,-0.090300,-0.008256,0.000482,0.040165,0.000000,0.120000,0.000000,0.214352,0.004016,0.000580,-0.012852,-0.009030,-0.015973,0.025485,0.013958,0
1790542471.5468,0.033014,-0.080268,-0.011376,-0.002609,0.033014,0.000000,0.120000,0.000000,0.244897,0.003301,0.000592,-0.015269,-0.008027,-0.016001,0.021419,0.014050,0
1790542471.5607,0.027878,-0.066321,-0.007604,0.007201,0.027878,0.000000,0.120000,0.000000,0.275363,0.002788,0.000601,-0.010993,-0.006632,-0.016024,0.029857,0.014014,0
1790542471.5747,0.020329,-0.052125,-0.013528,0.009151,0.020329,0.000000,0.120000,0.000000,0.305810,0.002033,0.000608,-0.016170,-0.005213,-0.016043,0.030406,0.014006,0
1790542471.5887,0.013025,-0.038658,-0.013772,0.009001,0.013025,0.000000,0.120000,0.000000,0.336178,0.001302,0.000613,-0.015688,-0.003866,-0.016056,0.028923,0.013969,0
1790542471.6026,0.002913,-0.024753,-0.020874,0.011409,0.002913,0.000000,0.120000,0.000000,0.366456,0.000291,0.000614,-0.021780,-0.002475,-0.016065,0.029949,0.013928,0
1790542471.6165,0.004941,-0.026188,0.005479,-0.021784,0.004941,0.000000,0.120000,0.000000,0.396724,0.000494,0.000616,0.004369,-0.002619,-0.016074,-0.003091,0.013923,0
1790542471.6305,0.012154,-0.037035,0.017361,-0.043135,0.012154,0.000000,0.120000,0.000000,0.427028,0.001215,0.000620,0.015525,-0.003704,-0.016087,-0.023345,0.013940,0
1790542471.6445,0.006197,-0.045533,-0.011512,-0.038848,0.006197,0.000000,0.120000,0.000000,0.457490,0.000620,0.000622,-0.012754,-0.004553,-0.016103,-0.018192,0.014013,0
1790542471.6584,0.005535,-0.053782,-0.000247,-0.039239,0.005535,0.000000,0.120000,0.000000,0.487819,0.000553,0.000624,-0.001424,-0.005378,-0.016122,-0.017739,0.013951,0
1790542471.6725,-0.003101,-0.065250,-0.018183,-0.047232,-0.003101,0.000000,0.120000,0.000000,0.518268,-0.000310,0.000623,-0.018496,-0.006525,-0.016144,-0.024563,0.014007,0
1790542471.6862,-0.016641,-0.074644,-0.030608,-0.044143,-0.016641,0.000000,0.120000,0.000000,0.548142,-0.001664,0.000617,-0.029561,-0.007464,-0.016170,-0.020509,0.013742,0
1790542471.7002,-0.033349,-0.082474,-0.039367,-0.041614,-0.033349,0.000000,0.120000,0.000000,0.577882,-0.003335,0.000606,-0.036638,-0.008247,-0.016198,-0.017169,0.013680,0
1790542471.7142,-0.047150,-0.089356,-0.032954,-0.039542,-0.047150,0.000000,0.120000,0.000000,0.609104,-0.004715,0.000589,-0.028828,-0.008936,-0.016230,-0.014376,0.014362,0
1790542471.7281,-0.045287,-0.094793,0.000077,-0.037509,-0.045287,0.000000,0.120000,0.000000,0.639241,-0.004529,0.000573,0.004032,-0.009479,-0.016263,-0.011766,0.013863,0
1790542471.7421,-0.033241,-0.091951,0.023040,-0.019402,-0.033241,0.000000,0.120000,0.000000,0.669687,-0.003324,0.000562,0.025803,-0.009195,-0.016295,0.006089,0.014005,0
1790542471.7561,-0.028953,-0.088829,0.006849,-0.018515,-0.028953,0.000000,0.120000,0.000000,0.700103,-0.002895,0.000551,0.009193,-0.008883,-0.016326,0.006694,0.013992,0
1790542471.7700,-0.025853,-0.083726,0.004667,-0.013683,-0.025853,0.000000,0.120000,0.000000,0.730235,-0.002585,0.000542,0.006710,-0.008373,-0.016355,0.011045,0.013860,0
1790542471.7840,-0.014859,-0.070883,0.022480,0.003901,-0.014859,0.000000,0.120000,0.000000,0.760838,-0.001486,0.000537,0.023429,-0.007088,-0.016380,0.027369,0.014078,0
1790542471.7980,-0.007607,-0.049099,0.015395,0.025615,-0.007607,0.000000,0.120000,0.000000,0.791115,-0.000761,0.000535,0.015621,-0.004910,-0.016398,0.046923,0.013927,0
1790542471.8120,-0.000518,-0.027359,0.015632,0.027317,-0.000518,0.000000,0.120000,0.000000,0.821633,-0.000052,0.000534,0.015149,-0.002736,-0.016407,0.046460,0.014038,0
1790542471.8258,0.007058,-0.011730,0.017704,0.016372,0.007058,0.000000,0.120000,0.000000,0.851650,0.000706,0.000537,0.016462,-0.001173,-0.016411,0.033956,0.013808,0
1790542471.8397,-0.000300,-0.010673,-0.015371,-0.015202,-0.000300,0.000000,0.120000,0.000000,0.881876,-0.000030,0.000537,-0.015878,-0.001067,-0.016415,0.002280,0.013904,0
1790542471.8542,0.001556,-0.018351,0.004635,-0.034559,0.001556,0.000000,0.120000,0.000000,0.912592,0.000156,0.000537,0.003942,-0.001835,-0.016421,-0.016303,0.014129,0
1790542471.8693,-0.002749,-0.027653,-0.008142,-0.037355,-0.002749,0.000000,0.120000,0.000000,0.946003,-0.000275,0.000536,-0.008404,-0.002765,-0.016432,-0.018157,0.015369,0
1790542471.8843,-0.004724,-0.039069,-0.003941,-0.043496,-0.004724,0.000000,0.120000,0.000000,0.978175,-0.000472,0.000534,-0.004003,-0.003907,-0.016446,-0.023143,0.014799,0
1790542471.8988,0.007834,-0.047973,0.027318,-0.039694,0.007834,0.000000,0.120000,0.000000,0.009677,0.000783,0.000537,0.025997,-0.004797,-0.016464,-0.018433,0.014491,0
1790542471.9138,0.015501,-0.061575,0.017607,-0.050167,0.015501,0.000000,0.120000,0.000000,0.041908,0.001550,0.000543,0.015514,-0.006158,-0.016487,-0.027522,0.014826,0
1790542471.9278,0.027914,-0.065628,0.029310,-0.031552,0.027914,0.000000,0.120000,0.000000,0.073085,0.002791,0.000553,0.025965,-0.006563,-0.016510,-0.008479,0.014342,0
1790542471.9418,0.039349,-0.071552,0.028926,-0.036342,0.039349,0.000000,0.120000,0.000000,0.103619,0.003935,0.000567,0.024424,-0.007155,-0.016535,-0.012652,0.014045,0
1790542471.9564,0.049777,-0.078916,0.027254,-0.039774,0.049777,0.000000,0.120000,0.000000,0.134972,0.004978,0.000585,0.021691,-0.007892,-0.016564,-0.015319,0.014423,0
1790542471.9706,0.046644,-0.081290,-0.001239,-0.029650,0.046644,0.000000,0.120000,0.000000,0.166383,0.004664,0.000602,-0.006505,-0.008129,-0.016593,-0.004928,0.014449,0
1790542471.9846,0.024770,-0.072076,-0.044006,-0.003991,0.024770,0.000000,0.120000,0.000000,0.196676,0.002477,0.000610,-0.047093,-0.007208,-0.016618,0.019835,0.013935,0
1790542471.9987,0.018527,-0.056165,-0.010768,0.011484,0.018527,0.000000,0.120000,0.000000,0.227433,0.001853,0.000617,-0.013238,-0.005616,-0.016638,0.033739,0.014148,0
1790542472.0128,0.011011,-0.045094,-0.014297,0.002433,0.011011,0.000000,0.120000,0.000000,0.258031,0.001101,0.000621,-0.016019,-0.004509,-0.016654,0.023597,0.014075,0
1790542472.0267,0.000323,-0.031345,-0.022304,0.009733,0.000323,0.000000,0.120000,0.000000,0.288393,0.000032,0.000621,-0.022957,-0.003135,-0.016665,0.029533,0.013966,0
1790542472.0405,-0.013551,-0.016714,-0.030846,0.013409,-0.013551,0.000000,0.120000,0.000000,0.318446,-0.001355,0.000616,-0.030107,-0.001671,-0.016671,0.031751,0.013824,0
1790542472.0544,-0.010927,-0.019997,0.005173,-0.025753,-0.010927,0.000000,0.120000,0.000000,0.348709,-0.001093,0.000612,0.005654,-0.002000,-0.016678,-0.007076,0.013921,0
1790542472.0683,-0.001259,-0.026446,0.021324,-0.033230,-0.001259,0.000000,0.120000,0.000000,0.378968,-0.000126,0.000612,0.020838,-0.002645,-0.016687,-0.013899,0.013919,0
1790542472.0822,-0.000139,-0.030735,0.003013,-0.029024,-0.000139,0.000000,0.120000,0.000000,0.409201,-0.000014,0.000612,0.002415,-0.003074,-0.016698,-0.009253,0.013907,0
1790542472.0961,0.000681,-0.042275,0.002461,-0.045985,0.000681,0.000000,0.120000,0.000000,0.439250,0.000068,0.000612,0.001781,-0.004228,-0.016712,-0.025045,0.013823,0
1790542472.1100,-0.008006,-0.056067,-0.018870,-0.051993,-0.008006,0.000000,0.120000,0.000000,0.469582,-0.000801,0.000609,-0.018678,-0.005607,-0.016732,-0.029654,0.013953,0
1790542472.1239,-0.022364,-0.066483,-0.032592,-0.045860,-0.022364,0.000000,0.120000,0.000000,0.499831,-0.002236,0.000602,-0.030957,-0.006648,-0.016755,-0.022457,0.013914,0
1790542472.1378,-0.039303,-0.075379,-0.039964,-0.043553,-0.039303,0.000000,0.120000,0.000000,0.529997,-0.003930,0.000588,-0.036621,-0.007538,-0.016781,-0.019234,0.013876,0
1790542472.1514,-0.055320,-0.080416,-0.040305,-0.035964,-0.055320,0.000000,0.120000,0.000000,0.559553,-0.005532,0.000569,-0.035342,-0.008042,-0.016808,-0.011114,0.013596,0
1790542472.1651,-0.059994,-0.083344,-0.015743,-0.031618,-0.059994,0.000000,0.120000,0.000000,0.589167,-0.005999,0.000549,-0.010292,-0.008334,-0.016837,-0.006447,0.013623,0
1790542472.1792,-0.051899,-0.085728,0.012625,-0.030530,-0.051899,0.000000,0.120000,0.000000,0.619708,-0.005190,0.000530,0.017284,-0.008573,-0.016867,-0.005090,0.014049,0
1790542472.1931,-0.045920,-0.083470,0.008655,-0.020435,-0.045920,0.000000,0.120000,0.000000,0.650333,-0.004592,0.000514,0.012733,-0.008347,-0.016896,0.004808,0.014087,0
1790542472.2074,-0.041451,-0.082997,0.005911,-0.024213,-0.041451,0.000000,0.120000,0.000000,0.680833,-0.004145,0.000500,0.009557,-0.008300,-0.016925,0.001012,0.014030,0
1790542472.2214,-0.034841,-0.079714,0.011015,-0.017966,-0.034841,0.000000,0.120000,0.000000,0.711599,-0.003484,0.000487,0.014012,-0.007971,-0.016954,0.006959,0.014152,0
1790542472.2354,-0.028319,-0.075688,0.011654,-0.015900,-0.028319,0.000000,0.120000,0.000000,0.741960,-0.002832,0.000478,0.014009,-0.007569,-0.016980,0.008649,0.013966,0
1790542472.2492,-0.021893,-0.066485,0.012141,-0.003805,-0.021893,0.000000,0.120000,0.000000,0.772199,-0.002189,0.000470,0.013860,-0.006649,-0.017003,0.019847,0.013910,0
1790542472.2631,-0.015148,-0.051461,0.013507,0.010258,-0.015148,0.000000,0.120000,0.000000,0.802418,-0.001515,0.000465,0.014557,-0.005146,-0.017021,0.032425,0.013901,0
1790542472.2770,-0.005871,-0.031900,0.019834,0.021866,-0.005871,0.000000,0.120000,0.000000,0.832728,-0.000587,0.000463,0.019959,-0.003190,-0.017032,0.042088,0.013943,0
1790542472.2910,-0.014674,-0.018748,-0.019987,0.009439,-0.014674,0.000000,0.120000,0.000000,0.862982,-0.001467,0.000458,-0.018977,-0.001875,-0.017039,0.028353,0.013916,0
1790542472.3050,-0.020094,-0.022032,-0.013161,-0.026278,-0.020094,0.000000,0.120000,0.000000,0.893446,-0.002009,0.000450,-0.011602,-0.002203,-0.017046,-0.007029,0.014014,0
1790542472.3189,-0.008243,-0.034365,0.025167,-0.047079,-0.008243,0.000000,0.120000,0.000000,0.923703,-0.000824,0.000448,0.025543,-0.003437,-0.017058,-0.026584,0.013918,0
1790542472.3329,-0.018254,-0.043517,-0.022971,-0.041160,-0.018254,0.000000,0.120000,0.000000,0.953947,-0.001825,0.000441,-0.021587,-0.004352,-0.017073,-0.019735,0.013912,0
1790542472.3468,-0.010504,-0.055622,0.016026,-0.048643,-0.010504,0.000000,0.120000,0.000000,0.984325,-0.001050,0.000438,0.016639,-0.005562,-0.017093,-0.025988,0.013974,0
1790542472.3607,0.002221,-0.071076,0.028133,-0.057592,0.002221,0.000000,0.120000,0.000000,0.014531,0.000222,0.000438,0.027472,-0.007108,-0.017118,-0.033367,0.013895,0
1790542472.3742,0.012682,-0.084599,0.024961,-0.055659,0.012682,0.000000,0.120000,0.000000,0.043876,0.001268,0.000443,0.023250,-0.008460,-0.017146,-0.030053,0.013499,0
1790542472.3878,0.020294,-0.087427,0.019250,-0.032151,0.020294,0.000000,0.120000,0.000000,0.073474,0.002029,0.000450,0.016771,-0.008743,-0.017176,-0.006233,0.013615,0
1790542472.4026,0.029292,-0.092889,0.021949,-0.037764,0.029292,0.000000,0.120000,0.000000,0.105094,0.002929,0.000460,0.018560,-0.009289,-0.017210,-0.011265,0.014545,0
1790542472.4165,0.039995,-0.097926,0.027198,-0.037729,0.039995,0.000000,0.120000,0.000000,0.135812,0.004000,0.000474,0.022724,-0.009793,-0.017244,-0.010693,0.014130,0
1790542472.4304,0.034266,-0.098595,-0.008520,-0.028590,0.034266,0.000000,0.120000,0.000000,0.165868,0.003427,0.000486,-0.012433,-0.009859,-0.017278,-0.001452,0.013826,0
1790542472.4444,0.018530,-0.085226,-0.031336,0.002784,0.018530,0.000000,0.119767,0.000000,0.196337,0.001853,0.000493,-0.033681,-0.008523,-0.017308,0.028615,0.014016,0
1790542472.4587,0.012153,-0.066868,-0.011854,0.015035,0.012153,0.000000,0.119066,0.000000,0.226995,0.001215,0.000497,-0.013566,-0.006687,-0.017332,0.039054,0.014102,0
1790542472.4730,0.004847,-0.051692,-0.014174,0.008964,0.004847,0.000000,0.117866,0.000000,0.258431,0.000485,0.000499,-0.015157,-0.005169,-0.017350,0.031483,0.014461,0
1790542472.4870,-0.011072,-0.036304,-0.034657,0.011917,-0.011072,0.000000,0.116245,0.000000,0.288925,-0.001107,0.000495,-0.034045,-0.003630,-0.017363,0.032911,0.014027,0
1790542472.5011,-0.021725,-0.024571,-0.024293,0.005071,-0.021725,0.000000,0.114170,0.000000,0.319655,-0.002172,0.000487,-0.022608,-0.002457,-0.017372,0.024900,0.014136,0
1790542472.5152,-0.019830,-0.024109,0.002539,-0.018805,-0.019830,0.000000,0.111682,0.000000,0.350226,-0.001983,0.000480,0.004042,-0.002411,-0.017380,0.000986,0.014063,0
1790542472.5292,-0.011583,-0.026444,0.016935,-0.025022,-0.011583,0.000000,0.108795,0.000000,0.380757,-0.001158,0.000476,0.017617,-0.002644,-0.017390,-0.004988,0.014044,0
1790542472.5431,-0.008862,-0.034178,0.005422,-0.037411,-0.008862,0.000000,0.105542,0.000000,0.411160,-0.000886,0.000473,0.005835,-0.003418,-0.017402,-0.016591,0.013985,0
1790542472.5571,-0.013964,-0.047606,-0.011906,-0.051071,-0.013964,0.000000,0.101950,0.000000,0.441469,-0.001396,0.000468,-0.010978,-0.004761,-0.017418,-0.028893,0.013942,0
1790542472.5711,-0.021489,-0.063118,-0.017842,-0.057053,-0.021489,0.000000,0.098027,0.000000,0.471848,-0.002149,0.000461,-0.016154,-0.006312,-0.017440,-0.033301,0.013974,0
1790542472.5850,-0.036182,-0.077752,-0.034812,-0.056757,-0.036182,0.000000,0.093824,0.000000,0.502131,-0.003618,0.000448,-0.031642,-0.007775,-0.017467,-0.031515,0.013930,0
1790542472.5987,-0.057445,-0.090250,-0.052447,-0.054224,-0.057445,0.000000,0.089493,0.000000,0.531555,-0.005745,0.000429,-0.047131,-0.009025,-0.017498,-0.027702,0.013535,0
1790542472.6123,-0.069058,-0.096940,-0.031794,-0.041766,-0.069058,0.000000,0.084866,0.000000,0.561498,-0.006906,0.000405,-0.025293,-0.009694,-0.017500,-0.014572,0.013774,0
1790542472.6260,-0.074660,-0.103461,-0.019405,-0.042182,-0.074660,0.000000,0.080099,0.000000,0.591160,-0.007466,0.000379,-0.012318,-0.010346,-0.017500,-0.014336,0.013645,0
1790542472.6400,-0.073696,-0.107192,-0.004953,-0.036198,-0.073696,0.000000,0.075044,0.000000,0.621662,-0.007370,0.000353,0.002063,-0.010719,-0.017500,-0.007979,0.014031,0
1790542472.6540,-0.071944,-0.110170,-0.003126,-0.034876,-0.071944,0.000000,0.069866,0.000000,0.652197,-0.007194,0.000328,0.003740,-0.011017,-0.017500,-0.006359,0.014046,0
1790542472.6680,-0.069961,-0.114719,-0.002431,-0.038745,-0.069961,0.000000,0.064642,0.000000,0.682552,-0.006996,0.000304,0.004261,-0.011472,-0.017500,-0.009774,0.013963,0
1790542472.6820,-0.063316,-0.115492,0.008183,-0.030706,-0.063316,0.000000,0.059366,0.000000,0.713002,-0.006332,0.000282,0.014233,-0.011549,-0.017500,-0.001657,0.014007,0
1790542472.6958,-0.054180,-0.109486,0.014666,-0.015418,-0.054180,0.000000,0.054163,0.000000,0.743060,-0.005418,0.000263,0.019821,-0.010949,-0.017500,0.013031,0.013827,0
1790542472.7100,-0.050381,-0.099699,0.003405,-0.006353,-0.050381,0.000000,0.048975,0.000000,0.773287,-0.005038,0.000245,0.008197,-0.009970,-0.017500,0.021117,0.013904,0
1790542472.7241,-0.040612,-0.080187,0.016556,0.015198,-0.040612,0.000000,0.043699,0.000000,0.804541,-0.004061,0.000231,0.020386,-0.008019,-0.017500,0.040716,0.014377,0
1790542472.7380,-0.032757,-0.054794,0.013879,0.031769,-0.032757,0.000000,0.038720,0.000000,0.834790,-0.003276,0.000219,0.016936,-0.005479,-0.017500,0.054748,0.013915,0
1790542472.7520,-0.025232,-0.027530,0.013850,0.038310,-0.025232,0.000000,0.033885,0.000000,0.865151,-0.002523,0.000211,0.016163,-0.002753,-0.017500,0.058563,0.013966,0
1790542472.7658,-0.040854,-0.021918,-0.037885,-0.007481,-0.040854,0.000000,0.029310,0.000000,0.895121,-0.004085,0.000197,-0.033996,-0.002192,-0.017500,0.012211,0.013786,0
1790542472.7798,-0.035541,-0.036314,0.008044,-0.052058,-0.035541,0.000000,0.024910,0.000000,0.925479,-0.003554,0.000184,0.011414,-0.003631,-0.017500,-0.030927,0.013964,0
1790542472.7937,-0.043625,-0.042403,-0.021558,-0.034818,-0.043625,0.000000,0.020779,0.000000,0.955840,-0.004363,0.000169,-0.017364,-0.004240,-0.017500,-0.013078,0.013966,0
1790542472.8077,-0.049358,-0.050612,-0.017083,-0.040171,-0.049358,0.000000,0.016946,0.000000,0.986241,-0.004936,0.000152,-0.012298,-0.005061,-0.017500,-0.017610,0.013984,0
1790542472.8215,-0.037161,-0.067542,0.022871,-0.060965,-0.037161,0.000000,0.013481,0.000000,0.016317,-0.003716,0.000139,0.026448,-0.006754,-0.017500,-0.036711,0.013835,0
1790542472.8351,-0.024732,-0.089518,0.025077,-0.074931,-0.024732,0.000000,0.010416,0.000000,0.045880,-0.002473,0.000130,0.027419,-0.008952,-0.017500,-0.048480,0.013599,0
1790542472.8487,-0.011562,-0.101583,0.028090,-0.054337,-0.011562,0.000000,0.007720,0.000000,0.075376,-0.001156,0.000126,0.029120,-0.010158,-0.017500,-0.026678,0.013568,0
1790542472.8625,0.000913,-0.105683,0.027342,-0.036983,0.000913,0.000000,0.005367,0.000000,0.105371,0.000091,0.000127,0.027124,-0.010568,-0.017500,-0.008915,0.013798,0
1790542472.8772,0.017409,-0.111252,0.036332,-0.040257,0.017409,0.000000,0.003354,0.000000,0.136592,0.001741,0.000133,0.034458,-0.011125,-0.017500,-0.011632,0.014362,0
1790542472.8917,0.021340,-0.116988,0.010359,-0.040996,0.021340,0.000000,0.001781,0.000000,0.168303,0.002134,0.000141,0.008084,-0.011699,-0.017500,-0.011798,0.014587,0
1790542472.9065,0.005492,-0.109599,-0.031635,-0.013385,0.005492,0.000000,0.000691,0.000000,0.200274,0.000549,0.000143,-0.032328,-0.010960,-0.017500,0.015074,0.014706,0
1790542472.9206,0.000535,-0.091079,-0.010195,0.012208,0.000535,0.000000,0.000115,0.000000,0.231390,0.000053,0.000143,-0.010391,-0.009108,-0.017500,0.038816,0.014313,0
1790542472.9340,-0.001400,-0.073392,-0.004280,0.014316,-0.001400,0.000000,0.000000,0.000000,0.260850,-0.000140,0.000143,-0.004282,-0.007339,-0.017500,0.039155,0.013552,0
