t,imu_roll,imu_pitch,pid_roll,pid_pitch,roll_meas,banked_roll,eff_lin,eff_ang,phase,p_roll,i_roll,d_roll,p_pitch,i_pitch,d_pitch,dt,ik_clamped
1790544751.8768,-0.015836,-0.034620,0.000000,-0.010732,-0.015836,0.000000,0.000000,0.000000,0.000074,-0.000000,-0.000000,0.000000,-0.010386,-0.000346,0.000000,0.010000,0
1790544751.8910,-0.030844,-0.040754,-0.000000,-0.013200,-0.030844,0.000000,0.000280,0.000000,0.033534,-0.000000,-0.000000,-0.000000,-0.012226,-0.000973,-0.000000,0.015392,0
1790544751.9053,-0.038541,-0.041506,-0.000000,-0.014012,-0.038541,0.000000,0.001031,0.000000,0.064294,-0.000000,-0.000000,-0.000000,-0.012452,-0.001561,-0.000000,0.014149,0
1790544751.9192,-0.042045,-0.041414,-0.000000,-0.014566,-0.042045,0.000000,0.002234,0.000000,0.094779,-0.000000,-0.000000,-0.000000,-0.012424,-0.002142,0.000000,0.014023,0
1790544751.9334,-0.041827,-0.042621,0.000000,-0.015540,-0.041827,0.000000,0.003930,0.000000,0.125997,-0.000000,-0.000000,0.000000,-0.012786,-0.002754,-0.000000,0.014360,0
1790544751.9474,-0.039762,-0.041390,0.000000,-0.015750,-0.039762,0.000000,0.006025,0.000000,0.156450,-0.000000,-0.000000,0.000000,-0.012417,-0.003333,0.000000,0.014008,0
1790544751.9620,-0.039248,-0.039884,0.000000,-0.015867,-0.039248,0.000000,0.008585,0.000000,0.187438,-0.000000,-0.000000,0.000000,-0.011965,-0.003902,0.000000,0.014255,0
1790544751.9762,-0.038852,-0.038416,0.000000,-0.015984,-0.038852,0.000000,0.011612,0.000000,0.218965,-0.000000,-0.000000,0.000000,-0.011525,-0.004459,0.000000,0.014502,0
1790544751.9904,-0.037287,-0.035325,0.000000,-0.015554,-0.037287,0.000000,0.014937,0.000000,0.249586,-0.000000,-0.000000,0.000000,-0.010597,-0.004957,0.000000,0.014086,0
1790544752.0044,-0.035658,-0.031424,0.000000,-0.014825,-0.035658,0.000000,0.018605,0.000000,0.280128,-0.000000,-0.000000,0.000000,-0.009427,-0.005398,0.000000,0.014050,0
1790544752.0185,-0.033437,-0.029992,0.000000,-0.014820,-0.033437,0.000000,0.022621,0.000000,0.310856,-0.000000,-0.000000,0.000000,-0.008998,-0.005822,0.000000,0.014135,0
1790544752.0324,-0.038543,-0.032237,-0.000000,-0.015945,-0.038543,0.000000,0.026891,0.000000,0.341306,-0.000000,-0.000000,-0.000000,-0.009671,-0.006274,-0.000000,0.014007,0
1790544752.0464,-0.038633,-0.034932,-0.000000,-0.017239,-0.038633,0.000000,0.031387,0.000000,0.371561,-0.000000,-0.000000,-0.000000,-0.010480,-0.006760,-0.000000,0.013917,0
1790544752.0603,-0.038016,-0.034023,0.000000,-0.017440,-0.038016,0.000000,0.036099,0.000000,0.401797,-0.000000,-0.000000,0.000000,-0.010207,-0.007233,0.000000,0.013909,0
1790544752.0743,-0.035411,-0.037265,0.000000,-0.018933,-0.035411,0.000000,0.041015,0.000000,0.432161,-0.000000,-0.000000,0.000000,-0.011180,-0.007753,-0.000000,0.013968,0
1790544752.0883,-0.035681,-0.040502,-0.000000,-0.020472,-0.035681,0.000000,0.046100,0.000000,0.462662,-0.000000,-0.000000,-0.000000,-0.012151,-0.008322,-0.000000,0.014030,0
1790544752.1022,-0.036535,-0.040350,-0.000000,-0.020990,-0.036535,0.000000,0.051264,0.000000,0.492994,-0.000000,-0.000000,-0.000000,-0.012105,-0.008885,0.000000,0.013953,0
1790544752.1161,-0.038471,-0.040624,-0.000000,-0.021635,-0.038471,0.000000,0.056461,0.000000,0.523130,-0.000000,-0.000000,-0.000000,-0.012187,-0.009448,-0.000000,0.013863,0
1790544752.1296,-0.042886,-0.037973,-0.000000,-0.021355,-0.042886,0.000000,0.061575,0.000000,0.552637,-0.000000,-0.000000,-0.000000,-0.011392,-0.009963,0.000000,0.013573,0
1790544752.1432,-0.044372,-0.034775,-0.000000,-0.020867,-0.044372,0.000000,0.066673,0.000000,0.582111,-0.000000,-0.000000,-0.000000,-0.010433,-0.010435,0.000000,0.013558,0
1790544752.1571,-0.046622,-0.031190,-0.000000,-0.020227,-0.046622,0.000000,0.071865,0.000000,0.612426,-0.000000,-0.000000,-0.000000,-0.009357,-0.010870,0.000000,0.013945,0
1790544752.1712,-0.047649,-0.028206,-0.000000,-0.019725,-0.047649,0.000000,0.076971,0.000000,0.642769,-0.000000,-0.000000,-0.000000,-0.008462,-0.011263,0.000000,0.013958,0
1790544752.1851,-0.045129,-0.019451,0.000000,-0.017371,-0.045129,0.000000,0.081965,0.000000,0.673230,-0.000000,-0.000000,0.000000,-0.005835,-0.011536,0.000000,0.014012,0
1790544752.1990,-0.041331,-0.009668,0.000000,-0.014571,-0.041331,0.000000,0.086742,0.000000,0.703387,-0.000000,-0.000000,0.000000,-0.002900,-0.011670,0.000000,0.013872,0
1790544752.2133,-0.044193,-0.001442,-0.000000,-0.012123,-0.044193,0.000000,0.091342,0.000000,0.733717,-0.000000,-0.000000,-0.000000,-0.000432,-0.011690,0.000000,0.013952,0
1790544752.2275,-0.048046,-0.002689,-0.000000,-0.012536,-0.048046,0.000000,0.095860,0.000000,0.765187,-0.000000,-0.000000,-0.000000,-0.000807,-0.011729,-0.000000,0.014477,0
1790544752.2416,-0.046292,0.003783,0.000000,-0.010541,-0.046292,0.000000,0.099972,0.000000,0.795817,-0.000000,-0.000000,0.000000,0.001135,-0.011676,0.000000,0.014090,0
1790544752.2557,-0.034161,0.008447,0.000000,-0.009023,-0.034161,0.000000,0.103776,0.000000,0.826477,-0.000000,-0.000000,0.000000,0.002534,-0.011557,0.000000,0.014103,0
1790544752.2696,-0.018814,0.009675,0.000000,-0.008519,-0.018814,0.000000,0.107199,0.000000,0.856794,-0.000000,-0.000000,0.000000,0.002902,-0.011422,0.000000,0.013946,0
1790544752.2836,-0.018676,0.010116,0.000000,-0.008246,-0.018676,0.000000,0.110265,0.000000,0.887167,-0.000000,-0.000000,0.000000,0.003035,-0.011280,0.000000,0.013971,0
1790544752.2976,-0.027987,0.009339,-0.000000,-0.008348,-0.027987,0.000000,0.112949,0.000000,0.917603,-0.000000,-0.000000,-0.000000,0.002802,-0.011150,-0.000000,0.014001,0
1790544752.3114,-0.024188,0.007227,0.000000,-0.008881,-0.024188,0.000000,0.115206,0.000000,0.947780,-0.000000,-0.000000,0.000000,0.002168,-0.011049,-0.000000,0.013881,0
1790544752.3253,-0.024183,0.002859,0.000000,-0.010152,-0.024183,0.000000,0.117044,0.000000,0.977976,-0.000000,-0.000000,0.000000,0.000858,-0.011010,-0.000000,0.013890,0
1790544752.3391,-0.024780,0.000798,-0.000000,-0.010759,-0.024780,0.000000,0.118441,0.000000,0.007995,-0.000000,-0.000000,-0.000000,0.000239,-0.010999,-0.000000,0.013809,0
1790544752.3527,-0.031013,0.005255,-0.000000,-0.009351,-0.031013,0.000000,0.119387,0.000000,0.037549,-0.000000,-0.000000,-0.000000,0.001577,-0.010927,0.000000,0.013595,0
1790544752.3663,-0.036400,0.005164,-0.000000,-0.009308,-0.036400,0.000000,0.119901,0.000000,0.067105,-0.000000,-0.000000,-0.000000,0.001549,-0.010857,-0.000000,0.013596,0
1790544752.3802,-0.036553,0.004216,-0.000000,-0.009534,-0.036553,0.000000,0.120000,0.000000,0.097282,-0.000000,-0.000000,-0.000000,0.001265,-0.010798,-0.000000,0.013881,0
1790544752.3942,-0.037079,0.003606,-0.000000,-0.009666,-0.037079,0.000000,0.120000,0.000000,0.127677,-0.000000,-0.000000,-0.000000,0.001082,-0.010748,-0.000000,0.013982,0
1790544752.4083,-0.039946,0.006360,-0.000000,-0.008751,-0.039946,0.000000,0.120000,0.000000,0.158144,-0.000000,-0.000000,-0.000000,0.001908,-0.010659,0.000000,0.014015,0
1790544752.4224,-0.042002,0.011274,-0.000000,-0.007117,-0.042002,0.000000,0.120000,0.000000,0.188998,-0.000000,-0.000000,-0.000000,0.003382,-0.010499,0.000000,0.014193,0
1790544752.4365,-0.036784,0.008732,0.000000,-0.007757,-0.036784,0.000000,0.120000,0.000000,0.219454,-0.000000,-0.000000,0.000000,0.002620,-0.010377,-0.000000,0.014009,0
1790544752.4507,-0.034845,0.000024,0.000000,-0.010369,-0.034845,0.000000,0.120000,0.000000,0.250308,-0.000000,-0.000000,0.000000,0.000007,-0.010376,-0.000000,0.014193,0
1790544752.4652,-0.042235,-0.005169,-0.000000,-0.012001,-0.042235,0.000000,0.120000,0.000000,0.281395,-0.000000,-0.000000,-0.000000,-0.001551,-0.010450,-0.000000,0.014300,0
1790544752.4794,-0.047377,-0.011974,-0.000000,-0.014214,-0.047377,0.000000,0.120000,0.000000,0.312606,-0.000000,-0.000000,-0.000000,-0.003592,-0.010622,-0.000000,0.014357,0
1790544752.4935,-0.056945,-0.018397,-0.000000,-0.016402,-0.056945,0.000000,0.120000,0.000000,0.343475,-0.000000,-0.000000,-0.000000,-0.005519,-0.010883,-0.000000,0.014200,0
1790544752.5074,-0.048235,-0.021292,0.000000,-0.017568,-0.048235,0.000000,0.120000,0.000000,0.373828,-0.000000,-0.000000,0.000000,-0.006388,-0.011181,-0.000000,0.013963,0
1790544752.5215,-0.040040,-0.022046,0.000000,-0.018103,-0.040040,0.000000,0.120000,0.000000,0.404303,-0.000000,-0.000000,0.000000,-0.006614,-0.011490,-0.000000,0.014019,0
1790544752.5354,-0.040671,-0.022501,-0.000000,-0.018555,-0.040671,0.000000,0.120000,0.000000,0.434723,-0.000000,-0.000000,-0.000000,-0.006750,-0.011804,-0.000000,0.013993,0
1790544752.5494,-0.045059,-0.026786,-0.000000,-0.020216,-0.045059,0.000000,0.120000,0.000000,0.465203,-0.000000,-0.000000,-0.000000,-0.008036,-0.012180,-0.000000,0.014021,0
1790544752.5634,-0.050911,-0.032925,-0.000000,-0.022515,-0.050911,0.000000,0.120000,0.000000,0.495419,-0.000000,-0.000000,-0.000000,-0.009878,-0.012638,-0.000000,0.013900,0
1790544752.5780,-0.055080,-0.041231,-0.000000,-0.025592,-0.055080,0.000000,0.120000,0.000000,0.526237,-0.000000,-0.000000,-0.000000,-0.012369,-0.013222,-0.000000,0.014176,0
1790544752.5931,-0.056887,-0.043325,-0.000000,-0.026867,-0.056887,0.000000,0.120000,0.000000,0.558693,-0.000000,-0.000000,-0.000000,-0.012998,-0.013869,-0.000000,0.014930,0
1790544752.6077,-0.057461,-0.043226,-0.000000,-0.027479,-0.057461,0.000000,0.120000,0.000000,0.590998,-0.000000,-0.000000,-0.000000,-0.012968,-0.014511,0.000000,0.014860,0
1790544752.6221,-0.056762,-0.044165,0.000000,-0.028404,-0.056762,0.000000,0.120000,0.000000,0.622669,-0.000000,-0.000000,0.000000,-0.013250,-0.015155,-0.000000,0.014569,0
1790544752.6366,-0.056243,-0.043905,0.000000,-0.028958,-0.056243,0.000000,0.120000,0.000000,0.653944,-0.000000,-0.000000,0.000000,-0.013172,-0.015786,0.000000,0.014387,0
1790544752.6513,-0.054684,-0.044992,0.000000,-0.029958,-0.054684,0.000000,0.120000,0.000000,0.686493,-0.000000,-0.000000,0.000000,-0.013498,-0.016460,-0.000000,0.014972,0
1790544752.6653,-0.048514,-0.037718,0.000000,-0.028306,-0.048514,0.000000,0.120000,0.000000,0.717070,-0.000000,-0.000000,0.000000,-0.011315,-0.016991,0.000000,0.014066,0
1790544752.6793,-0.042756,-0.030631,0.000000,-0.026605,-0.042756,0.000000,0.120000,0.000000,0.747276,-0.000000,-0.000000,0.000000,-0.009189,-0.017416,0.000000,0.013895,0
1790544752.6934,-0.039011,-0.021288,0.000000,-0.024104,-0.039011,0.000000,0.120000,0.000000,0.778044,-0.000000,-0.000000,0.000000,-0.006386,-0.017717,0.000000,0.014153,0
1790544752.7074,-0.039482,-0.018275,-0.000000,-0.023456,-0.039482,0.000000,0.120000,0.000000,0.808436,-0.000000,-0.000000,-0.000000,-0.005483,-0.017973,0.000000,0.013980,0
1790544752.7219,-0.042091,-0.020260,-0.000000,-0.024340,-0.042091,0.000000,0.120000,0.000000,0.839481,-0.000000,-0.000000,-0.000000,-0.006078,-0.018262,-0.000000,0.014281,0
1790544752.7359,-0.039481,-0.019757,0.000000,-0.024470,-0.039481,0.000000,0.120000,0.000000,0.870352,-0.000000,-0.000000,0.000000,-0.005927,-0.018543,0.000000,0.014201,0
1790544752.7498,-0.035810,-0.018552,0.000000,-0.024367,-0.035810,0.000000,0.120000,0.000000,0.900610,-0.000000,-0.000000,0.000000,-0.005566,-0.018801,0.000000,0.013918,0
1790544752.7638,-0.037459,-0.021033,-0.000000,-0.025406,-0.037459,0.000000,0.120000,0.000000,0.931132,-0.000000,-0.000000,-0.000000,-0.006310,-0.019096,-0.000000,0.014040,0
1790544752.7777,-0.036885,-0.024408,0.000000,-0.026758,-0.036885,0.000000,0.120000,0.000000,0.961354,-0.000000,-0.000000,0.000000,-0.007322,-0.019436,-0.000000,0.013902,0
1790544752.7918,-0.032789,-0.027115,0.000000,-0.027950,-0.032789,0.000000,0.120000,0.000000,0.991826,-0.000000,-0.000000,0.000000,-0.008135,-0.019816,-0.000000,0.014017,0
1790544752.8058,-0.028721,-0.030832,0.000000,-0.029497,-0.028721,0.000000,0.120000,0.000000,0.022272,-0.000000,-0.000000,0.000000,-0.009250,-0.020248,-0.000000,0.014005,0
1790544752.8195,-0.025047,-0.031219,0.000000,-0.030042,-0.025047,0.000000,0.120000,0.000000,0.052140,-0.000000,-0.000000,0.000000,-0.009366,-0.020677,-0.000000,0.013739,0
1790544752.8331,-0.020780,-0.033555,0.000000,-0.031202,-0.020780,0.000000,0.120000,0.000000,0.081872,-0.000000,-0.000000,0.000000,-0.010066,-0.021135,-0.000000,0.013676,0
1790544752.8471,-0.013499,-0.039113,0.000000,-0.033416,-0.013499,0.000000,0.120000,0.000000,0.112234,-0.000000,-0.000000,0.000000,-0.011734,-0.021682,-0.000000,0.013967,0
1790544752.8610,-0.009028,-0.042656,0.000000,-0.035074,-0.009028,0.000000,0.120000,0.000000,0.142572,-0.000000,-0.000000,0.000000,-0.012797,-0.022277,-0.000000,0.013956,0
1790544752.8750,-0.011692,-0.041795,-0.000000,-0.035400,-0.011692,0.000000,0.120000,0.000000,0.172979,-0.000000,-0.000000,-0.000000,-0.012538,-0.022862,0.000000,0.013987,0
1790544752.8890,-0.019515,-0.036083,-0.000000,-0.034191,-0.019515,0.000000,0.120000,0.000000,0.203394,-0.000000,-0.000000,-0.000000,-0.010825,-0.023366,0.000000,0.013991,0
1790544752.9030,-0.026302,-0.026200,-0.000000,-0.031593,-0.026302,0.000000,0.120000,0.000000,0.233830,-0.000000,-0.000000,-0.000000,-0.007860,-0.023733,0.000000,0.014001,0
1790544752.9169,-0.030467,-0.018103,-0.000000,-0.029415,-0.030467,0.000000,0.120000,0.000000,0.263973,-0.000000,-0.000000,-0.000000,-0.005431,-0.023984,0.000000,0.013865,0
1790544752.9308,-0.032820,-0.011260,-0.000000,-0.027519,-0.032820,0.000000,0.120000,0.000000,0.294286,-0.000000,-0.000000,-0.000000,-0.003378,-0.024141,0.000000,0.013944,0
1790544752.9448,-0.026287,-0.012959,0.000000,-0.028210,-0.026287,0.000000,0.120000,0.000000,0.324612,-0.000000,-0.000000,0.000000,-0.003888,-0.024322,-0.000000,0.013950,0
1790544752.9586,-0.034467,-0.016135,-0.000000,-0.029386,-0.034467,0.000000,0.120000,0.000000,0.354686,-0.000000,-0.000000,-0.000000,-0.004841,-0.024545,-0.000000,0.013834,0
1790544752.9729,-0.043798,-0.021815,-0.000000,-0.031397,-0.043798,0.000000,0.120000,0.000000,0.385312,-0.000000,-0.000000,-0.000000,-0.006545,-0.024853,-0.000000,0.014088,0
1790544752.9872,-0.045569,-0.029047,-0.000000,-0.033986,-0.045569,0.000000,0.120000,0.000000,0.416664,-0.000000,-0.000000,-0.000000,-0.008714,-0.025271,-0.000000,0.014422,0
1790544753.0011,-0.046701,-0.038624,-0.000000,-0.037398,-0.046701,0.000000,0.120000,0.000000,0.447031,-0.000000,-0.000000,-0.000000,-0.011587,-0.025811,-0.000000,0.013969,0
1790544753.0153,-0.056823,-0.045500,-0.000000,-0.040106,-0.056823,0.000000,0.120000,0.000000,0.477821,-0.000000,-0.000000,-0.000000,-0.013650,-0.026455,-0.000000,0.014163,0
1790544753.0293,-0.067376,-0.052011,-0.000000,-0.042790,-0.067376,0.000000,0.120000,0.000000,0.508409,-0.000000,-0.000000,-0.000000,-0.015603,-0.027187,-0.000000,0.014071,0
1790544753.0429,-0.078315,-0.058732,-0.000000,-0.045605,-0.078315,0.000000,0.120000,0.000000,0.537963,-0.000000,-0.000000,-0.000000,-0.017620,-0.027986,-0.000000,0.013595,0
1790544753.0565,-0.086297,-0.062108,-0.000000,-0.047465,-0.086297,0.000000,0.120000,0.000000,0.567593,-0.000000,-0.000000,-0.000000,-0.018633,-0.028832,-0.000000,0.013630,0
1790544753.0705,-0.084315,-0.065447,0.000000,-0.049378,-0.084315,0.000000,0.120000,0.000000,0.597890,-0.000000,-0.000000,0.000000,-0.019634,-0.029744,-0.000000,0.013937,0
1790544753.0844,-0.080745,-0.066058,0.000000,-0.050480,-0.080745,0.000000,0.120000,0.000000,0.628108,-0.000000,-0.000000,0.000000,-0.019818,-0.030663,-0.000000,0.013900,0
1790544753.0984,-0.079466,-0.066397,0.000000,-0.051513,-0.079466,0.000000,0.120000,0.000000,0.658583,-0.000000,-0.000000,0.000000,-0.019919,-0.031593,-0.000000,0.014019,0
1790544753.1123,-0.075370,-0.066303,0.000000,-0.052408,-0.075370,0.000000,0.120000,0.000000,0.688858,-0.000000,-0.000000,0.000000,-0.019891,-0.032517,0.000000,0.013926,0
1790544753.1262,-0.073763,-0.059529,0.000000,-0.051203,-0.073763,0.000000,0.120000,0.000000,0.719088,-0.000000,-0.000000,0.000000,-0.017859,-0.033345,0.000000,0.013906,0
1790544753.1400,-0.067938,-0.048742,0.000000,-0.048640,-0.067938,0.000000,0.120000,0.000000,0.749099,-0.000000,-0.000000,0.000000,-0.014623,-0.034017,0.000000,0.013805,0
1790544753.1540,-0.063903,-0.037301,0.000000,-0.045729,-0.063903,0.000000,0.120000,0.000000,0.779471,-0.000000,-0.000000,0.000000,-0.011190,-0.034539,0.000000,0.013971,0
1790544753.1680,-0.056766,-0.021470,0.000000,-0.041280,-0.056766,0.000000,0.120000,0.000000,0.809854,-0.000000,-0.000000,0.000000,-0.006441,-0.034839,0.000000,0.013976,0
1790544753.1821,-0.048182,-0.003678,0.000000,-0.035994,-0.048182,0.000000,0.120000,0.000000,0.840408,-0.000000,-0.000000,0.000000,-0.001104,-0.034890,0.000000,0.014055,0
1790544753.1959,-0.055612,0.002039,-0.000000,-0.034250,-0.055612,0.000000,0.120000,0.000000,0.870624,-0.000000,-0.000000,-0.000000,0.000612,-0.034862,0.000000,0.013900,0
1790544753.2100,-0.056615,-0.004085,-0.000000,-0.036145,-0.056615,0.000000,0.120000,0.000000,0.901110,-0.000000,-0.000000,-0.000000,-0.001226,-0.034919,-0.000000,0.014023,0
1790544753.2242,-0.051931,0.000143,0.000000,-0.034875,-0.051931,0.000000,0.120000,0.000000,0.931409,-0.000000,-0.000000,0.000000,0.000043,-0.034917,0.000000,0.013938,0
1790544753.2384,-0.053478,0.000433,-0.000000,-0.034781,-0.053478,0.000000,0.120000,0.000000,0.962810,-0.000000,-0.000000,-0.000000,0.000130,-0.034911,0.000000,0.014444,0
1790544753.2524,-0.043199,-0.005314,0.000000,-0.036580,-0.043199,0.000000,0.120000,0.000000,0.993224,-0.000000,-0.000000,0.000000,-0.001594,-0.034985,-0.000000,0.013990,0
1790544753.2663,-0.031142,-0.013031,0.000000,-0.039076,-0.031142,0.000000,0.120000,0.000000,0.023522,-0.000000,-0.000000,0.000000,-0.003909,-0.035167,-0.000000,0.013937,0
1790544753.2799,-0.025505,-0.018091,0.000000,-0.040841,-0.025505,0.000000,0.120000,0.000000,0.053150,-0.000000,-0.000000,0.000000,-0.005427,-0.035414,-0.000000,0.013629,0
1790544753.2936,-0.019424,-0.022020,0.000000,-0.042321,-0.019424,0.000000,0.120000,0.000000,0.082858,-0.000000,-0.000000,0.000000,-0.006606,-0.035714,-0.000000,0.013665,0
1790544753.3075,-0.011128,-0.029388,0.000000,-0.044941,-0.011128,0.000000,0.120000,0.000000,0.113231,-0.000000,-0.000000,0.000000,-0.008816,-0.036125,-0.000000,0.013972,0
1790544753.3214,-0.005522,-0.036767,0.000000,-0.047667,-0.005522,0.000000,0.120000,0.000000,0.143487,-0.000000,-0.000000,0.000000,-0.011030,-0.036637,-0.000000,0.013917,0
1790544753.3353,-0.015868,-0.033887,-0.000000,-0.047273,-0.015868,0.000000,0.120000,0.000000,0.173639,-0.000000,-0.000000,-0.000000,-0.010166,-0.037107,0.000000,0.013870,0
1790544753.3491,-0.018578,-0.022477,-0.000000,-0.044161,-0.018578,0.000000,0.120000,0.000000,0.203768,-0.000000,-0.000000,-0.000000,-0.006743,-0.037418,0.000000,0.013859,0
1790544753.3630,-0.021372,-0.012361,-0.000000,-0.041297,-0.021372,0.000000,0.120000,0.000000,0.233758,-0.000000,-0.000000,-0.000000,-0.003708,-0.037589,0.000000,0.013796,0
1790544753.3770,-0.024406,0.000112,-0.000000,-0.037554,-0.024406,0.000000,0.120000,0.000000,0.264138,-0.000000,-0.000000,-0.000000,0.000034,-0.037587,0.000000,0.013975,0
1790544753.3909,-0.034840,0.012564,-0.000000,-0.033642,-0.034840,0.000000,0.120000,0.000000,0.294490,-0.000000,-0.000000,-0.000000,0.003769,-0.037412,0.000000,0.013962,0
1790544753.4049,-0.035620,0.014259,-0.000000,-0.032935,-0.035620,0.000000,0.120000,0.000000,0.324818,-0.000000,-0.000000,-0.000000,0.004278,-0.037213,0.000000,0.013951,0
1790544753.4190,-0.032505,0.013014,0.000000,-0.033125,-0.032505,0.000000,0.120000,0.000000,0.355493,-0.000000,-0.000000,0.000000,0.003904,-0.037029,-0.000000,0.014111,0
1790544753.4329,-0.036249,0.012825,-0.000000,-0.033004,-0.036249,0.000000,0.120000,0.000000,0.385624,-0.000000,-0.000000,-0.000000,0.003847,-0.036852,-0.000000,0.013860,0
1790544753.4469,-0.038861,0.010446,-0.000000,-0.033572,-0.038861,0.000000,0.120000,0.000000,0.416035,-0.000000,-0.000000,-0.000000,0.003134,-0.036705,-0.000000,0.013989,0
1790544753.4608,-0.038266,0.004625,0.000000,-0.035253,-0.038266,0.000000,0.120000,0.000000,0.446418,-0.000000,-0.000000,0.000000,0.001388,-0.036641,-0.000000,0.013976,0
1790544753.4751,-0.049010,-0.003184,-0.000000,-0.037641,-0.049010,0.000000,0.120000,0.000000,0.476941,-0.000000,-0.000000,-0.000000,-0.000955,-0.036685,-0.000000,0.014040,0
1790544753.4897,-0.059501,-0.010671,-0.000000,-0.040044,-0.059501,0.000000,0.120000,0.000000,0.508970,-0.000000,-0.000000,-0.000000,-0.003201,-0.036843,-0.000000,0.014733,0
1790544753.5034,-0.067369,-0.016539,-0.000000,-0.042031,-0.067369,0.000000,0.120000,0.000000,0.538790,-0.000000,-0.000000,-0.000000,-0.004962,-0.037070,-0.000000,0.013717,0
1790544753.5171,-0.072559,-0.019868,-0.000000,-0.043302,-0.072559,0.000000,0.120000,0.000000,0.568610,-0.000000,-0.000000,-0.000000,-0.005960,-0.037342,-0.000000,0.013717,0
1790544753.5311,-0.074015,-0.020720,-0.000000,-0.043847,-0.074015,0.000000,0.120000,0.000000,0.598928,-0.000000,-0.000000,-0.000000,-0.006216,-0.037631,-0.000000,0.013946,0
1790544753.5452,-0.075299,-0.022384,-0.000000,-0.044664,-0.075299,0.000000,0.120000,0.000000,0.629818,-0.000000,-0.000000,-0.000000,-0.006715,-0.037949,-0.000000,0.014210,0
1790544753.5592,-0.071146,-0.021512,0.000000,-0.044705,-0.071146,0.000000,0.120000,0.000000,0.660354,-0.000000,-0.000000,0.000000,-0.006453,-0.038251,0.000000,0.014046,0
1790544753.5732,-0.065250,-0.017214,0.000000,-0.043657,-0.065250,0.000000,0.120000,0.000000,0.690863,-0.000000,-0.000000,0.000000,-0.005164,-0.038493,0.000000,0.014034,0
1790544753.5872,-0.059972,-0.010131,0.000000,-0.041673,-0.059972,0.000000,0.120000,0.000000,0.721041,-0.000000,-0.000000,0.000000,-0.003039,-0.038634,0.000000,0.013882,0
1790544753.6012,-0.054999,-0.000388,0.000000,-0.038755,-0.054999,0.000000,0.120000,0.000000,0.751557,-0.000000,-0.000000,0.000000,-0.000116,-0.038639,0.000000,0.014038,0
1790544753.6152,-0.047226,0.011225,0.000000,-0.035114,-0.047226,0.000000,0.120000,0.000000,0.782057,-0.000000,-0.000000,0.000000,0.003368,-0.038481,0.000000,0.014030,0
1790544753.6291,-0.039967,0.022566,0.000000,-0.031398,-0.039967,0.000000,0.120000,0.000000,0.812293,-0.000000,-0.000000,0.000000,0.006770,-0.038168,0.000000,0.013909,0
1790544753.6431,-0.046475,0.021638,-0.000000,-0.031373,-0.046475,0.000000,0.120000,0.000000,0.842693,-0.000000,-0.000000,-0.000000,0.006492,-0.037865,-0.000000,0.013984,0
1790544753.6571,-0.045053,0.018245,0.000000,-0.032136,-0.045053,0.000000,0.120000,0.000000,0.873100,-0.000000,-0.000000,0.000000,0.005473,-0.037610,-0.000000,0.013988,0
1790544753.6711,-0.039401,0.015076,0.000000,-0.032876,-0.039401,0.000000,0.120000,0.000000,0.903502,-0.000000,-0.000000,0.000000,0.004523,-0.037399,-0.000000,0.013985,0
1790544753.6850,-0.041924,0.012404,-0.000000,-0.033504,-0.041924,0.000000,0.120000,0.000000,0.933895,-0.000000,-0.000000,-0.000000,0.003721,-0.037226,-0.000000,0.013980,0
1790544753.6989,-0.036027,0.004886,0.000000,-0.035692,-0.036027,0.000000,0.120000,0.000000,0.963990,-0.000000,-0.000000,0.000000,0.001466,-0.037158,-0.000000,0.013844,0
1790544753.7129,-0.024004,-0.007971,0.000000,-0.039661,-0.024004,0.000000,0.120000,0.000000,0.994390,-0.000000,-0.000000,0.000000,-0.002391,-0.037269,-0.000000,0.013984,0
1790544753.7272,-0.015506,-0.016144,0.000000,-0.042338,-0.015506,0.000000,0.120000,0.000000,0.024789,-0.000000,-0.000000,0.000000,-0.004843,-0.037495,-0.000000,0.013983,0
1790544753.7411,-0.006860,-0.021521,0.000000,-0.044257,-0.006860,0.000000,0.120000,0.000000,0.055647,-0.000000,-0.000000,0.000000,-0.006456,-0.037801,-0.000000,0.014195,0
1790544753.7549,-0.001748,-0.026578,0.000000,-0.046142,-0.001748,0.000000,0.120000,0.000000,0.085781,-0.000000,-0.000000,0.000000,-0.007973,-0.038169,-0.000000,0.013861,0
1790544753.7691,0.007053,-0.034830,0.000000,-0.049107,0.007053,0.000000,0.120000,0.000000,0.116294,0.000000,-0.000000,0.000000,-0.010449,-0.038658,-0.000000,0.014036,0
1790544753.7832,-0.000495,-0.040428,-0.000000,-0.051362,-0.000495,0.000000,0.120000,0.000000,0.147259,-0.000000,-0.000000,-0.000000,-0.012128,-0.039234,-0.000000,0.014244,0
1790544753.7972,-0.012311,-0.036905,-0.000000,-0.050819,-0.012311,0.000000,0.120000,0.000000,0.177522,-0.000000,-0.000000,-0.000000,-0.011071,-0.039748,0.000000,0.013921,0
1790544753.8112,-0.015754,-0.028472,-0.000000,-0.048689,-0.015754,0.000000,0.120000,0.000000,0.208061,-0.000000,-0.000000,-0.000000,-0.008542,-0.040147,0.000000,0.014048,0
1790544753.8251,-0.020448,-0.022625,-0.000000,-0.047250,-0.020448,0.000000,0.120000,0.000000,0.238287,-0.000000,-0.000000,-0.000000,-0.006788,-0.040462,0.000000,0.013904,0
1790544753.8391,-0.033915,-0.006916,-0.000000,-0.042634,-0.033915,0.000000,0.120000,0.000000,0.268734,-0.000000,-0.000000,-0.000000,-0.002075,-0.040559,0.000000,0.014006,0
1790544753.8530,-0.045114,0.006904,-0.000000,-0.038392,-0.045114,0.000000,0.120000,0.000000,0.298959,-0.000000,-0.000000,-0.000000,0.002071,-0.040463,0.000000,0.013903,0
1790544753.8669,-0.044644,0.011850,0.000000,-0.036743,-0.044644,0.000000,0.120000,0.000000,0.329275,-0.000000,-0.000000,0.000000,0.003555,-0.040298,0.000000,0.013945,0
1790544753.8808,-0.041131,0.008975,0.000000,-0.037481,-0.041131,0.000000,0.120000,0.000000,0.359274,-0.000000,-0.000000,0.000000,0.002692,-0.040174,-0.000000,0.013800,0
1790544753.8948,-0.043817,0.005446,-0.000000,-0.038464,-0.043817,0.000000,0.120000,0.000000,0.389744,-0.000000,-0.000000,-0.000000,0.001634,-0.040098,-0.000000,0.014016,0
1790544753.9088,-0.039724,0.005996,0.000000,-0.038215,-0.039724,0.000000,0.120000,0.000000,0.420262,-0.000000,-0.000000,0.000000,0.001799,-0.040013,0.000000,0.014038,0
1790544753.9226,-0.042115,0.001973,-0.000000,-0.039394,-0.042115,0.000000,0.120000,0.000000,0.450325,-0.000000,-0.000000,-0.000000,0.000592,-0.039986,-0.000000,0.013829,0
1790544753.9365,-0.053759,-0.005129,-0.000000,-0.041596,-0.053759,0.000000,0.120000,0.000000,0.480524,-0.000000,-0.000000,-0.000000,-0.001539,-0.040057,-0.000000,0.013891,0
1790544753.9504,-0.066034,-0.013719,-0.000000,-0.044364,-0.066034,0.000000,0.120000,0.000000,0.510861,-0.000000,-0.000000,-0.000000,-0.004116,-0.040249,-0.000000,0.013955,0
1790544753.9639,-0.078858,-0.019226,-0.000000,-0.046275,-0.078858,0.000000,0.120000,0.000000,0.540143,-0.000000,-0.000000,-0.000000,-0.005768,-0.040508,-0.000000,0.013470,0
1790544753.9779,-0.087391,-0.023600,-0.000000,-0.047912,-0.087391,0.000000,0.120000,0.000000,0.570047,-0.000000,-0.000000,-0.000000,-0.007080,-0.040832,-0.000000,0.013756,0
1790544753.9926,-0.091852,-0.028267,-0.000000,-0.049729,-0.091852,0.000000,0.120000,0.000000,0.602108,-0.000000,-0.000000,-0.000000,-0.008480,-0.041249,-0.000000,0.014748,0
1790544754.0067,-0.095272,-0.032200,-0.000000,-0.051365,-0.095272,0.000000,0.120000,0.000000,0.632906,-0.000000,-0.000000,-0.000000,-0.009660,-0.041705,-0.000000,0.014167,0
1790544754.0207,-0.086345,-0.034366,0.000000,-0.052500,-0.086345,0.000000,0.120000,0.000000,0.663582,-0.000000,-0.000000,0.000000,-0.010310,-0.042190,-0.000000,0.014111,0
1790544754.0347,-0.079165,-0.031706,0.000000,-0.052144,-0.079165,0.000000,0.120000,0.000000,0.693868,-0.000000,-0.000000,0.000000,-0.009512,-0.042632,0.000000,0.013931,0
1790544754.0487,-0.074004,-0.027087,0.000000,-0.051137,-0.074004,0.000000,0.120000,0.000000,0.724277,-0.000000,-0.000000,0.000000,-0.008126,-0.043011,0.000000,0.013988,0
1790544754.0626,-0.066074,-0.019465,0.000000,-0.049122,-0.066074,0.000000,0.120000,0.000000,0.754649,-0.000000,-0.000000,0.000000,-0.005839,-0.043283,0.000000,0.013971,0
1790544754.0766,-0.057752,-0.008216,0.000000,-0.045862,-0.057752,0.000000,0.120000,0.000000,0.784950,-0.000000,-0.000000,0.000000,-0.002465,-0.043397,0.000000,0.013938,0
1790544754.0905,-0.047104,0.005988,0.000000,-0.041518,-0.047104,0.000000,0.120000,0.000000,0.815191,-0.000000,-0.000000,0.000000,0.001796,-0.043314,0.000000,0.013911,0
1790544754.1044,-0.042605,0.017631,0.000000,-0.037778,-0.042605,0.000000,0.120000,0.000000,0.845620,-0.000000,-0.000000,0.000000,0.005289,-0.043067,0.000000,0.013998,0
1790544754.1184,-0.051542,0.016256,-0.000000,-0.037963,-0.051542,0.000000,0.120000,0.000000,0.876041,-0.000000,-0.000000,-0.000000,0.004877,-0.042840,-0.000000,0.013994,0
1790544754.1324,-0.040396,0.015058,0.000000,-0.038112,-0.040396,0.000000,0.120000,0.000000,0.906418,-0.000000,-0.000000,0.000000,0.004517,-0.042629,-0.000000,0.013973,0
1790544754.1462,-0.038993,0.013160,0.000000,-0.038499,-0.038993,0.000000,0.120000,0.000000,0.936487,-0.000000,-0.000000,0.000000,0.003948,-0.042447,-0.000000,0.013832,0
1790544754.1602,-0.037627,0.006839,0.000000,-0.040300,-0.037627,0.000000,0.120000,0.000000,0.966820,-0.000000,-0.000000,0.000000,0.002052,-0.042352,-0.000000,0.013953,0
1790544754.1741,-0.028606,0.000103,0.000000,-0.042320,-0.028606,0.000000,0.120000,0.000000,0.997151,-0.000000,-0.000000,0.000000,0.000031,-0.042351,-0.000000,0.013952,0
1790544754.1881,-0.018633,-0.007074,0.000000,-0.044571,-0.018633,0.000000,0.120000,0.000000,0.027492,-0.000000,-0.000000,0.000000,-0.002122,-0.042449,-0.000000,0.013957,0
1790544754.2017,-0.012820,-0.012273,0.000000,-0.046298,-0.012820,0.000000,0.120000,0.000000,0.057123,-0.000000,-0.000000,0.000000,-0.003682,-0.042617,-0.000000,0.013630,0
1790544754.2153,-0.009064,-0.015822,0.000000,-0.047578,-0.009064,0.000000,0.120000,0.000000,0.086682,-0.000000,-0.000000,0.000000,-0.004747,-0.042832,-0.000000,0.013597,0
1790544754.2296,-0.001242,-0.021024,0.000000,-0.049433,-0.001242,0.000000,0.120000,0.000000,0.117029,-0.000000,-0.000000,0.000000,-0.006307,-0.043125,-0.000000,0.013960,0
1790544754.2438,0.004666,-0.028780,0.000000,-0.052176,0.004666,0.000000,0.120000,0.000000,0.148525,0.000000,-0.000000,0.000000,-0.008634,-0.043542,-0.000000,0.014488,0
1790544754.2578,-0.000237,-0.031409,-0.000000,-0.053404,-0.000237,0.000000,0.120000,0.000000,0.178961,-0.000000,-0.000000,-0.000000,-0.009423,-0.043982,-0.000000,0.014000,0
1790544754.2717,-0.006926,-0.024710,-0.000000,-0.051739,-0.006926,0.000000,0.120000,0.000000,0.209269,-0.000000,-0.000000,-0.000000,-0.007413,-0.044326,0.000000,0.013942,0
1790544754.2857,-0.010972,-0.013971,-0.000000,-0.048713,-0.010972,0.000000,0.120000,0.000000,0.239669,-0.000000,-0.000000,-0.000000,-0.004191,-0.044522,0.000000,0.013984,0
1790544754.2996,-0.013909,-0.001667,-0.000000,-0.045045,-0.013909,0.000000,0.120000,0.000000,0.269860,-0.000000,-0.000000,-0.000000,-0.000500,-0.044545,0.000000,0.013888,0
1790544754.3135,-0.027236,0.011667,-0.000000,-0.040883,-0.027236,0.000000,0.120000,0.000000,0.300055,-0.000000,-0.000000,-0.000000,0.003500,-0.044383,0.000000,0.013890,0
1790544754.3275,-0.029029,0.015448,-0.000000,-0.039532,-0.029029,0.000000,0.120000,0.000000,0.330502,-0.000000,-0.000000,-0.000000,0.004634,-0.044167,0.000000,0.014006,0
1790544754.3414,-0.028518,0.014761,0.000000,-0.039533,-0.028518,0.000000,0.120000,0.000000,0.360715,-0.000000,-0.000000,0.000000,0.004428,-0.043961,-0.000000,0.013898,0
1790544754.3553,-0.032783,0.014870,-0.000000,-0.039293,-0.032783,0.000000,0.120000,0.000000,0.391033,-0.000000,-0.000000,-0.000000,0.004461,-0.043754,0.000000,0.013947,0
1790544754.3691,-0.033830,0.010771,-0.000000,-0.040374,-0.033830,0.000000,0.120000,0.000000,0.421046,-0.000000,-0.000000,-0.000000,0.003231,-0.043605,-0.000000,0.013806,0
1790544754.3831,-0.037865,0.005120,-0.000000,-0.041998,-0.037865,0.000000,0.120000,0.000000,0.451366,-0.000000,-0.000000,-0.000000,0.001536,-0.043534,-0.000000,0.013947,0
1790544754.3970,-0.053835,-0.001286,-0.000000,-0.043937,-0.053835,0.000000,0.120000,0.000000,0.481631,-0.000000,-0.000000,-0.000000,-0.000386,-0.043552,-0.000000,0.013922,0
1790544754.4111,-0.065678,-0.010272,-0.000000,-0.046777,-0.065678,0.000000,0.120000,0.000000,0.512102,-0.000000,-0.000000,-0.000000,-0.003082,-0.043696,-0.000000,0.014016,0
1790544754.4247,-0.077325,-0.018280,-0.000000,-0.049429,-0.077325,0.000000,0.120000,0.000000,0.541734,-0.000000,-0.000000,-0.000000,-0.005484,-0.043945,-0.000000,0.013631,0
1790544754.4383,-0.084633,-0.023291,-0.000000,-0.051249,-0.084633,0.000000,0.120000,0.000000,0.571355,-0.000000,-0.000000,-0.000000,-0.006987,-0.044262,-0.000000,0.013626,0
1790544754.4523,-0.085757,-0.026748,-0.000000,-0.052660,-0.085757,0.000000,0.120000,0.000000,0.601715,-0.000000,-0.000000,-0.000000,-0.008024,-0.044636,-0.000000,0.013966,0
1790544754.4661,-0.084312,-0.028435,0.000000,-0.053562,-0.084312,0.000000,0.120000,0.000000,0.631965,-0.000000,-0.000000,0.000000,-0.008530,-0.045031,-0.000000,0.013915,0
1790544754.4805,-0.078466,-0.027611,0.000000,-0.053704,-0.078466,0.000000,0.120000,0.000000,0.662578,-0.000000,-0.000000,0.000000,-0.008283,-0.045420,0.000000,0.014082,0
1790544754.4949,-0.072770,-0.021788,0.000000,-0.052274,-0.072770,0.000000,0.120000,0.000000,0.694262,-0.000000,-0.000000,0.000000,-0.006536,-0.045738,0.000000,0.014575,0
1790544754.5091,-0.068075,-0.015076,0.000000,-0.050475,-0.068075,0.000000,0.120000,0.000000,0.725237,-0.000000,-0.000000,0.000000,-0.004523,-0.045953,0.000000,0.014248,0
1790544754.5231,-0.061358,-0.004676,0.000000,-0.047421,-0.061358,0.000000,0.120000,0.000000,0.755676,-0.000000,-0.000000,0.000000,-0.001403,-0.046018,0.000000,0.014002,0
1790544754.5371,-0.053649,0.007319,0.000000,-0.043720,-0.053649,0.000000,0.120000,0.000000,0.786098,-0.000000,-0.000000,0.000000,0.002196,-0.045916,0.000000,0.013994,0
1790544754.5509,-0.044672,0.020653,0.000000,-0.039433,-0.044672,0.000000,0.120000,0.000000,0.816245,-0.000000,-0.000000,0.000000,0.006196,-0.045629,0.000000,0.013868,0
1790544754.5648,-0.048534,0.028274,-0.000000,-0.036754,-0.048534,0.000000,0.120000,0.000000,0.846494,-0.000000,-0.000000,-0.000000,0.008482,-0.045236,0.000000,0.013914,0
1790544754.5788,-0.054234,0.027187,-0.000000,-0.036701,-0.054234,0.000000,0.120000,0.000000,0.876754,-0.000000,-0.000000,-0.000000,0.008156,-0.044857,-0.000000,0.013920,0
1790544754.5927,-0.046612,0.023463,0.000000,-0.037492,-0.046612,0.000000,0.120000,0.000000,0.906992,-0.000000,-0.000000,0.000000,0.007039,-0.044531,-0.000000,0.013909,0
1790544754.6067,-0.046941,0.026142,-0.000000,-0.036324,-0.046941,0.000000,0.120000,0.000000,0.937303,-0.000000,-0.000000,-0.000000,0.007842,-0.044167,0.000000,0.013943,0
1790544754.6206,-0.043496,0.022789,0.000000,-0.037011,-0.043496,0.000000,0.120000,0.000000,0.967747,-0.000000,-0.000000,0.000000,0.006837,-0.043847,-0.000000,0.014004,0
1790544754.6345,-0.032517,0.012970,0.000000,-0.039776,-0.032517,0.000000,0.120000,0.000000,0.997957,-0.000000,-0.000000,0.000000,0.003891,-0.043667,-0.000000,0.013897,0
1790544754.6485,-0.019167,0.004911,0.000000,-0.042125,-0.019167,0.000000,0.120000,0.000000,0.028354,-0.000000,-0.000000,0.000000,0.001473,-0.043599,-0.000000,0.013983,0
1790544754.6625,-0.010489,0.000286,0.000000,-0.043509,-0.010489,0.000000,0.120000,0.000000,0.058094,-0.000000,-0.000000,0.000000,0.000086,-0.043595,-0.000000,0.013681,0
1790544754.6772,-0.007670,-0.003273,0.000000,-0.044625,-0.007670,0.000000,0.120000,0.000000,0.090151,-0.000000,-0.000000,0.000000,-0.000982,-0.043643,-0.000000,0.014746,0
1790544754.6920,0.002688,-0.011801,0.000000,-0.047356,0.002688,0.000000,0.120000,0.000000,0.122082,0.000000,-0.000000,0.000000,-0.003540,-0.043816,-0.000000,0.014688,0
1790544754.7064,0.007283,-0.019258,0.000000,-0.049874,0.007283,0.000000,0.120000,0.000000,0.153719,0.000000,-0.000000,0.000000,-0.005777,-0.044096,-0.000000,0.014553,0
1790544754.7209,-0.006381,-0.017285,-0.000000,-0.049530,-0.006381,0.000000,0.120000,0.000000,0.184897,-0.000000,-0.000000,-0.000000,-0.005186,-0.044344,0.000000,0.014342,0
1790544754.7357,-0.014558,-0.007804,-0.000000,-0.046802,-0.014558,0.000000,0.120000,0.000000,0.217380,-0.000000,-0.000000,-0.000000,-0.002341,-0.044461,0.000000,0.014942,0
1790544754.7496,-0.021000,0.001848,-0.000000,-0.043881,-0.021000,0.000000,0.120000,0.000000,0.248090,-0.000000,-0.000000,-0.000000,0.000554,-0.044435,0.000000,0.014127,0
1790544754.7633,-0.027162,0.013313,-0.000000,-0.040259,-0.027162,0.000000,0.120000,0.000000,0.277780,-0.000000,-0.000000,-0.000000,0.003994,-0.044253,0.000000,0.013658,0
1790544754.7773,-0.037526,0.025905,-0.000000,-0.036117,-0.037526,0.000000,0.120000,0.000000,0.308351,-0.000000,-0.000000,-0.000000,0.007771,-0.043889,0.000000,0.014063,0
1790544754.7912,-0.034858,0.029886,0.000000,-0.034509,-0.034858,0.000000,0.120000,0.000000,0.338479,-0.000000,-0.000000,0.000000,0.008966,-0.043475,0.000000,0.013859,0
1790544754.8052,-0.036344,0.028785,-0.000000,-0.034436,-0.036344,0.000000,0.120000,0.000000,0.368914,-0.000000,-0.000000,-0.000000,0.008635,-0.043072,-0.000000,0.014000,0
1790544754.8192,-0.043234,0.023766,-0.000000,-0.035609,-0.043234,0.000000,0.120000,0.000000,0.399331,-0.000000,-0.000000,-0.000000,0.007130,-0.042739,-0.000000,0.013992,0
1790544754.8331,-0.045301,0.016328,-0.000000,-0.037612,-0.045301,0.000000,0.120000,0.000000,0.429729,-0.000000,-0.000000,-0.000000,0.004898,-0.042511,-0.000000,0.013983,0
1790544754.8471,-0.050200,0.008736,-0.000000,-0.039768,-0.050200,0.000000,0.120000,0.000000,0.460121,-0.000000,-0.000000,-0.000000,0.002621,-0.042389,-0.000000,0.013980,0
1790544754.8612,-0.065228,0.000044,-0.000000,-0.042375,-0.065228,0.000000,0.120000,0.000000,0.490504,-0.000000,-0.000000,-0.000000,0.000013,-0.042388,-0.000000,0.013976,0
1790544754.8752,-0.076045,-0.009660,-0.000000,-0.045422,-0.076045,0.000000,0.120000,0.000000,0.521075,-0.000000,-0.000000,-0.000000,-0.002898,-0.042524,-0.000000,0.014062,0
1790544754.8888,-0.088466,-0.016960,-0.000000,-0.047843,-0.088466,0.000000,0.120000,0.000000,0.550717,-0.000000,-0.000000,-0.000000,-0.005088,-0.042755,-0.000000,0.013635,0
1790544754.9024,-0.096310,-0.022372,-0.000000,-0.049772,-0.096310,0.000000,0.120000,0.000000,0.580358,-0.000000,-0.000000,-0.000000,-0.006712,-0.043060,-0.000000,0.013635,0
1790544754.9163,-0.099150,-0.028144,-0.000000,-0.051894,-0.099150,0.000000,0.120000,0.000000,0.610540,-0.000000,-0.000000,-0.000000,-0.008443,-0.043451,-0.000000,0.013884,0
1790544754.9302,-0.096687,-0.031718,0.000000,-0.053408,-0.096687,0.000000,0.120000,0.000000,0.640777,-0.000000,-0.000000,0.000000,-0.009515,-0.043892,-0.000000,0.013909,0
1790544754.9441,-0.091334,-0.030740,0.000000,-0.053542,-0.091334,0.000000,0.120000,0.000000,0.671009,-0.000000,-0.000000,0.000000,-0.009222,-0.044320,0.000000,0.013907,0
1790544754.9580,-0.087331,-0.027373,0.000000,-0.052913,-0.087331,0.000000,0.120000,0.000000,0.701313,-0.000000,-0.000000,0.000000,-0.008212,-0.044701,0.000000,0.013940,0
1790544754.9721,-0.084872,-0.021716,0.000000,-0.051518,-0.084872,0.000000,0.120000,0.000000,0.731557,-0.000000,-0.000000,0.000000,-0.006515,-0.045003,0.000000,0.013912,0
1790544754.9863,-0.077981,-0.012081,0.000000,-0.048799,-0.077981,0.000000,0.120000,0.000000,0.762450,-0.000000,-0.000000,0.000000,-0.003624,-0.045175,0.000000,0.014211,0
1790544755.0002,-0.070110,0.000866,0.000000,-0.044903,-0.070110,0.000000,0.120000,0.000000,0.793010,-0.000000,-0.000000,0.000000,0.000260,-0.045163,0.000000,0.014057,0
1790544755.0145,-0.058586,0.019026,0.000000,-0.039189,-0.058586,0.000000,0.120000,0.000000,0.823394,-0.000000,-0.000000,0.000000,0.005708,-0.044897,0.000000,0.013977,0
1790544755.0290,-0.062061,0.030786,-0.000000,-0.035209,-0.062061,0.000000,0.120000,0.000000,0.855302,-0.000000,-0.000000,-0.000000,0.009236,-0.044445,0.000000,0.014678,0
1790544755.0429,-0.073644,0.030213,-0.000000,-0.034957,-0.073644,0.000000,0.120000,0.000000,0.885807,-0.000000,-0.000000,-0.000000,0.009064,-0.044021,-0.000000,0.014032,0
1790544755.0569,-0.063119,0.026157,0.000000,-0.035808,-0.063119,0.000000,0.120000,0.000000,0.916195,-0.000000,-0.000000,0.000000,0.007847,-0.043655,-0.000000,0.013979,0
1790544755.0710,-0.063713,0.023064,-0.000000,-0.036413,-0.063713,0.000000,0.120000,0.000000,0.946667,-0.000000,-0.000000,-0.000000,0.006919,-0.043332,-0.000000,0.014017,0
1790544755.0849,-0.063740,0.016504,-0.000000,-0.038150,-0.063740,0.000000,0.120000,0.000000,0.977067,-0.000000,-0.000000,-0.000000,0.004951,-0.043101,-0.000000,0.013984,0
1790544755.0989,-0.052849,0.008904,0.000000,-0.040305,-0.052849,0.000000,0.120000,0.000000,0.007566,-0.000000,-0.000000,0.000000,0.002671,-0.042976,-0.000000,0.014029,0
1790544755.1125,-0.043740,0.001203,0.000000,-0.042599,-0.043740,0.000000,0.120000,0.000000,0.037032,-0.000000,-0.000000,0.000000,0.000361,-0.042960,-0.000000,0.013555,0
1790544755.1261,-0.038480,-0.002748,0.000000,-0.043822,-0.038480,0.000000,0.120000,0.000000,0.066634,-0.000000,-0.000000,0.000000,-0.000825,-0.042998,-0.000000,0.013617,0
1790544755.1401,-0.032311,-0.008338,0.000000,-0.045616,-0.032311,0.000000,0.120000,0.000000,0.097105,-0.000000,-0.000000,0.000000,-0.002501,-0.043114,-0.000000,0.014017,0
1790544755.1540,-0.022674,-0.014537,0.000000,-0.047677,-0.022674,0.000000,0.120000,0.000000,0.127185,-0.000000,-0.000000,0.000000,-0.004361,-0.043316,-0.000000,0.013837,0
1790544755.1679,-0.031550,-0.016129,-0.000000,-0.048379,-0.031550,0.000000,0.120000,0.000000,0.157497,-0.000000,-0.000000,-0.000000,-0.004839,-0.043540,-0.000000,0.013943,0
1790544755.1819,-0.041906,-0.009840,-0.000000,-0.046630,-0.041906,0.000000,0.120000,0.000000,0.187815,-0.000000,-0.000000,-0.000000,-0.002952,-0.043678,0.000000,0.013946,0
1790544755.1958,-0.047320,0.002345,-0.000000,-0.042941,-0.047320,0.000000,0.120000,0.000000,0.218139,-0.000000,-0.000000,-0.000000,0.000704,-0.043645,0.000000,0.013949,0
1790544755.2098,-0.051135,0.014799,-0.000000,-0.038998,-0.051135,0.000000,0.120000,0.000000,0.248571,-0.000000,-0.000000,-0.000000,0.004440,-0.043438,0.000000,0.013999,0
1790544755.2237,-0.061379,0.030596,-0.000000,-0.033833,-0.061379,0.000000,0.120000,0.000000,0.278836,-0.000000,-0.000000,-0.000000,0.009179,-0.043012,0.000000,0.013922,0
1790544755.2378,-0.065470,0.040002,-0.000000,-0.030450,-0.065470,0.000000,0.120000,0.000000,0.309320,-0.000000,-0.000000,-0.000000,0.012001,-0.042451,0.000000,0.014023,0
1790544755.2519,-0.055953,0.039408,0.000000,-0.030071,-0.055953,0.000000,0.120000,0.000000,0.340095,-0.000000,-0.000000,0.000000,0.011822,-0.041893,-0.000000,0.014156,0
1790544755.2660,-0.059784,0.038453,-0.000000,-0.029826,-0.059784,0.000000,0.120000,0.000000,0.370104,-0.000000,-0.000000,-0.000000,0.011536,-0.041362,-0.000000,0.013804,0
1790544755.2802,-0.062611,0.034635,-0.000000,-0.030472,-0.062611,0.000000,0.120000,0.000000,0.401496,-0.000000,-0.000000,-0.000000,0.010390,-0.040862,-0.000000,0.014440,0
1790544755.2942,-0.063901,0.027090,-0.000000,-0.032355,-0.063901,0.000000,0.120000,0.000000,0.431987,-0.000000,-0.000000,-0.000000,0.008127,-0.040482,-0.000000,0.014026,0
1790544755.3082,-0.071779,0.019615,-0.000000,-0.034323,-0.071779,0.000000,0.120000,0.000000,0.462473,-0.000000,-0.000000,-0.000000,0.005884,-0.040207,-0.000000,0.014024,0
1790544755.3222,-0.087271,0.011135,-0.000000,-0.036711,-0.087271,0.000000,0.120000,0.000000,0.492831,-0.000000,-0.000000,-0.000000,0.003340,-0.040052,-0.000000,0.013965,0
1790544755.3360,-0.098113,0.002228,-0.000000,-0.039352,-0.098113,0.000000,0.120000,0.000000,0.522977,-0.000000,-0.000000,-0.000000,0.000668,-0.040021,-0.000000,0.013867,0
1790544755.3496,-0.106829,-0.003340,-0.000000,-0.041068,-0.106829,0.000000,0.120000,0.000000,0.552561,-0.000000,-0.000000,-0.000000,-0.001002,-0.040066,-0.000000,0.013608,0
1790544755.3632,-0.110525,-0.006998,-0.000000,-0.042261,-0.110525,0.000000,0.120000,0.000000,0.582125,-0.000000,-0.000000,-0.000000,-0.002099,-0.040161,-0.000000,0.013600,0
1790544755.3778,-0.111060,-0.009943,-0.000000,-0.043286,-0.111060,0.000000,0.120000,0.000000,0.613219,-0.000000,-0.000000,-0.000000,-0.002983,-0.040303,-0.000000,0.014303,0
1790544755.3920,-0.110422,-0.011609,0.000000,-0.043953,-0.110422,0.000000,0.120000,0.000000,0.644367,-0.000000,-0.000000,0.000000,-0.003483,-0.040470,-0.000000,0.014328,0
1790544755.4060,-0.107047,-0.011475,0.000000,-0.044074,-0.107047,0.000000,0.120000,0.000000,0.675012,-0.000000,-0.000000,0.000000,-0.003443,-0.040632,0.000000,0.014097,0
1790544755.4202,-0.098481,-0.007929,0.000000,-0.043123,-0.098481,0.000000,0.120000,0.000000,0.705781,-0.000000,-0.000000,0.000000,-0.002379,-0.040744,0.000000,0.014153,0
1790544755.4342,-0.090111,-0.001176,0.000000,-0.041113,-0.090111,0.000000,0.120000,0.000000,0.736344,-0.000000,-0.000000,0.000000,-0.000353,-0.040760,0.000000,0.014059,0
1790544755.4481,-0.081707,0.009055,0.000000,-0.037918,-0.081707,0.000000,0.120000,0.000000,0.766503,-0.000000,-0.000000,0.000000,0.002717,-0.040635,0.000000,0.013873,0
1790544755.4621,-0.070048,0.020569,0.000000,-0.034175,-0.070048,0.000000,0.120000,0.000000,0.797010,-0.000000,-0.000000,0.000000,0.006171,-0.040346,0.000000,0.014033,0
1790544755.4761,-0.065411,0.026530,0.000000,-0.032016,-0.065411,0.000000,0.120000,0.000000,0.827413,-0.000000,-0.000000,0.000000,0.007959,-0.039975,0.000000,0.013985,0
1790544755.4905,-0.070345,0.023331,-0.000000,-0.032644,-0.070345,0.000000,0.120000,0.000000,0.858292,-0.000000,-0.000000,-0.000000,0.006999,-0.039644,-0.000000,0.014204,0
1790544755.5048,-0.066528,0.021708,0.000000,-0.032819,-0.066528,0.000000,0.120000,0.000000,0.889536,-0.000000,-0.000000,0.000000,0.006512,-0.039332,-0.000000,0.014372,0
1790544755.5188,-0.064896,0.020446,0.000000,-0.032908,-0.064896,0.000000,0.120000,0.000000,0.920350,-0.000000,-0.000000,0.000000,0.006134,-0.039042,-0.000000,0.014174,0
1790544755.5328,-0.058841,0.016599,0.000000,-0.033831,-0.058841,0.000000,0.120000,0.000000,0.950610,-0.000000,-0.000000,0.000000,0.004980,-0.038811,-0.000000,0.013920,0
1790544755.5469,-0.047683,0.008217,0.000000,-0.036229,-0.047683,0.000000,0.120000,0.000000,0.981337,-0.000000,-0.000000,0.000000,0.002465,-0.038695,-0.000000,0.014134,0
1790544755.5608,-0.034742,-0.003744,0.000000,-0.039870,-0.034742,0.000000,0.120000,0.000000,0.011516,-0.000000,-0.000000,0.000000,-0.001123,-0.038747,-0.000000,0.013882,0
1790544755.5744,-0.023815,-0.012354,0.000000,-0.042622,-0.023815,0.000000,0.120000,0.000000,0.041223,-0.000000,-0.000000,0.000000,-0.003706,-0.038915,-0.000000,0.013665,0
1790544755.5880,-0.017837,-0.017444,0.000000,-0.044386,-0.017837,0.000000,0.120000,0.000000,0.070777,-0.000000,-0.000000,0.000000,-0.005233,-0.039153,-0.000000,0.013595,0
1790544755.6019,-0.011499,-0.022756,0.000000,-0.046295,-0.011499,0.000000,0.120000,0.000000,0.100897,-0.000000,-0.000000,0.000000,-0.006827,-0.039468,-0.000000,0.013855,0
1790544755.6159,-0.008866,-0.031108,0.000000,-0.049235,-0.008866,0.000000,0.120000,0.000000,0.131281,-0.000000,-0.000000,0.000000,-0.009333,-0.039903,-0.000000,0.013977,0
1790544755.6298,-0.019309,-0.029881,-0.000000,-0.049285,-0.019309,0.000000,0.120000,0.000000,0.161686,-0.000000,-0.000000,-0.000000,-0.008964,-0.040321,0.000000,0.013986,0
1790544755.6437,-0.023867,-0.022341,-0.000000,-0.047333,-0.023867,0.000000,0.120000,0.000000,0.191872,-0.000000,-0.000000,-0.000000,-0.006702,-0.040631,0.000000,0.013885,0
1790544755.6577,-0.027696,-0.014364,-0.000000,-0.045141,-0.027696,0.000000,0.120000,0.000000,0.222238,-0.000000,-0.000000,-0.000000,-0.004309,-0.040831,0.000000,0.013969,0
1790544755.6717,-0.034648,-0.002810,-0.000000,-0.041714,-0.034648,0.000000,0.120000,0.000000,0.252665,-0.000000,-0.000000,-0.000000,-0.000843,-0.040871,0.000000,0.013996,0
1790544755.6857,-0.046509,0.012055,-0.000000,-0.037086,-0.046509,0.000000,0.120000,0.000000,0.282985,-0.000000,-0.000000,-0.000000,0.003617,-0.040703,0.000000,0.013947,0
1790544755.6995,-0.046323,0.014767,0.000000,-0.036068,-0.046323,0.000000,0.120000,0.000000,0.313155,-0.000000,-0.000000,0.000000,0.004430,-0.040498,0.000000,0.013878,0
1790544755.7135,-0.044736,0.013683,0.000000,-0.036202,-0.044736,0.000000,0.120000,0.000000,0.343492,-0.000000,-0.000000,0.000000,0.004105,-0.040307,-0.000000,0.013955,0
1790544755.7273,-0.048221,0.012007,-0.000000,-0.036538,-0.048221,0.000000,0.120000,0.000000,0.373690,-0.000000,-0.000000,-0.000000,0.003602,-0.040140,-0.000000,0.013891,0
1790544755.7416,-0.046375,0.004961,0.000000,-0.038582,-0.046375,0.000000,0.120000,0.000000,0.404051,-0.000000,-0.000000,0.000000,0.001488,-0.040071,-0.000000,0.013966,0
1790544755.7558,-0.042749,0.000790,0.000000,-0.039822,-0.042749,0.000000,0.120000,0.000000,0.435213,-0.000000,-0.000000,0.000000,0.000237,-0.040059,-0.000000,0.014335,0
1790544755.7697,-0.054878,-0.001856,-0.000000,-0.040642,-0.054878,0.000000,0.120000,0.000000,0.465640,-0.000000,-0.000000,-0.000000,-0.000557,-0.040085,-0.000000,0.013996,0
1790544755.7837,-0.065869,-0.008336,-0.000000,-0.042703,-0.065869,0.000000,0.120000,0.000000,0.496057,-0.000000,-0.000000,-0.000000,-0.002501,-0.040202,-0.000000,0.013992,0
1790544755.7977,-0.077050,-0.015537,-0.000000,-0.045081,-0.077050,0.000000,0.120000,0.000000,0.526608,-0.000000,-0.000000,-0.000000,-0.004661,-0.040420,-0.000000,0.014054,0
1790544755.8113,-0.086920,-0.020358,-0.000000,-0.046805,-0.086920,0.000000,0.120000,0.000000,0.556186,-0.000000,-0.000000,-0.000000,-0.006107,-0.040697,-0.000000,0.013606,0
1790544755.8250,-0.090680,-0.025558,-0.000000,-0.048714,-0.090680,0.000000,0.120000,0.000000,0.585921,-0.000000,-0.000000,-0.000000,-0.007668,-0.041047,-0.000000,0.013678,0
1790544755.8390,-0.094176,-0.029476,-0.000000,-0.050302,-0.094176,0.000000,0.120000,0.000000,0.616315,-0.000000,-0.000000,-0.000000,-0.008843,-0.041459,-0.000000,0.013981,0
1790544755.8529,-0.099113,-0.032451,-0.000000,-0.051648,-0.099113,0.000000,0.120000,0.000000,0.646680,-0.000000,-0.000000,-0.000000,-0.009735,-0.041912,-0.000000,0.013968,0
1790544755.8667,-0.095064,-0.036165,0.000000,-0.053260,-0.095064,0.000000,0.120000,0.000000,0.676629,-0.000000,-0.000000,0.000000,-0.010849,-0.042410,-0.000000,0.013776,0
1790544755.8807,-0.088050,-0.033077,0.000000,-0.052797,-0.088050,0.000000,0.120000,0.000000,0.707056,-0.000000,-0.000000,0.000000,-0.009923,-0.042873,0.000000,0.013997,0
1790544755.8946,-0.083860,-0.024261,0.000000,-0.050488,-0.083860,0.000000,0.120000,0.000000,0.737219,-0.000000,-0.000000,0.000000,-0.007278,-0.043210,0.000000,0.013875,0
1790544755.9084,-0.077835,-0.013370,0.000000,-0.047407,-0.077835,0.000000,0.120000,0.000000,0.767451,-0.000000,-0.000000,0.000000,-0.004011,-0.043396,0.000000,0.013906,0
1790544755.9224,-0.065943,-0.000601,0.000000,-0.043585,-0.065943,0.000000,0.120000,0.000000,0.797762,-0.000000,-0.000000,0.000000,-0.000180,-0.043404,0.000000,0.013943,0
1790544755.9363,-0.055001,0.012172,0.000000,-0.039583,-0.055001,0.000000,0.120000,0.000000,0.828060,-0.000000,-0.000000,0.000000,0.003652,-0.043235,0.000000,0.013937,0
1790544755.9502,-0.056947,0.019452,-0.000000,-0.037129,-0.056947,0.000000,0.120000,0.000000,0.858275,-0.000000,-0.000000,-0.000000,0.005836,-0.042964,0.000000,0.013899,0
1790544755.9641,-0.064275,0.017853,-0.000000,-0.037361,-0.064275,0.000000,0.120000,0.000000,0.888344,-0.000000,-0.000000,-0.000000,0.005356,-0.042717,-0.000000,0.013832,0
1790544755.9780,-0.064997,0.018830,-0.000000,-0.036806,-0.064997,0.000000,0.120000,0.000000,0.918630,-0.000000,-0.000000,-0.000000,0.005649,-0.042455,0.000000,0.013931,0
1790544755.9923,-0.056996,0.017866,0.000000,-0.036843,-0.056996,0.000000,0.120000,0.000000,0.949280,-0.000000,-0.000000,0.000000,0.005360,-0.042203,-0.000000,0.014099,0
1790544756.0066,-0.056438,0.013426,0.000000,-0.037983,-0.056438,0.000000,0.120000,0.000000,0.980496,-0.000000,-0.000000,0.000000,0.004028,-0.042010,-0.000000,0.014359,0
1790544756.0206,-0.052791,0.002894,0.000000,-0.041102,-0.052791,0.000000,0.120000,0.000000,0.011115,-0.000000,-0.000000,0.000000,0.000868,-0.041970,-0.000000,0.014085,0
1790544756.0342,-0.043256,-0.003874,0.000000,-0.043185,-0.043256,0.000000,0.120000,0.000000,0.040862,-0.000000,-0.000000,0.000000,-0.001162,-0.042023,-0.000000,0.013684,0
1790544756.0478,-0.037499,-0.007966,0.000000,-0.044521,-0.037499,0.000000,0.120000,0.000000,0.070430,-0.000000,-0.000000,0.000000,-0.002390,-0.042131,-0.000000,0.013601,0
1790544756.0617,-0.032773,-0.011545,0.000000,-0.045754,-0.032773,0.000000,0.120000,0.000000,0.100464,-0.000000,-0.000000,0.000000,-0.003464,-0.042291,-0.000000,0.013815,0
1790544756.0757,-0.021686,-0.017192,0.000000,-0.047688,-0.021686,0.000000,0.120000,0.000000,0.130828,-0.000000,-0.000000,0.000000,-0.005158,-0.042531,-0.000000,0.013968,0
1790544756.0897,-0.026349,-0.021956,-0.000000,-0.049425,-0.026349,0.000000,0.120000,0.000000,0.161285,-0.000000,-0.000000,-0.000000,-0.006587,-0.042838,-0.000000,0.014010,0
1790544756.1035,-0.041126,-0.018384,-0.000000,-0.048608,-0.041126,0.000000,0.120000,0.000000,0.191403,-0.000000,-0.000000,-0.000000,-0.005515,-0.043093,0.000000,0.013854,0
1790544756.1174,-0.044558,-0.008572,-0.000000,-0.045784,-0.044558,0.000000,0.120000,0.000000,0.221733,-0.000000,-0.000000,-0.000000,-0.002572,-0.043213,0.000000,0.013952,0
1790544756.1314,-0.050835,0.001665,-0.000000,-0.042690,-0.050835,0.000000,0.120000,0.000000,0.252070,-0.000000,-0.000000,-0.000000,0.000500,-0.043189,0.000000,0.013955,0
1790544756.1453,-0.060612,0.014474,-0.000000,-0.038645,-0.060612,0.000000,0.120000,0.000000,0.282387,-0.000000,-0.000000,-0.000000,0.004342,-0.042987,0.000000,0.013946,0
1790544756.1593,-0.073110,0.026508,-0.000000,-0.034666,-0.073110,0.000000,0.120000,0.000000,0.312689,-0.000000,-0.000000,-0.000000,0.007952,-0.042618,0.000000,0.013939,0
1790544756.1732,-0.070893,0.025613,0.000000,-0.034578,-0.070893,0.000000,0.120000,0.000000,0.342901,-0.000000,-0.000000,0.000000,0.007684,-0.042262,-0.000000,0.013897,0
1790544756.1872,-0.068668,0.024072,0.000000,-0.034704,-0.068668,0.000000,0.120000,0.000000,0.373250,-0.000000,-0.000000,0.000000,0.007222,-0.041926,-0.000000,0.013961,0
1790544756.2011,-0.068569,0.022376,0.000000,-0.034900,-0.068569,0.000000,0.120000,0.000000,0.403659,-0.000000,-0.000000,0.000000,0.006713,-0.041613,-0.000000,0.013988,0
1790544756.2150,-0.064496,0.017739,0.000000,-0.036046,-0.064496,0.000000,0.120000,0.000000,0.433759,-0.000000,-0.000000,0.000000,0.005322,-0.041367,-0.000000,0.013846,0
1790544756.2290,-0.071411,0.012231,-0.000000,-0.037527,-0.071411,0.000000,0.120000,0.000000,0.464149,-0.000000,-0.000000,-0.000000,0.003669,-0.041196,-0.000000,0.013980,0
1790544756.2432,-0.085462,0.004014,-0.000000,-0.039936,-0.085462,0.000000,0.120000,0.000000,0.494463,-0.000000,-0.000000,-0.000000,0.001204,-0.041140,-0.000000,0.013944,0
1790544756.2574,-0.099748,-0.006116,-0.000000,-0.043064,-0.099748,0.000000,0.120000,0.000000,0.525916,-0.000000,-0.000000,-0.000000,-0.001835,-0.041229,-0.000000,0.014469,0
1790544756.2710,-0.109682,-0.012264,-0.000000,-0.045076,-0.109682,0.000000,0.120000,0.000000,0.555607,-0.000000,-0.000000,-0.000000,-0.003679,-0.041396,-0.000000,0.013658,0
1790544756.2848,-0.115473,-0.017053,-0.000000,-0.046746,-0.115473,0.000000,0.120000,0.000000,0.585430,-0.000000,-0.000000,-0.000000,-0.005116,-0.041630,-0.000000,0.013719,0
1790544756.2989,-0.117886,-0.021693,-0.000000,-0.048444,-0.117886,0.000000,0.120000,0.000000,0.616031,-0.000000,-0.000000,-0.000000,-0.006508,-0.041936,-0.000000,0.014077,0
1790544756.3129,-0.119108,-0.025264,-0.000000,-0.049870,-0.119108,0.000000,0.120000,0.000000,0.646563,-0.000000,-0.000000,-0.000000,-0.007579,-0.042291,-0.000000,0.014045,0
1790544756.3267,-0.116724,-0.027148,0.000000,-0.050810,-0.116724,0.000000,0.120000,0.000000,0.676583,-0.000000,-0.000000,0.000000,-0.008144,-0.042665,-0.000000,0.013809,0
1790544756.3405,-0.106874,-0.025085,0.000000,-0.050538,-0.106874,0.000000,0.120000,0.000000,0.706705,-0.000000,-0.000000,0.000000,-0.007525,-0.043013,0.000000,0.013856,0
1790544756.3544,-0.099721,-0.019630,0.000000,-0.049174,-0.099721,0.000000,0.120000,0.000000,0.736849,-0.000000,-0.000000,0.000000,-0.005889,-0.043285,0.000000,0.013866,0
1790544756.3683,-0.095506,-0.010310,0.000000,-0.046522,-0.095506,0.000000,0.120000,0.000000,0.767070,-0.000000,-0.000000,0.000000,-0.003093,-0.043428,0.000000,0.013902,0
1790544756.3822,-0.088505,0.002518,0.000000,-0.042638,-0.088505,0.000000,0.120000,0.000000,0.797367,-0.000000,-0.000000,0.000000,0.000756,-0.043393,0.000000,0.013937,0
1790544756.3961,-0.079497,0.016824,0.000000,-0.038112,-0.079497,0.000000,0.120000,0.000000,0.827627,-0.000000,-0.000000,0.000000,0.005047,-0.043159,0.000000,0.013920,0
1790544756.4101,-0.071812,0.030952,0.000000,-0.033443,-0.071812,0.000000,0.120000,0.000000,0.857876,-0.000000,-0.000000,0.000000,0.009285,-0.042729,0.000000,0.013914,0
1790544756.4240,-0.083167,0.034495,-0.000000,-0.031900,-0.083167,0.000000,0.120000,0.000000,0.888109,-0.000000,-0.000000,-0.000000,0.010349,-0.042249,0.000000,0.013907,0
1790544756.4380,-0.076349,0.034642,0.000000,-0.031372,-0.076349,0.000000,0.120000,0.000000,0.918513,-0.000000,-0.000000,0.000000,0.010393,-0.041764,0.000000,0.013986,0
1790544756.4520,-0.080741,0.031811,-0.000000,-0.031776,-0.080741,0.000000,0.120000,0.000000,0.948936,-0.000000,-0.000000,-0.000000,0.009543,-0.041319,-0.000000,0.013994,0
1790544756.4659,-0.081912,0.027022,-0.000000,-0.032836,-0.081912,0.000000,0.120000,0.000000,0.979235,-0.000000,-0.000000,-0.000000,0.008107,-0.040943,-0.000000,0.013937,0
1790544756.4798,-0.071234,0.020456,0.000000,-0.034523,-0.071234,0.000000,0.120000,0.000000,0.009261,-0.000000,-0.000000,0.000000,0.006137,-0.040660,-0.000000,0.013812,0
1790544756.4937,-0.064103,0.011663,0.000000,-0.037001,-0.064103,0.000000,0.120000,0.000000,0.039146,-0.000000,-0.000000,0.000000,0.003499,-0.040500,-0.000000,0.013747,0
1790544756.5077,-0.055730,0.004889,0.000000,-0.038964,-0.055730,0.000000,0.120000,0.000000,0.069772,-0.000000,-0.000000,0.000000,0.001467,-0.040431,-0.000000,0.014088,0
1790544756.5217,-0.046496,0.000679,0.000000,-0.040217,-0.046496,0.000000,0.120000,0.000000,0.100496,-0.000000,-0.000000,0.000000,0.000204,-0.040421,-0.000000,0.014133,0
1790544756.5357,-0.039711,-0.005281,0.000000,-0.042079,-0.039711,0.000000,0.120000,0.000000,0.130895,-0.000000,-0.000000,0.000000,-0.001584,-0.040495,-0.000000,0.013983,0
1790544756.5497,-0.028613,-0.010872,0.000000,-0.043909,-0.028613,0.000000,0.120000,0.000000,0.161442,-0.000000,-0.000000,0.000000,-0.003262,-0.040648,-0.000000,0.014052,0
1790544756.5637,-0.037676,-0.010757,-0.000000,-0.044025,-0.037676,0.000000,0.120000,0.000000,0.191811,-0.000000,-0.000000,-0.000000,-0.003227,-0.040798,0.000000,0.013970,0
1790544756.5775,-0.044754,-0.003880,-0.000000,-0.042016,-0.044754,0.000000,0.120000,0.000000,0.221858,-0.000000,-0.000000,-0.000000,-0.001164,-0.040852,0.000000,0.013822,0
1790544756.5914,-0.046482,0.005784,-0.000000,-0.039036,-0.046482,0.000000,0.120000,0.000000,0.252199,-0.000000,-0.000000,-0.000000,0.001735,-0.040771,0.000000,0.013957,0
1790544756.6054,-0.051850,0.013743,-0.000000,-0.036456,-0.051850,0.000000,0.120000,0.000000,0.282534,-0.000000,-0.000000,-0.000000,0.004123,-0.040579,0.000000,0.013954,0
1790544756.6193,-0.062457,0.028582,-0.000000,-0.031606,-0.062457,0.000000,0.120000,0.000000,0.312819,-0.000000,-0.000000,-0.000000,0.008575,-0.040181,0.000000,0.013931,0
1790544756.6332,-0.059008,0.031148,0.000000,-0.030406,-0.059008,0.000000,0.120000,0.000000,0.342886,-0.000000,-0.000000,0.000000,0.009344,-0.039750,0.000000,0.013831,0
1790544756.6471,-0.062854,0.028887,-0.000000,-0.030682,-0.062854,0.000000,0.120000,0.000000,0.373133,-0.000000,-0.000000,-0.000000,0.008666,-0.039348,-0.000000,0.013913,0
1790544756.6611,-0.069114,0.024844,-0.000000,-0.031547,-0.069114,0.000000,0.120000,0.000000,0.403547,-0.000000,-0.000000,-0.000000,0.007453,-0.039001,-0.000000,0.013991,0
1790544756.6752,-0.070371,0.017862,-0.000000,-0.033391,-0.070371,0.000000,0.120000,0.000000,0.434159,-0.000000,-0.000000,-0.000000,0.005359,-0.038749,-0.000000,0.014081,0
1790544756.6892,-0.077851,0.009509,-0.000000,-0.035763,-0.077851,0.000000,0.120000,0.000000,0.464658,-0.000000,-0.000000,-0.000000,0.002853,-0.038616,-0.000000,0.014030,0
1790544756.7031,-0.093157,-0.000057,-0.000000,-0.038634,-0.093157,0.000000,0.120000,0.000000,0.494989,-0.000000,-0.000000,-0.000000,-0.000017,-0.038617,-0.000000,0.013952,0
1790544756.7171,-0.105776,-0.009681,-0.000000,-0.041656,-0.105776,0.000000,0.120000,0.000000,0.525299,-0.000000,-0.000000,-0.000000,-0.002904,-0.038752,-0.000000,0.013942,0
1790544756.7306,-0.118702,-0.018956,-0.000000,-0.044695,-0.118702,0.000000,0.120000,0.000000,0.554724,-0.000000,-0.000000,-0.000000,-0.005687,-0.039008,-0.000000,0.013535,0
1790544756.7446,-0.126698,-0.025599,-0.000000,-0.047035,-0.126698,0.000000,0.120000,0.000000,0.584235,-0.000000,-0.000000,-0.000000,-0.007680,-0.039356,-0.000000,0.013575,0
1790544756.7611,-0.130919,-0.032595,-0.000000,-0.049668,-0.130919,0.000000,0.120000,0.000000,0.619821,-0.000000,-0.000000,-0.000000,-0.009778,-0.039889,-0.000000,0.016370,0
1790544756.7759,-0.126375,-0.036763,0.000000,-0.051470,-0.126375,0.000000,0.120000,0.000000,0.652476,-0.000000,-0.000000,0.000000,-0.011029,-0.040441,-0.000000,0.015021,0
1790544756.7910,-0.120700,-0.034510,0.000000,-0.051303,-0.120700,0.000000,0.120000,0.000000,0.684479,-0.000000,-0.000000,0.000000,-0.010353,-0.040949,0.000000,0.014722,0
1790544756.8057,-0.114986,-0.030084,0.000000,-0.050426,-0.114986,0.000000,0.120000,0.000000,0.717118,-0.000000,-0.000000,0.000000,-0.009025,-0.041401,0.000000,0.015014,0
1790544756.8207,-0.107286,-0.020829,0.000000,-0.047967,-0.107286,0.000000,0.120000,0.000000,0.750243,-0.000000,-0.000000,0.000000,-0.006249,-0.041719,0.000000,0.015238,0
1790544756.8345,-0.099708,-0.009694,0.000000,-0.044760,-0.099708,0.000000,0.120000,0.000000,0.780110,-0.000000,-0.000000,0.000000,-0.002908,-0.041852,0.000000,0.013739,0
1790544756.8480,-0.091438,0.003546,0.000000,-0.040740,-0.091438,0.000000,0.120000,0.000000,0.809781,-0.000000,-0.000000,0.000000,0.001064,-0.041803,0.000000,0.013649,0
1790544756.8620,-0.080880,0.020419,0.000000,-0.035392,-0.080880,0.000000,0.120000,0.000000,0.840166,-0.000000,-0.000000,0.000000,0.006126,-0.041518,0.000000,0.013977,0
1790544756.8760,-0.085446,0.025164,-0.000000,-0.033616,-0.085446,0.000000,0.120000,0.000000,0.870656,-0.000000,-0.000000,-0.000000,0.007549,-0.041165,0.000000,0.014025,0
1790544756.8901,-0.075645,0.020010,0.000000,-0.034880,-0.075645,0.000000,0.120000,0.000000,0.901252,-0.000000,-0.000000,0.000000,0.006003,-0.040883,-0.000000,0.014074,0
1790544756.9041,-0.077552,0.021570,-0.000000,-0.034110,-0.077552,0.000000,0.120000,0.000000,0.931744,-0.000000,-0.000000,-0.000000,0.006471,-0.040581,0.000000,0.014027,0
1790544756.9181,-0.081292,0.017187,-0.000000,-0.035183,-0.081292,0.000000,0.120000,0.000000,0.962261,-0.000000,-0.000000,-0.000000,0.005156,-0.040340,-0.000000,0.014038,0
1790544756.9320,-0.072953,0.012539,0.000000,-0.036404,-0.072953,0.000000,0.120000,0.000000,0.992447,-0.000000,-0.000000,0.000000,0.003762,-0.040165,-0.000000,0.013885,0
1790544756.9459,-0.066756,0.004753,0.000000,-0.038673,-0.066756,0.000000,0.120000,0.000000,0.022868,-0.000000,-0.000000,0.000000,0.001426,-0.040099,-0.000000,0.013994,0
1790544756.9595,-0.060935,-0.003074,0.000000,-0.041063,-0.060935,0.000000,0.120000,0.000000,0.052266,-0.000000,-0.000000,0.000000,-0.000922,-0.040140,-0.000000,0.013523,0
1790544756.9730,-0.050611,-0.005968,0.000000,-0.042012,-0.050611,0.000000,0.120000,0.000000,0.081727,-0.000000,-0.000000,0.000000,-0.001790,-0.040221,-0.000000,0.013552,0
1790544756.9869,-0.045509,-0.011399,0.000000,-0.043800,-0.045509,0.000000,0.120000,0.000000,0.111945,-0.000000,-0.000000,0.000000,-0.003420,-0.040380,-0.000000,0.013900,0
1790544757.0011,-0.037705,-0.018566,0.000000,-0.046208,-0.037705,0.000000,0.120000,0.000000,0.142161,-0.000000,-0.000000,0.000000,-0.005570,-0.040638,-0.000000,0.013899,0
1790544757.0153,-0.037642,-0.024768,0.000000,-0.048424,-0.037642,0.000000,0.120000,0.000000,0.173392,-0.000000,-0.000000,0.000000,-0.007430,-0.040994,-0.000000,0.014367,0
1790544757.0292,-0.046821,-0.022642,-0.000000,-0.048102,-0.046821,0.000000,0.120000,0.000000,0.203734,-0.000000,-0.000000,-0.000000,-0.006793,-0.041310,0.000000,0.013957,0
1790544757.0432,-0.049617,-0.012718,-0.000000,-0.045304,-0.049617,0.000000,0.120000,0.000000,0.234284,-0.000000,-0.000000,-0.000000,-0.003815,-0.041488,0.000000,0.014053,0
1790544757.0572,-0.051323,-0.005849,-0.000000,-0.043324,-0.051323,0.000000,0.120000,0.000000,0.264454,-0.000000,-0.000000,-0.000000,-0.001755,-0.041570,0.000000,0.013878,0
1790544757.0712,-0.059414,0.007382,-0.000000,-0.039251,-0.059414,0.000000,0.120000,0.000000,0.294985,-0.000000,-0.000000,-0.000000,0.002215,-0.041466,0.000000,0.014045,0
1790544757.0852,-0.067991,0.018684,-0.000000,-0.035598,-0.067991,0.000000,0.120000,0.000000,0.325538,-0.000000,-0.000000,-0.000000,0.005605,-0.041203,0.000000,0.014054,0
1790544757.0991,-0.066101,0.020053,0.000000,-0.034907,-0.066101,0.000000,0.120000,0.000000,0.355890,-0.000000,-0.000000,0.000000,0.006016,-0.040923,0.000000,0.013962,0
1790544757.1131,-0.067519,0.019197,-0.000000,-0.034897,-0.067519,0.000000,0.120000,0.000000,0.386187,-0.000000,-0.000000,-0.000000,0.005759,-0.040656,-0.000000,0.013937,0
1790544757.1270,-0.071096,0.016130,-0.000000,-0.035593,-0.071096,0.000000,0.120000,0.000000,0.416409,-0.000000,-0.000000,-0.000000,0.004839,-0.040432,-0.000000,0.013902,0
1790544757.1410,-0.076152,0.006815,-0.000000,-0.038292,-0.076152,0.000000,0.120000,0.000000,0.446858,-0.000000,-0.000000,-0.000000,0.002045,-0.040336,-0.000000,0.014007,0
1790544757.1549,-0.090535,-0.002315,-0.000000,-0.041063,-0.090535,0.000000,0.120000,0.000000,0.477100,-0.000000,-0.000000,-0.000000,-0.000695,-0.040368,-0.000000,0.013911,0
1790544757.1688,-0.109157,-0.013790,-0.000000,-0.044696,-0.109157,0.000000,0.120000,0.000000,0.507223,-0.000000,-0.000000,-0.000000,-0.004137,-0.040559,-0.000000,0.013857,0
1790544757.1824,-0.122648,-0.025187,-0.000000,-0.048460,-0.122648,0.000000,0.120000,0.000000,0.536977,-0.000000,-0.000000,-0.000000,-0.007556,-0.040904,-0.000000,0.013687,0
1790544757.1960,-0.134092,-0.033646,-0.000000,-0.051455,-0.134092,0.000000,0.120000,0.000000,0.566539,-0.000000,-0.000000,-0.000000,-0.010094,-0.041362,-0.000000,0.013598,0
1790544757.2100,-0.135815,-0.038824,-0.000000,-0.053549,-0.135815,0.000000,0.120000,0.000000,0.596782,-0.000000,-0.000000,-0.000000,-0.011647,-0.041902,-0.000000,0.013912,0
1790544757.2240,-0.129705,-0.038667,0.000000,-0.054045,-0.129705,0.000000,0.120000,0.000000,0.627294,-0.000000,-0.000000,0.000000,-0.011600,-0.042444,0.000000,0.014035,0
1790544757.2379,-0.125053,-0.035559,0.000000,-0.053605,-0.125053,0.000000,0.120000,0.000000,0.657402,-0.000000,-0.000000,0.000000,-0.010668,-0.042937,0.000000,0.013850,0
1790544757.2521,-0.120800,-0.033366,0.000000,-0.053412,-0.120800,0.000000,0.120000,0.000000,0.687699,-0.000000,-0.000000,0.000000,-0.010010,-0.043402,0.000000,0.013937,0
1790544757.2664,-0.114622,-0.028095,0.000000,-0.052238,-0.114622,0.000000,0.120000,0.000000,0.719242,-0.000000,-0.000000,0.000000,-0.008429,-0.043810,0.000000,0.014510,0
1790544757.2806,-0.106850,-0.017813,0.000000,-0.049405,-0.106850,0.000000,0.120000,0.000000,0.749927,-0.000000,-0.000000,0.000000,-0.005344,-0.044061,0.000000,0.014115,0
1790544757.2944,-0.098107,-0.004622,0.000000,-0.045513,-0.098107,0.000000,0.120000,0.000000,0.780376,-0.000000,-0.000000,0.000000,-0.001387,-0.044126,0.000000,0.014006,0
1790544757.3083,-0.088829,0.008026,0.000000,-0.041607,-0.088829,0.000000,0.120000,0.000000,0.810492,-0.000000,-0.000000,0.000000,0.002408,-0.044015,0.000000,0.013854,0
1790544757.3221,-0.089297,0.015507,-0.000000,-0.039148,-0.089297,0.000000,0.120000,0.000000,0.840628,-0.000000,-0.000000,-0.000000,0.004652,-0.043800,0.000000,0.013862,0
1790544757.3361,-0.091330,0.015674,-0.000000,-0.038879,-0.091330,0.000000,0.120000,0.000000,0.870946,-0.000000,-0.000000,-0.000000,0.004702,-0.043581,0.000000,0.013946,0
1790544757.3500,-0.086029,0.011876,0.000000,-0.039853,-0.086029,0.000000,0.120000,0.000000,0.901210,-0.000000,-0.000000,0.000000,0.003563,-0.043416,-0.000000,0.013922,0
1790544757.3639,-0.085211,0.011409,0.000000,-0.039834,-0.085211,0.000000,0.120000,0.000000,0.931450,-0.000000,-0.000000,0.000000,0.003423,-0.043257,-0.000000,0.013911,0
1790544757.3779,-0.077789,0.005641,0.000000,-0.041486,-0.077789,0.000000,0.120000,0.000000,0.961802,-0.000000,-0.000000,0.000000,0.001692,-0.043178,-0.000000,0.013962,0
1790544757.3918,-0.064355,-0.006177,0.000000,-0.045117,-0.064355,0.000000,0.120000,0.000000,0.992106,-0.000000,-0.000000,0.000000,-0.001853,-0.043264,-0.000000,0.013940,0
1790544757.4057,-0.048053,-0.014250,0.000000,-0.047738,-0.048053,0.000000,0.120000,0.000000,0.022324,-0.000000,-0.000000,0.000000,-0.004275,-0.043462,-0.000000,0.013900,0
1790544757.4195,-0.038847,-0.019035,0.000000,-0.049433,-0.038847,0.000000,0.120000,0.000000,0.052001,-0.000000,-0.000000,0.000000,-0.005710,-0.043722,-0.000000,0.013652,0
1790544757.4332,-0.035653,-0.023417,0.000000,-0.051071,-0.035653,0.000000,0.120000,0.000000,0.082031,-0.000000,-0.000000,0.000000,-0.007025,-0.044046,-0.000000,0.013814,0
1790544757.4472,-0.026892,-0.028594,0.000000,-0.053025,-0.026892,0.000000,0.120000,0.000000,0.112544,-0.000000,-0.000000,0.000000,-0.008578,-0.044447,-0.000000,0.014036,0
1790544757.4611,-0.023630,-0.031855,0.000000,-0.054444,-0.023630,0.000000,0.120000,0.000000,0.142632,-0.000000,-0.000000,0.000000,-0.009556,-0.044888,-0.000000,0.013841,0
1790544757.4749,-0.035377,-0.028092,-0.000000,-0.053705,-0.035377,0.000000,0.120000,0.000000,0.172775,-0.000000,-0.000000,-0.000000,-0.008428,-0.045278,0.000000,0.013866,0
1790544757.4890,-0.039958,-0.015018,-0.000000,-0.049994,-0.039958,0.000000,0.120000,0.000000,0.203280,-0.000000,-0.000000,-0.000000,-0.004506,-0.045488,0.000000,0.014032,0
1790544757.5034,-0.045452,-0.004548,-0.000000,-0.046917,-0.045452,0.000000,0.120000,0.000000,0.234165,-0.000000,-0.000000,-0.000000,-0.001364,-0.045553,0.000000,0.014207,0
1790544757.5176,-0.051093,0.007101,-0.000000,-0.043321,-0.051093,0.000000,0.120000,0.000000,0.265369,-0.000000,-0.000000,-0.000000,0.002130,-0.045451,0.000000,0.014354,0
1790544757.5319,-0.057666,0.017536,-0.000000,-0.039942,-0.057666,0.000000,0.120000,0.000000,0.296113,-0.000000,-0.000000,-0.000000,0.005261,-0.045203,0.000000,0.014143,0
1790544757.5461,-0.065198,0.028859,-0.000000,-0.036130,-0.065198,0.000000,0.120000,0.000000,0.327366,-0.000000,-0.000000,-0.000000,0.008658,-0.044788,0.000000,0.014376,0
1790544757.5601,-0.063217,0.034585,0.000000,-0.033926,-0.063217,0.000000,0.120000,0.000000,0.357926,-0.000000,-0.000000,0.000000,0.010376,-0.044302,0.000000,0.014057,0
1790544757.5740,-0.060433,0.034991,0.000000,-0.033319,-0.060433,0.000000,0.120000,0.000000,0.388101,-0.000000,-0.000000,0.000000,0.010497,-0.043816,0.000000,0.013881,0
1790544757.5880,-0.062198,0.030528,-0.000000,-0.034230,-0.062198,0.000000,0.120000,0.000000,0.418553,-0.000000,-0.000000,-0.000000,0.009158,-0.043389,-0.000000,0.014008,0
1790544757.6018,-0.071095,0.021513,-0.000000,-0.036638,-0.071095,0.000000,0.120000,0.000000,0.448568,-0.000000,-0.000000,-0.000000,0.006454,-0.043092,-0.000000,0.013807,0
1790544757.6158,-0.079364,0.013046,-0.000000,-0.038995,-0.079364,0.000000,0.120000,0.000000,0.478996,-0.000000,-0.000000,-0.000000,0.003914,-0.042909,-0.000000,0.013997,0
1790544757.6297,-0.090240,0.003847,-0.000000,-0.041701,-0.090240,0.000000,0.120000,0.000000,0.509309,-0.000000,-0.000000,-0.000000,0.001154,-0.042855,-0.000000,0.013944,0
1790544757.6432,-0.102938,-0.007025,-0.000000,-0.045057,-0.102938,0.000000,0.120000,0.000000,0.538577,-0.000000,-0.000000,-0.000000,-0.002107,-0.042950,-0.000000,0.013463,0
1790544757.6569,-0.117189,-0.014753,-0.000000,-0.047576,-0.117189,0.000000,0.120000,0.000000,0.568036,-0.000000,-0.000000,-0.000000,-0.004426,-0.043150,-0.000000,0.013551,0
1790544757.6714,-0.123582,-0.021477,-0.000000,-0.049905,-0.123582,0.000000,0.120000,0.000000,0.599657,-0.000000,-0.000000,-0.000000,-0.006443,-0.043462,-0.000000,0.014546,0
1790544757.6856,-0.124464,-0.025552,-0.000000,-0.051489,-0.124464,0.000000,0.120000,0.000000,0.630416,-0.000000,-0.000000,-0.000000,-0.007666,-0.043824,-0.000000,0.014149,0
1790544757.6997,-0.117229,-0.027630,0.000000,-0.052506,-0.117229,0.000000,0.120000,0.000000,0.661367,-0.000000,-0.000000,0.000000,-0.008289,-0.044217,-0.000000,0.014237,0
1790544757.7137,-0.111204,-0.025872,0.000000,-0.052342,-0.111204,0.000000,0.120000,0.000000,0.691871,-0.000000,-0.000000,0.000000,-0.007762,-0.044580,0.000000,0.014032,0
1790544757.7278,-0.107732,-0.022715,0.000000,-0.051712,-0.107732,0.000000,0.120000,0.000000,0.722234,-0.000000,-0.000000,0.000000,-0.006815,-0.044897,0.000000,0.013967,0
1790544757.7420,-0.101233,-0.014974,0.000000,-0.049603,-0.101233,0.000000,0.120000,0.000000,0.753216,-0.000000,-0.000000,0.000000,-0.004492,-0.045111,0.000000,0.014252,0
1790544757.7564,-0.092416,-0.004719,0.000000,-0.046593,-0.092416,0.000000,0.120000,0.000000,0.783906,-0.000000,-0.000000,0.000000,-0.001416,-0.045177,0.000000,0.014117,0
1790544757.7706,-0.083614,0.008285,0.000000,-0.042572,-0.083614,0.000000,0.120000,0.000000,0.815299,-0.000000,-0.000000,0.000000,0.002485,-0.045058,0.000000,0.014441,0
1790544757.7847,-0.076190,0.023271,0.000000,-0.037748,-0.076190,0.000000,0.120000,0.000000,0.846008,-0.000000,-0.000000,0.000000,0.006981,-0.044729,0.000000,0.014126,0
1790544757.7989,-0.083543,0.026564,-0.000000,-0.036383,-0.083543,0.000000,0.120000,0.000000,0.876841,-0.000000,-0.000000,-0.000000,0.007969,-0.044352,0.000000,0.014183,0
1790544757.8129,-0.078917,0.026653,0.000000,-0.035982,-0.078917,0.000000,0.120000,0.000000,0.907362,-0.000000,-0.000000,0.000000,0.007996,-0.043978,0.000000,0.014040,0
1790544757.8270,-0.078081,0.027734,0.000000,-0.035266,-0.078081,0.000000,0.120000,0.000000,0.938058,-0.000000,-0.000000,0.000000,0.008320,-0.043586,0.000000,0.014120,0
1790544757.8409,-0.076967,0.020125,0.000000,-0.037269,-0.076967,0.000000,0.120000,0.000000,0.968335,-0.000000,-0.000000,0.000000,0.006037,-0.043306,-0.000000,0.013927,0
1790544757.8548,-0.063753,0.010040,0.000000,-0.040155,-0.063753,0.000000,0.120000,0.000000,0.998461,-0.000000,-0.000000,0.000000,0.003012,-0.043167,-0.000000,0.013858,0
1790544757.8687,-0.053991,0.001235,0.000000,-0.042779,-0.053991,0.000000,0.120000,0.000000,0.028801,-0.000000,-0.000000,0.000000,0.000371,-0.043150,-0.000000,0.013956,0
1790544757.8823,-0.047983,-0.003940,0.000000,-0.044385,-0.047983,0.000000,0.120000,0.000000,0.058369,-0.000000,-0.000000,0.000000,-0.001182,-0.043203,-0.000000,0.013601,0
1790544757.8959,-0.040048,-0.008906,0.000000,-0.045996,-0.040048,0.000000,0.120000,0.000000,0.087887,-0.000000,-0.000000,0.000000,-0.002672,-0.043324,-0.000000,0.013579,0
1790544757.9098,-0.030521,-0.014301,0.000000,-0.047814,-0.030521,0.000000,0.120000,0.000000,0.118188,-0.000000,-0.000000,0.000000,-0.004290,-0.043524,-0.000000,0.013938,0
1790544757.9238,-0.020573,-0.020858,0.000000,-0.050071,-0.020573,0.000000,0.120000,0.000000,0.148402,-0.000000,-0.000000,0.000000,-0.006257,-0.043814,-0.000000,0.013899,0
1790544757.9378,-0.028345,-0.021849,-0.000000,-0.050675,-0.028345,0.000000,0.120000,0.000000,0.178905,-0.000000,-0.000000,-0.000000,-0.006555,-0.044120,-0.000000,0.014031,0
1790544757.9515,-0.035008,-0.015370,-0.000000,-0.048943,-0.035008,0.000000,0.120000,0.000000,0.208914,-0.000000,-0.000000,-0.000000,-0.004611,-0.044332,0.000000,0.013804,0
1790544757.9654,-0.038238,-0.006537,-0.000000,-0.046384,-0.038238,0.000000,0.120000,0.000000,0.239036,-0.000000,-0.000000,-0.000000,-0.001961,-0.044423,0.000000,0.013856,0
1790544757.9793,-0.042427,0.002127,-0.000000,-0.043755,-0.042427,0.000000,0.120000,0.000000,0.269340,-0.000000,-0.000000,-0.000000,0.000638,-0.044393,0.000000,0.013940,0
1790544757.9933,-0.047752,0.014084,-0.000000,-0.039971,-0.047752,0.000000,0.120000,0.000000,0.299710,-0.000000,-0.000000,-0.000000,0.004225,-0.044196,0.000000,0.013970,0
1790544758.0077,-0.052971,0.024579,-0.000000,-0.036476,-0.052971,0.000000,0.120000,0.000000,0.330359,-0.000000,-0.000000,-0.000000,0.007374,-0.043850,0.000000,0.014098,0
1790544758.0221,-0.050132,0.027211,0.000000,-0.035290,-0.050132,0.000000,0.120000,0.000000,0.362075,-0.000000,-0.000000,0.000000,0.008163,-0.043453,0.000000,0.014590,0
1790544758.0362,-0.049754,0.025382,0.000000,-0.035480,-0.049754,0.000000,0.120000,0.000000,0.392719,-0.000000,-0.000000,0.000000,0.007615,-0.043095,-0.000000,0.014096,0
1790544758.0502,-0.058003,0.018142,-0.000000,-0.037397,-0.058003,0.000000,0.120000,0.000000,0.423290,-0.000000,-0.000000,-0.000000,0.005443,-0.042840,-0.000000,0.014062,0
1790544758.0641,-0.062537,0.012494,-0.000000,-0.038918,-0.062537,0.000000,0.120000,0.000000,0.453470,-0.000000,-0.000000,-0.000000,0.003748,-0.042667,-0.000000,0.013883,0
1790544758.0781,-0.069188,0.006124,-0.000000,-0.040744,-0.069188,0.000000,0.120000,0.000000,0.484007,-0.000000,-0.000000,-0.000000,0.001837,-0.042581,-0.000000,0.014047,0
1790544758.0921,-0.080692,-0.002622,-0.000000,-0.043404,-0.080692,0.000000,0.120000,0.000000,0.514283,-0.000000,-0.000000,-0.000000,-0.000787,-0.042617,-0.000000,0.013927,0
1790544758.1062,-0.094677,-0.012821,-0.000000,-0.046644,-0.094677,0.000000,0.120000,0.000000,0.544853,-0.000000,-0.000000,-0.000000,-0.003846,-0.042797,-0.000000,0.014062,0
1790544758.1200,-0.105322,-0.021475,-0.000000,-0.049539,-0.105322,0.000000,0.120000,0.000000,0.575096,-0.000000,-0.000000,-0.000000,-0.006442,-0.043096,-0.000000,0.013912,0
1790544758.1341,-0.114267,-0.028003,-0.000000,-0.051891,-0.114267,0.000000,0.120000,0.000000,0.605656,-0.000000,-0.000000,-0.000000,-0.008401,-0.043490,-0.000000,0.014058,0
1790544758.1483,-0.115730,-0.035645,-0.000000,-0.054691,-0.115730,0.000000,0.120000,0.000000,0.636606,-0.000000,-0.000000,-0.000000,-0.010693,-0.043997,-0.000000,0.014237,0
1790544758.1623,-0.110594,-0.040135,0.000000,-0.056602,-0.110594,0.000000,0.120000,0.000000,0.667179,-0.000000,-0.000000,0.000000,-0.012040,-0.044562,-0.000000,0.014064,0
1790544758.1764,-0.103196,-0.038964,0.000000,-0.056797,-0.103196,0.000000,0.120000,0.000000,0.697640,-0.000000,-0.000000,0.000000,-0.011689,-0.045108,0.000000,0.014012,0
1790544758.1904,-0.093517,-0.035136,0.000000,-0.056141,-0.093517,0.000000,0.120000,0.000000,0.728100,-0.000000,-0.000000,0.000000,-0.010541,-0.045600,0.000000,0.014012,0
1790544758.2046,-0.085856,-0.029254,0.000000,-0.054792,-0.085856,0.000000,0.120000,0.000000,0.758973,-0.000000,-0.000000,0.000000,-0.008776,-0.046015,0.000000,0.014202,0
1790544758.2187,-0.076806,-0.017426,0.000000,-0.051489,-0.076806,0.000000,0.120000,0.000000,0.789617,-0.000000,-0.000000,0.000000,-0.005228,-0.046261,0.000000,0.014096,0
1790544758.2328,-0.062852,0.000776,0.000000,-0.046017,-0.062852,0.000000,0.120000,0.000000,0.820126,-0.000000,-0.000000,0.000000,0.000233,-0.046250,0.000000,0.014034,0
1790544758.2469,-0.053488,0.020368,0.000000,-0.039852,-0.053488,0.000000,0.120000,0.000000,0.850809,-0.000000,-0.000000,0.000000,0.006110,-0.045963,0.000000,0.014114,0
1790544758.2612,-0.059302,0.023557,-0.000000,-0.038563,-0.059302,0.000000,0.120000,0.000000,0.881501,-0.000000,-0.000000,-0.000000,0.007067,-0.045630,0.000000,0.014118,0
1790544758.2754,-0.057834,0.017149,0.000000,-0.040239,-0.057834,0.000000,0.120000,0.000000,0.912693,-0.000000,-0.000000,0.000000,0.005145,-0.045384,-0.000000,0.014348,0
1790544758.2898,-0.052827,0.017755,0.000000,-0.039803,-0.052827,0.000000,0.120000,0.000000,0.943905,-0.000000,-0.000000,0.000000,0.005327,-0.045129,0.000000,0.014358,0
1790544758.3036,-0.052964,0.010978,-0.000000,-0.041683,-0.052964,0.000000,0.120000,0.000000,0.974188,-0.000000,-0.000000,-0.000000,0.003293,-0.044976,-0.000000,0.013930,0
1790544758.3175,-0.043417,0.001393,0.000000,-0.044539,-0.043417,0.000000,0.120000,0.000000,0.004551,-0.000000,-0.000000,0.000000,0.000418,-0.044957,-0.000000,0.013967,0
1790544758.3311,-0.030441,-0.003778,0.000000,-0.046142,-0.030441,0.000000,0.120000,0.000000,0.034046,-0.000000,-0.000000,0.000000,-0.001133,-0.045008,-0.000000,0.013567,0
1790544758.3447,-0.025979,-0.008465,0.000000,-0.047663,-0.025979,0.000000,0.120000,0.000000,0.063664,-0.000000,-0.000000,0.000000,-0.002539,-0.045123,-0.000000,0.013624,0
1790544758.3582,-0.020510,-0.012835,0.000000,-0.049147,-0.020510,0.000000,0.120000,0.000000,0.093029,-0.000000,-0.000000,0.000000,-0.003850,-0.045297,-0.000000,0.013508,0
1790544758.3722,-0.009419,-0.017007,0.000000,-0.050636,-0.009419,0.000000,0.120000,0.000000,0.123340,-0.000000,-0.000000,0.000000,-0.005102,-0.045534,-0.000000,0.013943,0
1790544758.3861,-0.005983,-0.021341,0.000000,-0.052233,-0.005983,0.000000,0.120000,0.000000,0.153561,-0.000000,-0.000000,0.000000,-0.006402,-0.045831,-0.000000,0.013902,0
1790544758.3999,-0.021230,-0.018307,-0.000000,-0.051577,-0.021230,0.000000,0.120000,0.000000,0.183735,-0.000000,-0.000000,-0.000000,-0.005492,-0.046085,0.000000,0.013880,0
1790544758.4141,-0.026440,-0.008370,-0.000000,-0.048712,-0.026440,0.000000,0.120000,0.000000,0.214046,-0.000000,-0.000000,-0.000000,-0.002511,-0.046201,0.000000,0.013943,0
1790544758.4281,-0.031559,0.000986,-0.000000,-0.045892,-0.031559,0.000000,0.120000,0.000000,0.244881,-0.000000,-0.000000,-0.000000,0.000296,-0.046187,0.000000,0.014184,0
1790544758.4421,-0.035227,0.009994,-0.000000,-0.043049,-0.035227,0.000000,0.120000,0.000000,0.275321,-0.000000,-0.000000,-0.000000,0.002998,-0.046047,0.000000,0.014003,0
1790544758.4560,-0.041615,0.022117,-0.000000,-0.039103,-0.041615,0.000000,0.120000,0.000000,0.305701,-0.000000,-0.000000,-0.000000,0.006635,-0.045738,0.000000,0.013975,0
1790544758.4699,-0.046298,0.030275,-0.000000,-0.036237,-0.046298,0.000000,0.120000,0.000000,0.335735,-0.000000,-0.000000,-0.000000,0.009083,-0.045320,0.000000,0.013816,0
1790544758.4838,-0.041934,0.030097,0.000000,-0.035874,-0.041934,0.000000,0.120000,0.000000,0.365862,-0.000000,-0.000000,0.000000,0.009029,-0.044903,-0.000000,0.013858,0
1790544758.4978,-0.042906,0.026522,-0.000000,-0.036575,-0.042906,0.000000,0.120000,0.000000,0.396316,-0.000000,-0.000000,-0.000000,0.007957,-0.044531,-0.000000,0.014009,0
1790544758.5122,-0.042972,0.022406,-0.000000,-0.037491,-0.042972,0.000000,0.120000,0.000000,0.427240,-0.000000,-0.000000,-0.000000,0.006722,-0.044213,-0.000000,0.014225,0
1790544758.5264,-0.048086,0.018197,-0.000000,-0.038493,-0.048086,0.000000,0.120000,0.000000,0.458403,-0.000000,-0.000000,-0.000000,0.005459,-0.043952,-0.000000,0.014335,0
1790544758.5405,-0.059912,0.011948,-0.000000,-0.040198,-0.059912,0.000000,0.120000,0.000000,0.489213,-0.000000,-0.000000,-0.000000,0.003584,-0.043783,-0.000000,0.014172,0
1790544758.5544,-0.071357,0.003177,-0.000000,-0.042785,-0.071357,0.000000,0.120000,0.000000,0.519482,-0.000000,-0.000000,-0.000000,0.000953,-0.043738,-0.000000,0.013924,0
1790544758.5680,-0.085829,-0.003574,-0.000000,-0.044859,-0.085829,0.000000,0.120000,0.000000,0.549113,-0.000000,-0.000000,-0.000000,-0.001072,-0.043787,-0.000000,0.013630,0
1790544758.5817,-0.095212,-0.009687,-0.000000,-0.046825,-0.095212,0.000000,0.120000,0.000000,0.578730,-0.000000,-0.000000,-0.000000,-0.002906,-0.043919,-0.000000,0.013624,0
1790544758.5956,-0.100164,-0.015273,-0.000000,-0.048713,-0.100164,0.000000,0.120000,0.000000,0.608995,-0.000000,-0.000000,-0.000000,-0.004582,-0.044132,-0.000000,0.013922,0
1790544758.6095,-0.101759,-0.020534,-0.000000,-0.050575,-0.101759,0.000000,0.120000,0.000000,0.639003,-0.000000,-0.000000,-0.000000,-0.006160,-0.044415,-0.000000,0.013803,0
1790544758.6235,-0.095348,-0.022384,0.000000,-0.051446,-0.095348,0.000000,0.120000,0.000000,0.669627,-0.000000,-0.000000,0.000000,-0.006715,-0.044730,-0.000000,0.014087,0
1790544758.6375,-0.089005,-0.018995,0.000000,-0.050695,-0.089005,0.000000,0.120000,0.000000,0.700037,-0.000000,-0.000000,0.000000,-0.005699,-0.044996,0.000000,0.013988,0
1790544758.6514,-0.083310,-0.013560,0.000000,-0.049253,-0.083310,0.000000,0.120000,0.000000,0.730376,-0.000000,-0.000000,0.000000,-0.004068,-0.045185,0.000000,0.013956,0
1790544758.6653,-0.074875,-0.006989,0.000000,-0.047379,-0.074875,0.000000,0.120000,0.000000,0.760485,-0.000000,-0.000000,0.000000,-0.002097,-0.045282,0.000000,0.013850,0
1790544758.6793,-0.065403,0.002126,0.000000,-0.044615,-0.065403,0.000000,0.120000,0.000000,0.790829,-0.000000,-0.000000,0.000000,0.000638,-0.045252,0.000000,0.013958,0
1790544758.6933,-0.056061,0.014929,0.000000,-0.040564,-0.056061,0.000000,0.120000,0.000000,0.821331,-0.000000,-0.000000,0.000000,0.004479,-0.045043,0.000000,0.014031,0
1790544758.7071,-0.052942,0.024753,0.000000,-0.037275,-0.052942,0.000000,0.120000,0.000000,0.851370,-0.000000,-0.000000,0.000000,0.007426,-0.044701,0.000000,0.013818,0
1790544758.7209,-0.056950,0.024838,-0.000000,-0.036906,-0.056950,0.000000,0.120000,0.000000,0.881406,-0.000000,-0.000000,-0.000000,0.007452,-0.044358,0.000000,0.013817,0
1790544758.7349,-0.052353,0.023739,0.000000,-0.036904,-0.052353,0.000000,0.120000,0.000000,0.911857,-0.000000,-0.000000,0.000000,0.007122,-0.044025,-0.000000,0.014008,0
1790544758.7488,-0.047685,0.022620,0.000000,-0.036924,-0.047685,0.000000,0.120000,0.000000,0.942163,-0.000000,-0.000000,0.000000,0.006786,-0.043710,-0.000000,0.013941,0
1790544758.7631,-0.044366,0.014473,0.000000,-0.039166,-0.044366,0.000000,0.120000,0.000000,0.972467,-0.000000,-0.000000,0.000000,0.004342,-0.043508,-0.000000,0.013940,0
1790544758.7772,-0.032613,0.007022,0.000000,-0.041301,-0.032613,0.000000,0.120000,0.000000,0.003705,-0.000000,-0.000000,0.000000,0.002107,-0.043407,-0.000000,0.014369,0
1790544758.7910,-0.021006,0.000853,0.000000,-0.043140,-0.021006,0.000000,0.120000,0.000000,0.033383,-0.000000,-0.000000,0.000000,0.000256,-0.043396,-0.000000,0.013652,0
1790544758.8047,-0.016304,-0.003655,0.000000,-0.044543,-0.016304,0.000000,0.120000,0.000000,0.063547,-0.000000,-0.000000,0.000000,-0.001097,-0.043446,-0.000000,0.013875,0
1790544758.8184,-0.010400,-0.008008,0.000000,-0.045958,-0.010400,0.000000,0.120000,0.000000,0.093171,-0.000000,-0.000000,0.000000,-0.002402,-0.043555,-0.000000,0.013627,0
1790544758.8323,-0.001410,-0.014100,0.000000,-0.047983,-0.001410,0.000000,0.120000,0.000000,0.123636,-0.000000,-0.000000,0.000000,-0.004230,-0.043753,-0.000000,0.014014,0
1790544758.8478,0.003233,-0.019101,0.000000,-0.049769,0.003233,0.000000,0.120000,0.000000,0.156163,0.000000,-0.000000,0.000000,-0.005730,-0.044039,-0.000000,0.014962,0
1790544758.8625,-0.010917,-0.015180,-0.000000,-0.048819,-0.010917,0.000000,0.120000,0.000000,0.188463,-0.000000,-0.000000,-0.000000,-0.004554,-0.044264,0.000000,0.014858,0
1790544758.8772,-0.017154,-0.005386,-0.000000,-0.045960,-0.017154,0.000000,0.120000,0.000000,0.220588,-0.000000,-0.000000,-0.000000,-0.001616,-0.044344,0.000000,0.014777,0
1790544758.8920,-0.025287,0.004481,-0.000000,-0.042935,-0.025287,0.000000,0.120000,0.000000,0.251996,-0.000000,-0.000000,-0.000000,0.001344,-0.044279,0.000000,0.014448,0
1790544758.9070,-0.033972,0.016721,-0.000000,-0.039006,-0.033972,0.000000,0.120000,0.000000,0.285449,-0.000000,-0.000000,-0.000000,0.005016,-0.044022,0.000000,0.015388,0
1790544758.9209,-0.041933,0.027933,-0.000000,-0.035253,-0.041933,0.000000,0.120000,0.000000,0.315720,-0.000000,-0.000000,-0.000000,0.008380,-0.043633,0.000000,0.013925,0
1790544758.9347,-0.037997,0.028066,0.000000,-0.034823,-0.037997,0.000000,0.120000,0.000000,0.345987,-0.000000,-0.000000,0.000000,0.008420,-0.043242,0.000000,0.013922,0
1790544758.9488,-0.036525,0.027046,0.000000,-0.034745,-0.036525,0.000000,0.120000,0.000000,0.376805,-0.000000,-0.000000,0.000000,0.008114,-0.042859,-0.000000,0.014177,0
1790544758.9628,-0.041993,0.025312,-0.000000,-0.034912,-0.041993,0.000000,0.120000,0.000000,0.407145,-0.000000,-0.000000,-0.000000,0.007594,-0.042506,-0.000000,0.013956,0
1790544758.9768,-0.043222,0.023218,-0.000000,-0.035214,-0.043222,0.000000,0.120000,0.000000,0.437685,-0.000000,-0.000000,-0.000000,0.006965,-0.042179,-0.000000,0.014048,0
1790544758.9907,-0.048229,0.016945,-0.000000,-0.036861,-0.048229,0.000000,0.120000,0.000000,0.467785,-0.000000,-0.000000,-0.000000,0.005083,-0.041945,-0.000000,0.013846,0
1790544759.0046,-0.058926,0.007408,-0.000000,-0.039619,-0.058926,0.000000,0.120000,0.000000,0.498161,-0.000000,-0.000000,-0.000000,0.002223,-0.041841,-0.000000,0.013973,0
1790544759.0190,-0.074211,-0.002399,-0.000000,-0.042595,-0.074211,0.000000,0.120000,0.000000,0.528900,-0.000000,-0.000000,-0.000000,-0.000720,-0.041875,-0.000000,0.014140,0
1790544759.0330,-0.085127,-0.010639,-0.000000,-0.045217,-0.085127,0.000000,0.120000,0.000000,0.559655,-0.000000,-0.000000,-0.000000,-0.003192,-0.042026,-0.000000,0.014147,0
1790544759.0468,-0.092949,-0.016673,-0.000000,-0.047258,-0.092949,0.000000,0.120000,0.000000,0.589691,-0.000000,-0.000000,-0.000000,-0.005002,-0.042256,-0.000000,0.013817,0
1790544759.0608,-0.099054,-0.022918,-0.000000,-0.049453,-0.099054,0.000000,0.120000,0.000000,0.620238,-0.000000,-0.000000,-0.000000,-0.006875,-0.042578,-0.000000,0.014052,0
1790544759.0748,-0.092954,-0.028747,0.000000,-0.051605,-0.092954,0.000000,0.120000,0.000000,0.650700,-0.000000,-0.000000,0.000000,-0.008624,-0.042981,-0.000000,0.014012,0
1790544759.0888,-0.085037,-0.029354,0.000000,-0.052196,-0.085037,0.000000,0.120000,0.000000,0.680965,-0.000000,-0.000000,0.000000,-0.008806,-0.043390,-0.000000,0.013922,0
1790544759.1028,-0.081202,-0.026015,0.000000,-0.051559,-0.081202,0.000000,0.120000,0.000000,0.711486,-0.000000,-0.000000,0.000000,-0.007804,-0.043755,0.000000,0.014040,0
1790544759.1167,-0.076536,-0.021139,0.000000,-0.050391,-0.076536,0.000000,0.120000,0.000000,0.741747,-0.000000,-0.000000,0.000000,-0.006342,-0.044049,0.000000,0.013920,0
1790544759.1306,-0.068806,-0.010015,0.000000,-0.047193,-0.068806,0.000000,0.120000,0.000000,0.772076,-0.000000,-0.000000,0.000000,-0.003005,-0.044189,0.000000,0.013951,0
1790544759.1446,-0.062606,0.002759,0.000000,-0.043323,-0.062606,0.000000,0.120000,0.000000,0.802415,-0.000000,-0.000000,0.000000,0.000828,-0.044150,0.000000,0.013956,0
1790544759.1585,-0.053935,0.018230,0.000000,-0.038427,-0.053935,0.000000,0.120000,0.000000,0.832771,-0.000000,-0.000000,0.000000,0.005469,-0.043896,0.000000,0.013964,0
1790544759.1725,-0.053809,0.024989,0.000000,-0.036050,-0.053809,0.000000,0.120000,0.000000,0.863086,-0.000000,-0.000000,0.000000,0.007497,-0.043547,0.000000,0.013945,0
1790544759.1864,-0.059570,0.024805,-0.000000,-0.035759,-0.059570,0.000000,0.120000,0.000000,0.893427,-0.000000,-0.000000,-0.000000,0.007442,-0.043201,-0.000000,0.013957,0
1790544759.2003,-0.050283,0.022569,0.000000,-0.036117,-0.050283,0.000000,0.120000,0.000000,0.923580,-0.000000,-0.000000,0.000000,0.006771,-0.042888,-0.000000,0.013870,0
1790544759.2142,-0.046790,0.019353,0.000000,-0.036813,-0.046790,0.000000,0.120000,0.000000,0.953840,-0.000000,-0.000000,0.000000,0.005806,-0.042619,-0.000000,0.013920,0
1790544759.2282,-0.041849,0.010548,0.000000,-0.039306,-0.041849,0.000000,0.120000,0.000000,0.984280,-0.000000,-0.000000,0.000000,0.003164,-0.042471,-0.000000,0.014002,0
1790544759.2421,-0.026911,0.000136,0.000000,-0.042428,-0.026911,0.000000,0.120000,0.000000,0.014306,-0.000000,-0.000000,0.000000,0.000041,-0.042469,-0.000000,0.013812,0
1790544759.2561,-0.016700,-0.008505,0.000000,-0.045140,-0.016700,0.000000,0.120000,0.000000,0.044861,-0.000000,-0.000000,0.000000,-0.002552,-0.042589,-0.000000,0.014055,0
1790544759.2701,-0.009684,-0.013773,0.000000,-0.046909,-0.009684,0.000000,0.120000,0.000000,0.074693,-0.000000,-0.000000,0.000000,-0.004132,-0.042778,-0.000000,0.013723,0
1790544759.2842,-0.002382,-0.019280,0.000000,-0.048837,-0.002382,0.000000,0.120000,0.000000,0.105805,-0.000000,-0.000000,0.000000,-0.005784,-0.043053,-0.000000,0.014311,0
1790544759.2981,0.006397,-0.025282,0.000000,-0.050992,0.006397,0.000000,0.120000,0.000000,0.136213,0.000000,-0.000000,0.000000,-0.007585,-0.043407,-0.000000,0.013988,0
1790544759.3121,-0.000553,-0.029714,-0.000000,-0.052738,-0.000553,0.000000,0.120000,0.000000,0.166675,-0.000000,-0.000000,-0.000000,-0.008914,-0.043823,-0.000000,0.014013,0
1790544759.3262,-0.008943,-0.021480,-0.000000,-0.050570,-0.008943,0.000000,0.120000,0.000000,0.197250,-0.000000,-0.000000,-0.000000,-0.006444,-0.044126,0.000000,0.014064,0
1790544759.3402,-0.010860,-0.011349,-0.000000,-0.047689,-0.010860,0.000000,0.120000,0.000000,0.227690,-0.000000,-0.000000,-0.000000,-0.003405,-0.044284,0.000000,0.014002,0
1790544759.3540,-0.012856,-0.001754,-0.000000,-0.044835,-0.012856,0.000000,0.120000,0.000000,0.257819,-0.000000,-0.000000,-0.000000,-0.000526,-0.044309,0.000000,0.013860,0
1790544759.3680,-0.020554,0.006031,-0.000000,-0.042415,-0.020554,0.000000,0.120000,0.000000,0.288161,-0.000000,-0.000000,-0.000000,0.001809,-0.044225,0.000000,0.013957,0
1790544759.3820,-0.030678,0.014890,-0.000000,-0.039550,-0.030678,0.000000,0.120000,0.000000,0.318526,-0.000000,-0.000000,-0.000000,0.004467,-0.044017,0.000000,0.013968,0
1790544759.3959,-0.027108,0.013607,0.000000,-0.039745,-0.027108,0.000000,0.120000,0.000000,0.348837,-0.000000,-0.000000,0.000000,0.004082,-0.043827,-0.000000,0.013943,0
1790544759.4099,-0.027474,0.014979,-0.000000,-0.039123,-0.027474,0.000000,0.120000,0.000000,0.379256,-0.000000,-0.000000,-0.000000,0.004494,-0.043617,0.000000,0.013993,0
1790544759.4239,-0.026100,0.009746,0.000000,-0.040557,-0.026100,0.000000,0.120000,0.000000,0.409724,-0.000000,-0.000000,0.000000,0.002924,-0.043481,-0.000000,0.014015,0
1790544759.4379,-0.031361,0.000282,-0.000000,-0.043392,-0.031361,0.000000,0.120000,0.000000,0.440108,-0.000000,-0.000000,-0.000000,0.000085,-0.043477,-0.000000,0.013977,0
1790544759.4519,-0.039985,-0.007415,-0.000000,-0.045805,-0.039985,0.000000,0.120000,0.000000,0.470456,-0.000000,-0.000000,-0.000000,-0.002224,-0.043580,-0.000000,0.013960,0
1790544759.4659,-0.053161,-0.016119,-0.000000,-0.048641,-0.053161,0.000000,0.120000,0.000000,0.500825,-0.000000,-0.000000,-0.000000,-0.004836,-0.043805,-0.000000,0.013970,0
1790544759.4794,-0.067907,-0.024982,-0.000000,-0.051640,-0.067907,0.000000,0.120000,0.000000,0.530418,-0.000000,-0.000000,-0.000000,-0.007495,-0.044146,-0.000000,0.013613,0
1790544759.4931,-0.079180,-0.031612,-0.000000,-0.054061,-0.079180,0.000000,0.120000,0.000000,0.560083,-0.000000,-0.000000,-0.000000,-0.009484,-0.044577,-0.000000,0.013646,0
1790544759.5067,-0.084604,-0.035737,-0.000000,-0.055784,-0.084604,0.000000,0.120000,0.000000,0.589629,-0.000000,-0.000000,-0.000000,-0.010721,-0.045063,-0.000000,0.013591,0
1790544759.5210,-0.083304,-0.039515,0.000000,-0.057472,-0.083304,0.000000,0.120000,0.000000,0.620181,-0.000000,-0.000000,0.000000,-0.011854,-0.045618,-0.000000,0.014054,0
1790544759.5356,-0.076051,-0.040846,0.000000,-0.058470,-0.076051,0.000000,0.120000,0.000000,0.652008,-0.000000,-0.000000,0.000000,-0.012254,-0.046216,-0.000000,0.014641,0
1790544759.5499,-0.070678,-0.038448,0.000000,-0.058308,-0.070678,0.000000,0.120000,0.000000,0.683524,-0.000000,-0.000000,0.000000,-0.011534,-0.046773,0.000000,0.014497,0
1790544759.5640,-0.065888,-0.033747,0.000000,-0.057370,-0.065888,0.000000,0.120000,0.000000,0.713974,-0.000000,-0.000000,0.000000,-0.010124,-0.047246,0.000000,0.014007,0
1790544759.5782,-0.064062,-0.026422,0.000000,-0.055549,-0.064062,0.000000,0.120000,0.000000,0.744964,-0.000000,-0.000000,0.000000,-0.007927,-0.047623,0.000000,0.014255,0
1790544759.5923,-0.057711,-0.016378,0.000000,-0.052767,-0.057711,0.000000,0.120000,0.000000,0.775685,-0.000000,-0.000000,0.000000,-0.004913,-0.047854,0.000000,0.014132,0
1790544759.6063,-0.051328,-0.004801,0.000000,-0.049362,-0.051328,0.000000,0.120000,0.000000,0.806151,-0.000000,-0.000000,0.000000,-0.001440,-0.047921,0.000000,0.014014,0
1790544759.6205,-0.042745,0.011768,0.000000,-0.044225,-0.042745,0.000000,0.120000,0.000000,0.836823,-0.000000,-0.000000,0.000000,0.003530,-0.047755,0.000000,0.014109,0
1790544759.6346,-0.046161,0.023044,-0.000000,-0.040515,-0.046161,0.000000,0.120000,0.000000,0.867729,-0.000000,-0.000000,-0.000000,0.006913,-0.047428,0.000000,0.014217,0
1790544759.6487,-0.049724,0.022711,-0.000000,-0.040296,-0.049724,0.000000,0.120000,0.000000,0.898235,-0.000000,-0.000000,-0.000000,0.006813,-0.047109,-0.000000,0.014033,0
1790544759.6626,-0.036841,0.017524,0.000000,-0.041609,-0.036841,0.000000,0.120000,0.000000,0.928359,-0.000000,-0.000000,0.000000,0.005257,-0.046866,-0.000000,0.013857,0
1790544759.6766,-0.041727,0.012677,-0.000000,-0.042885,-0.041727,0.000000,0.120000,0.000000,0.958919,-0.000000,-0.000000,-0.000000,0.003803,-0.046688,-0.000000,0.014058,0
1790544759.6905,-0.037425,0.008090,0.000000,-0.044149,-0.037425,0.000000,0.120000,0.000000,0.989059,-0.000000,-0.000000,0.000000,0.002427,-0.046576,-0.000000,0.013864,0
1790544759.7044,-0.028064,0.001517,0.000000,-0.046100,-0.028064,0.000000,0.120000,0.000000,0.019514,-0.000000,-0.000000,0.000000,0.000455,-0.046555,-0.000000,0.014009,0
1790544759.7181,-0.023457,-0.006636,0.000000,-0.048636,-0.023457,0.000000,0.120000,0.000000,0.049166,-0.000000,-0.000000,0.000000,-0.001991,-0.046645,-0.000000,0.013640,0
1790544759.7317,-0.012155,-0.011456,0.000000,-0.050238,-0.012155,0.000000,0.120000,0.000000,0.078756,-0.000000,-0.000000,0.000000,-0.003437,-0.046801,-0.000000,0.013612,0
1790544759.7458,-0.005009,-0.016974,0.000000,-0.052130,-0.005009,0.000000,0.120000,0.000000,0.109076,-0.000000,-0.000000,0.000000,-0.005092,-0.047038,-0.000000,0.013947,0
1790544759.7598,0.000853,-0.023269,0.000000,-0.054348,0.000853,0.000000,0.120000,0.000000,0.139903,0.000000,-0.000000,0.000000,-0.006981,-0.047368,-0.000000,0.014180,0
1790544759.7740,-0.004903,-0.025365,-0.000000,-0.055329,-0.004903,0.000000,0.120000,0.000000,0.170085,-0.000000,-0.000000,-0.000000,-0.007609,-0.047720,-0.000000,0.013884,0
1790544759.7881,-0.018292,-0.018588,-0.000000,-0.053563,-0.018292,0.000000,0.120000,0.000000,0.201249,-0.000000,-0.000000,-0.000000,-0.005576,-0.047986,0.000000,0.014336,0
1790544759.8021,-0.025199,-0.006302,-0.000000,-0.049965,-0.025199,0.000000,0.120000,0.000000,0.231736,-0.000000,-0.000000,-0.000000,-0.001891,-0.048075,0.000000,0.014024,0
1790544759.8168,-0.024666,0.002375,0.000000,-0.047328,-0.024666,0.000000,0.120000,0.000000,0.263455,-0.000000,-0.000000,0.000000,0.000713,-0.048040,0.000000,0.014591,0
1790544759.8309,-0.028794,0.016331,-0.000000,-0.042909,-0.028794,0.000000,0.120000,0.000000,0.294308,-0.000000,-0.000000,-0.000000,0.004899,-0.047808,0.000000,0.014192,0
1790544759.8449,-0.032157,0.022976,-0.000000,-0.040594,-0.032157,0.000000,0.120000,0.000000,0.324758,-0.000000,-0.000000,-0.000000,0.006893,-0.047487,0.000000,0.014007,0
1790544759.8590,-0.027660,0.021506,0.000000,-0.040732,-0.027660,0.000000,0.120000,0.000000,0.355318,-0.000000,-0.000000,0.000000,0.006452,-0.047184,-0.000000,0.014057,0
1790544759.8731,-0.026781,0.018906,0.000000,-0.041244,-0.026781,0.000000,0.120000,0.000000,0.386119,-0.000000,-0.000000,0.000000,0.005672,-0.046916,-0.000000,0.014169,0
1790544759.8872,-0.030372,0.014941,-0.000000,-0.042224,-0.030372,0.000000,0.120000,0.000000,0.416712,-0.000000,-0.000000,-0.000000,0.004482,-0.046706,-0.000000,0.014073,0
1790544759.9010,-0.030866,0.007042,-0.000000,-0.044496,-0.030866,0.000000,0.120000,0.000000,0.446840,-0.000000,-0.000000,-0.000000,0.002113,-0.046609,-0.000000,0.013859,0
1790544759.9150,-0.041482,0.000060,-0.000000,-0.046590,-0.041482,0.000000,0.120000,0.000000,0.477164,-0.000000,-0.000000,-0.000000,0.000018,-0.046608,-0.000000,0.013949,0
1790544759.9290,-0.057312,-0.009317,-0.000000,-0.049534,-0.057312,0.000000,0.120000,0.000000,0.507750,-0.000000,-0.000000,-0.000000,-0.002795,-0.046739,-0.000000,0.014069,0
1790544759.9426,-0.072688,-0.019052,-0.000000,-0.052713,-0.072688,0.000000,0.120000,0.000000,0.537247,-0.000000,-0.000000,-0.000000,-0.005716,-0.046997,-0.000000,0.013569,0
1790544759.9563,-0.085678,-0.026490,-0.000000,-0.055306,-0.085678,0.000000,0.120000,0.000000,0.566936,-0.000000,-0.000000,-0.000000,-0.007947,-0.047359,-0.000000,0.013657,0
1790544759.9704,-0.092285,-0.030964,-0.000000,-0.057082,-0.092285,0.000000,0.120000,0.000000,0.597404,-0.000000,-0.000000,-0.000000,-0.009289,-0.047793,-0.000000,0.014015,0
1790544759.9843,-0.087934,-0.033742,0.000000,-0.058390,-0.087934,0.000000,0.120000,0.000000,0.627998,-0.000000,-0.000000,0.000000,-0.010123,-0.048268,-0.000000,0.014073,0
1790544759.9983,-0.082273,-0.032634,0.000000,-0.058514,-0.082273,0.000000,0.120000,0.000000,0.658376,-0.000000,-0.000000,0.000000,-0.009790,-0.048724,0.000000,0.013974,0
1790544760.0122,-0.076468,-0.028777,0.000000,-0.057757,-0.076468,0.000000,0.120000,0.000000,0.688612,-0.000000,-0.000000,0.000000,-0.008633,-0.049124,0.000000,0.013908,0
1790544760.0272,-0.069982,-0.022619,0.000000,-0.056241,-0.069982,0.000000,0.120000,0.000000,0.720458,-0.000000,-0.000000,0.000000,-0.006786,-0.049455,0.000000,0.014649,0
1790544760.0409,-0.064545,-0.015177,0.000000,-0.054221,-0.064545,0.000000,0.120000,0.000000,0.750944,-0.000000,-0.000000,0.000000,-0.004553,-0.049668,0.000000,0.014023,0
1790544760.0549,-0.056389,-0.004698,0.000000,-0.051143,-0.056389,0.000000,0.120000,0.000000,0.781223,-0.000000,-0.000000,0.000000,-0.001409,-0.049734,0.000000,0.013928,0
1790544760.0689,-0.046385,0.009770,0.000000,-0.046666,-0.046385,0.000000,0.120000,0.000000,0.811664,-0.000000,-0.000000,0.000000,0.002931,-0.049597,0.000000,0.014003,0
1790544760.0831,-0.038135,0.024579,0.000000,-0.041875,-0.038135,0.000000,0.120000,0.000000,0.842447,-0.000000,-0.000000,0.000000,0.007374,-0.049249,0.000000,0.014160,0
1790544760.0970,-0.042505,0.026471,-0.000000,-0.040935,-0.042505,0.000000,0.120000,0.000000,0.873024,-0.000000,-0.000000,-0.000000,0.007941,-0.048877,0.000000,0.014066,0
1790544760.1110,-0.035806,0.024462,0.000000,-0.041197,-0.035806,0.000000,0.120000,0.000000,0.903353,-0.000000,-0.000000,0.000000,0.007339,-0.048535,-0.000000,0.013952,0
1790544760.1249,-0.032149,0.023810,0.000000,-0.041062,-0.032149,0.000000,0.120000,0.000000,0.933509,-0.000000,-0.000000,0.000000,0.007143,-0.048205,-0.000000,0.013871,0
1790544760.1389,-0.031401,0.018928,0.000000,-0.042262,-0.031401,0.000000,0.120000,0.000000,0.963941,-0.000000,-0.000000,0.000000,0.005678,-0.047940,-0.000000,0.013999,0
1790544760.1530,-0.021196,0.011480,0.000000,-0.044333,-0.021196,0.000000,0.120000,0.000000,0.994760,-0.000000,-0.000000,0.000000,0.003444,-0.047777,-0.000000,0.014177,0
1790544760.1669,-0.009859,0.000776,0.000000,-0.047534,-0.009859,0.000000,0.120000,0.000000,0.024915,-0.000000,-0.000000,0.000000,0.000233,-0.047767,-0.000000,0.013871,0
1790544760.1805,-0.002098,-0.006850,0.000000,-0.049914,-0.002098,0.000000,0.120000,0.000000,0.054385,-0.000000,-0.000000,0.000000,-0.002055,-0.047859,-0.000000,0.013556,0
1790544760.1941,0.005219,-0.009914,0.000000,-0.050968,0.005219,0.000000,0.120000,0.000000,0.083966,0.000000,-0.000000,0.000000,-0.002974,-0.047994,-0.000000,0.013608,0
1790544760.2080,0.012205,-0.014667,0.000000,-0.052599,0.012205,0.000000,0.120000,0.000000,0.114296,0.000000,-0.000000,0.000000,-0.004400,-0.048199,-0.000000,0.013952,0
1790544760.2220,0.019580,-0.022606,0.000000,-0.055297,0.019580,0.000000,0.120000,0.000000,0.144738,0.000000,-0.000000,0.000000,-0.006782,-0.048515,-0.000000,0.014003,0
1790544760.2360,0.015632,-0.025619,0.000000,-0.056558,0.015632,0.000000,0.120000,0.000000,0.175039,0.000000,-0.000000,-0.000000,-0.007686,-0.048873,-0.000000,0.013938,0
1790544760.2499,0.005294,-0.018736,0.000000,-0.054755,0.005294,0.000000,0.120000,0.000000,0.205396,0.000000,-0.000000,-0.000000,-0.005621,-0.049134,0.000000,0.013964,0
1790544760.2639,0.000388,-0.007366,0.000000,-0.051446,0.000388,0.000000,0.120000,0.000000,0.235646,0.000000,-0.000000,-0.000000,-0.002210,-0.049237,0.000000,0.013915,0
1790544760.2781,-0.000465,0.002156,-0.000000,-0.048560,-0.000465,0.000000,0.120000,0.000000,0.265959,-0.000000,-0.000000,-0.000000,0.000647,-0.049207,0.000000,0.013944,0
1790544760.2922,-0.004270,0.016342,-0.000000,-0.044070,-0.004270,0.000000,0.120000,0.000000,0.297152,-0.000000,-0.000000,-0.000000,0.004903,-0.048972,0.000000,0.014349,0
1790544760.3063,-0.012116,0.027047,-0.000000,-0.040477,-0.012116,0.000000,0.120000,0.000000,0.327804,-0.000000,-0.000000,-0.000000,0.008114,-0.048591,0.000000,0.014100,0
1790544760.3203,-0.013931,0.028555,-0.000000,-0.039624,-0.013931,0.000000,0.120000,0.000000,0.358312,-0.000000,-0.000000,-0.000000,0.008567,-0.048190,0.000000,0.014034,0
1790544760.3342,-0.014705,0.028538,-0.000000,-0.039230,-0.014705,0.000000,0.120000,0.000000,0.388638,-0.000000,-0.000000,-0.000000,0.008562,-0.047792,-0.000000,0.013950,0
1790544760.3481,-0.016665,0.023986,-0.000000,-0.040264,-0.016665,0.000000,0.120000,0.000000,0.418763,-0.000000,-0.000000,-0.000000,0.007196,-0.047460,-0.000000,0.013857,0
1790544760.3621,-0.021159,0.016072,-0.000000,-0.042413,-0.021159,0.000000,0.120000,0.000000,0.449114,-0.000000,-0.000000,-0.000000,0.004822,-0.047235,-0.000000,0.013962,0
1790544760.3759,-0.028214,0.009564,-0.000000,-0.044234,-0.028214,0.000000,0.120000,0.000000,0.479210,-0.000000,-0.000000,-0.000000,0.002869,-0.047103,-0.000000,0.013844,0
1790544760.3903,-0.038002,-0.000201,-0.000000,-0.047166,-0.038002,0.000000,0.120000,0.000000,0.510066,-0.000000,-0.000000,-0.000000,-0.000060,-0.047106,-0.000000,0.014194,0
1790544760.4042,-0.052771,-0.009704,-0.000000,-0.050153,-0.052771,0.000000,0.120000,0.000000,0.540537,-0.000000,-0.000000,-0.000000,-0.002911,-0.047242,-0.000000,0.014017,0
1790544760.4179,-0.069410,-0.016655,-0.000000,-0.052466,-0.069410,0.000000,0.120000,0.000000,0.570275,-0.000000,-0.000000,-0.000000,-0.004996,-0.047469,-0.000000,0.013680,0
1790544760.4319,-0.078872,-0.023752,-0.000000,-0.054930,-0.078872,0.000000,0.120000,0.000000,0.600909,-0.000000,-0.000000,-0.000000,-0.007126,-0.047804,-0.000000,0.014091,0
1790544760.4459,-0.082273,-0.031080,-0.000000,-0.057563,-0.082273,0.000000,0.120000,0.000000,0.631347,-0.000000,-0.000000,-0.000000,-0.009324,-0.048239,-0.000000,0.014001,0
1790544760.4598,-0.075990,-0.034721,0.000000,-0.059139,-0.075990,0.000000,0.120000,0.000000,0.661625,-0.000000,-0.000000,0.000000,-0.010416,-0.048723,-0.000000,0.013928,0
1790544760.4739,-0.068785,-0.031669,0.000000,-0.058667,-0.068785,0.000000,0.120000,0.000000,0.692080,-0.000000,-0.000000,0.000000,-0.009501,-0.049167,0.000000,0.014009,0
1790544760.4879,-0.063857,-0.025945,0.000000,-0.057315,-0.063857,0.000000,0.120000,0.000000,0.722611,-0.000000,-0.000000,0.000000,-0.007784,-0.049531,0.000000,0.014044,0
1790544760.5018,-0.061767,-0.019986,0.000000,-0.055806,-0.061767,0.000000,0.120000,0.000000,0.752992,-0.000000,-0.000000,0.000000,-0.005996,-0.049810,0.000000,0.013975,0
1790544760.5158,-0.054015,-0.009681,0.000000,-0.052849,-0.054015,0.000000,0.120000,0.000000,0.783188,-0.000000,-0.000000,0.000000,-0.002904,-0.049945,0.000000,0.013890,0
1790544760.5302,-0.046340,0.003712,0.000000,-0.048778,-0.046340,0.000000,0.120000,0.000000,0.813955,-0.000000,-0.000000,0.000000,0.001114,-0.049892,0.000000,0.014153,0
1790544760.5446,-0.037730,0.019991,0.000000,-0.043604,-0.037730,0.000000,0.120000,0.000000,0.845584,-0.000000,-0.000000,0.000000,0.005997,-0.049601,0.000000,0.014549,0
1790544760.5587,-0.044137,0.025622,-0.000000,-0.041550,-0.044137,0.000000,0.120000,0.000000,0.876562,-0.000000,-0.000000,-0.000000,0.007687,-0.049236,0.000000,0.014250,0
1790544760.5725,-0.042177,0.021483,0.000000,-0.042494,-0.042177,0.000000,0.120000,0.000000,0.906657,-0.000000,-0.000000,0.000000,0.006445,-0.048939,-0.000000,0.013844,0
1790544760.5864,-0.032848,0.014962,0.000000,-0.044242,-0.032848,0.000000,0.120000,0.000000,0.936832,-0.000000,-0.000000,0.000000,0.004489,-0.048731,-0.000000,0.013880,0
1790544760.6003,-0.035049,0.011459,-0.000000,-0.045133,-0.035049,0.000000,0.120000,0.000000,0.967251,-0.000000,-0.000000,-0.000000,0.003438,-0.048571,-0.000000,0.013993,0
1790544760.6143,-0.026350,0.005312,0.000000,-0.046904,-0.026350,0.000000,0.120000,0.000000,0.997392,-0.000000,-0.000000,0.000000,0.001594,-0.048497,-0.000000,0.013865,0
1790544760.6282,-0.012240,-0.004943,0.000000,-0.050049,-0.012240,0.000000,0.120000,0.000000,0.027645,-0.000000,-0.000000,0.000000,-0.001483,-0.048566,-0.000000,0.013916,0
1790544760.6419,-0.003603,-0.013905,0.000000,-0.052927,-0.003603,0.000000,0.120000,0.000000,0.057319,-0.000000,-0.000000,0.000000,-0.004171,-0.048756,-0.000000,0.013650,0
1790544760.6557,0.003448,-0.019724,0.000000,-0.054944,0.003448,0.000000,0.120000,0.000000,0.087232,0.000000,-0.000000,0.000000,-0.005917,-0.049027,-0.000000,0.013760,0
1790544760.6697,0.012079,-0.025124,0.000000,-0.056919,0.012079,0.000000,0.120000,0.000000,0.117917,0.000000,-0.000000,0.000000,-0.007537,-0.049382,-0.000000,0.014115,0
1790544760.6838,0.020972,-0.032279,0.000000,-0.059518,0.020972,0.000000,0.120000,0.000000,0.148360,0.000000,-0.000000,0.000000,-0.009684,-0.049834,-0.000000,0.014004,0
1790544760.6977,0.009529,-0.037261,0.000000,-0.061534,0.009529,0.000000,0.120000,0.000000,0.178810,0.000000,-0.000000,-0.000000,-0.011178,-0.050356,-0.000000,0.014007,0
1790544760.7116,0.008224,-0.029943,0.000000,-0.059756,0.008224,0.000000,0.120000,0.000000,0.209098,0.000000,-0.000000,-0.000000,-0.008983,-0.050773,0.000000,0.013932,0
1790544760.7256,0.002338,-0.019281,0.000000,-0.056826,0.002338,0.000000,0.120000,0.000000,0.239430,0.000000,-0.000000,-0.000000,-0.005784,-0.051042,0.000000,0.013953,0
1790544760.7394,0.000965,-0.009108,0.000000,-0.053901,0.000965,0.000000,0.120000,0.000000,0.269590,0.000000,-0.000000,-0.000000,-0.002732,-0.051168,0.000000,0.013874,0
1790544760.7534,-0.002211,0.005834,-0.000000,-0.049337,-0.002211,0.000000,0.120000,0.000000,0.299898,-0.000000,-0.000000,-0.000000,0.001750,-0.051087,0.000000,0.013942,0
1790544760.7673,-0.009594,0.017288,-0.000000,-0.045660,-0.009594,0.000000,0.120000,0.000000,0.330176,-0.000000,-0.000000,-0.000000,0.005186,-0.050846,0.000000,0.013927,0
1790544760.7815,-0.009371,0.022469,0.000000,-0.043794,-0.009371,0.000000,0.120000,0.000000,0.360350,-0.000000,-0.000000,0.000000,0.006741,-0.050534,0.000000,0.013880,0
1790544760.7959,-0.009127,0.023163,0.000000,-0.043247,-0.009127,0.000000,0.120000,0.000000,0.392095,-0.000000,-0.000000,0.000000,0.006949,-0.050196,0.000000,0.014603,0
1790544760.8100,-0.014583,0.018832,-0.000000,-0.044281,-0.014583,0.000000,0.120000,0.000000,0.422673,-0.000000,-0.000000,-0.000000,0.005650,-0.049931,-0.000000,0.014066,0
1790544760.8240,-0.020911,0.012054,-0.000000,-0.046145,-0.020911,0.000000,0.120000,0.000000,0.453358,-0.000000,-0.000000,-0.000000,0.003616,-0.049761,-0.000000,0.014115,0
1790544760.8379,-0.030430,0.006073,-0.000000,-0.047855,-0.030430,0.000000,0.120000,0.000000,0.483580,-0.000000,-0.000000,-0.000000,0.001822,-0.049677,-0.000000,0.013902,0
1790544760.8519,-0.040241,-0.002774,-0.000000,-0.050548,-0.040241,0.000000,0.120000,0.000000,0.514025,-0.000000,-0.000000,-0.000000,-0.000832,-0.049715,-0.000000,0.014005,0
1790544760.8655,-0.055449,-0.011090,-0.000000,-0.053194,-0.055449,0.000000,0.120000,0.000000,0.543706,-0.000000,-0.000000,-0.000000,-0.003327,-0.049867,-0.000000,0.013654,0
1790544760.8790,-0.069279,-0.018852,-0.000000,-0.055777,-0.069279,0.000000,0.120000,0.000000,0.573004,-0.000000,-0.000000,-0.000000,-0.005656,-0.050121,-0.000000,0.013477,0
1790544760.8930,-0.077588,-0.024979,-0.000000,-0.057963,-0.077588,0.000000,0.120000,0.000000,0.603347,-0.000000,-0.000000,-0.000000,-0.007494,-0.050470,-0.000000,0.013958,0
1790544760.9070,-0.083595,-0.030769,-0.000000,-0.060131,-0.083595,0.000000,0.120000,0.000000,0.633760,-0.000000,-0.000000,-0.000000,-0.009231,-0.050900,-0.000000,0.013990,0
1790544760.9210,-0.079141,-0.033725,0.000000,-0.061483,-0.079141,0.000000,0.120000,0.000000,0.663768,-0.000000,-0.000000,0.000000,-0.010118,-0.051366,-0.000000,0.013804,0
1790544760.9368,-0.069710,-0.032422,0.000000,-0.061591,-0.069710,0.000000,0.120000,0.000000,0.697179,-0.000000,-0.000000,0.000000,-0.009727,-0.051864,0.000000,0.015369,0
1790544760.9514,-0.060702,-0.026806,0.000000,-0.060309,-0.060702,0.000000,0.120000,0.000000,0.729886,-0.000000,-0.000000,0.000000,-0.008042,-0.052267,0.000000,0.015045,0
1790544760.9659,-0.057560,-0.019688,0.000000,-0.058457,-0.057560,0.000000,0.120000,0.000000,0.761229,-0.000000,-0.000000,0.000000,-0.005906,-0.052551,0.000000,0.014418,0
1790544760.9807,-0.048118,-0.007809,0.000000,-0.055008,-0.048118,0.000000,0.120000,0.000000,0.792911,-0.000000,-0.000000,0.000000,-0.002343,-0.052665,0.000000,0.014574,0
1790544760.9958,-0.040442,0.008417,0.000000,-0.050009,-0.040442,0.000000,0.120000,0.000000,0.826621,-0.000000,-0.000000,0.000000,0.002525,-0.052534,0.000000,0.015507,0
1790544761.0096,-0.031245,0.025606,0.000000,-0.044500,-0.031245,0.000000,0.120000,0.000000,0.856561,-0.000000,-0.000000,0.000000,0.007682,-0.052182,0.000000,0.013772,0
1790544761.0233,-0.038958,0.031554,-0.000000,-0.042280,-0.038958,0.000000,0.120000,0.000000,0.886571,-0.000000,-0.000000,-0.000000,0.009466,-0.051746,0.000000,0.013804,0
1790544761.0377,-0.034981,0.028376,0.000000,-0.042831,-0.034981,0.000000,0.120000,0.000000,0.917371,-0.000000,-0.000000,0.000000,0.008513,-0.051344,-0.000000,0.014168,0
1790544761.0520,-0.031825,0.027601,0.000000,-0.042664,-0.031825,0.000000,0.120000,0.000000,0.948843,-0.000000,-0.000000,0.000000,0.008280,-0.050944,-0.000000,0.014477,0
1790544761.0659,-0.032020,0.025866,-0.000000,-0.042823,-0.032020,0.000000,0.120000,0.000000,0.979237,-0.000000,-0.000000,-0.000000,0.007760,-0.050583,-0.000000,0.013981,0
1790544761.0800,-0.022946,0.020337,0.000000,-0.044196,-0.022946,0.000000,0.120000,0.000000,0.009769,-0.000000,-0.000000,0.000000,0.006101,-0.050297,-0.000000,0.014045,0
1790544761.0936,-0.011958,0.012703,0.000000,-0.046314,-0.011958,0.000000,0.120000,0.000000,0.039296,-0.000000,-0.000000,0.000000,0.003811,-0.050125,-0.000000,0.013582,0
1790544761.1072,-0.004146,0.005981,0.000000,-0.048249,-0.004146,0.000000,0.120000,0.000000,0.068964,-0.000000,-0.000000,0.000000,0.001794,-0.050043,-0.000000,0.013647,0
1790544761.1213,0.003155,0.001988,0.000000,-0.049419,0.003155,0.000000,0.120000,0.000000,0.099517,0.000000,-0.000000,0.000000,0.000597,-0.050015,-0.000000,0.014054,0
1790544761.1352,0.010736,-0.003499,0.000000,-0.051114,0.010736,0.000000,0.120000,0.000000,0.129945,0.000000,-0.000000,0.000000,-0.001050,-0.050064,-0.000000,0.013997,0
1790544761.1491,0.018409,-0.009914,0.000000,-0.053176,0.018409,0.000000,0.120000,0.000000,0.160112,0.000000,-0.000000,0.000000,-0.002974,-0.050202,-0.000000,0.013877,0
1790544761.1630,0.008945,-0.013660,0.000000,-0.054490,0.008945,0.000000,0.120000,0.000000,0.190481,0.000000,-0.000000,-0.000000,-0.004098,-0.050392,-0.000000,0.013970,0
1790544761.1770,-0.006806,-0.012124,-0.000000,-0.054198,-0.006806,0.000000,0.120000,0.000000,0.220724,-0.000000,-0.000000,-0.000000,-0.003637,-0.050561,0.000000,0.013912,0
1790544761.1909,-0.013701,-0.003447,-0.000000,-0.051643,-0.013701,0.000000,0.120000,0.000000,0.250971,-0.000000,-0.000000,-0.000000,-0.001034,-0.050609,0.000000,0.013914,0
1790544761.2048,-0.016298,0.004720,-0.000000,-0.049127,-0.016298,0.000000,0.120000,0.000000,0.281287,-0.000000,-0.000000,-0.000000,0.001416,-0.050543,0.000000,0.013945,0
1790544761.2187,-0.023164,0.018170,-0.000000,-0.044841,-0.023164,0.000000,0.120000,0.000000,0.311403,-0.000000,-0.000000,-0.000000,0.005451,-0.050292,0.000000,0.013853,0
1790544761.2327,-0.020728,0.022784,0.000000,-0.043137,-0.020728,0.000000,0.120000,0.000000,0.341853,-0.000000,-0.000000,0.000000,0.006835,-0.049972,0.000000,0.014007,0
1790544761.2466,-0.022789,0.022596,-0.000000,-0.042881,-0.022789,0.000000,0.120000,0.000000,0.371971,-0.000000,-0.000000,-0.000000,0.006779,-0.049659,-0.000000,0.013855,0
1790544761.2605,-0.027174,0.017180,-0.000000,-0.044266,-0.027174,0.000000,0.120000,0.000000,0.402283,-0.000000,-0.000000,-0.000000,0.005154,-0.049420,-0.000000,0.013943,0
1790544761.2744,-0.030271,0.013319,-0.000000,-0.045239,-0.030271,0.000000,0.120000,0.000000,0.432566,-0.000000,-0.000000,-0.000000,0.003996,-0.049234,-0.000000,0.013930,0
1790544761.2888,-0.039021,0.008252,-0.000000,-0.046643,-0.039021,0.000000,0.120000,0.000000,0.463001,-0.000000,-0.000000,-0.000000,0.002476,-0.049119,-0.000000,0.014000,0
1790544761.3030,-0.049931,0.000139,-0.000000,-0.049075,-0.049931,0.000000,0.120000,0.000000,0.494582,-0.000000,-0.000000,-0.000000,0.000042,-0.049117,-0.000000,0.014528,0
1790544761.3169,-0.062802,-0.007365,-0.000000,-0.051429,-0.062802,0.000000,0.120000,0.000000,0.524882,-0.000000,-0.000000,-0.000000,-0.002209,-0.049219,-0.000000,0.013938,0
1790544761.3306,-0.074382,-0.013288,-0.000000,-0.053387,-0.074382,0.000000,0.120000,0.000000,0.554598,-0.000000,-0.000000,-0.000000,-0.003986,-0.049401,-0.000000,0.013669,0
1790544761.3441,-0.081147,-0.018061,-0.000000,-0.055065,-0.081147,0.000000,0.120000,0.000000,0.584139,-0.000000,-0.000000,-0.000000,-0.005418,-0.049646,-0.000000,0.013589,0
1790544761.3580,-0.085854,-0.022584,-0.000000,-0.056734,-0.085854,0.000000,0.120000,0.000000,0.614218,-0.000000,-0.000000,-0.000000,-0.006775,-0.049959,-0.000000,0.013836,0
1790544761.3720,-0.088354,-0.026219,-0.000000,-0.058191,-0.088354,0.000000,0.120000,0.000000,0.644567,-0.000000,-0.000000,-0.000000,-0.007866,-0.050325,-0.000000,0.013961,0
1790544761.3859,-0.086305,-0.027859,0.000000,-0.059071,-0.086305,0.000000,0.120000,0.000000,0.674900,-0.000000,-0.000000,0.000000,-0.008358,-0.050714,-0.000000,0.013953,0
1790544761.4000,-0.078709,-0.024843,0.000000,-0.058515,-0.078709,0.000000,0.120000,0.000000,0.705425,-0.000000,-0.000000,0.000000,-0.007453,-0.051062,0.000000,0.014041,0
1790544761.4139,-0.066354,-0.020118,0.000000,-0.057378,-0.066354,0.000000,0.120000,0.000000,0.735707,-0.000000,-0.000000,0.000000,-0.006035,-0.051343,0.000000,0.013930,0
1790544761.4281,-0.062252,-0.011222,0.000000,-0.054868,-0.062252,0.000000,0.120000,0.000000,0.766386,-0.000000,-0.000000,0.000000,-0.003367,-0.051501,0.000000,0.014112,0
1790544761.4421,-0.056770,-0.000478,0.000000,-0.051651,-0.056770,0.000000,0.120000,0.000000,0.796972,-0.000000,-0.000000,0.000000,-0.000144,-0.051508,0.000000,0.014070,0
1790544761.4561,-0.049410,0.012248,0.000000,-0.047662,-0.049410,0.000000,0.120000,0.000000,0.827481,-0.000000,-0.000000,0.000000,0.003674,-0.051336,0.000000,0.014034,0
1790544761.4699,-0.047487,0.024968,0.000000,-0.043500,-0.047487,0.000000,0.120000,0.000000,0.857547,-0.000000,-0.000000,0.000000,0.007490,-0.050991,0.000000,0.013830,0
1790544761.4839,-0.057003,0.024925,-0.000000,-0.043166,-0.057003,0.000000,0.120000,0.000000,0.887864,-0.000000,-0.000000,-0.000000,0.007477,-0.050643,-0.000000,0.013946,0
1790544761.4980,-0.056233,0.024077,0.000000,-0.043081,-0.056233,0.000000,0.120000,0.000000,0.918455,-0.000000,-0.000000,0.000000,0.007223,-0.050304,-0.000000,0.014072,0
1790544761.5119,-0.049825,0.024385,0.000000,-0.042648,-0.049825,0.000000,0.120000,0.000000,0.948798,-0.000000,-0.000000,0.000000,0.007316,-0.049964,0.000000,0.013958,0
1790544761.5259,-0.049958,0.021012,-0.000000,-0.043366,-0.049958,0.000000,0.120000,0.000000,0.979240,-0.000000,-0.000000,-0.000000,0.006303,-0.049670,-0.000000,0.014003,0
1790544761.5403,-0.041168,0.014360,0.000000,-0.045158,-0.041168,0.000000,0.120000,0.000000,0.010088,-0.000000,-0.000000,0.000000,0.004308,-0.049466,-0.000000,0.014190,0
1790544761.5550,-0.032265,0.007411,0.000000,-0.047133,-0.032265,0.000000,0.120000,0.000000,0.042041,-0.000000,-0.000000,0.000000,0.002223,-0.049357,-0.000000,0.014698,0
1790544761.5690,-0.025488,0.002601,0.000000,-0.048540,-0.025488,0.000000,0.120000,0.000000,0.072655,-0.000000,-0.000000,0.000000,0.000780,-0.049320,-0.000000,0.014082,0
1790544761.5832,-0.020720,0.000416,0.000000,-0.049190,-0.020720,0.000000,0.120000,0.000000,0.103629,-0.000000,-0.000000,0.000000,0.000125,-0.049314,-0.000000,0.014248,0
1790544761.5973,-0.013377,-0.003436,0.000000,-0.050394,-0.013377,0.000000,0.120000,0.000000,0.134427,-0.000000,-0.000000,0.000000,-0.001031,-0.049363,-0.000000,0.014167,0
1790544761.6114,-0.006058,-0.008228,0.000000,-0.051947,-0.006058,0.000000,0.120000,0.000000,0.164927,-0.000000,-0.000000,0.000000,-0.002468,-0.049478,-0.000000,0.014030,0
1790544761.6257,-0.004707,-0.011524,0.000000,-0.053100,-0.004707,0.000000,0.120000,0.000000,0.195957,-0.000000,-0.000000,0.000000,-0.003457,-0.049643,-0.000000,0.014274,0
1790544761.6398,-0.014768,-0.010399,-0.000000,-0.052911,-0.014768,0.000000,0.120000,0.000000,0.226852,-0.000000,-0.000000,-0.000000,-0.003120,-0.049791,0.000000,0.014212,0
1790544761.6538,-0.022350,-0.001673,-0.000000,-0.050316,-0.022350,0.000000,0.120000,0.000000,0.257158,-0.000000,-0.000000,-0.000000,-0.000502,-0.049814,0.000000,0.013941,0
1790544761.6679,-0.027590,0.009510,-0.000000,-0.046827,-0.027590,0.000000,0.120000,0.000000,0.287715,-0.000000,-0.000000,-0.000000,0.002853,-0.049680,0.000000,0.014056,0
1790544761.6820,-0.029609,0.021469,-0.000000,-0.042936,-0.029609,0.000000,0.120000,0.000000,0.318480,-0.000000,-0.000000,-0.000000,0.006441,-0.049377,0.000000,0.014152,0
1790544761.6961,-0.027885,0.019442,0.000000,-0.043269,-0.027885,0.000000,0.120000,0.000000,0.349257,-0.000000,-0.000000,0.000000,0.005832,-0.049101,-0.000000,0.014157,0
1790544761.7101,-0.034974,0.015828,-0.000000,-0.044132,-0.034974,0.000000,0.120000,0.000000,0.379579,-0.000000,-0.000000,-0.000000,0.004749,-0.048881,-0.000000,0.013948,0
1790544761.7242,-0.036097,0.010586,-0.000000,-0.045556,-0.036097,0.000000,0.120000,0.000000,0.410068,-0.000000,-0.000000,-0.000000,0.003176,-0.048732,-0.000000,0.014025,0
1790544761.7383,-0.035124,0.006091,0.000000,-0.046818,-0.035124,0.000000,0.120000,0.000000,0.441008,-0.000000,-0.000000,0.000000,0.001827,-0.048645,-0.000000,0.014233,0
1790544761.7523,-0.043918,0.000217,-0.000000,-0.048577,-0.043918,0.000000,0.120000,0.000000,0.471517,-0.000000,-0.000000,-0.000000,0.000065,-0.048642,-0.000000,0.014034,0
1790544761.7664,-0.056725,-0.007200,-0.000000,-0.050903,-0.056725,0.000000,0.120000,0.000000,0.501985,-0.000000,-0.000000,-0.000000,-0.002160,-0.048743,-0.000000,0.014015,0
1790544761.7800,-0.066300,-0.013888,-0.000000,-0.053099,-0.066300,0.000000,0.120000,0.000000,0.531666,-0.000000,-0.000000,-0.000000,-0.004166,-0.048933,-0.000000,0.013653,0
1790544761.7941,-0.076320,-0.019599,-0.000000,-0.055083,-0.076320,0.000000,0.120000,0.000000,0.561680,-0.000000,-0.000000,-0.000000,-0.005880,-0.049203,-0.000000,0.013806,0
1790544761.8080,-0.082927,-0.024178,-0.000000,-0.056797,-0.082927,0.000000,0.120000,0.000000,0.592242,-0.000000,-0.000000,-0.000000,-0.007253,-0.049543,-0.000000,0.014059,0
1790544761.8220,-0.086740,-0.027428,-0.000000,-0.058159,-0.086740,0.000000,0.120000,0.000000,0.622918,-0.000000,-0.000000,-0.000000,-0.008228,-0.049930,-0.000000,0.014111,0
1790544761.8360,-0.080479,-0.028083,0.000000,-0.058747,-0.080479,0.000000,0.120000,0.000000,0.653250,-0.000000,-0.000000,0.000000,-0.008425,-0.050322,-0.000000,0.013952,0
1790544761.8498,-0.074127,-0.024663,0.000000,-0.058064,-0.074127,0.000000,0.120000,0.000000,0.683445,-0.000000,-0.000000,0.000000,-0.007399,-0.050665,0.000000,0.013890,0
1790544761.8638,-0.067486,-0.019696,0.000000,-0.056848,-0.067486,0.000000,0.120000,0.000000,0.713702,-0.000000,-0.000000,0.000000,-0.005909,-0.050939,0.000000,0.013918,0
1790544761.8777,-0.064219,-0.013080,0.000000,-0.055045,-0.064219,0.000000,0.120000,0.000000,0.743977,-0.000000,-0.000000,0.000000,-0.003924,-0.051121,0.000000,0.013927,0
1790544761.8916,-0.055795,-0.002809,0.000000,-0.052003,-0.055795,0.000000,0.120000,0.000000,0.774130,-0.000000,-0.000000,0.000000,-0.000843,-0.051160,0.000000,0.013870,0
1790544761.9057,-0.045408,0.009632,0.000000,-0.048135,-0.045408,0.000000,0.120000,0.000000,0.804775,-0.000000,-0.000000,0.000000,0.002890,-0.051024,0.000000,0.014097,0
1790544761.9195,-0.036469,0.022539,0.000000,-0.043950,-0.036469,0.000000,0.120000,0.000000,0.834916,-0.000000,-0.000000,0.000000,0.006762,-0.050712,0.000000,0.013865,0
1790544761.9334,-0.043355,0.023242,-0.000000,-0.043417,-0.043355,0.000000,0.120000,0.000000,0.865101,-0.000000,-0.000000,-0.000000,0.006972,-0.050389,0.000000,0.013885,0
1790544761.9473,-0.045380,0.019367,-0.000000,-0.044309,-0.045380,0.000000,0.120000,0.000000,0.895430,-0.000000,-0.000000,-0.000000,0.005810,-0.050119,-0.000000,0.013952,0
1790544761.9613,-0.025735,0.014007,0.000000,-0.045721,-0.025735,0.000000,0.120000,0.000000,0.925751,-0.000000,-0.000000,0.000000,0.004202,-0.049924,-0.000000,0.013947,0
1790544761.9752,-0.027046,0.008035,-0.000000,-0.047401,-0.027046,0.000000,0.120000,0.000000,0.956040,-0.000000,-0.000000,-0.000000,0.002410,-0.049812,-0.000000,0.013933,0
1790544761.9892,-0.017405,0.002705,0.000000,-0.048962,-0.017405,0.000000,0.120000,0.000000,0.986355,-0.000000,-0.000000,0.000000,0.000811,-0.049774,-0.000000,0.013945,0
1790544762.0031,-0.008439,-0.004658,0.000000,-0.051236,-0.008439,0.000000,0.120000,0.000000,0.016625,-0.000000,-0.000000,0.000000,-0.001397,-0.049839,-0.000000,0.013924,0
1790544762.0167,-0.003580,-0.013106,0.000000,-0.053948,-0.003580,0.000000,0.120000,0.000000,0.046092,-0.000000,-0.000000,0.000000,-0.003932,-0.050016,-0.000000,0.013555,0
1790544762.0303,0.002939,-0.016335,0.000000,-0.055140,0.002939,0.000000,0.120000,0.000000,0.075762,0.000000,-0.000000,0.000000,-0.004901,-0.050239,-0.000000,0.013648,0
1790544762.0447,0.010013,-0.020173,0.000000,-0.056577,0.010013,0.000000,0.120000,0.000000,0.106502,0.000000,-0.000000,0.000000,-0.006052,-0.050525,-0.000000,0.014141,0
1790544762.0590,0.017470,-0.027899,0.000000,-0.059297,0.017470,0.000000,0.120000,0.000000,0.137847,0.000000,-0.000000,0.000000,-0.008370,-0.050927,-0.000000,0.014419,0
1790544762.0729,0.015801,-0.032501,0.000000,-0.061132,0.015801,0.000000,0.120000,0.000000,0.168294,0.000000,-0.000000,-0.000000,-0.009750,-0.051382,-0.000000,0.014005,0
1790544762.0869,0.005968,-0.030945,0.000000,-0.061098,0.005968,0.000000,0.120000,0.000000,0.198709,0.000000,-0.000000,-0.000000,-0.009283,-0.051815,0.000000,0.013991,0
1790544762.1009,0.002723,-0.021961,0.000000,-0.058713,0.002723,0.000000,0.120000,0.000000,0.229336,0.000000,-0.000000,-0.000000,-0.006588,-0.052124,0.000000,0.014088,0
1790544762.1148,-0.000764,-0.013577,-0.000000,-0.056385,-0.000764,0.000000,0.120000,0.000000,0.259405,-0.000000,-0.000000,-0.000000,-0.004073,-0.052312,0.000000,0.013832,0
1790544762.1287,-0.006076,0.000170,-0.000000,-0.052259,-0.006076,0.000000,0.120000,0.000000,0.289678,-0.000000,-0.000000,-0.000000,0.000051,-0.052310,0.000000,0.013926,0
1790544762.1427,-0.011537,0.013714,-0.000000,-0.048004,-0.011537,0.000000,0.120000,0.000000,0.320108,-0.000000,-0.000000,-0.000000,0.004114,-0.052118,0.000000,0.013998,0
1790544762.1566,-0.013642,0.022354,-0.000000,-0.045101,-0.013642,0.000000,0.120000,0.000000,0.350342,-0.000000,-0.000000,-0.000000,0.006706,-0.051807,0.000000,0.013907,0
1790544762.1704,-0.009751,0.019279,0.000000,-0.045755,-0.009751,0.000000,0.120000,0.000000,0.380565,-0.000000,-0.000000,0.000000,0.005784,-0.051539,-0.000000,0.013903,0
1790544762.1844,-0.011637,0.015689,-0.000000,-0.046615,-0.011637,0.000000,0.120000,0.000000,0.410717,-0.000000,-0.000000,-0.000000,0.004707,-0.051321,-0.000000,0.013870,0
1790544762.1982,-0.013233,0.011583,-0.000000,-0.047685,-0.013233,0.000000,0.120000,0.000000,0.440959,-0.000000,-0.000000,-0.000000,0.003475,-0.051160,-0.000000,0.013911,0
1790544762.2121,-0.024003,0.006881,-0.000000,-0.049000,-0.024003,0.000000,0.120000,0.000000,0.471133,-0.000000,-0.000000,-0.000000,0.002064,-0.051065,-0.000000,0.013880,0
1790544762.2261,-0.035108,0.001150,-0.000000,-0.050704,-0.035108,0.000000,0.120000,0.000000,0.501270,-0.000000,-0.000000,-0.000000,0.000345,-0.051049,-0.000000,0.013863,0
1790544762.2397,-0.046892,-0.007225,-0.000000,-0.053315,-0.046892,0.000000,0.120000,0.000000,0.531032,-0.000000,-0.000000,-0.000000,-0.002168,-0.051148,-0.000000,0.013690,0
1790544762.2533,-0.063064,-0.015312,-0.000000,-0.055950,-0.063064,0.000000,0.120000,0.000000,0.560617,-0.000000,-0.000000,-0.000000,-0.004594,-0.051356,-0.000000,0.013609,0
1790544762.2669,-0.075080,-0.023311,-0.000000,-0.058663,-0.075080,0.000000,0.120000,0.000000,0.589882,-0.000000,-0.000000,-0.000000,-0.006993,-0.051670,-0.000000,0.013462,0
1790544762.2808,-0.079367,-0.030121,-0.000000,-0.061128,-0.079367,0.000000,0.120000,0.000000,0.620330,-0.000000,-0.000000,-0.000000,-0.009036,-0.052092,-0.000000,0.014006,0
1790544762.2951,-0.074643,-0.032947,0.000000,-0.062435,-0.074643,0.000000,0.120000,0.000000,0.650655,-0.000000,-0.000000,0.000000,-0.009884,-0.052551,-0.000000,0.013949,0
1790544762.3092,-0.066725,-0.029871,0.000000,-0.061943,-0.066725,0.000000,0.120000,0.000000,0.681945,-0.000000,-0.000000,0.000000,-0.008961,-0.052981,0.000000,0.014393,0
1790544762.3231,-0.062120,-0.025609,0.000000,-0.061022,-0.062120,0.000000,0.120000,0.000000,0.712329,-0.000000,-0.000000,0.000000,-0.007683,-0.053339,0.000000,0.013977,0
1790544762.3371,-0.059439,-0.019980,0.000000,-0.059612,-0.059439,0.000000,0.120000,0.000000,0.742670,-0.000000,-0.000000,0.000000,-0.005994,-0.053618,0.000000,0.013957,0
1790544762.3509,-0.053422,-0.011696,0.000000,-0.057289,-0.053422,0.000000,0.120000,0.000000,0.772826,-0.000000,-0.000000,0.000000,-0.003509,-0.053780,0.000000,0.013872,0
1790544762.3648,-0.047481,-0.000453,0.000000,-0.053922,-0.047481,0.000000,0.120000,0.000000,0.802955,-0.000000,-0.000000,0.000000,-0.000136,-0.053787,0.000000,0.013859,0
1790544762.3786,-0.038645,0.014561,0.000000,-0.049217,-0.038645,0.000000,0.120000,0.000000,0.833025,-0.000000,-0.000000,0.000000,0.004368,-0.053585,0.000000,0.013832,0
1790544762.3924,-0.043699,0.022266,-0.000000,-0.046597,-0.043699,0.000000,0.120000,0.000000,0.863138,-0.000000,-0.000000,-0.000000,0.006680,-0.053277,0.000000,0.013852,0
1790544762.4063,-0.050117,0.021963,-0.000000,-0.046383,-0.050117,0.000000,0.120000,0.000000,0.893296,-0.000000,-0.000000,-0.000000,0.006589,-0.052972,-0.000000,0.013873,0
1790544762.4202,-0.037620,0.019370,0.000000,-0.046893,-0.037620,0.000000,0.120000,0.000000,0.923402,-0.000000,-0.000000,0.000000,0.005811,-0.052704,-0.000000,0.013849,0
1790544762.4342,-0.045525,0.020680,-0.000000,-0.046210,-0.045525,0.000000,0.120000,0.000000,0.953858,-0.000000,-0.000000,-0.000000,0.006204,-0.052414,0.000000,0.014010,0
1790544762.4481,-0.045856,0.019428,-0.000000,-0.046315,-0.045856,0.000000,0.120000,0.000000,0.984169,-0.000000,-0.000000,-0.000000,0.005829,-0.052143,-0.000000,0.013943,0
1790544762.4621,-0.035884,0.014957,0.000000,-0.047448,-0.035884,0.000000,0.120000,0.000000,0.014422,-0.000000,-0.000000,0.000000,0.004487,-0.051935,-0.000000,0.013916,0
1790544762.4757,-0.030943,0.008197,0.000000,-0.049365,-0.030943,0.000000,0.120000,0.000000,0.043988,-0.000000,-0.000000,0.000000,0.002459,-0.051824,-0.000000,0.013601,0
1790544762.4893,-0.023988,0.006523,0.000000,-0.049778,-0.023988,0.000000,0.120000,0.000000,0.073610,-0.000000,-0.000000,0.000000,0.001957,-0.051735,-0.000000,0.013626,0
1790544762.5033,-0.018783,0.005002,0.000000,-0.050164,-0.018783,0.000000,0.120000,0.000000,0.104052,-0.000000,-0.000000,0.000000,0.001501,-0.051665,-0.000000,0.014003,0
1790544762.5173,-0.014667,0.000964,0.000000,-0.051362,-0.014667,0.000000,0.120000,0.000000,0.134353,-0.000000,-0.000000,0.000000,0.000289,-0.051651,-0.000000,0.013938,0
1790544762.5312,-0.006660,-0.002333,0.000000,-0.052384,-0.006660,0.000000,0.119769,0.000000,0.164719,-0.000000,-0.000000,0.000000,-0.000700,-0.051684,-0.000000,0.013968,0
1790544762.5454,-0.011470,-0.001149,-0.000000,-0.052045,-0.011470,0.000000,0.119074,0.000000,0.195206,-0.000000,-0.000000,-0.000000,-0.000345,-0.051700,0.000000,0.014024,0
1790544762.5599,-0.021439,0.000665,-0.000000,-0.051491,-0.021439,0.000000,0.117873,0.000000,0.226747,-0.000000,-0.000000,-0.000000,0.000199,-0.051690,0.000000,0.014509,0
1790544762.5739,-0.024567,0.007543,-0.000000,-0.049321,-0.024567,0.000000,0.116249,0.000000,0.257349,-0.000000,-0.000000,-0.000000,0.002263,-0.051584,0.000000,0.014077,0
1790544762.5878,-0.030443,0.013563,-0.000000,-0.047326,-0.030443,0.000000,0.114208,0.000000,0.287626,-0.000000,-0.000000,-0.000000,0.004069,-0.051395,0.000000,0.013927,0
1790544762.6018,-0.030307,0.015876,0.000000,-0.046410,-0.030307,0.000000,0.111733,0.000000,0.318126,-0.000000,-0.000000,0.000000,0.004763,-0.051172,0.000000,0.014030,0
1790544762.6158,-0.032876,0.014362,-0.000000,-0.046664,-0.032876,0.000000,0.108876,0.000000,0.348435,-0.000000,-0.000000,-0.000000,0.004309,-0.050972,-0.000000,0.013942,0
1790544762.6297,-0.034816,0.009085,-0.000000,-0.048120,-0.034816,0.000000,0.105653,0.000000,0.378662,-0.000000,-0.000000,-0.000000,0.002726,-0.050846,-0.000000,0.013905,0
1790544762.6436,-0.041082,0.000729,-0.000000,-0.050617,-0.041082,0.000000,0.102060,0.000000,0.409069,-0.000000,-0.000000,-0.000000,0.000219,-0.050836,-0.000000,0.013987,0
1790544762.6575,-0.049935,-0.010475,-0.000000,-0.054123,-0.049935,0.000000,0.098192,0.000000,0.439101,-0.000000,-0.000000,-0.000000,-0.003143,-0.050980,-0.000000,0.013815,0
1790544762.6715,-0.066291,-0.020510,-0.000000,-0.057421,-0.066291,0.000000,0.093970,0.000000,0.469597,-0.000000,-0.000000,-0.000000,-0.006153,-0.051268,-0.000000,0.014028,0
1790544762.6853,-0.081114,-0.029094,-0.000000,-0.060400,-0.081114,0.000000,0.089535,0.000000,0.499762,-0.000000,-0.000000,-0.000000,-0.008728,-0.051672,-0.000000,0.013876,0
1790544762.6993,-0.095194,-0.036853,-0.000000,-0.063244,-0.095194,0.000000,0.084832,0.000000,0.530197,-0.000000,-0.000000,-0.000000,-0.011056,-0.052188,-0.000000,0.014000,0
1790544762.7130,-0.102502,-0.044160,-0.000000,-0.066037,-0.102502,0.000000,0.080074,0.000000,0.559799,-0.000000,-0.000000,-0.000000,-0.013248,-0.052789,-0.000000,0.013617,0
1790544762.7266,-0.107030,-0.049444,-0.000000,-0.068296,-0.107030,0.000000,0.075165,0.000000,0.589422,-0.000000,-0.000000,-0.000000,-0.014833,-0.053463,-0.000000,0.013627,0
1790544762.7406,-0.100778,-0.053673,0.000000,-0.070316,-0.100778,0.000000,0.070005,0.000000,0.619864,-0.000000,-0.000000,0.000000,-0.016102,-0.054214,-0.000000,0.014003,0
1790544762.7545,-0.095770,-0.053231,0.000000,-0.070926,-0.095770,0.000000,0.064791,0.000000,0.650174,-0.000000,-0.000000,0.000000,-0.015969,-0.054957,0.000000,0.013942,0
1790544762.7679,-0.089685,-0.054227,0.000000,-0.071960,-0.089685,0.000000,0.059680,0.000000,0.679674,-0.000000,-0.000000,0.000000,-0.016268,-0.055692,-0.000000,0.013570,0
1790544762.7809,-0.082593,-0.053754,0.000000,-0.072515,-0.082593,0.000000,0.054804,0.000000,0.707831,-0.000000,-0.000000,0.000000,-0.016126,-0.056389,0.000000,0.012952,0
1790544762.7940,-0.079027,-0.047894,0.000000,-0.071380,-0.079027,0.000000,0.049938,0.000000,0.736127,-0.000000,-0.000000,0.000000,-0.014368,-0.057012,0.000000,0.013016,0
1790544762.8081,-0.073639,-0.035113,0.000000,-0.068035,-0.073639,0.000000,0.044804,0.000000,0.766425,-0.000000,-0.000000,0.000000,-0.010534,-0.057501,0.000000,0.013937,0
1790544762.8220,-0.064280,-0.018021,0.000000,-0.063159,-0.064280,0.000000,0.039777,0.000000,0.796774,-0.000000,-0.000000,0.000000,-0.005406,-0.057753,0.000000,0.013960,0
1790544762.8360,-0.052317,0.000943,0.000000,-0.057457,-0.052317,0.000000,0.034869,0.000000,0.827361,-0.000000,-0.000000,0.000000,0.000283,-0.057740,0.000000,0.014070,0
1790544762.8499,-0.041904,0.020998,0.000000,-0.051149,-0.041904,0.000000,0.030222,0.000000,0.857514,-0.000000,-0.000000,0.000000,0.006300,-0.057448,0.000000,0.013870,0
1790544762.8639,-0.044165,0.028183,-0.000000,-0.048599,-0.044165,0.000000,0.025763,0.000000,0.887935,-0.000000,-0.000000,-0.000000,0.008455,-0.057054,0.000000,0.013994,0
1790544762.8777,-0.034276,0.026497,0.000000,-0.048739,-0.034276,0.000000,0.021624,0.000000,0.917937,-0.000000,-0.000000,0.000000,0.007949,-0.056688,-0.000000,0.013801,0
1790544762.8916,-0.038365,0.025229,-0.000000,-0.048769,-0.038365,0.000000,0.017746,0.000000,0.948164,-0.000000,-0.000000,-0.000000,0.007569,-0.056338,-0.000000,0.013904,0
1790544762.9056,-0.040786,0.021484,-0.000000,-0.049593,-0.040786,0.000000,0.014182,0.000000,0.978470,-0.000000,-0.000000,-0.000000,0.006445,-0.056038,-0.000000,0.013941,0
1790544762.9195,-0.030588,0.022178,0.000000,-0.049075,-0.030588,0.000000,0.010967,0.000000,0.008794,-0.000000,-0.000000,0.000000,0.006653,-0.055729,0.000000,0.013949,0
1790544762.9331,-0.025193,0.017283,0.000000,-0.050309,-0.025193,0.000000,0.008195,0.000000,0.038353,-0.000000,-0.000000,0.000000,0.005185,-0.055494,-0.000000,0.013597,0
1790544762.9466,-0.013957,0.010886,0.000000,-0.052080,-0.013957,0.000000,0.005807,0.000000,0.067831,-0.000000,-0.000000,0.000000,0.003266,-0.055346,-0.000000,0.013560,0
1790544762.9604,-0.004020,0.006347,0.000000,-0.053355,-0.004020,0.000000,0.003784,0.000000,0.097770,-0.000000,-0.000000,0.000000,0.001904,-0.055259,-0.000000,0.013772,0
1790544762.9743,0.001910,0.001171,0.000000,-0.054891,0.001910,0.000000,0.002170,0.000000,0.127978,0.000000,-0.000000,0.000000,0.000351,-0.055242,-0.000000,0.013896,0
1790544762.9883,0.006598,-0.003490,0.000000,-0.056338,0.006598,0.000000,0.000991,0.000000,0.158323,0.000000,-0.000000,0.000000,-0.001047,-0.055291,-0.000000,0.013959,0
1790544763.0022,0.001476,-0.003822,0.000000,-0.056491,0.001476,0.000000,0.000268,0.000000,0.188611,0.000000,-0.000000,-0.000000,-0.001147,-0.055344,-0.000000,0.013933,0
1790544763.0172,-0.003710,0.007689,-0.000000,-0.052927,-0.003710,0.000000,0.000001,0.000000,0.219796,-0.000000,-0.000000,-0.000000,0.002307,-0.055234,0.000000,0.014345,0
1790544763.0323,-0.006837,0.019610,-0.000000,-0.049047,-0.006837,0.000000,0.000000,0.000000,0.253537,-0.000000,-0.000000,-0.000000,0.005883,-0.054930,0.000000,0.015521,0
