t,imu_roll,imu_pitch,pid_roll,pid_pitch,roll_meas,banked_roll,eff_lin,eff_ang,phase,p_roll,i_roll,d_roll,p_pitch,i_pitch,d_pitch,dt,ik_clamped
1790544699.6021,-0.015111,-0.018677,0.000000,0.000000,-0.015111,0.000000,0.000000,0.000000,0.000099,-0.000000,-0.000000,0.000000,-0.000000,-0.000000,0.000000,0.010000,0
1790544699.6162,-0.027259,-0.026114,-0.000000,-0.000000,-0.027259,0.000000,0.000278,0.000000,0.033390,-0.000000,-0.000000,-0.000000,-0.000000,-0.000000,-0.000000,0.015314,0
1790544699.6300,-0.028440,-0.032584,-0.000000,-0.000000,-0.028440,0.000000,0.001001,0.000000,0.063394,-0.000000,-0.000000,-0.000000,-0.000000,-0.000000,-0.000000,0.013802,0
1790544699.6437,-0.035482,-0.034278,-0.000000,-0.000000,-0.035482,0.000000,0.002163,0.000000,0.093274,-0.000000,-0.000000,-0.000000,-0.000000,-0.000000,-0.000000,0.013745,0
1790544699.6577,-0.036983,-0.035548,-0.000000,-0.000000,-0.036983,0.000000,0.003794,0.000000,0.123804,-0.000000,-0.000000,-0.000000,-0.000000,-0.000000,-0.000000,0.014044,0
1790544699.6717,-0.038778,-0.033514,-0.000000,0.000000,-0.038778,0.000000,0.005856,0.000000,0.154231,-0.000000,-0.000000,-0.000000,-0.000000,-0.000000,0.000000,0.013997,0
1790544699.6859,-0.038713,-0.032981,0.000000,0.000000,-0.038713,0.000000,0.008327,0.000000,0.184557,-0.000000,-0.000000,0.000000,-0.000000,-0.000000,0.000000,0.013950,0
1790544699.7001,-0.040172,-0.030775,-0.000000,0.000000,-0.040172,0.000000,0.011297,0.000000,0.215901,-0.000000,-0.000000,-0.000000,-0.000000,-0.000000,0.000000,0.014418,0
1790544699.7141,-0.040353,-0.026629,-0.000000,0.000000,-0.040353,0.000000,0.014569,0.000000,0.246380,-0.000000,-0.000000,-0.000000,-0.000000,-0.000000,0.000000,0.014020,0
1790544699.7281,-0.039029,-0.021961,0.000000,0.000000,-0.039029,0.000000,0.018192,0.000000,0.276844,-0.000000,-0.000000,0.000000,-0.000000,-0.000000,0.000000,0.014014,0
1790544699.7421,-0.038468,-0.015901,0.000000,0.000000,-0.038468,0.000000,0.022141,0.000000,0.307331,-0.000000,-0.000000,0.000000,-0.000000,-0.000000,0.000000,0.014024,0
1790544699.7561,-0.042546,-0.014530,-0.000000,0.000000,-0.042546,0.000000,0.026348,0.000000,0.337561,-0.000000,-0.000000,-0.000000,-0.000000,-0.000000,0.000000,0.013906,0
1790544699.7701,-0.053650,-0.020061,-0.000000,-0.000000,-0.053650,0.000000,0.030830,0.000000,0.367917,-0.000000,-0.000000,-0.000000,-0.000000,-0.000000,-0.000000,0.013964,0
1790544699.7841,-0.055971,-0.025158,-0.000000,-0.000000,-0.055971,0.000000,0.035576,0.000000,0.398526,-0.000000,-0.000000,-0.000000,-0.000000,-0.000000,-0.000000,0.014080,0
1790544699.7981,-0.050730,-0.032594,0.000000,-0.000000,-0.050730,0.000000,0.040489,0.000000,0.428986,-0.000000,-0.000000,0.000000,-0.000000,-0.000000,-0.000000,0.014011,0
1790544699.8126,-0.047507,-0.039927,0.000000,-0.000000,-0.047507,0.000000,0.045676,0.000000,0.460174,-0.000000,-0.000000,0.000000,-0.000000,-0.000000,-0.000000,0.014347,0
1790544699.8266,-0.050028,-0.044811,-0.000000,-0.000000,-0.050028,0.000000,0.050888,0.000000,0.490831,-0.000000,-0.000000,-0.000000,-0.000000,-0.000000,-0.000000,0.014102,0
1790544699.8405,-0.049243,-0.049460,0.000000,-0.000000,-0.049243,0.000000,0.056119,0.000000,0.521180,-0.000000,-0.000000,0.000000,-0.000000,-0.000000,-0.000000,0.013961,0
1790544699.8542,-0.047021,-0.050823,0.000000,-0.000000,-0.047021,0.000000,0.061255,0.000000,0.550814,-0.000000,-0.000000,0.000000,-0.000000,-0.000000,-0.000000,0.013631,0
1790544699.8680,-0.045585,-0.049231,0.000000,0.000000,-0.045585,0.000000,0.066401,0.000000,0.580560,-0.000000,-0.000000,0.000000,-0.000000,-0.000000,0.000000,0.013683,0
1790544699.8820,-0.044584,-0.045833,0.000000,0.000000,-0.044584,0.000000,0.071653,0.000000,0.611203,-0.000000,-0.000000,0.000000,-0.000000,-0.000000,0.000000,0.014096,0
1790544699.8960,-0.044894,-0.041633,-0.000000,0.000000,-0.044894,0.000000,0.076802,0.000000,0.641778,-0.000000,-0.000000,-0.000000,-0.000000,-0.000000,0.000000,0.014064,0
1790544699.9099,-0.044109,-0.033193,0.000000,0.000000,-0.044109,0.000000,0.081768,0.000000,0.672035,-0.000000,-0.000000,0.000000,-0.000000,-0.000000,0.000000,0.013918,0
1790544699.9239,-0.041905,-0.022781,0.000000,0.000000,-0.041905,0.000000,0.086584,0.000000,0.702389,-0.000000,-0.000000,0.000000,-0.000000,-0.000000,0.000000,0.013963,0
1790544699.9381,-0.049326,-0.019402,-0.000000,0.000000,-0.049326,0.000000,0.091187,0.000000,0.732695,-0.000000,-0.000000,-0.000000,-0.000000,-0.000000,0.000000,0.013940,0
1790544699.9527,-0.048445,-0.018052,0.000000,0.000000,-0.048445,0.000000,0.095790,0.000000,0.764708,-0.000000,-0.000000,0.000000,-0.000000,-0.000000,0.000000,0.014726,0
1790544699.9668,-0.045248,-0.003269,0.000000,0.000000,-0.045248,0.000000,0.099922,0.000000,0.795454,-0.000000,-0.000000,0.000000,-0.000000,-0.000000,0.000000,0.014143,0
1790544699.9808,-0.035729,-0.002777,0.000000,0.000000,-0.035729,0.000000,0.103732,0.000000,0.826136,-0.000000,-0.000000,0.000000,-0.000000,-0.000000,0.000000,0.014114,0
1790544699.9948,-0.030617,-0.000863,0.000000,0.000000,-0.030617,0.000000,0.107159,0.000000,0.856452,-0.000000,-0.000000,0.000000,-0.000000,-0.000000,0.000000,0.013945,0
1790544700.0087,-0.030001,0.000925,0.000000,0.000000,-0.030001,0.000000,0.110226,0.000000,0.886780,-0.000000,-0.000000,0.000000,0.000000,-0.000000,0.000000,0.013951,0
1790544700.0226,-0.037794,0.003467,-0.000000,0.000000,-0.037794,0.000000,0.112903,0.000000,0.917072,-0.000000,-0.000000,-0.000000,0.000000,-0.000000,0.000000,0.013934,0
1790544700.0366,-0.039693,0.004027,-0.000000,0.000000,-0.039693,0.000000,0.115182,0.000000,0.947458,-0.000000,-0.000000,-0.000000,0.000000,-0.000000,0.000000,0.013978,0
1790544700.0505,-0.043930,0.003969,-0.000000,0.000000,-0.043930,0.000000,0.117034,0.000000,0.977818,-0.000000,-0.000000,-0.000000,0.000000,-0.000000,-0.000000,0.013966,0
1790544700.0645,-0.048393,0.006109,-0.000000,0.000000,-0.048393,0.000000,0.118442,0.000000,0.008042,-0.000000,-0.000000,-0.000000,0.000000,-0.000000,0.000000,0.013903,0
1790544700.0781,-0.054905,0.011116,-0.000000,0.000000,-0.054905,0.000000,0.119391,0.000000,0.037731,-0.000000,-0.000000,-0.000000,0.000000,-0.000000,0.000000,0.013657,0
1790544700.0922,-0.060576,0.014371,-0.000000,0.000000,-0.060576,0.000000,0.119906,0.000000,0.067716,-0.000000,-0.000000,-0.000000,0.000000,-0.000000,0.000000,0.013793,0
1790544700.1103,-0.061481,0.013753,-0.000000,0.000000,-0.061481,0.000000,0.120000,0.000000,0.107548,-0.000000,-0.000000,-0.000000,0.000000,-0.000000,-0.000000,0.018323,0
1790544700.1244,-0.058986,0.011098,0.000000,0.000000,-0.058986,0.000000,0.120000,0.000000,0.138341,-0.000000,-0.000000,0.000000,0.000000,-0.000000,-0.000000,0.014165,0
1790544700.1383,-0.060500,0.016605,-0.000000,0.000000,-0.060500,0.000000,0.120000,0.000000,0.168532,-0.000000,-0.000000,-0.000000,0.000000,-0.000000,0.000000,0.013888,0
1790544700.1523,-0.052881,0.011930,0.000000,0.000000,-0.052881,0.000000,0.120000,0.000000,0.198928,-0.000000,-0.000000,0.000000,0.000000,-0.000000,-0.000000,0.013982,0
1790544700.1662,-0.051220,0.003437,0.000000,0.000000,-0.051220,0.000000,0.120000,0.000000,0.229212,-0.000000,-0.000000,0.000000,0.000000,-0.000000,-0.000000,0.013930,0
1790544700.1803,-0.056315,-0.004848,-0.000000,-0.000000,-0.056315,0.000000,0.120000,0.000000,0.259704,-0.000000,-0.000000,-0.000000,-0.000000,-0.000000,-0.000000,0.014026,0
1790544700.1946,-0.063465,-0.010555,-0.000000,-0.000000,-0.063465,0.000000,0.120000,0.000000,0.290494,-0.000000,-0.000000,-0.000000,-0.000000,-0.000000,-0.000000,0.014164,0
1790544700.2090,-0.067427,-0.012345,-0.000000,-0.000000,-0.067427,0.000000,0.120000,0.000000,0.322122,-0.000000,-0.000000,-0.000000,-0.000000,-0.000000,-0.000000,0.014549,0
1790544700.2229,-0.068005,-0.018763,-0.000000,-0.000000,-0.068005,0.000000,0.120000,0.000000,0.352501,-0.000000,-0.000000,-0.000000,-0.000000,-0.000000,-0.000000,0.013974,0
1790544700.2368,-0.068133,-0.023952,-0.000000,-0.000000,-0.068133,0.000000,0.120000,0.000000,0.382643,-0.000000,-0.000000,-0.000000,-0.000000,-0.000000,-0.000000,0.013865,0
1790544700.2508,-0.062662,-0.028284,0.000000,-0.000000,-0.062662,0.000000,0.120000,0.000000,0.413079,-0.000000,-0.000000,0.000000,-0.000000,-0.000000,-0.000000,0.014000,0
1790544700.2647,-0.059722,-0.031667,0.000000,-0.000000,-0.059722,0.000000,0.120000,0.000000,0.443416,-0.000000,-0.000000,0.000000,-0.000000,-0.000000,-0.000000,0.013955,0
1790544700.2786,-0.063357,-0.037770,-0.000000,-0.000000,-0.063357,0.000000,0.120000,0.000000,0.473694,-0.000000,-0.000000,-0.000000,-0.000000,-0.000000,-0.000000,0.013928,0
1790544700.2924,-0.065981,-0.042891,-0.000000,-0.000000,-0.065981,0.000000,0.120000,0.000000,0.503646,-0.000000,-0.000000,-0.000000,-0.000000,-0.000000,-0.000000,0.013778,0
1790544700.3060,-0.065306,-0.044257,0.000000,-0.000000,-0.065306,0.000000,0.120000,0.000000,0.533080,-0.000000,-0.000000,0.000000,-0.000000,-0.000000,-0.000000,0.013540,0
1790544700.3196,-0.061369,-0.043048,0.000000,0.000000,-0.061369,0.000000,0.120000,0.000000,0.562716,-0.000000,-0.000000,0.000000,-0.000000,-0.000000,0.000000,0.013633,0
1790544700.3336,-0.058095,-0.043290,0.000000,-0.000000,-0.058095,0.000000,0.120000,0.000000,0.592965,-0.000000,-0.000000,0.000000,-0.000000,-0.000000,-0.000000,0.013915,0
1790544700.3480,-0.058082,-0.044959,0.000000,-0.000000,-0.058082,0.000000,0.120000,0.000000,0.624245,-0.000000,-0.000000,0.000000,-0.000000,-0.000000,-0.000000,0.014389,0
1790544700.3621,-0.059059,-0.046533,-0.000000,-0.000000,-0.059059,0.000000,0.120000,0.000000,0.655092,-0.000000,-0.000000,-0.000000,-0.000000,-0.000000,-0.000000,0.014189,0
1790544700.3762,-0.056280,-0.043298,0.000000,0.000000,-0.056280,0.000000,0.120000,0.000000,0.685592,-0.000000,-0.000000,0.000000,-0.000000,-0.000000,0.000000,0.014030,0
1790544700.3903,-0.052780,-0.041762,0.000000,0.000000,-0.052780,0.000000,0.120000,0.000000,0.716373,-0.000000,-0.000000,0.000000,-0.000000,-0.000000,0.000000,0.014159,0
1790544700.4044,-0.045557,-0.036679,0.000000,0.000000,-0.045557,0.000000,0.120000,0.000000,0.747100,-0.000000,-0.000000,0.000000,-0.000000,-0.000000,0.000000,0.014135,0
1790544700.4185,-0.047258,-0.035442,-0.000000,0.000000,-0.047258,0.000000,0.120000,0.000000,0.777628,-0.000000,-0.000000,-0.000000,-0.000000,-0.000000,0.000000,0.014043,0
1790544700.4340,-0.049563,-0.034565,-0.000000,0.000000,-0.049563,0.000000,0.120000,0.000000,0.810060,-0.000000,-0.000000,-0.000000,-0.000000,-0.000000,0.000000,0.014919,0
1790544700.4487,-0.050554,-0.034011,-0.000000,0.000000,-0.050554,0.000000,0.120000,0.000000,0.842685,-0.000000,-0.000000,-0.000000,-0.000000,-0.000000,0.000000,0.015007,0
1790544700.4633,-0.046856,-0.033822,0.000000,0.000000,-0.046856,0.000000,0.120000,0.000000,0.874482,-0.000000,-0.000000,0.000000,-0.000000,-0.000000,0.000000,0.014627,0
1790544700.4831,-0.046069,-0.038193,0.000000,-0.000000,-0.046069,0.000000,0.120000,0.000000,0.915103,-0.000000,-0.000000,0.000000,-0.000000,-0.000000,-0.000000,0.018686,0
1790544700.5020,-0.041889,-0.043549,0.000000,-0.000000,-0.041889,0.000000,0.120000,0.000000,0.957944,-0.000000,-0.000000,0.000000,-0.000000,-0.000000,-0.000000,0.019707,0
1790544700.5209,-0.042363,-0.051381,-0.000000,-0.000000,-0.042363,0.000000,0.120000,0.000000,0.998602,-0.000000,-0.000000,-0.000000,-0.000000,-0.000000,-0.000000,0.018703,0
1790544700.5412,-0.035782,-0.059129,0.000000,-0.000000,-0.035782,0.000000,0.120000,0.000000,0.039025,-0.000000,-0.000000,0.000000,-0.000000,-0.000000,-0.000000,0.018594,0
1790544700.5598,-0.028306,-0.067148,0.000000,-0.000000,-0.028306,0.000000,0.120000,0.000000,0.083558,-0.000000,-0.000000,0.000000,-0.000000,-0.000000,-0.000000,0.020485,0
1790544700.5771,-0.018753,-0.076800,0.000000,-0.000000,-0.018753,0.000000,0.120000,0.000000,0.120991,-0.000000,-0.000000,0.000000,-0.000000,-0.000000,-0.000000,0.017219,0
1790544700.5960,-0.028805,-0.077255,-0.000000,-0.000000,-0.028805,0.000000,0.120000,0.000000,0.162022,-0.000000,-0.000000,-0.000000,-0.000000,-0.000000,-0.000000,0.018874,0
1790544700.6148,-0.038011,-0.066767,-0.000000,0.000000,-0.038011,0.000000,0.120000,0.000000,0.202464,-0.000000,-0.000000,-0.000000,-0.000000,-0.000000,0.000000,0.018604,0
1790544700.6342,-0.044304,-0.056229,-0.000000,0.000000,-0.044304,0.000000,0.120000,0.000000,0.237017,-0.000000,-0.000000,-0.000000,-0.000000,-0.000000,0.000000,0.015894,0
1790544700.6566,-0.054256,-0.034410,-0.000000,0.000000,-0.054256,0.000000,0.120000,0.000000,0.294815,-0.000000,-0.000000,-0.000000,-0.000000,-0.000000,0.000000,0.026587,0
1790544700.6706,-0.049329,-0.031721,0.000000,0.000000,-0.049329,0.000000,0.120000,0.000000,0.325435,-0.000000,-0.000000,0.000000,-0.000000,-0.000000,0.000000,0.014085,0
1790544700.6847,-0.050258,-0.033875,-0.000000,-0.000000,-0.050258,0.000000,0.120000,0.000000,0.356232,-0.000000,-0.000000,-0.000000,-0.000000,-0.000000,-0.000000,0.014167,0
1790544700.6992,-0.055596,-0.039556,-0.000000,-0.000000,-0.055596,0.000000,0.120000,0.000000,0.387099,-0.000000,-0.000000,-0.000000,-0.000000,-0.000000,-0.000000,0.014199,0
1790544700.7138,-0.051297,-0.043605,0.000000,-0.000000,-0.051297,0.000000,0.120000,0.000000,0.419168,-0.000000,-0.000000,0.000000,-0.000000,-0.000000,-0.000000,0.014752,0
1790544700.7280,-0.050379,-0.048058,0.000000,-0.000000,-0.050379,0.000000,0.120000,0.000000,0.450142,-0.000000,-0.000000,0.000000,-0.000000,-0.000000,-0.000000,0.014248,0
1790544700.7421,-0.063154,-0.054767,-0.000000,-0.000000,-0.063154,0.000000,0.120000,0.000000,0.481176,-0.000000,-0.000000,-0.000000,-0.000000,-0.000000,-0.000000,0.014275,0
1790544700.7563,-0.075026,-0.066064,-0.000000,-0.000000,-0.075026,0.000000,0.120000,0.000000,0.511692,-0.000000,-0.000000,-0.000000,-0.000000,-0.000000,-0.000000,0.014038,0
1790544700.7701,-0.085830,-0.073838,-0.000000,-0.000000,-0.085830,0.000000,0.120000,0.000000,0.541755,-0.000000,-0.000000,-0.000000,-0.000000,-0.000000,-0.000000,0.013829,0
1790544700.7840,-0.095280,-0.080910,-0.000000,-0.000000,-0.095280,0.000000,0.120000,0.000000,0.571968,-0.000000,-0.000000,-0.000000,-0.000000,-0.000000,-0.000000,0.013898,0
1790544700.7982,-0.101988,-0.089016,-0.000000,-0.000000,-0.101988,0.000000,0.120000,0.000000,0.603014,-0.000000,-0.000000,-0.000000,-0.000000,-0.000000,-0.000000,0.014281,0
1790544700.8122,-0.101232,-0.096009,0.000000,-0.000000,-0.101232,0.000000,0.120000,0.000000,0.633619,-0.000000,-0.000000,0.000000,-0.000000,-0.000000,-0.000000,0.014078,0
1790544700.8263,-0.095171,-0.098013,0.000000,-0.000000,-0.095171,0.000000,0.120000,0.000000,0.664066,-0.000000,-0.000000,0.000000,-0.000000,-0.000000,-0.000000,0.014006,0
1790544700.8405,-0.085483,-0.096508,0.000000,0.000000,-0.085483,0.000000,0.120000,0.000000,0.695005,-0.000000,-0.000000,0.000000,-0.000000,-0.000000,0.000000,0.014232,0
1790544700.8545,-0.082051,-0.092818,0.000000,0.000000,-0.082051,0.000000,0.120000,0.000000,0.725629,-0.000000,-0.000000,0.000000,-0.000000,-0.000000,0.000000,0.014087,0
1790544700.8686,-0.078310,-0.084906,0.000000,0.000000,-0.078310,0.000000,0.120000,0.000000,0.756035,-0.000000,-0.000000,0.000000,-0.000000,-0.000000,0.000000,0.013987,0
1790544700.8826,-0.072921,-0.072266,0.000000,0.000000,-0.072921,0.000000,0.120000,0.000000,0.786391,-0.000000,-0.000000,0.000000,-0.000000,-0.000000,0.000000,0.013964,0
1790544700.8967,-0.065473,-0.056595,0.000000,0.000000,-0.065473,0.000000,0.120000,0.000000,0.817120,-0.000000,-0.000000,0.000000,-0.000000,-0.000000,0.000000,0.014135,0
1790544700.9107,-0.057229,-0.040981,0.000000,0.000000,-0.057229,0.000000,0.120000,0.000000,0.847776,-0.000000,-0.000000,0.000000,-0.000000,-0.000000,0.000000,0.014102,0
1790544700.9246,-0.067005,-0.042465,-0.000000,-0.000000,-0.067005,0.000000,0.120000,0.000000,0.877903,-0.000000,-0.000000,-0.000000,-0.000000,-0.000000,-0.000000,0.013858,0
1790544700.9385,-0.071280,-0.044897,-0.000000,-0.000000,-0.071280,0.000000,0.120000,0.000000,0.908162,-0.000000,-0.000000,-0.000000,-0.000000,-0.000000,-0.000000,0.013919,0
1790544700.9528,-0.060171,-0.046475,0.000000,-0.000000,-0.060171,0.000000,0.120000,0.000000,0.938496,-0.000000,-0.000000,0.000000,-0.000000,-0.000000,-0.000000,0.013954,0
1790544700.9669,-0.059081,-0.050561,0.000000,-0.000000,-0.059081,0.000000,0.120000,0.000000,0.969660,-0.000000,-0.000000,0.000000,-0.000000,-0.000000,-0.000000,0.014335,0
1790544700.9809,-0.048488,-0.058847,0.000000,-0.000000,-0.048488,0.000000,0.120000,0.000000,0.000271,-0.000000,-0.000000,0.000000,-0.000000,-0.000000,-0.000000,0.014081,0
1790544700.9946,-0.036561,-0.067701,0.000000,-0.000000,-0.036561,0.000000,0.120000,0.000000,0.030044,-0.000000,-0.000000,0.000000,-0.000000,-0.000000,-0.000000,0.013695,0
1790544701.0082,-0.028300,-0.074242,0.000000,-0.000000,-0.028300,0.000000,0.120000,0.000000,0.059625,-0.000000,-0.000000,0.000000,-0.000000,-0.000000,-0.000000,0.013607,0
1790544701.0218,-0.021861,-0.077943,0.000000,-0.000000,-0.021861,0.000000,0.120000,0.000000,0.089219,-0.000000,-0.000000,0.000000,-0.000000,-0.000000,-0.000000,0.013613,0
1790544701.0358,-0.013263,-0.082874,0.000000,-0.000000,-0.013263,0.000000,0.120000,0.000000,0.119625,-0.000000,-0.000000,0.000000,-0.000000,-0.000000,-0.000000,0.013987,0
1790544701.0497,-0.018463,-0.088604,-0.000000,-0.000000,-0.018463,0.000000,0.120000,0.000000,0.149865,-0.000000,-0.000000,-0.000000,-0.000000,-0.000000,-0.000000,0.013910,0
1790544701.0636,-0.020988,-0.084612,-0.000000,0.000000,-0.020988,0.000000,0.120000,0.000000,0.179941,-0.000000,-0.000000,-0.000000,-0.000000,-0.000000,0.000000,0.013835,0
1790544701.0776,-0.020791,-0.076573,0.000000,0.000000,-0.020791,0.000000,0.120000,0.000000,0.210421,-0.000000,-0.000000,0.000000,-0.000000,-0.000000,0.000000,0.014021,0
1790544701.0914,-0.022122,-0.069833,-0.000000,0.000000,-0.022122,0.000000,0.120000,0.000000,0.240605,-0.000000,-0.000000,-0.000000,-0.000000,-0.000000,0.000000,0.013885,0
1790544701.1053,-0.028291,-0.059538,-0.000000,0.000000,-0.028291,0.000000,0.120000,0.000000,0.270798,-0.000000,-0.000000,-0.000000,-0.000000,-0.000000,0.000000,0.013889,0
1790544701.1191,-0.037673,-0.051529,-0.000000,0.000000,-0.037673,0.000000,0.120000,0.000000,0.300743,-0.000000,-0.000000,-0.000000,-0.000000,-0.000000,0.000000,0.013775,0
1790544701.1331,-0.042408,-0.043501,-0.000000,0.000000,-0.042408,0.000000,0.120000,0.000000,0.331170,-0.000000,-0.000000,-0.000000,-0.000000,-0.000000,0.000000,0.013997,0
1790544701.1471,-0.037140,-0.044362,0.000000,-0.000000,-0.037140,0.000000,0.120000,0.000000,0.361575,-0.000000,-0.000000,0.000000,-0.000000,-0.000000,-0.000000,0.013986,0
1790544701.1610,-0.035011,-0.044441,0.000000,-0.000000,-0.035011,0.000000,0.120000,0.000000,0.391945,-0.000000,-0.000000,0.000000,-0.000000,-0.000000,-0.000000,0.013970,0
1790544701.1750,-0.041941,-0.050208,-0.000000,-0.000000,-0.041941,0.000000,0.120000,0.000000,0.422273,-0.000000,-0.000000,-0.000000,-0.000000,-0.000000,-0.000000,0.013951,0
1790544701.1890,-0.048882,-0.058283,-0.000000,-0.000000,-0.048882,0.000000,0.120000,0.000000,0.452661,-0.000000,-0.000000,-0.000000,-0.000000,-0.000000,-0.000000,0.013978,0
1790544701.2034,-0.063372,-0.068471,-0.000000,-0.000000,-0.063372,0.000000,0.120000,0.000000,0.483175,-0.000000,-0.000000,-0.000000,-0.000000,-0.000000,-0.000000,0.014036,0
1790544701.2183,-0.077927,-0.081642,-0.000000,-0.000000,-0.077927,0.000000,0.120000,0.000000,0.516090,-0.000000,-0.000000,-0.000000,-0.000000,-0.000000,-0.000000,0.015141,0
1790544701.2319,-0.094109,-0.090178,-0.000000,-0.000000,-0.094109,0.000000,0.120000,0.000000,0.545780,-0.000000,-0.000000,-0.000000,-0.000000,-0.000000,-0.000000,0.013657,0
1790544701.2455,-0.104800,-0.097572,-0.000000,-0.000000,-0.104800,0.000000,0.120000,0.000000,0.575555,-0.000000,-0.000000,-0.000000,-0.000000,-0.000000,-0.000000,0.013697,0
1790544701.2595,-0.105722,-0.104912,-0.000000,-0.000000,-0.105722,0.000000,0.120000,0.000000,0.606036,-0.000000,-0.000000,-0.000000,-0.000000,-0.000000,-0.000000,0.014021,0
1790544701.2733,-0.101136,-0.108014,0.000000,-0.000000,-0.101136,0.000000,0.120000,0.000000,0.636088,-0.000000,-0.000000,0.000000,-0.000000,-0.000000,-0.000000,0.013824,0
1790544701.2873,-0.097441,-0.111040,0.000000,-0.000000,-0.097441,0.000000,0.120000,0.000000,0.666393,-0.000000,-0.000000,0.000000,-0.000000,-0.000000,-0.000000,0.013940,0
1790544701.3013,-0.096174,-0.111323,0.000000,-0.000000,-0.096174,0.000000,0.120000,0.000000,0.696783,-0.000000,-0.000000,0.000000,-0.000000,-0.000000,-0.000000,0.013980,0
1790544701.3152,-0.095831,-0.105743,0.000000,0.000000,-0.095831,0.000000,0.120000,0.000000,0.727054,-0.000000,-0.000000,0.000000,-0.000000,-0.000000,0.000000,0.013925,0
1790544701.3291,-0.092701,-0.093158,0.000000,0.000000,-0.092701,0.000000,0.120000,0.000000,0.757378,-0.000000,-0.000000,0.000000,-0.000000,-0.000000,0.000000,0.013949,0
1790544701.3431,-0.090544,-0.075724,0.000000,0.000000,-0.090544,0.000000,0.120000,0.000000,0.787690,-0.000000,-0.000000,0.000000,-0.000000,-0.000000,0.000000,0.013943,0
1790544701.3571,-0.080723,-0.058728,0.000000,0.000000,-0.080723,0.000000,0.120000,0.000000,0.818072,-0.000000,-0.000000,0.000000,-0.000000,-0.000000,0.000000,0.013976,0
1790544701.3710,-0.070130,-0.042383,0.000000,0.000000,-0.070130,0.000000,0.120000,0.000000,0.848373,-0.000000,-0.000000,0.000000,-0.000000,-0.000000,0.000000,0.013938,0
1790544701.3850,-0.072911,-0.042929,-0.000000,-0.000000,-0.072911,0.000000,0.120000,0.000000,0.878481,-0.000000,-0.000000,-0.000000,-0.000000,-0.000000,-0.000000,0.013850,0
1790544701.3989,-0.076304,-0.049546,-0.000000,-0.000000,-0.076304,0.000000,0.120000,0.000000,0.909073,-0.000000,-0.000000,-0.000000,-0.000000,-0.000000,-0.000000,0.014072,0
1790544701.4129,-0.067194,-0.051608,0.000000,-0.000000,-0.067194,0.000000,0.120000,0.000000,0.939407,-0.000000,-0.000000,0.000000,-0.000000,-0.000000,-0.000000,0.013954,0
1790544701.4269,-0.066375,-0.053925,0.000000,-0.000000,-0.066375,0.000000,0.120000,0.000000,0.969815,-0.000000,-0.000000,0.000000,-0.000000,-0.000000,-0.000000,0.013988,0
1790544701.4407,-0.056319,-0.060797,0.000000,-0.000000,-0.056319,0.000000,0.120000,0.000000,0.999932,-0.000000,-0.000000,0.000000,-0.000000,-0.000000,-0.000000,0.013854,0
1790544701.4550,-0.044113,-0.070309,0.000000,-0.000000,-0.044113,0.000000,0.120000,0.000000,0.030280,-0.000000,-0.000000,0.000000,-0.000000,-0.000000,-0.000000,0.013960,0
1790544701.4687,-0.034437,-0.079284,0.000000,-0.000000,-0.034437,0.000000,0.120000,0.000000,0.060709,-0.000000,-0.000000,0.000000,-0.000000,-0.000000,-0.000000,0.013998,0
1790544701.4823,-0.024213,-0.084954,0.000000,-0.000000,-0.024213,0.000000,0.120000,0.000000,0.090453,-0.000000,-0.000000,0.000000,-0.000000,-0.000000,-0.000000,0.013682,0
1790544701.4962,-0.014250,-0.091415,0.000000,-0.000000,-0.014250,0.000000,0.120000,0.000000,0.120591,-0.000000,-0.000000,0.000000,-0.000000,-0.000000,-0.000000,0.013864,0
1790544701.5102,-0.019304,-0.098139,-0.000000,-0.000000,-0.019304,0.000000,0.120000,0.000000,0.150936,-0.000000,-0.000000,-0.000000,-0.000000,-0.000000,-0.000000,0.013959,0
1790544701.5241,-0.028904,-0.093444,-0.000000,0.000000,-0.028904,0.000000,0.120000,0.000000,0.181286,-0.000000,-0.000000,-0.000000,-0.000000,-0.000000,0.000000,0.013961,0
1790544701.5381,-0.026990,-0.083196,0.000000,0.000000,-0.026990,0.000000,0.120000,0.000000,0.211618,-0.000000,-0.000000,0.000000,-0.000000,-0.000000,0.000000,0.013953,0
1790544701.5525,-0.030761,-0.074209,-0.000000,0.000000,-0.030761,0.000000,0.120000,0.000000,0.242008,-0.000000,-0.000000,-0.000000,-0.000000,-0.000000,0.000000,0.013979,0
1790544701.5666,-0.041028,-0.062115,-0.000000,0.000000,-0.041028,0.000000,0.120000,0.000000,0.273408,-0.000000,-0.000000,-0.000000,-0.000000,-0.000000,0.000000,0.014444,0
1790544701.5806,-0.054459,-0.049686,-0.000000,0.000000,-0.054459,0.000000,0.120000,0.000000,0.303862,-0.000000,-0.000000,-0.000000,-0.000000,-0.000000,0.000000,0.014009,0
1790544701.5945,-0.064392,-0.040958,-0.000000,0.000000,-0.064392,0.000000,0.120000,0.000000,0.334225,-0.000000,-0.000000,-0.000000,-0.000000,-0.000000,0.000000,0.013967,0
1790544701.6083,-0.059491,-0.042896,0.000000,-0.000000,-0.059491,0.000000,0.120000,0.000000,0.364248,-0.000000,-0.000000,0.000000,-0.000000,-0.000000,-0.000000,0.013811,0
1790544701.6223,-0.059869,-0.040248,-0.000000,0.000000,-0.059869,0.000000,0.120000,0.000000,0.394668,-0.000000,-0.000000,-0.000000,-0.000000,-0.000000,0.000000,0.013993,0
1790544701.6363,-0.062786,-0.039258,-0.000000,0.000000,-0.062786,0.000000,0.120000,0.000000,0.425107,-0.000000,-0.000000,-0.000000,-0.000000,-0.000000,0.000000,0.014002,0
1790544701.6503,-0.062893,-0.043871,-0.000000,-0.000000,-0.062893,0.000000,0.120000,0.000000,0.455455,-0.000000,-0.000000,-0.000000,-0.000000,-0.000000,-0.000000,0.013960,0
1790544701.6645,-0.073052,-0.050476,-0.000000,-0.000000,-0.073052,0.000000,0.120000,0.000000,0.486324,-0.000000,-0.000000,-0.000000,-0.000000,-0.000000,-0.000000,0.014199,0
1790544701.6784,-0.082939,-0.059098,-0.000000,-0.000000,-0.082939,0.000000,0.120000,0.000000,0.516572,-0.000000,-0.000000,-0.000000,-0.000000,-0.000000,-0.000000,0.013914,0
1790544701.6920,-0.094510,-0.066728,-0.000000,-0.000000,-0.094510,0.000000,0.120000,0.000000,0.546216,-0.000000,-0.000000,-0.000000,-0.000000,-0.000000,-0.000000,0.013637,0
1790544701.7061,-0.103208,-0.071533,-0.000000,-0.000000,-0.103208,0.000000,0.120000,0.000000,0.576267,-0.000000,-0.000000,-0.000000,-0.000000,-0.000000,-0.000000,0.013823,0
1790544701.7205,-0.108288,-0.076228,-0.000000,-0.000000,-0.108288,0.000000,0.120000,0.000000,0.607818,-0.000000,-0.000000,-0.000000,-0.000000,-0.000000,-0.000000,0.014513,0
1790544701.7344,-0.106390,-0.081657,0.000000,-0.000000,-0.106390,0.000000,0.120000,0.000000,0.638448,-0.000000,-0.000000,0.000000,-0.000000,-0.000000,-0.000000,0.014090,0
1790544701.7484,-0.101205,-0.083150,0.000000,-0.000000,-0.101205,0.000000,0.120000,0.000000,0.668788,-0.000000,-0.000000,0.000000,-0.000000,-0.000000,-0.000000,0.013957,0
1790544701.7624,-0.096464,-0.078584,0.000000,0.000000,-0.096464,0.000000,0.120000,0.000000,0.699303,-0.000000,-0.000000,0.000000,-0.000000,-0.000000,0.000000,0.014037,0
1790544701.7765,-0.092395,-0.074341,0.000000,0.000000,-0.092395,0.000000,0.120000,0.000000,0.729778,-0.000000,-0.000000,0.000000,-0.000000,-0.000000,0.000000,0.014018,0
1790544701.7906,-0.086593,-0.067390,0.000000,0.000000,-0.086593,0.000000,0.120000,0.000000,0.760388,-0.000000,-0.000000,0.000000,-0.000000,-0.000000,0.000000,0.014081,0
1790544701.8043,-0.078754,-0.055564,0.000000,0.000000,-0.078754,0.000000,0.120000,0.000000,0.790498,-0.000000,-0.000000,0.000000,-0.000000,-0.000000,0.000000,0.013851,0
1790544701.8183,-0.069078,-0.041347,0.000000,0.000000,-0.069078,0.000000,0.120000,0.000000,0.820702,-0.000000,-0.000000,0.000000,-0.000000,-0.000000,0.000000,0.013894,0
1790544701.8322,-0.073051,-0.034871,-0.000000,0.000000,-0.073051,0.000000,0.120000,0.000000,0.851078,-0.000000,-0.000000,-0.000000,-0.000000,-0.000000,0.000000,0.013973,0
1790544701.8462,-0.082706,-0.036891,-0.000000,-0.000000,-0.082706,0.000000,0.120000,0.000000,0.881443,-0.000000,-0.000000,-0.000000,-0.000000,-0.000000,-0.000000,0.013968,0
1790544701.8601,-0.070887,-0.040335,0.000000,-0.000000,-0.070887,0.000000,0.120000,0.000000,0.911769,-0.000000,-0.000000,0.000000,-0.000000,-0.000000,-0.000000,0.013950,0
1790544701.8740,-0.074947,-0.043741,-0.000000,-0.000000,-0.074947,0.000000,0.120000,0.000000,0.941987,-0.000000,-0.000000,-0.000000,-0.000000,-0.000000,-0.000000,0.013900,0
1790544701.8880,-0.072615,-0.050275,0.000000,-0.000000,-0.072615,0.000000,0.120000,0.000000,0.972267,-0.000000,-0.000000,0.000000,-0.000000,-0.000000,-0.000000,0.013929,0
1790544701.9021,-0.060562,-0.058455,0.000000,-0.000000,-0.060562,0.000000,0.120000,0.000000,0.002894,-0.000000,-0.000000,0.000000,-0.000000,-0.000000,-0.000000,0.014088,0
1790544701.9156,-0.052255,-0.066271,0.000000,-0.000000,-0.052255,0.000000,0.120000,0.000000,0.032318,-0.000000,-0.000000,0.000000,-0.000000,-0.000000,-0.000000,0.013535,0
1790544701.9292,-0.045927,-0.070476,0.000000,-0.000000,-0.045927,0.000000,0.120000,0.000000,0.061900,-0.000000,-0.000000,0.000000,-0.000000,-0.000000,-0.000000,0.013608,0
1790544701.9429,-0.038323,-0.074741,0.000000,-0.000000,-0.038323,0.000000,0.120000,0.000000,0.091568,-0.000000,-0.000000,0.000000,-0.000000,-0.000000,-0.000000,0.013648,0
1790544701.9571,-0.033183,-0.082206,0.000000,-0.000000,-0.033183,0.000000,0.120000,0.000000,0.121697,-0.000000,-0.000000,0.000000,-0.000000,-0.000000,-0.000000,0.013859,0
1790544701.9712,-0.038342,-0.086773,-0.000000,-0.000000,-0.038342,0.000000,0.120000,0.000000,0.152923,-0.000000,-0.000000,-0.000000,-0.000000,-0.000000,-0.000000,0.014364,0
1790544701.9852,-0.046667,-0.081170,-0.000000,0.000000,-0.046667,0.000000,0.120000,0.000000,0.183575,-0.000000,-0.000000,-0.000000,-0.000000,-0.000000,0.000000,0.014100,0
1790544701.9991,-0.045934,-0.071730,0.000000,0.000000,-0.045934,0.000000,0.120000,0.000000,0.213895,-0.000000,-0.000000,0.000000,-0.000000,-0.000000,0.000000,0.013947,0
1790544702.0130,-0.046470,-0.064782,-0.000000,0.000000,-0.046470,0.000000,0.120000,0.000000,0.244028,-0.000000,-0.000000,-0.000000,-0.000000,-0.000000,0.000000,0.013861,0
1790544702.0271,-0.054331,-0.050676,-0.000000,0.000000,-0.054331,0.000000,0.120000,0.000000,0.274611,-0.000000,-0.000000,-0.000000,-0.000000,-0.000000,0.000000,0.014068,0
1790544702.0410,-0.064649,-0.039050,-0.000000,0.000000,-0.064649,0.000000,0.120000,0.000000,0.304910,-0.000000,-0.000000,-0.000000,-0.000000,-0.000000,0.000000,0.013937,0
1790544702.0550,-0.067038,-0.035070,-0.000000,0.000000,-0.067038,0.000000,0.120000,0.000000,0.335233,-0.000000,-0.000000,-0.000000,-0.000000,-0.000000,0.000000,0.013949,0
1790544702.0689,-0.062670,-0.038146,0.000000,-0.000000,-0.062670,0.000000,0.120000,0.000000,0.365471,-0.000000,-0.000000,0.000000,-0.000000,-0.000000,-0.000000,0.013909,0
1790544702.0829,-0.062890,-0.037944,-0.000000,0.000000,-0.062890,0.000000,0.120000,0.000000,0.395843,-0.000000,-0.000000,-0.000000,-0.000000,-0.000000,0.000000,0.013971,0
1790544702.0969,-0.067393,-0.041747,-0.000000,-0.000000,-0.067393,0.000000,0.120000,0.000000,0.426221,-0.000000,-0.000000,-0.000000,-0.000000,-0.000000,-0.000000,0.013974,0
1790544702.1107,-0.071029,-0.049058,-0.000000,-0.000000,-0.071029,0.000000,0.120000,0.000000,0.456344,-0.000000,-0.000000,-0.000000,-0.000000,-0.000000,-0.000000,0.013857,0
1790544702.1246,-0.085149,-0.056808,-0.000000,-0.000000,-0.085149,0.000000,0.120000,0.000000,0.486581,-0.000000,-0.000000,-0.000000,-0.000000,-0.000000,-0.000000,0.013909,0
1790544702.1386,-0.099027,-0.065787,-0.000000,-0.000000,-0.099027,0.000000,0.120000,0.000000,0.517007,-0.000000,-0.000000,-0.000000,-0.000000,-0.000000,-0.000000,0.013996,0
1790544702.1521,-0.110440,-0.074232,-0.000000,-0.000000,-0.110440,0.000000,0.120000,0.000000,0.546383,-0.000000,-0.000000,-0.000000,-0.000000,-0.000000,-0.000000,0.013513,0
1790544702.1658,-0.119722,-0.080287,-0.000000,-0.000000,-0.119722,0.000000,0.120000,0.000000,0.576148,-0.000000,-0.000000,-0.000000,-0.000000,-0.000000,-0.000000,0.013692,0
1790544702.1798,-0.123573,-0.089372,-0.000000,-0.000000,-0.123573,0.000000,0.120000,0.000000,0.606623,-0.000000,-0.000000,-0.000000,-0.000000,-0.000000,-0.000000,0.014019,0
1790544702.1938,-0.123299,-0.093607,0.000000,-0.000000,-0.123299,0.000000,0.120000,0.000000,0.637066,-0.000000,-0.000000,0.000000,-0.000000,-0.000000,-0.000000,0.014004,0
1790544702.2081,-0.118934,-0.093829,0.000000,-0.000000,-0.118934,0.000000,0.120000,0.000000,0.667811,-0.000000,-0.000000,0.000000,-0.000000,-0.000000,-0.000000,0.014143,0
1790544702.2224,-0.112668,-0.089915,0.000000,0.000000,-0.112668,0.000000,0.120000,0.000000,0.699067,-0.000000,-0.000000,0.000000,-0.000000,-0.000000,0.000000,0.014378,0
1790544702.2363,-0.111347,-0.084257,0.000000,0.000000,-0.111347,0.000000,0.120000,0.000000,0.729420,-0.000000,-0.000000,0.000000,-0.000000,-0.000000,0.000000,0.013962,0
1790544702.2504,-0.102905,-0.074647,0.000000,0.000000,-0.102905,0.000000,0.120000,0.000000,0.759920,-0.000000,-0.000000,0.000000,-0.000000,-0.000000,0.000000,0.014030,0
1790544702.2643,-0.095349,-0.063261,0.000000,0.000000,-0.095349,0.000000,0.120000,0.000000,0.790255,-0.000000,-0.000000,0.000000,-0.000000,-0.000000,0.000000,0.013954,0
1790544702.2782,-0.084956,-0.050234,0.000000,0.000000,-0.084956,0.000000,0.120000,0.000000,0.820652,-0.000000,-0.000000,0.000000,-0.000000,-0.000000,0.000000,0.013983,0
1790544702.2921,-0.089629,-0.044349,-0.000000,0.000000,-0.089629,0.000000,0.120000,0.000000,0.850770,-0.000000,-0.000000,-0.000000,-0.000000,-0.000000,0.000000,0.013854,0
1790544702.3061,-0.094133,-0.045134,-0.000000,-0.000000,-0.094133,0.000000,0.120000,0.000000,0.881096,-0.000000,-0.000000,-0.000000,-0.000000,-0.000000,-0.000000,0.013950,0
1790544702.3200,-0.082888,-0.048076,0.000000,-0.000000,-0.082888,0.000000,0.120000,0.000000,0.911507,-0.000000,-0.000000,0.000000,-0.000000,-0.000000,-0.000000,0.013989,0
1790544702.3339,-0.078710,-0.050358,0.000000,-0.000000,-0.078710,0.000000,0.120000,0.000000,0.941540,-0.000000,-0.000000,0.000000,-0.000000,-0.000000,-0.000000,0.013815,0
1790544702.3479,-0.075195,-0.059213,0.000000,-0.000000,-0.075195,0.000000,0.120000,0.000000,0.971979,-0.000000,-0.000000,0.000000,-0.000000,-0.000000,-0.000000,0.014002,0
1790544702.3619,-0.061080,-0.068970,0.000000,-0.000000,-0.061080,0.000000,0.120000,0.000000,0.002490,-0.000000,-0.000000,0.000000,-0.000000,-0.000000,-0.000000,0.014035,0
1790544702.3755,-0.051393,-0.076420,0.000000,-0.000000,-0.051393,0.000000,0.120000,0.000000,0.032080,-0.000000,-0.000000,0.000000,-0.000000,-0.000000,-0.000000,0.013611,0
1790544702.3891,-0.044878,-0.081044,0.000000,-0.000000,-0.044878,0.000000,0.120000,0.000000,0.061653,-0.000000,-0.000000,0.000000,-0.000000,-0.000000,-0.000000,0.013604,0
1790544702.4027,-0.033943,-0.086132,0.000000,-0.000000,-0.033943,0.000000,0.120000,0.000000,0.091244,-0.000000,-0.000000,0.000000,-0.000000,-0.000000,-0.000000,0.013612,0
1790544702.4167,-0.024922,-0.095294,0.000000,-0.000000,-0.024922,0.000000,0.120000,0.000000,0.121535,-0.000000,-0.000000,0.000000,-0.000000,-0.000000,-0.000000,0.013934,0
1790544702.4306,-0.028142,-0.102568,-0.000000,-0.000000,-0.028142,0.000000,0.120000,0.000000,0.151842,-0.000000,-0.000000,-0.000000,-0.000000,-0.000000,-0.000000,0.013941,0
1790544702.4444,-0.038757,-0.097424,-0.000000,0.000000,-0.038757,0.000000,0.120000,0.000000,0.181859,-0.000000,-0.000000,-0.000000,-0.000000,-0.000000,0.000000,0.013808,0
1790544702.4587,-0.036914,-0.086736,0.000000,0.000000,-0.036914,0.000000,0.120000,0.000000,0.212210,-0.000000,-0.000000,0.000000,-0.000000,-0.000000,0.000000,0.013961,0
1790544702.4728,-0.037015,-0.078117,-0.000000,0.000000,-0.037015,0.000000,0.120000,0.000000,0.243378,-0.000000,-0.000000,-0.000000,-0.000000,-0.000000,0.000000,0.014337,0
1790544702.4867,-0.041910,-0.068591,-0.000000,0.000000,-0.041910,0.000000,0.120000,0.000000,0.273625,-0.000000,-0.000000,-0.000000,-0.000000,-0.000000,0.000000,0.013914,0
1790544702.5007,-0.049491,-0.056772,-0.000000,0.000000,-0.049491,0.000000,0.120000,0.000000,0.304097,-0.000000,-0.000000,-0.000000,-0.000000,-0.000000,0.000000,0.014017,0
1790544702.5146,-0.050612,-0.048053,-0.000000,0.000000,-0.050612,0.000000,0.120000,0.000000,0.334437,-0.000000,-0.000000,-0.000000,-0.000000,-0.000000,0.000000,0.013957,0
1790544702.5285,-0.045846,-0.047264,0.000000,0.000000,-0.045846,0.000000,0.120000,0.000000,0.364745,-0.000000,-0.000000,0.000000,-0.000000,-0.000000,0.000000,0.013942,0
1790544702.5424,-0.045922,-0.046702,-0.000000,0.000000,-0.045922,0.000000,0.120000,0.000000,0.394841,-0.000000,-0.000000,-0.000000,-0.000000,-0.000000,0.000000,0.013844,0
1790544702.5564,-0.046022,-0.042972,-0.000000,0.000000,-0.046022,0.000000,0.120000,0.000000,0.425254,-0.000000,-0.000000,-0.000000,-0.000000,-0.000000,0.000000,0.013990,0
1790544702.5704,-0.046432,-0.041938,-0.000000,0.000000,-0.046432,0.000000,0.120000,0.000000,0.455691,-0.000000,-0.000000,-0.000000,-0.000000,-0.000000,0.000000,0.014001,0
1790544702.5855,-0.050294,-0.047781,-0.000000,-0.000000,-0.050294,0.000000,0.120000,0.000000,0.487312,-0.000000,-0.000000,-0.000000,-0.000000,-0.000000,-0.000000,0.014546,0
1790544702.6004,-0.058282,-0.053934,-0.000000,-0.000000,-0.058282,0.000000,0.120000,0.000000,0.520411,-0.000000,-0.000000,-0.000000,-0.000000,-0.000000,-0.000000,0.015226,0
1790544702.6147,-0.064179,-0.057447,-0.000000,-0.000000,-0.064179,0.000000,0.120000,0.000000,0.551517,-0.000000,-0.000000,-0.000000,-0.000000,-0.000000,-0.000000,0.014308,0
1790544702.6287,-0.066840,-0.062257,-0.000000,-0.000000,-0.066840,0.000000,0.120000,0.000000,0.581848,-0.000000,-0.000000,-0.000000,-0.000000,-0.000000,-0.000000,0.013952,0
1790544702.6437,-0.068387,-0.066575,-0.000000,-0.000000,-0.068387,0.000000,0.120000,0.000000,0.613936,-0.000000,-0.000000,-0.000000,-0.000000,-0.000000,-0.000000,0.014760,0
1790544702.6581,-0.069457,-0.070150,-0.000000,-0.000000,-0.069457,0.000000,0.120000,0.000000,0.646219,-0.000000,-0.000000,-0.000000,-0.000000,-0.000000,-0.000000,0.014850,0
1790544702.6718,-0.070580,-0.072747,-0.000000,-0.000000,-0.070580,0.000000,0.120000,0.000000,0.676358,-0.000000,-0.000000,-0.000000,-0.000000,-0.000000,-0.000000,0.013864,0
1790544702.6857,-0.070656,-0.072797,-0.000000,-0.000000,-0.070656,0.000000,0.120000,0.000000,0.706396,-0.000000,-0.000000,-0.000000,-0.000000,-0.000000,-0.000000,0.013818,0
1790544702.6996,-0.066909,-0.065892,0.000000,0.000000,-0.066909,0.000000,0.120000,0.000000,0.736540,-0.000000,-0.000000,0.000000,-0.000000,-0.000000,0.000000,0.013866,0
1790544702.7140,-0.065521,-0.054800,0.000000,0.000000,-0.065521,0.000000,0.120000,0.000000,0.767334,-0.000000,-0.000000,0.000000,-0.000000,-0.000000,0.000000,0.014165,0
1790544702.7284,-0.060889,-0.040495,0.000000,0.000000,-0.060889,0.000000,0.120000,0.000000,0.799045,-0.000000,-0.000000,0.000000,-0.000000,-0.000000,0.000000,0.014587,0
1790544702.7423,-0.055052,-0.031663,0.000000,0.000000,-0.055052,0.000000,0.120000,0.000000,0.829411,-0.000000,-0.000000,0.000000,-0.000000,-0.000000,0.000000,0.013968,0
1790544702.7564,-0.061373,-0.036285,-0.000000,-0.000000,-0.061373,0.000000,0.120000,0.000000,0.859921,-0.000000,-0.000000,-0.000000,-0.000000,-0.000000,-0.000000,0.014035,0
1790544702.7706,-0.055759,-0.039557,0.000000,-0.000000,-0.055759,0.000000,0.120000,0.000000,0.890860,-0.000000,-0.000000,0.000000,-0.000000,-0.000000,-0.000000,0.014232,0
1790544702.7845,-0.055816,-0.039097,-0.000000,0.000000,-0.055816,0.000000,0.120000,0.000000,0.921170,-0.000000,-0.000000,-0.000000,-0.000000,-0.000000,0.000000,0.013943,0
1790544702.7984,-0.059754,-0.040207,-0.000000,-0.000000,-0.059754,0.000000,0.120000,0.000000,0.951460,-0.000000,-0.000000,-0.000000,-0.000000,-0.000000,-0.000000,0.013933,0
1790544702.8122,-0.050978,-0.041711,0.000000,-0.000000,-0.050978,0.000000,0.120000,0.000000,0.981465,-0.000000,-0.000000,0.000000,-0.000000,-0.000000,-0.000000,0.013802,0
1790544702.8261,-0.044803,-0.044779,0.000000,-0.000000,-0.044803,0.000000,0.120000,0.000000,0.011752,-0.000000,-0.000000,0.000000,-0.000000,-0.000000,-0.000000,0.013932,0
1790544702.8397,-0.041247,-0.047104,0.000000,-0.000000,-0.041247,0.000000,0.120000,0.000000,0.041252,-0.000000,-0.000000,0.000000,-0.000000,-0.000000,-0.000000,0.013570,0
1790544702.8532,-0.041125,-0.045782,0.000000,0.000000,-0.041125,0.000000,0.120000,0.000000,0.070664,-0.000000,-0.000000,0.000000,-0.000000,-0.000000,0.000000,0.013529,0
1790544702.8671,-0.040014,-0.045516,0.000000,0.000000,-0.040014,0.000000,0.120000,0.000000,0.100782,-0.000000,-0.000000,0.000000,-0.000000,-0.000000,0.000000,0.013854,0
1790544702.8810,-0.036695,-0.046699,0.000000,-0.000000,-0.036695,0.000000,0.120000,0.000000,0.130943,-0.000000,-0.000000,0.000000,-0.000000,-0.000000,-0.000000,0.013874,0
1790544702.8949,-0.037781,-0.046262,-0.000000,0.000000,-0.037781,0.000000,0.120000,0.000000,0.161177,-0.000000,-0.000000,-0.000000,-0.000000,-0.000000,0.000000,0.013908,0
1790544702.9088,-0.043323,-0.041923,-0.000000,0.000000,-0.043323,0.000000,0.120000,0.000000,0.191314,-0.000000,-0.000000,-0.000000,-0.000000,-0.000000,0.000000,0.013863,0
1790544702.9227,-0.051185,-0.037495,-0.000000,0.000000,-0.051185,0.000000,0.120000,0.000000,0.221618,-0.000000,-0.000000,-0.000000,-0.000000,-0.000000,0.000000,0.013940,0
1790544702.9366,-0.058506,-0.029433,-0.000000,0.000000,-0.058506,0.000000,0.120000,0.000000,0.251918,-0.000000,-0.000000,-0.000000,-0.000000,-0.000000,0.000000,0.013938,0
1790544702.9505,-0.056900,-0.027447,0.000000,0.000000,-0.056900,0.000000,0.120000,0.000000,0.282076,-0.000000,-0.000000,0.000000,-0.000000,-0.000000,0.000000,0.013872,0
1790544702.9649,-0.056046,-0.032035,0.000000,-0.000000,-0.056046,0.000000,0.120000,0.000000,0.312565,-0.000000,-0.000000,0.000000,-0.000000,-0.000000,-0.000000,0.014025,0
1790544702.9790,-0.063305,-0.040945,-0.000000,-0.000000,-0.063305,0.000000,0.120000,0.000000,0.344004,-0.000000,-0.000000,-0.000000,-0.000000,-0.000000,-0.000000,0.014462,0
1790544702.9931,-0.068744,-0.049674,-0.000000,-0.000000,-0.068744,0.000000,0.120000,0.000000,0.374601,-0.000000,-0.000000,-0.000000,-0.000000,-0.000000,-0.000000,0.014075,0
1790544703.0070,-0.066491,-0.058707,0.000000,-0.000000,-0.066491,0.000000,0.120000,0.000000,0.404904,-0.000000,-0.000000,0.000000,-0.000000,-0.000000,-0.000000,0.013940,0
1790544703.0210,-0.071715,-0.063436,-0.000000,-0.000000,-0.071715,0.000000,0.120000,0.000000,0.435276,-0.000000,-0.000000,-0.000000,-0.000000,-0.000000,-0.000000,0.013971,0
1790544703.0350,-0.086412,-0.072310,-0.000000,-0.000000,-0.086412,0.000000,0.120000,0.000000,0.465705,-0.000000,-0.000000,-0.000000,-0.000000,-0.000000,-0.000000,0.013997,0
1790544703.0492,-0.098424,-0.080820,-0.000000,-0.000000,-0.098424,0.000000,0.120000,0.000000,0.496462,-0.000000,-0.000000,-0.000000,-0.000000,-0.000000,-0.000000,0.014148,0
1790544703.0633,-0.110235,-0.088494,-0.000000,-0.000000,-0.110235,0.000000,0.120000,0.000000,0.527138,-0.000000,-0.000000,-0.000000,-0.000000,-0.000000,-0.000000,0.014111,0
1790544703.0769,-0.117216,-0.095059,-0.000000,-0.000000,-0.117216,0.000000,0.120000,0.000000,0.556712,-0.000000,-0.000000,-0.000000,-0.000000,-0.000000,-0.000000,0.013604,0
1790544703.0905,-0.119256,-0.099938,-0.000000,-0.000000,-0.119256,0.000000,0.120000,0.000000,0.586412,-0.000000,-0.000000,-0.000000,-0.000000,-0.000000,-0.000000,0.013662,0
1790544703.1044,-0.118628,-0.105761,0.000000,-0.000000,-0.118628,0.000000,0.120000,0.000000,0.616794,-0.000000,-0.000000,0.000000,-0.000000,-0.000000,-0.000000,0.013976,0
1790544703.1184,-0.113400,-0.109869,0.000000,-0.000000,-0.113400,0.000000,0.120000,0.000000,0.646818,-0.000000,-0.000000,0.000000,-0.000000,-0.000000,-0.000000,0.013811,0
1790544703.1323,-0.108686,-0.110193,0.000000,-0.000000,-0.108686,0.000000,0.120000,0.000000,0.677267,-0.000000,-0.000000,0.000000,-0.000000,-0.000000,-0.000000,0.014007,0
1790544703.1463,-0.100727,-0.106546,0.000000,0.000000,-0.100727,0.000000,0.120000,0.000000,0.707640,-0.000000,-0.000000,0.000000,-0.000000,-0.000000,0.000000,0.013971,0
1790544703.1605,-0.095727,-0.096801,0.000000,0.000000,-0.095727,0.000000,0.120000,0.000000,0.738323,-0.000000,-0.000000,0.000000,-0.000000,-0.000000,0.000000,0.014114,0
1790544703.1744,-0.087738,-0.086155,0.000000,0.000000,-0.087738,0.000000,0.120000,0.000000,0.768696,-0.000000,-0.000000,0.000000,-0.000000,-0.000000,0.000000,0.013971,0
1790544703.1883,-0.079528,-0.075225,0.000000,0.000000,-0.079528,0.000000,0.120000,0.000000,0.799130,-0.000000,-0.000000,0.000000,-0.000000,-0.000000,0.000000,0.014000,0
1790544703.2023,-0.069167,-0.062840,0.000000,0.000000,-0.069167,0.000000,0.120000,0.000000,0.829486,-0.000000,-0.000000,0.000000,-0.000000,-0.000000,0.000000,0.013964,0
1790544703.2169,-0.067894,-0.058672,0.000000,0.000000,-0.067894,0.000000,0.120000,0.000000,0.860357,-0.000000,-0.000000,0.000000,-0.000000,-0.000000,0.000000,0.014201,0
1790544703.2313,-0.071417,-0.064132,-0.000000,-0.000000,-0.071417,0.000000,0.120000,0.000000,0.892209,-0.000000,-0.000000,-0.000000,-0.000000,-0.000000,-0.000000,0.014652,0
1790544703.2452,-0.062045,-0.068704,0.000000,-0.000000,-0.062045,0.000000,0.120000,0.000000,0.922594,-0.000000,-0.000000,0.000000,-0.000000,-0.000000,-0.000000,0.013978,0
1790544703.2592,-0.058768,-0.071437,0.000000,-0.000000,-0.058768,0.000000,0.120000,0.000000,0.953072,-0.000000,-0.000000,0.000000,-0.000000,-0.000000,-0.000000,0.014019,0
1790544703.2731,-0.050050,-0.080702,0.000000,-0.000000,-0.050050,0.000000,0.120000,0.000000,0.983384,-0.000000,-0.000000,0.000000,-0.000000,-0.000000,-0.000000,0.013944,0
1790544703.2870,-0.031712,-0.094142,0.000000,-0.000000,-0.031712,0.000000,0.120000,0.000000,0.013580,-0.000000,-0.000000,0.000000,-0.000000,-0.000000,-0.000000,0.013890,0
1790544703.3006,-0.019237,-0.104195,0.000000,-0.000000,-0.019237,0.000000,0.120000,0.000000,0.043146,-0.000000,-0.000000,0.000000,-0.000000,-0.000000,-0.000000,0.013601,0
1790544703.3142,-0.011229,-0.111449,0.000000,-0.000000,-0.011229,0.000000,0.120000,0.000000,0.072690,-0.000000,-0.000000,0.000000,-0.000000,-0.000000,-0.000000,0.013590,0
1790544703.3281,-0.002125,-0.118018,0.000000,-0.000000,-0.002125,0.000000,0.120000,0.000000,0.103003,-0.000000,-0.000000,0.000000,-0.000000,-0.000000,-0.000000,0.013944,0
1790544703.3420,-0.008699,-0.127748,-0.000000,-0.000000,-0.008699,0.000000,0.120000,0.000000,0.133100,-0.000000,-0.000000,-0.000000,-0.000000,-0.000000,-0.000000,0.013845,0
1790544703.3559,-0.012685,-0.125528,-0.000000,0.000000,-0.012685,0.000000,0.120000,0.000000,0.163411,-0.000000,-0.000000,-0.000000,-0.000000,-0.000000,0.000000,0.013943,0
1790544703.3699,-0.012968,-0.116079,-0.000000,0.000000,-0.012968,0.000000,0.120000,0.000000,0.193772,-0.000000,-0.000000,-0.000000,-0.000000,-0.000000,0.000000,0.013966,0
1790544703.3838,-0.012241,-0.106917,0.000000,0.000000,-0.012241,0.000000,0.120000,0.000000,0.224032,-0.000000,-0.000000,0.000000,-0.000000,-0.000000,0.000000,0.013919,0
1790544703.3977,-0.016581,-0.092613,-0.000000,0.000000,-0.016581,0.000000,0.120000,0.000000,0.254235,-0.000000,-0.000000,-0.000000,-0.000000,-0.000000,0.000000,0.013893,0
1790544703.4117,-0.024475,-0.079116,-0.000000,0.000000,-0.024475,0.000000,0.120000,0.000000,0.284613,-0.000000,-0.000000,-0.000000,-0.000000,-0.000000,0.000000,0.013974,0
1790544703.4257,-0.034573,-0.068634,-0.000000,0.000000,-0.034573,0.000000,0.120000,0.000000,0.315025,-0.000000,-0.000000,-0.000000,-0.000000,-0.000000,0.000000,0.013989,0
1790544703.4396,-0.037479,-0.067026,-0.000000,0.000000,-0.037479,0.000000,0.120000,0.000000,0.345276,-0.000000,-0.000000,-0.000000,-0.000000,-0.000000,0.000000,0.013916,0
1790544703.4536,-0.038168,-0.072585,-0.000000,-0.000000,-0.038168,0.000000,0.120000,0.000000,0.375698,-0.000000,-0.000000,-0.000000,-0.000000,-0.000000,-0.000000,0.013994,0
1790544703.4677,-0.044323,-0.070959,-0.000000,0.000000,-0.044323,0.000000,0.120000,0.000000,0.405874,-0.000000,-0.000000,-0.000000,-0.000000,-0.000000,0.000000,0.013881,0
1790544703.4819,-0.045807,-0.071720,-0.000000,-0.000000,-0.045807,0.000000,0.120000,0.000000,0.437080,-0.000000,-0.000000,-0.000000,-0.000000,-0.000000,-0.000000,0.014355,0
1790544703.4957,-0.047586,-0.075470,-0.000000,-0.000000,-0.047586,0.000000,0.120000,0.000000,0.467223,-0.000000,-0.000000,-0.000000,-0.000000,-0.000000,-0.000000,0.013866,0
1790544703.5096,-0.054588,-0.079491,-0.000000,-0.000000,-0.054588,0.000000,0.120000,0.000000,0.497502,-0.000000,-0.000000,-0.000000,-0.000000,-0.000000,-0.000000,0.013928,0
1790544703.5237,-0.061559,-0.083221,-0.000000,-0.000000,-0.061559,0.000000,0.120000,0.000000,0.528070,-0.000000,-0.000000,-0.000000,-0.000000,-0.000000,-0.000000,0.014061,0
1790544703.5372,-0.067366,-0.087355,-0.000000,-0.000000,-0.067366,0.000000,0.120000,0.000000,0.557504,-0.000000,-0.000000,-0.000000,-0.000000,-0.000000,-0.000000,0.013539,0
1790544703.5508,-0.070001,-0.091312,-0.000000,-0.000000,-0.070001,0.000000,0.120000,0.000000,0.587100,-0.000000,-0.000000,-0.000000,-0.000000,-0.000000,-0.000000,0.013614,0
1790544703.5649,-0.071872,-0.094637,-0.000000,-0.000000,-0.071872,0.000000,0.120000,0.000000,0.617542,-0.000000,-0.000000,-0.000000,-0.000000,-0.000000,-0.000000,0.014003,0
1790544703.5789,-0.072202,-0.097046,-0.000000,-0.000000,-0.072202,0.000000,0.120000,0.000000,0.648047,-0.000000,-0.000000,-0.000000,-0.000000,-0.000000,-0.000000,0.014033,0
1790544703.5928,-0.066714,-0.099436,0.000000,-0.000000,-0.066714,0.000000,0.120000,0.000000,0.678415,-0.000000,-0.000000,0.000000,-0.000000,-0.000000,-0.000000,0.013969,0
1790544703.6067,-0.059834,-0.097534,0.000000,0.000000,-0.059834,0.000000,0.120000,0.000000,0.708495,-0.000000,-0.000000,0.000000,-0.000000,-0.000000,0.000000,0.013837,0
1790544703.6206,-0.053929,-0.090333,0.000000,0.000000,-0.053929,0.000000,0.120000,0.000000,0.738837,-0.000000,-0.000000,0.000000,-0.000000,-0.000000,0.000000,0.013957,0
1790544703.6346,-0.052113,-0.078649,0.000000,0.000000,-0.052113,0.000000,0.120000,0.000000,0.769179,-0.000000,-0.000000,0.000000,-0.000000,-0.000000,0.000000,0.013958,0
1790544703.6487,-0.045610,-0.064980,0.000000,0.000000,-0.045610,0.000000,0.120000,0.000000,0.799723,-0.000000,-0.000000,0.000000,-0.000000,-0.000000,0.000000,0.014050,0
1790544703.6626,-0.042575,-0.056115,0.000000,0.000000,-0.042575,0.000000,0.120000,0.000000,0.830118,-0.000000,-0.000000,0.000000,-0.000000,-0.000000,0.000000,0.013982,0
1790544703.6766,-0.050258,-0.058895,-0.000000,-0.000000,-0.050258,0.000000,0.120000,0.000000,0.860555,-0.000000,-0.000000,-0.000000,-0.000000,-0.000000,-0.000000,0.014001,0
1790544703.6906,-0.044856,-0.059879,0.000000,-0.000000,-0.044856,0.000000,0.120000,0.000000,0.890860,-0.000000,-0.000000,0.000000,-0.000000,-0.000000,-0.000000,0.013940,0
1790544703.7044,-0.045047,-0.058502,-0.000000,0.000000,-0.045047,0.000000,0.120000,0.000000,0.920969,-0.000000,-0.000000,-0.000000,-0.000000,-0.000000,0.000000,0.013850,0
1790544703.7188,-0.045667,-0.057727,-0.000000,0.000000,-0.045667,0.000000,0.120000,0.000000,0.951639,-0.000000,-0.000000,-0.000000,-0.000000,-0.000000,0.000000,0.014108,0
1790544703.7330,-0.037709,-0.060572,0.000000,-0.000000,-0.037709,0.000000,0.120000,0.000000,0.983031,-0.000000,-0.000000,0.000000,-0.000000,-0.000000,-0.000000,0.014440,0
1790544703.7470,-0.029819,-0.066658,0.000000,-0.000000,-0.029819,0.000000,0.120000,0.000000,0.013380,-0.000000,-0.000000,0.000000,-0.000000,-0.000000,-0.000000,0.013961,0
1790544703.7606,-0.024406,-0.069125,0.000000,-0.000000,-0.024406,0.000000,0.120000,0.000000,0.043101,-0.000000,-0.000000,0.000000,-0.000000,-0.000000,-0.000000,0.013672,0
1790544703.7745,-0.021495,-0.069385,0.000000,-0.000000,-0.021495,0.000000,0.120000,0.000000,0.073200,-0.000000,-0.000000,0.000000,-0.000000,-0.000000,-0.000000,0.013846,0
1790544703.7886,-0.019550,-0.070246,0.000000,-0.000000,-0.019550,0.000000,0.120000,0.000000,0.103963,-0.000000,-0.000000,0.000000,-0.000000,-0.000000,-0.000000,0.014151,0
1790544703.8026,-0.014841,-0.071778,0.000000,-0.000000,-0.014841,0.000000,0.120000,0.000000,0.134325,-0.000000,-0.000000,0.000000,-0.000000,-0.000000,-0.000000,0.013967,0
1790544703.8166,-0.014735,-0.073614,0.000000,-0.000000,-0.014735,0.000000,0.120000,0.000000,0.164702,-0.000000,-0.000000,0.000000,-0.000000,-0.000000,-0.000000,0.013973,0
1790544703.8305,-0.018298,-0.072286,-0.000000,0.000000,-0.018298,0.000000,0.120000,0.000000,0.195027,-0.000000,-0.000000,-0.000000,-0.000000,-0.000000,0.000000,0.013949,0
1790544703.8444,-0.026775,-0.068627,-0.000000,0.000000,-0.026775,0.000000,0.120000,0.000000,0.225424,-0.000000,-0.000000,-0.000000,-0.000000,-0.000000,0.000000,0.013983,0
1790544703.8584,-0.032845,-0.059918,-0.000000,0.000000,-0.032845,0.000000,0.120000,0.000000,0.255679,-0.000000,-0.000000,-0.000000,-0.000000,-0.000000,0.000000,0.013917,0
1790544703.8722,-0.035478,-0.051473,-0.000000,0.000000,-0.035478,0.000000,0.120000,0.000000,0.285936,-0.000000,-0.000000,-0.000000,-0.000000,-0.000000,0.000000,0.013918,0
1790544703.8862,-0.033234,-0.051671,0.000000,-0.000000,-0.033234,0.000000,0.120000,0.000000,0.316111,-0.000000,-0.000000,0.000000,-0.000000,-0.000000,-0.000000,0.013880,0
1790544703.9000,-0.035505,-0.054871,-0.000000,-0.000000,-0.035505,0.000000,0.120000,0.000000,0.346167,-0.000000,-0.000000,-0.000000,-0.000000,-0.000000,-0.000000,0.013826,0
1790544703.9138,-0.041228,-0.060828,-0.000000,-0.000000,-0.041228,0.000000,0.120000,0.000000,0.376386,-0.000000,-0.000000,-0.000000,-0.000000,-0.000000,-0.000000,0.013901,0
1790544703.9277,-0.043417,-0.067487,-0.000000,-0.000000,-0.043417,0.000000,0.120000,0.000000,0.406430,-0.000000,-0.000000,-0.000000,-0.000000,-0.000000,-0.000000,0.013820,0
1790544703.9416,-0.044908,-0.071447,-0.000000,-0.000000,-0.044908,0.000000,0.120000,0.000000,0.436701,-0.000000,-0.000000,-0.000000,-0.000000,-0.000000,-0.000000,0.013924,0
1790544703.9556,-0.055308,-0.077086,-0.000000,-0.000000,-0.055308,0.000000,0.120000,0.000000,0.466986,-0.000000,-0.000000,-0.000000,-0.000000,-0.000000,-0.000000,0.013931,0
1790544703.9697,-0.061722,-0.086356,-0.000000,-0.000000,-0.061722,0.000000,0.120000,0.000000,0.497223,-0.000000,-0.000000,-0.000000,-0.000000,-0.000000,-0.000000,0.013909,0
1790544703.9839,-0.073716,-0.093182,-0.000000,-0.000000,-0.073716,0.000000,0.120000,0.000000,0.528423,-0.000000,-0.000000,-0.000000,-0.000000,-0.000000,-0.000000,0.014352,0
1790544703.9976,-0.082076,-0.097353,-0.000000,-0.000000,-0.082076,0.000000,0.120000,0.000000,0.558257,-0.000000,-0.000000,-0.000000,-0.000000,-0.000000,-0.000000,0.013724,0
1790544704.0112,-0.086871,-0.101318,-0.000000,-0.000000,-0.086871,0.000000,0.120000,0.000000,0.587972,-0.000000,-0.000000,-0.000000,-0.000000,-0.000000,-0.000000,0.013669,0
1790544704.0251,-0.088063,-0.104875,-0.000000,-0.000000,-0.088063,0.000000,0.120000,0.000000,0.618137,-0.000000,-0.000000,-0.000000,-0.000000,-0.000000,-0.000000,0.013876,0
1790544704.0391,-0.083484,-0.107708,0.000000,-0.000000,-0.083484,0.000000,0.120000,0.000000,0.648543,-0.000000,-0.000000,0.000000,-0.000000,-0.000000,-0.000000,0.013987,0
1790544704.0531,-0.077729,-0.105114,0.000000,0.000000,-0.077729,0.000000,0.120000,0.000000,0.678957,-0.000000,-0.000000,0.000000,-0.000000,-0.000000,0.000000,0.013991,0
1790544704.0671,-0.072853,-0.096103,0.000000,0.000000,-0.072853,0.000000,0.120000,0.000000,0.709501,-0.000000,-0.000000,0.000000,-0.000000,-0.000000,0.000000,0.014050,0
1790544704.0810,-0.068990,-0.085091,0.000000,0.000000,-0.068990,0.000000,0.120000,0.000000,0.739676,-0.000000,-0.000000,0.000000,-0.000000,-0.000000,0.000000,0.013880,0
1790544704.0950,-0.060773,-0.073700,0.000000,0.000000,-0.060773,0.000000,0.120000,0.000000,0.770074,-0.000000,-0.000000,0.000000,-0.000000,-0.000000,0.000000,0.013983,0
1790544704.1089,-0.052791,-0.063031,0.000000,0.000000,-0.052791,0.000000,0.120000,0.000000,0.800323,-0.000000,-0.000000,0.000000,-0.000000,-0.000000,0.000000,0.013914,0
1790544704.1227,-0.048714,-0.056225,0.000000,0.000000,-0.048714,0.000000,0.120000,0.000000,0.830489,-0.000000,-0.000000,0.000000,-0.000000,-0.000000,0.000000,0.013877,0
1790544704.1366,-0.057254,-0.063269,-0.000000,-0.000000,-0.057254,0.000000,0.120000,0.000000,0.860426,-0.000000,-0.000000,-0.000000,-0.000000,-0.000000,-0.000000,0.013771,0
1790544704.1506,-0.054341,-0.067721,0.000000,-0.000000,-0.054341,0.000000,0.120000,0.000000,0.890812,-0.000000,-0.000000,0.000000,-0.000000,-0.000000,-0.000000,0.013978,0
1790544704.1646,-0.055608,-0.067546,-0.000000,0.000000,-0.055608,0.000000,0.120000,0.000000,0.921300,-0.000000,-0.000000,-0.000000,-0.000000,-0.000000,0.000000,0.014024,0
1790544704.1784,-0.050412,-0.068930,0.000000,-0.000000,-0.050412,0.000000,0.120000,0.000000,0.951509,-0.000000,-0.000000,0.000000,-0.000000,-0.000000,-0.000000,0.013896,0
1790544704.1924,-0.043257,-0.079488,0.000000,-0.000000,-0.043257,0.000000,0.120000,0.000000,0.981880,-0.000000,-0.000000,0.000000,-0.000000,-0.000000,-0.000000,0.013971,0
1790544704.2064,-0.028631,-0.091033,0.000000,-0.000000,-0.028631,0.000000,0.120000,0.000000,0.012225,-0.000000,-0.000000,0.000000,-0.000000,-0.000000,-0.000000,0.013958,0
1790544704.2204,-0.019470,-0.097156,0.000000,-0.000000,-0.019470,0.000000,0.120000,0.000000,0.042101,-0.000000,-0.000000,0.000000,-0.000000,-0.000000,-0.000000,0.013743,0
1790544704.2349,-0.015444,-0.102720,0.000000,-0.000000,-0.015444,0.000000,0.120000,0.000000,0.073765,-0.000000,-0.000000,0.000000,-0.000000,-0.000000,-0.000000,0.014565,0
1790544704.2489,-0.004710,-0.110562,0.000000,-0.000000,-0.004710,0.000000,0.120000,0.000000,0.104510,-0.000000,-0.000000,0.000000,-0.000000,-0.000000,-0.000000,0.014143,0
1790544704.2629,-0.005086,-0.120350,-0.000000,-0.000000,-0.005086,0.000000,0.120000,0.000000,0.134937,-0.000000,-0.000000,-0.000000,-0.000000,-0.000000,-0.000000,0.013996,0
1790544704.2769,-0.011428,-0.118490,-0.000000,0.000000,-0.011428,0.000000,0.120000,0.000000,0.165510,-0.000000,-0.000000,-0.000000,-0.000000,-0.000000,0.000000,0.014064,0
1790544704.2908,-0.010291,-0.109518,0.000000,0.000000,-0.010291,0.000000,0.120000,0.000000,0.195639,-0.000000,-0.000000,0.000000,-0.000000,-0.000000,0.000000,0.013859,0
1790544704.3048,-0.012352,-0.100788,-0.000000,0.000000,-0.012352,0.000000,0.120000,0.000000,0.226067,-0.000000,-0.000000,-0.000000,-0.000000,-0.000000,0.000000,0.013997,0
1790544704.3187,-0.019463,-0.089702,-0.000000,0.000000,-0.019463,0.000000,0.120000,0.000000,0.256242,-0.000000,-0.000000,-0.000000,-0.000000,-0.000000,0.000000,0.013880,0
1790544704.3326,-0.028858,-0.081521,-0.000000,0.000000,-0.028858,0.000000,0.120000,0.000000,0.286611,-0.000000,-0.000000,-0.000000,-0.000000,-0.000000,0.000000,0.013970,0
1790544704.3465,-0.030065,-0.082615,-0.000000,-0.000000,-0.030065,0.000000,0.120000,0.000000,0.316864,-0.000000,-0.000000,-0.000000,-0.000000,-0.000000,-0.000000,0.013917,0
1790544704.3609,-0.028375,-0.084944,0.000000,-0.000000,-0.028375,0.000000,0.120000,0.000000,0.347487,-0.000000,-0.000000,0.000000,-0.000000,-0.000000,-0.000000,0.014086,0
1790544704.3749,-0.031349,-0.080466,-0.000000,0.000000,-0.031349,0.000000,0.120000,0.000000,0.378713,-0.000000,-0.000000,-0.000000,-0.000000,-0.000000,0.000000,0.014364,0
1790544704.3887,-0.031447,-0.080975,-0.000000,-0.000000,-0.031447,0.000000,0.120000,0.000000,0.408575,-0.000000,-0.000000,-0.000000,-0.000000,-0.000000,-0.000000,0.013737,0
1790544704.4027,-0.035281,-0.083472,-0.000000,-0.000000,-0.035281,0.000000,0.120000,0.000000,0.438958,-0.000000,-0.000000,-0.000000,-0.000000,-0.000000,-0.000000,0.013976,0
1790544704.4167,-0.043033,-0.088095,-0.000000,-0.000000,-0.043033,0.000000,0.120000,0.000000,0.469286,-0.000000,-0.000000,-0.000000,-0.000000,-0.000000,-0.000000,0.013951,0
1790544704.4307,-0.049657,-0.093488,-0.000000,-0.000000,-0.049657,0.000000,0.120000,0.000000,0.499854,-0.000000,-0.000000,-0.000000,-0.000000,-0.000000,-0.000000,0.014061,0
1790544704.4444,-0.056190,-0.098890,-0.000000,-0.000000,-0.056190,0.000000,0.120000,0.000000,0.529846,-0.000000,-0.000000,-0.000000,-0.000000,-0.000000,-0.000000,0.013797,0
1790544704.4580,-0.059210,-0.102820,-0.000000,-0.000000,-0.059210,0.000000,0.120000,0.000000,0.559258,-0.000000,-0.000000,-0.000000,-0.000000,-0.000000,-0.000000,0.013529,0
1790544704.4717,-0.062288,-0.107987,-0.000000,-0.000000,-0.062288,0.000000,0.120000,0.000000,0.588960,-0.000000,-0.000000,-0.000000,-0.000000,-0.000000,-0.000000,0.013663,0
1790544704.4860,-0.066519,-0.113010,-0.000000,-0.000000,-0.066519,0.000000,0.120000,0.000000,0.619766,-0.000000,-0.000000,-0.000000,-0.000000,-0.000000,-0.000000,0.014171,0
1790544704.4999,-0.071189,-0.117785,-0.000000,-0.000000,-0.071189,0.000000,0.120000,0.000000,0.650154,-0.000000,-0.000000,-0.000000,-0.000000,-0.000000,-0.000000,0.013978,0
1790544704.5139,-0.060431,-0.118701,0.000000,-0.000000,-0.060431,0.000000,0.120000,0.000000,0.680658,-0.000000,-0.000000,0.000000,-0.000000,-0.000000,-0.000000,0.014032,0
1790544704.5278,-0.054658,-0.113807,0.000000,0.000000,-0.054658,0.000000,0.120000,0.000000,0.710942,-0.000000,-0.000000,0.000000,-0.000000,-0.000000,0.000000,0.013930,0
1790544704.5417,-0.050938,-0.105076,0.000000,0.000000,-0.050938,0.000000,0.120000,0.000000,0.740938,-0.000000,-0.000000,0.000000,-0.000000,-0.000000,0.000000,0.013798,0
1790544704.5558,-0.047339,-0.093619,0.000000,0.000000,-0.047339,0.000000,0.120000,0.000000,0.771604,-0.000000,-0.000000,0.000000,-0.000000,-0.000000,0.000000,0.014106,0
1790544704.5703,-0.041536,-0.079147,0.000000,0.000000,-0.041536,0.000000,0.120000,0.000000,0.802927,-0.000000,-0.000000,0.000000,-0.000000,-0.000000,0.000000,0.014409,0
1790544704.5845,-0.035316,-0.063459,0.000000,0.000000,-0.035316,0.000000,0.120000,0.000000,0.834210,-0.000000,-0.000000,0.000000,-0.000000,-0.000000,0.000000,0.014390,0
1790544704.5986,-0.039080,-0.059307,-0.000000,0.000000,-0.039080,0.000000,0.120000,0.000000,0.864774,-0.000000,-0.000000,-0.000000,-0.000000,-0.000000,0.000000,0.014060,0
1790544704.6127,-0.042447,-0.061935,-0.000000,-0.000000,-0.042447,0.000000,0.120000,0.000000,0.895445,-0.000000,-0.000000,-0.000000,-0.000000,-0.000000,-0.000000,0.014108,0
1790544704.6270,-0.034208,-0.062694,0.000000,-0.000000,-0.034208,0.000000,0.120000,0.000000,0.926463,-0.000000,-0.000000,0.000000,-0.000000,-0.000000,-0.000000,0.014269,0
1790544704.6410,-0.036290,-0.064074,-0.000000,-0.000000,-0.036290,0.000000,0.120000,0.000000,0.957054,-0.000000,-0.000000,-0.000000,-0.000000,-0.000000,-0.000000,0.014072,0
1790544704.6552,-0.035696,-0.067188,0.000000,-0.000000,-0.035696,0.000000,0.120000,0.000000,0.987734,-0.000000,-0.000000,0.000000,-0.000000,-0.000000,-0.000000,0.014113,0
1790544704.6701,-0.026569,-0.071817,0.000000,-0.000000,-0.026569,0.000000,0.120000,0.000000,0.019023,-0.000000,-0.000000,0.000000,-0.000000,-0.000000,-0.000000,0.014393,0
1790544704.6852,-0.020052,-0.077932,0.000000,-0.000000,-0.020052,0.000000,0.120000,0.000000,0.052601,-0.000000,-0.000000,0.000000,-0.000000,-0.000000,-0.000000,0.015446,0
1790544704.6993,-0.013782,-0.081366,0.000000,-0.000000,-0.013782,0.000000,0.120000,0.000000,0.083203,-0.000000,-0.000000,0.000000,-0.000000,-0.000000,-0.000000,0.014077,0
1790544704.7138,-0.007050,-0.082606,0.000000,-0.000000,-0.007050,0.000000,0.120000,0.000000,0.114706,-0.000000,-0.000000,0.000000,-0.000000,-0.000000,-0.000000,0.014491,0
1790544704.7291,-0.002074,-0.085482,0.000000,-0.000000,-0.002074,0.000000,0.120000,0.000000,0.147389,-0.000000,-0.000000,0.000000,-0.000000,-0.000000,-0.000000,0.015034,0
1790544704.7436,-0.004038,-0.087134,-0.000000,-0.000000,-0.004038,0.000000,0.120000,0.000000,0.179919,-0.000000,-0.000000,-0.000000,-0.000000,-0.000000,-0.000000,0.014964,0
1790544704.7574,-0.012786,-0.084794,-0.000000,0.000000,-0.012786,0.000000,0.120000,0.000000,0.209917,-0.000000,-0.000000,-0.000000,-0.000000,-0.000000,0.000000,0.013799,0
1790544704.7714,-0.017332,-0.077053,-0.000000,0.000000,-0.017332,0.000000,0.120000,0.000000,0.240194,-0.000000,-0.000000,-0.000000,-0.000000,-0.000000,0.000000,0.013927,0
1790544704.7854,-0.022593,-0.068890,-0.000000,0.000000,-0.022593,0.000000,0.120000,0.000000,0.270758,-0.000000,-0.000000,-0.000000,-0.000000,-0.000000,0.000000,0.014060,0
1790544704.7994,-0.027878,-0.059161,-0.000000,0.000000,-0.027878,0.000000,0.120000,0.000000,0.301370,-0.000000,-0.000000,-0.000000,-0.000000,-0.000000,0.000000,0.014081,0
1790544704.8133,-0.027701,-0.058676,0.000000,0.000000,-0.027701,0.000000,0.120000,0.000000,0.331661,-0.000000,-0.000000,0.000000,-0.000000,-0.000000,0.000000,0.013934,0
1790544704.8274,-0.027396,-0.064861,0.000000,-0.000000,-0.027396,0.000000,0.120000,0.000000,0.362269,-0.000000,-0.000000,0.000000,-0.000000,-0.000000,-0.000000,0.014080,0
1790544704.8414,-0.032500,-0.068593,-0.000000,-0.000000,-0.032500,0.000000,0.120000,0.000000,0.392717,-0.000000,-0.000000,-0.000000,-0.000000,-0.000000,-0.000000,0.014006,0
1790544704.8554,-0.033252,-0.072400,-0.000000,-0.000000,-0.033252,0.000000,0.120000,0.000000,0.422953,-0.000000,-0.000000,-0.000000,-0.000000,-0.000000,-0.000000,0.013908,0
1790544704.8698,-0.031561,-0.078004,0.000000,-0.000000,-0.031561,0.000000,0.120000,0.000000,0.453976,-0.000000,-0.000000,0.000000,-0.000000,-0.000000,-0.000000,0.014271,0
1790544704.8844,-0.044639,-0.086127,-0.000000,-0.000000,-0.044639,0.000000,0.120000,0.000000,0.486000,-0.000000,-0.000000,-0.000000,-0.000000,-0.000000,-0.000000,0.014731,0
1790544704.8984,-0.055090,-0.096105,-0.000000,-0.000000,-0.055090,0.000000,0.120000,0.000000,0.516624,-0.000000,-0.000000,-0.000000,-0.000000,-0.000000,-0.000000,0.014087,0
1790544704.9122,-0.067809,-0.104763,-0.000000,-0.000000,-0.067809,0.000000,0.120000,0.000000,0.546612,-0.000000,-0.000000,-0.000000,-0.000000,-0.000000,-0.000000,0.013794,0
1790544704.9259,-0.076726,-0.111362,-0.000000,-0.000000,-0.076726,0.000000,0.120000,0.000000,0.576401,-0.000000,-0.000000,-0.000000,-0.000000,-0.000000,-0.000000,0.013703,0
1790544704.9400,-0.080715,-0.116470,-0.000000,-0.000000,-0.080715,0.000000,0.120000,0.000000,0.606845,-0.000000,-0.000000,-0.000000,-0.000000,-0.000000,-0.000000,0.014004,0
1790544704.9541,-0.078637,-0.119266,0.000000,-0.000000,-0.078637,0.000000,0.120000,0.000000,0.637439,-0.000000,-0.000000,0.000000,-0.000000,-0.000000,-0.000000,0.014074,0
1790544704.9682,-0.075486,-0.118954,0.000000,0.000000,-0.075486,0.000000,0.120000,0.000000,0.667998,-0.000000,-0.000000,0.000000,-0.000000,-0.000000,0.000000,0.014057,0
1790544704.9827,-0.071515,-0.117066,0.000000,0.000000,-0.071515,0.000000,0.120000,0.000000,0.699277,-0.000000,-0.000000,0.000000,-0.000000,-0.000000,0.000000,0.014388,0
1790544704.9967,-0.068764,-0.112715,0.000000,0.000000,-0.068764,0.000000,0.120000,0.000000,0.730185,-0.000000,-0.000000,0.000000,-0.000000,-0.000000,0.000000,0.014218,0
1790544705.0107,-0.062628,-0.103471,0.000000,0.000000,-0.062628,0.000000,0.120000,0.000000,0.760767,-0.000000,-0.000000,0.000000,-0.000000,-0.000000,0.000000,0.014068,0
1790544705.0247,-0.054857,-0.091767,0.000000,0.000000,-0.054857,0.000000,0.120000,0.000000,0.791120,-0.000000,-0.000000,0.000000,-0.000000,-0.000000,0.000000,0.013963,0
1790544705.0386,-0.045849,-0.078197,0.000000,0.000000,-0.045849,0.000000,0.120000,0.000000,0.821342,-0.000000,-0.000000,0.000000,-0.000000,-0.000000,0.000000,0.013902,0
1790544705.0525,-0.042411,-0.067659,0.000000,0.000000,-0.042411,0.000000,0.120000,0.000000,0.851664,-0.000000,-0.000000,0.000000,-0.000000,-0.000000,0.000000,0.013948,0
1790544705.0667,-0.048441,-0.069379,-0.000000,-0.000000,-0.048441,0.000000,0.120000,0.000000,0.882200,-0.000000,-0.000000,-0.000000,-0.000000,-0.000000,-0.000000,0.014047,0
1790544705.0807,-0.041822,-0.073500,0.000000,-0.000000,-0.041822,0.000000,0.120000,0.000000,0.912936,-0.000000,-0.000000,0.000000,-0.000000,-0.000000,-0.000000,0.014138,0
1790544705.0946,-0.039861,-0.072926,0.000000,0.000000,-0.039861,0.000000,0.120000,0.000000,0.943111,-0.000000,-0.000000,0.000000,-0.000000,-0.000000,0.000000,0.013880,0
1790544705.1092,-0.037134,-0.078314,0.000000,-0.000000,-0.037134,0.000000,0.120000,0.000000,0.974304,-0.000000,-0.000000,0.000000,-0.000000,-0.000000,-0.000000,0.014349,0
1790544705.1234,-0.025578,-0.086891,0.000000,-0.000000,-0.025578,0.000000,0.120000,0.000000,0.005546,-0.000000,-0.000000,0.000000,-0.000000,-0.000000,-0.000000,0.014371,0
1790544705.1370,-0.016075,-0.096567,0.000000,-0.000000,-0.016075,0.000000,0.120000,0.000000,0.035234,-0.000000,-0.000000,0.000000,-0.000000,-0.000000,-0.000000,0.013656,0
1790544705.1506,-0.008132,-0.104540,0.000000,-0.000000,-0.008132,0.000000,0.120000,0.000000,0.064932,-0.000000,-0.000000,0.000000,-0.000000,-0.000000,-0.000000,0.013661,0
1790544705.1643,0.002381,-0.109833,0.000000,-0.000000,0.002381,0.000000,0.120000,0.000000,0.094663,0.000000,-0.000000,0.000000,-0.000000,-0.000000,-0.000000,0.013676,0
1790544705.1783,0.004898,-0.118159,0.000000,-0.000000,0.004898,0.000000,0.120000,0.000000,0.125151,0.000000,-0.000000,0.000000,-0.000000,-0.000000,-0.000000,0.014024,0
1790544705.1922,-0.013519,-0.120533,-0.000000,-0.000000,-0.013519,0.000000,0.120000,0.000000,0.155382,-0.000000,-0.000000,-0.000000,-0.000000,-0.000000,-0.000000,0.013906,0
1790544705.2061,-0.015640,-0.111504,-0.000000,0.000000,-0.015640,0.000000,0.120000,0.000000,0.185628,-0.000000,-0.000000,-0.000000,-0.000000,-0.000000,0.000000,0.013913,0
1790544705.2200,-0.014942,-0.100618,0.000000,0.000000,-0.014942,0.000000,0.120000,0.000000,0.215697,-0.000000,-0.000000,0.000000,-0.000000,-0.000000,0.000000,0.013832,0
1790544705.2343,-0.017780,-0.089786,-0.000000,0.000000,-0.017780,0.000000,0.120000,0.000000,0.246481,-0.000000,-0.000000,-0.000000,-0.000000,-0.000000,0.000000,0.014161,0
1790544705.2486,-0.026089,-0.074516,-0.000000,0.000000,-0.026089,0.000000,0.120000,0.000000,0.277660,-0.000000,-0.000000,-0.000000,-0.000000,-0.000000,0.000000,0.014342,0
1790544705.2627,-0.039073,-0.060704,-0.000000,0.000000,-0.039073,0.000000,0.120000,0.000000,0.308404,-0.000000,-0.000000,-0.000000,-0.000000,-0.000000,0.000000,0.014143,0
1790544705.2769,-0.037452,-0.063821,0.000000,-0.000000,-0.037452,0.000000,0.120000,0.000000,0.339477,-0.000000,-0.000000,0.000000,-0.000000,-0.000000,-0.000000,0.014293,0
1790544705.2909,-0.037960,-0.069230,-0.000000,-0.000000,-0.037960,0.000000,0.120000,0.000000,0.369727,-0.000000,-0.000000,-0.000000,-0.000000,-0.000000,-0.000000,0.013915,0
1790544705.3048,-0.040877,-0.067258,-0.000000,0.000000,-0.040877,0.000000,0.120000,0.000000,0.400117,-0.000000,-0.000000,-0.000000,-0.000000,-0.000000,0.000000,0.013980,0
1790544705.3188,-0.044840,-0.069580,-0.000000,-0.000000,-0.044840,0.000000,0.120000,0.000000,0.430542,-0.000000,-0.000000,-0.000000,-0.000000,-0.000000,-0.000000,0.013995,0
1790544705.3327,-0.051661,-0.075203,-0.000000,-0.000000,-0.051661,0.000000,0.120000,0.000000,0.460778,-0.000000,-0.000000,-0.000000,-0.000000,-0.000000,-0.000000,0.013909,0
1790544705.3466,-0.063885,-0.080729,-0.000000,-0.000000,-0.063885,0.000000,0.120000,0.000000,0.490929,-0.000000,-0.000000,-0.000000,-0.000000,-0.000000,-0.000000,0.013870,0
1790544705.3606,-0.073942,-0.088187,-0.000000,-0.000000,-0.073942,0.000000,0.120000,0.000000,0.521461,-0.000000,-0.000000,-0.000000,-0.000000,-0.000000,-0.000000,0.014045,0
1790544705.3742,-0.083955,-0.094276,-0.000000,-0.000000,-0.083955,0.000000,0.120000,0.000000,0.550876,-0.000000,-0.000000,-0.000000,-0.000000,-0.000000,-0.000000,0.013531,0
1790544705.3878,-0.091130,-0.098614,-0.000000,-0.000000,-0.091130,0.000000,0.120000,0.000000,0.580439,-0.000000,-0.000000,-0.000000,-0.000000,-0.000000,-0.000000,0.013599,0
1790544705.4018,-0.095436,-0.103305,-0.000000,-0.000000,-0.095436,0.000000,0.120000,0.000000,0.610864,-0.000000,-0.000000,-0.000000,-0.000000,-0.000000,-0.000000,0.013996,0
1790544705.4157,-0.094863,-0.107745,0.000000,-0.000000,-0.094863,0.000000,0.120000,0.000000,0.641161,-0.000000,-0.000000,0.000000,-0.000000,-0.000000,-0.000000,0.013937,0
1790544705.4297,-0.089896,-0.108948,0.000000,-0.000000,-0.089896,0.000000,0.120000,0.000000,0.671493,-0.000000,-0.000000,0.000000,-0.000000,-0.000000,-0.000000,0.013953,0
1790544705.4436,-0.082922,-0.106245,0.000000,0.000000,-0.082922,0.000000,0.120000,0.000000,0.701894,-0.000000,-0.000000,0.000000,-0.000000,-0.000000,0.000000,0.013984,0
1790544705.4574,-0.078516,-0.100137,0.000000,0.000000,-0.078516,0.000000,0.120000,0.000000,0.732052,-0.000000,-0.000000,0.000000,-0.000000,-0.000000,0.000000,0.013872,0
1790544705.4713,-0.072108,-0.092357,0.000000,0.000000,-0.072108,0.000000,0.120000,0.000000,0.762213,-0.000000,-0.000000,0.000000,-0.000000,-0.000000,0.000000,0.013874,0
1790544705.4852,-0.064060,-0.081788,0.000000,0.000000,-0.064060,0.000000,0.120000,0.000000,0.792237,-0.000000,-0.000000,0.000000,-0.000000,-0.000000,0.000000,0.013811,0
1790544705.4996,-0.054142,-0.069525,0.000000,0.000000,-0.054142,0.000000,0.120000,0.000000,0.823215,-0.000000,-0.000000,0.000000,-0.000000,-0.000000,0.000000,0.014250,0
1790544705.5135,-0.051034,-0.060189,0.000000,0.000000,-0.051034,0.000000,0.120000,0.000000,0.853659,-0.000000,-0.000000,0.000000,-0.000000,-0.000000,0.000000,0.014004,0
1790544705.5275,-0.059551,-0.063564,-0.000000,-0.000000,-0.059551,0.000000,0.120000,0.000000,0.884137,-0.000000,-0.000000,-0.000000,-0.000000,-0.000000,-0.000000,0.014020,0
1790544705.5414,-0.054976,-0.065982,0.000000,-0.000000,-0.054976,0.000000,0.120000,0.000000,0.914414,-0.000000,-0.000000,0.000000,-0.000000,-0.000000,-0.000000,0.013927,0
1790544705.5554,-0.045599,-0.067624,0.000000,-0.000000,-0.045599,0.000000,0.120000,0.000000,0.944839,-0.000000,-0.000000,0.000000,-0.000000,-0.000000,-0.000000,0.013995,0
1790544705.5694,-0.041323,-0.074789,0.000000,-0.000000,-0.041323,0.000000,0.120000,0.000000,0.975328,-0.000000,-0.000000,0.000000,-0.000000,-0.000000,-0.000000,0.014025,0
1790544705.5833,-0.031034,-0.085037,0.000000,-0.000000,-0.031034,0.000000,0.120000,0.000000,0.005666,-0.000000,-0.000000,0.000000,-0.000000,-0.000000,-0.000000,0.013955,0
1790544705.5969,-0.017397,-0.094684,0.000000,-0.000000,-0.017397,0.000000,0.120000,0.000000,0.034985,-0.000000,-0.000000,0.000000,-0.000000,-0.000000,-0.000000,0.013487,0
1790544705.6106,-0.008471,-0.103385,0.000000,-0.000000,-0.008471,0.000000,0.120000,0.000000,0.064734,-0.000000,-0.000000,0.000000,-0.000000,-0.000000,-0.000000,0.013685,0
1790544705.6241,-0.000642,-0.109714,0.000000,-0.000000,-0.000642,0.000000,0.120000,0.000000,0.094218,-0.000000,-0.000000,0.000000,-0.000000,-0.000000,-0.000000,0.013563,0
1790544705.6381,0.001965,-0.120807,0.000000,-0.000000,0.001965,0.000000,0.120000,0.000000,0.124644,0.000000,-0.000000,0.000000,-0.000000,-0.000000,-0.000000,0.013996,0
1790544705.6521,-0.012302,-0.125688,-0.000000,-0.000000,-0.012302,0.000000,0.120000,0.000000,0.155006,-0.000000,-0.000000,-0.000000,-0.000000,-0.000000,-0.000000,0.013967,0
1790544705.6661,-0.015086,-0.120468,-0.000000,0.000000,-0.015086,0.000000,0.120000,0.000000,0.185597,-0.000000,-0.000000,-0.000000,-0.000000,-0.000000,0.000000,0.014072,0
1790544705.6800,-0.017014,-0.111602,-0.000000,0.000000,-0.017014,0.000000,0.120000,0.000000,0.215683,-0.000000,-0.000000,-0.000000,-0.000000,-0.000000,0.000000,0.013839,0
1790544705.6939,-0.020202,-0.099129,-0.000000,0.000000,-0.020202,0.000000,0.120000,0.000000,0.245902,-0.000000,-0.000000,-0.000000,-0.000000,-0.000000,0.000000,0.013901,0
1790544705.7078,-0.029344,-0.081441,-0.000000,0.000000,-0.029344,0.000000,0.120000,0.000000,0.276209,-0.000000,-0.000000,-0.000000,-0.000000,-0.000000,0.000000,0.013941,0
1790544705.7218,-0.042685,-0.066962,-0.000000,0.000000,-0.042685,0.000000,0.120000,0.000000,0.306417,-0.000000,-0.000000,-0.000000,-0.000000,-0.000000,0.000000,0.013896,0
1790544705.7360,-0.048257,-0.060618,-0.000000,0.000000,-0.048257,0.000000,0.120000,0.000000,0.337020,-0.000000,-0.000000,-0.000000,-0.000000,-0.000000,0.000000,0.014077,0
1790544705.7503,-0.050144,-0.065730,-0.000000,-0.000000,-0.050144,0.000000,0.120000,0.000000,0.368414,-0.000000,-0.000000,-0.000000,-0.000000,-0.000000,-0.000000,0.014441,0
1790544705.7643,-0.049488,-0.066489,0.000000,-0.000000,-0.049488,0.000000,0.120000,0.000000,0.398970,-0.000000,-0.000000,0.000000,-0.000000,-0.000000,-0.000000,0.014055,0
1790544705.7785,-0.054178,-0.067264,-0.000000,-0.000000,-0.054178,0.000000,0.120000,0.000000,0.429779,-0.000000,-0.000000,-0.000000,-0.000000,-0.000000,-0.000000,0.014172,0
1790544705.7925,-0.058477,-0.072659,-0.000000,-0.000000,-0.058477,0.000000,0.120000,0.000000,0.460182,-0.000000,-0.000000,-0.000000,-0.000000,-0.000000,-0.000000,0.013985,0
1790544705.8064,-0.069213,-0.079924,-0.000000,-0.000000,-0.069213,0.000000,0.120000,0.000000,0.490399,-0.000000,-0.000000,-0.000000,-0.000000,-0.000000,-0.000000,0.013900,0
1790544705.8205,-0.080492,-0.088496,-0.000000,-0.000000,-0.080492,0.000000,0.120000,0.000000,0.520979,-0.000000,-0.000000,-0.000000,-0.000000,-0.000000,-0.000000,0.014067,0
1790544705.8340,-0.091555,-0.094295,-0.000000,-0.000000,-0.091555,0.000000,0.120000,0.000000,0.550678,-0.000000,-0.000000,-0.000000,-0.000000,-0.000000,-0.000000,0.013661,0
1790544705.8477,-0.100858,-0.099223,-0.000000,-0.000000,-0.100858,0.000000,0.120000,0.000000,0.580178,-0.000000,-0.000000,-0.000000,-0.000000,-0.000000,-0.000000,0.013570,0
1790544705.8616,-0.108573,-0.105956,-0.000000,-0.000000,-0.108573,0.000000,0.120000,0.000000,0.610574,-0.000000,-0.000000,-0.000000,-0.000000,-0.000000,-0.000000,0.013982,0
1790544705.8755,-0.110151,-0.110962,-0.000000,-0.000000,-0.110151,0.000000,0.120000,0.000000,0.640812,-0.000000,-0.000000,-0.000000,-0.000000,-0.000000,-0.000000,0.013909,0
1790544705.8894,-0.104485,-0.112790,0.000000,-0.000000,-0.104485,0.000000,0.120000,0.000000,0.671103,-0.000000,-0.000000,0.000000,-0.000000,-0.000000,-0.000000,0.013934,0
1790544705.9032,-0.098700,-0.108689,0.000000,0.000000,-0.098700,0.000000,0.120000,0.000000,0.701050,-0.000000,-0.000000,0.000000,-0.000000,-0.000000,0.000000,0.013776,0
1790544705.9171,-0.097029,-0.101211,0.000000,0.000000,-0.097029,0.000000,0.120000,0.000000,0.731303,-0.000000,-0.000000,0.000000,-0.000000,-0.000000,0.000000,0.013917,0
1790544705.9311,-0.091817,-0.090238,0.000000,0.000000,-0.091817,0.000000,0.120000,0.000000,0.761592,-0.000000,-0.000000,0.000000,-0.000000,-0.000000,0.000000,0.013933,0
1790544705.9450,-0.084598,-0.076828,0.000000,0.000000,-0.084598,0.000000,0.120000,0.000000,0.791823,-0.000000,-0.000000,0.000000,-0.000000,-0.000000,0.000000,0.013906,0
1790544705.9589,-0.076372,-0.062360,0.000000,0.000000,-0.076372,0.000000,0.120000,0.000000,0.822056,-0.000000,-0.000000,0.000000,-0.000000,-0.000000,0.000000,0.013907,0
1790544705.9729,-0.071115,-0.052379,0.000000,0.000000,-0.071115,0.000000,0.120000,0.000000,0.852511,-0.000000,-0.000000,0.000000,-0.000000,-0.000000,0.000000,0.014009,0
1790544705.9872,-0.076957,-0.053956,-0.000000,-0.000000,-0.076957,0.000000,0.120000,0.000000,0.882919,-0.000000,-0.000000,-0.000000,-0.000000,-0.000000,-0.000000,0.013988,0
1790544706.0015,-0.075265,-0.054183,0.000000,-0.000000,-0.075265,0.000000,0.120000,0.000000,0.914508,-0.000000,-0.000000,0.000000,-0.000000,-0.000000,-0.000000,0.014531,0
1790544706.0156,-0.070624,-0.053118,0.000000,0.000000,-0.070624,0.000000,0.120000,0.000000,0.945212,-0.000000,-0.000000,0.000000,-0.000000,-0.000000,0.000000,0.014124,0
1790544706.0296,-0.068281,-0.058405,0.000000,-0.000000,-0.068281,0.000000,0.120000,0.000000,0.975630,-0.000000,-0.000000,0.000000,-0.000000,-0.000000,-0.000000,0.013992,0
1790544706.0435,-0.057188,-0.065946,0.000000,-0.000000,-0.057188,0.000000,0.120000,0.000000,0.006066,-0.000000,-0.000000,0.000000,-0.000000,-0.000000,-0.000000,0.014000,0
1790544706.0571,-0.045737,-0.072068,0.000000,-0.000000,-0.045737,0.000000,0.120000,0.000000,0.035614,-0.000000,-0.000000,0.000000,-0.000000,-0.000000,-0.000000,0.013592,0
1790544706.0708,-0.038244,-0.076297,0.000000,-0.000000,-0.038244,0.000000,0.120000,0.000000,0.065259,-0.000000,-0.000000,0.000000,-0.000000,-0.000000,-0.000000,0.013637,0
1790544706.0848,-0.034432,-0.079859,0.000000,-0.000000,-0.034432,0.000000,0.120000,0.000000,0.095631,-0.000000,-0.000000,0.000000,-0.000000,-0.000000,-0.000000,0.013971,0
1790544706.0986,-0.024455,-0.084131,0.000000,-0.000000,-0.024455,0.000000,0.120000,0.000000,0.125859,-0.000000,-0.000000,0.000000,-0.000000,-0.000000,-0.000000,0.013905,0
1790544706.1125,-0.022976,-0.090190,0.000000,-0.000000,-0.022976,0.000000,0.120000,0.000000,0.156094,-0.000000,-0.000000,0.000000,-0.000000,-0.000000,-0.000000,0.013908,0
1790544706.1263,-0.035615,-0.086714,-0.000000,0.000000,-0.035615,0.000000,0.120000,0.000000,0.186098,-0.000000,-0.000000,-0.000000,-0.000000,-0.000000,0.000000,0.013802,0
1790544706.1403,-0.038106,-0.076454,-0.000000,0.000000,-0.038106,0.000000,0.120000,0.000000,0.216441,-0.000000,-0.000000,-0.000000,-0.000000,-0.000000,0.000000,0.013958,0
1790544706.1542,-0.041581,-0.067635,-0.000000,0.000000,-0.041581,0.000000,0.120000,0.000000,0.246727,-0.000000,-0.000000,-0.000000,-0.000000,-0.000000,0.000000,0.013931,0
1790544706.1683,-0.047981,-0.057169,-0.000000,0.000000,-0.047981,0.000000,0.120000,0.000000,0.277277,-0.000000,-0.000000,-0.000000,-0.000000,-0.000000,0.000000,0.014053,0
1790544706.1824,-0.060403,-0.044617,-0.000000,0.000000,-0.060403,0.000000,0.120000,0.000000,0.307873,-0.000000,-0.000000,-0.000000,-0.000000,-0.000000,0.000000,0.014074,0
1790544706.1964,-0.057515,-0.044623,0.000000,-0.000000,-0.057515,0.000000,0.120000,0.000000,0.338338,-0.000000,-0.000000,0.000000,-0.000000,-0.000000,-0.000000,0.014014,0
1790544706.2103,-0.058270,-0.048025,-0.000000,-0.000000,-0.058270,0.000000,0.120000,0.000000,0.368571,-0.000000,-0.000000,-0.000000,-0.000000,-0.000000,-0.000000,0.013907,0
1790544706.2243,-0.063076,-0.050862,-0.000000,-0.000000,-0.063076,0.000000,0.120000,0.000000,0.399035,-0.000000,-0.000000,-0.000000,-0.000000,-0.000000,-0.000000,0.014014,0
1790544706.2389,-0.065967,-0.055358,-0.000000,-0.000000,-0.065967,0.000000,0.120000,0.000000,0.429703,-0.000000,-0.000000,-0.000000,-0.000000,-0.000000,-0.000000,0.014107,0
1790544706.2540,-0.069005,-0.062529,-0.000000,-0.000000,-0.069005,0.000000,0.120000,0.000000,0.462786,-0.000000,-0.000000,-0.000000,-0.000000,-0.000000,-0.000000,0.015218,0
1790544706.2681,-0.081718,-0.072325,-0.000000,-0.000000,-0.081718,0.000000,0.120000,0.000000,0.494221,-0.000000,-0.000000,-0.000000,-0.000000,-0.000000,-0.000000,0.014460,0
1790544706.2822,-0.092534,-0.080721,-0.000000,-0.000000,-0.092534,0.000000,0.120000,0.000000,0.524822,-0.000000,-0.000000,-0.000000,-0.000000,-0.000000,-0.000000,0.014076,0
1790544706.2960,-0.104719,-0.088280,-0.000000,-0.000000,-0.104719,0.000000,0.120000,0.000000,0.554877,-0.000000,-0.000000,-0.000000,-0.000000,-0.000000,-0.000000,0.013826,0
1790544706.3097,-0.111723,-0.094112,-0.000000,-0.000000,-0.111723,0.000000,0.120000,0.000000,0.584661,-0.000000,-0.000000,-0.000000,-0.000000,-0.000000,-0.000000,0.013700,0
1790544706.3238,-0.113893,-0.101770,-0.000000,-0.000000,-0.113893,0.000000,0.120000,0.000000,0.615141,-0.000000,-0.000000,-0.000000,-0.000000,-0.000000,-0.000000,0.014021,0
1790544706.3377,-0.112323,-0.105801,0.000000,-0.000000,-0.112323,0.000000,0.120000,0.000000,0.645562,-0.000000,-0.000000,0.000000,-0.000000,-0.000000,-0.000000,0.013994,0
1790544706.3517,-0.108253,-0.106103,0.000000,-0.000000,-0.108253,0.000000,0.120000,0.000000,0.675918,-0.000000,-0.000000,0.000000,-0.000000,-0.000000,-0.000000,0.013964,0
1790544706.3656,-0.102760,-0.102717,0.000000,0.000000,-0.102760,0.000000,0.120000,0.000000,0.706069,-0.000000,-0.000000,0.000000,-0.000000,-0.000000,0.000000,0.013870,0
1790544706.3795,-0.098382,-0.096641,0.000000,0.000000,-0.098382,0.000000,0.120000,0.000000,0.736513,-0.000000,-0.000000,0.000000,-0.000000,-0.000000,0.000000,0.014004,0
1790544706.3934,-0.088116,-0.086849,0.000000,0.000000,-0.088116,0.000000,0.120000,0.000000,0.766646,-0.000000,-0.000000,0.000000,-0.000000,-0.000000,0.000000,0.013861,0
1790544706.4073,-0.078777,-0.076917,0.000000,0.000000,-0.078777,0.000000,0.120000,0.000000,0.796787,-0.000000,-0.000000,0.000000,-0.000000,-0.000000,0.000000,0.013865,0
1790544706.4213,-0.068930,-0.065337,0.000000,0.000000,-0.068930,0.000000,0.120000,0.000000,0.827181,-0.000000,-0.000000,0.000000,-0.000000,-0.000000,0.000000,0.013981,0
1790544706.4351,-0.069039,-0.062632,-0.000000,0.000000,-0.069039,0.000000,0.120000,0.000000,0.857466,-0.000000,-0.000000,-0.000000,-0.000000,-0.000000,0.000000,0.013931,0
1790544706.4491,-0.071552,-0.066771,-0.000000,-0.000000,-0.071552,0.000000,0.120000,0.000000,0.887726,-0.000000,-0.000000,-0.000000,-0.000000,-0.000000,-0.000000,0.013919,0
1790544706.4630,-0.060484,-0.069542,0.000000,-0.000000,-0.060484,0.000000,0.120000,0.000000,0.917981,-0.000000,-0.000000,0.000000,-0.000000,-0.000000,-0.000000,0.013917,0
1790544706.4769,-0.059042,-0.071485,0.000000,-0.000000,-0.059042,0.000000,0.120000,0.000000,0.948124,-0.000000,-0.000000,0.000000,-0.000000,-0.000000,-0.000000,0.013866,0
1790544706.4913,-0.053516,-0.081722,0.000000,-0.000000,-0.053516,0.000000,0.120000,0.000000,0.978464,-0.000000,-0.000000,0.000000,-0.000000,-0.000000,-0.000000,0.013956,0
1790544706.5053,-0.039326,-0.092134,0.000000,-0.000000,-0.039326,0.000000,0.120000,0.000000,0.009865,-0.000000,-0.000000,0.000000,-0.000000,-0.000000,-0.000000,0.014445,0
1790544706.5190,-0.028586,-0.100091,0.000000,-0.000000,-0.028586,0.000000,0.120000,0.000000,0.039596,-0.000000,-0.000000,0.000000,-0.000000,-0.000000,-0.000000,0.013676,0
1790544706.5325,-0.022517,-0.105857,0.000000,-0.000000,-0.022517,0.000000,0.120000,0.000000,0.069022,-0.000000,-0.000000,0.000000,-0.000000,-0.000000,-0.000000,0.013536,0
1790544706.5464,-0.011833,-0.112948,0.000000,-0.000000,-0.011833,0.000000,0.120000,0.000000,0.099351,-0.000000,-0.000000,0.000000,-0.000000,-0.000000,-0.000000,0.013951,0
1790544706.5604,-0.013959,-0.121118,-0.000000,-0.000000,-0.013959,0.000000,0.120000,0.000000,0.129607,-0.000000,-0.000000,-0.000000,-0.000000,-0.000000,-0.000000,0.013917,0
1790544706.5744,-0.024437,-0.120745,-0.000000,0.000000,-0.024437,0.000000,0.120000,0.000000,0.160054,-0.000000,-0.000000,-0.000000,-0.000000,-0.000000,0.000000,0.014006,0
1790544706.5883,-0.023757,-0.113395,0.000000,0.000000,-0.023757,0.000000,0.120000,0.000000,0.190353,-0.000000,-0.000000,0.000000,-0.000000,-0.000000,0.000000,0.013937,0
1790544706.6022,-0.023891,-0.100645,-0.000000,0.000000,-0.023891,0.000000,0.120000,0.000000,0.220676,-0.000000,-0.000000,-0.000000,-0.000000,-0.000000,0.000000,0.013948,0
1790544706.6161,-0.026639,-0.086266,-0.000000,0.000000,-0.026639,0.000000,0.120000,0.000000,0.250808,-0.000000,-0.000000,-0.000000,-0.000000,-0.000000,0.000000,0.013861,0
1790544706.6301,-0.034361,-0.072533,-0.000000,0.000000,-0.034361,0.000000,0.120000,0.000000,0.281136,-0.000000,-0.000000,-0.000000,-0.000000,-0.000000,0.000000,0.013951,0
1790544706.6441,-0.045601,-0.060328,-0.000000,0.000000,-0.045601,0.000000,0.120000,0.000000,0.311569,-0.000000,-0.000000,-0.000000,-0.000000,-0.000000,0.000000,0.013999,0
1790544706.6580,-0.042458,-0.062052,0.000000,-0.000000,-0.042458,0.000000,0.120000,0.000000,0.341802,-0.000000,-0.000000,0.000000,-0.000000,-0.000000,-0.000000,0.013907,0
1790544706.6720,-0.039543,-0.068904,0.000000,-0.000000,-0.039543,0.000000,0.120000,0.000000,0.372382,-0.000000,-0.000000,0.000000,-0.000000,-0.000000,-0.000000,0.014067,0
1790544706.6859,-0.042926,-0.069773,-0.000000,-0.000000,-0.042926,0.000000,0.120000,0.000000,0.402475,-0.000000,-0.000000,-0.000000,-0.000000,-0.000000,-0.000000,0.013843,0
1790544706.6999,-0.046180,-0.070099,-0.000000,-0.000000,-0.046180,0.000000,0.120000,0.000000,0.432841,-0.000000,-0.000000,-0.000000,-0.000000,-0.000000,-0.000000,0.013968,0
1790544706.7138,-0.052794,-0.073034,-0.000000,-0.000000,-0.052794,0.000000,0.120000,0.000000,0.463141,-0.000000,-0.000000,-0.000000,-0.000000,-0.000000,-0.000000,0.013938,0
1790544706.7277,-0.065330,-0.078895,-0.000000,-0.000000,-0.065330,0.000000,0.120000,0.000000,0.493391,-0.000000,-0.000000,-0.000000,-0.000000,-0.000000,-0.000000,0.013915,0
1790544706.7421,-0.077748,-0.086150,-0.000000,-0.000000,-0.077748,0.000000,0.120000,0.000000,0.523891,-0.000000,-0.000000,-0.000000,-0.000000,-0.000000,-0.000000,0.014030,0
1790544706.7571,-0.091787,-0.093574,-0.000000,-0.000000,-0.091787,0.000000,0.120000,0.000000,0.555982,-0.000000,-0.000000,-0.000000,-0.000000,-0.000000,-0.000000,0.014762,0
1790544706.7719,-0.100597,-0.099903,-0.000000,-0.000000,-0.100597,0.000000,0.120000,0.000000,0.588889,-0.000000,-0.000000,-0.000000,-0.000000,-0.000000,-0.000000,0.015137,0
1790544706.7867,-0.103345,-0.107119,-0.000000,-0.000000,-0.103345,0.000000,0.120000,0.000000,0.620887,-0.000000,-0.000000,-0.000000,-0.000000,-0.000000,-0.000000,0.014719,0
1790544706.8009,-0.099882,-0.110152,0.000000,-0.000000,-0.099882,0.000000,0.120000,0.000000,0.652064,-0.000000,-0.000000,0.000000,-0.000000,-0.000000,-0.000000,0.014341,0
1790544706.8155,-0.092940,-0.109888,0.000000,0.000000,-0.092940,0.000000,0.120000,0.000000,0.683272,-0.000000,-0.000000,0.000000,-0.000000,-0.000000,0.000000,0.014356,0
1790544706.8297,-0.088285,-0.107348,0.000000,0.000000,-0.088285,0.000000,0.120000,0.000000,0.715068,-0.000000,-0.000000,0.000000,-0.000000,-0.000000,0.000000,0.014626,0
1790544706.8436,-0.082365,-0.102881,0.000000,0.000000,-0.082365,0.000000,0.120000,0.000000,0.745128,-0.000000,-0.000000,0.000000,-0.000000,-0.000000,0.000000,0.013828,0
1790544706.8575,-0.075699,-0.095412,0.000000,0.000000,-0.075699,0.000000,0.120000,0.000000,0.775568,-0.000000,-0.000000,0.000000,-0.000000,-0.000000,0.000000,0.014002,0
1790544706.8715,-0.068503,-0.085328,0.000000,0.000000,-0.068503,0.000000,0.120000,0.000000,0.805985,-0.000000,-0.000000,0.000000,-0.000000,-0.000000,0.000000,0.013992,0
1790544706.8855,-0.060175,-0.072311,0.000000,0.000000,-0.060175,0.000000,0.120000,0.000000,0.836404,-0.000000,-0.000000,0.000000,-0.000000,-0.000000,0.000000,0.013993,0
1790544706.8996,-0.060572,-0.064037,-0.000000,0.000000,-0.060572,0.000000,0.120000,0.000000,0.866812,-0.000000,-0.000000,-0.000000,-0.000000,-0.000000,0.000000,0.013988,0
1790544706.9134,-0.069271,-0.067662,-0.000000,-0.000000,-0.069271,0.000000,0.120000,0.000000,0.897130,-0.000000,-0.000000,-0.000000,-0.000000,-0.000000,-0.000000,0.013947,0
1790544706.9274,-0.065098,-0.071778,0.000000,-0.000000,-0.065098,0.000000,0.120000,0.000000,0.927479,-0.000000,-0.000000,0.000000,-0.000000,-0.000000,-0.000000,0.013960,0
1790544706.9412,-0.065063,-0.073766,0.000000,-0.000000,-0.065063,0.000000,0.120000,0.000000,0.957687,-0.000000,-0.000000,0.000000,-0.000000,-0.000000,-0.000000,0.013896,0
1790544706.9551,-0.061197,-0.082123,0.000000,-0.000000,-0.061197,0.000000,0.120000,0.000000,0.987764,-0.000000,-0.000000,0.000000,-0.000000,-0.000000,-0.000000,0.013835,0
1790544706.9691,-0.047351,-0.091926,0.000000,-0.000000,-0.047351,0.000000,0.120000,0.000000,0.018156,-0.000000,-0.000000,0.000000,-0.000000,-0.000000,-0.000000,0.013981,0
1790544706.9827,-0.031589,-0.102159,0.000000,-0.000000,-0.031589,0.000000,0.120000,0.000000,0.047598,-0.000000,-0.000000,0.000000,-0.000000,-0.000000,-0.000000,0.013543,0
1790544706.9966,-0.024138,-0.110330,0.000000,-0.000000,-0.024138,0.000000,0.120000,0.000000,0.077492,-0.000000,-0.000000,0.000000,-0.000000,-0.000000,-0.000000,0.013751,0
1790544707.0107,-0.015752,-0.117387,0.000000,-0.000000,-0.015752,0.000000,0.120000,0.000000,0.108313,-0.000000,-0.000000,0.000000,-0.000000,-0.000000,-0.000000,0.014178,0
1790544707.0247,-0.021582,-0.129669,-0.000000,-0.000000,-0.021582,0.000000,0.120000,0.000000,0.138852,-0.000000,-0.000000,-0.000000,-0.000000,-0.000000,-0.000000,0.014048,0
1790544707.0386,-0.032871,-0.127719,-0.000000,0.000000,-0.032871,0.000000,0.120000,0.000000,0.169252,-0.000000,-0.000000,-0.000000,-0.000000,-0.000000,0.000000,0.013984,0
1790544707.0525,-0.030689,-0.117736,0.000000,0.000000,-0.030689,0.000000,0.120000,0.000000,0.199365,-0.000000,-0.000000,0.000000,-0.000000,-0.000000,0.000000,0.013852,0
1790544707.0665,-0.028043,-0.104814,0.000000,0.000000,-0.028043,0.000000,0.120000,0.000000,0.229819,-0.000000,-0.000000,0.000000,-0.000000,-0.000000,0.000000,0.014009,0
1790544707.0804,-0.027182,-0.089762,0.000000,0.000000,-0.027182,0.000000,0.120000,0.000000,0.260212,-0.000000,-0.000000,0.000000,-0.000000,-0.000000,0.000000,0.013981,0
1790544707.0945,-0.033005,-0.076843,-0.000000,0.000000,-0.033005,0.000000,0.120000,0.000000,0.290570,-0.000000,-0.000000,-0.000000,-0.000000,-0.000000,0.000000,0.013964,0
1790544707.1087,-0.041880,-0.063877,-0.000000,0.000000,-0.041880,0.000000,0.120000,0.000000,0.321337,-0.000000,-0.000000,-0.000000,-0.000000,-0.000000,0.000000,0.014153,0
1790544707.1225,-0.040655,-0.061443,0.000000,0.000000,-0.040655,0.000000,0.120000,0.000000,0.351666,-0.000000,-0.000000,0.000000,-0.000000,-0.000000,0.000000,0.013951,0
1790544707.1365,-0.038842,-0.063040,0.000000,-0.000000,-0.038842,0.000000,0.120000,0.000000,0.382000,-0.000000,-0.000000,0.000000,-0.000000,-0.000000,-0.000000,0.013954,0
1790544707.1505,-0.041967,-0.060458,-0.000000,0.000000,-0.041967,0.000000,0.120000,0.000000,0.412348,-0.000000,-0.000000,-0.000000,-0.000000,-0.000000,0.000000,0.013960,0
1790544707.1646,-0.046557,-0.062001,-0.000000,-0.000000,-0.046557,0.000000,0.120000,0.000000,0.443003,-0.000000,-0.000000,-0.000000,-0.000000,-0.000000,-0.000000,0.014101,0
1790544707.1785,-0.053312,-0.066945,-0.000000,-0.000000,-0.053312,0.000000,0.120000,0.000000,0.473430,-0.000000,-0.000000,-0.000000,-0.000000,-0.000000,-0.000000,0.013996,0
1790544707.1925,-0.062138,-0.073574,-0.000000,-0.000000,-0.062138,0.000000,0.120000,0.000000,0.503865,-0.000000,-0.000000,-0.000000,-0.000000,-0.000000,-0.000000,0.014000,0
1790544707.2061,-0.071305,-0.080996,-0.000000,-0.000000,-0.071305,0.000000,0.120000,0.000000,0.533307,-0.000000,-0.000000,-0.000000,-0.000000,-0.000000,-0.000000,0.013544,0
1790544707.2198,-0.078799,-0.085258,-0.000000,-0.000000,-0.078799,0.000000,0.120000,0.000000,0.562893,-0.000000,-0.000000,-0.000000,-0.000000,-0.000000,-0.000000,0.013609,0
1790544707.2334,-0.085575,-0.088790,-0.000000,-0.000000,-0.085575,0.000000,0.120000,0.000000,0.592695,-0.000000,-0.000000,-0.000000,-0.000000,-0.000000,-0.000000,0.013709,0
1790544707.2476,-0.091121,-0.094635,-0.000000,-0.000000,-0.091121,0.000000,0.120000,0.000000,0.623069,-0.000000,-0.000000,-0.000000,-0.000000,-0.000000,-0.000000,0.013972,0
1790544707.2620,-0.095916,-0.104054,-0.000000,-0.000000,-0.095916,0.000000,0.120000,0.000000,0.654528,-0.000000,-0.000000,-0.000000,-0.000000,-0.000000,-0.000000,0.014471,0
1790544707.2760,-0.088589,-0.105377,0.000000,-0.000000,-0.088589,0.000000,0.120000,0.000000,0.685125,-0.000000,-0.000000,0.000000,-0.000000,-0.000000,-0.000000,0.014075,0
1790544707.2899,-0.083813,-0.099793,0.000000,0.000000,-0.083813,0.000000,0.120000,0.000000,0.715587,-0.000000,-0.000000,0.000000,-0.000000,-0.000000,0.000000,0.014013,0
1790544707.3039,-0.080247,-0.091816,0.000000,0.000000,-0.080247,0.000000,0.120000,0.000000,0.746008,-0.000000,-0.000000,0.000000,-0.000000,-0.000000,0.000000,0.013994,0
1790544707.3179,-0.071520,-0.081577,0.000000,0.000000,-0.071520,0.000000,0.120000,0.000000,0.776246,-0.000000,-0.000000,0.000000,-0.000000,-0.000000,0.000000,0.013909,0
1790544707.3319,-0.060976,-0.068454,0.000000,0.000000,-0.060976,0.000000,0.120000,0.000000,0.806734,-0.000000,-0.000000,0.000000,-0.000000,-0.000000,0.000000,0.014025,0
1790544707.3459,-0.051253,-0.055214,0.000000,0.000000,-0.051253,0.000000,0.120000,0.000000,0.837215,-0.000000,-0.000000,0.000000,-0.000000,-0.000000,0.000000,0.014021,0
1790544707.3598,-0.057637,-0.055892,-0.000000,-0.000000,-0.057637,0.000000,0.120000,0.000000,0.867475,-0.000000,-0.000000,-0.000000,-0.000000,-0.000000,-0.000000,0.013920,0
1790544707.3737,-0.065276,-0.056622,-0.000000,-0.000000,-0.065276,0.000000,0.120000,0.000000,0.897735,-0.000000,-0.000000,-0.000000,-0.000000,-0.000000,-0.000000,0.013920,0
1790544707.3877,-0.060127,-0.056144,0.000000,0.000000,-0.060127,0.000000,0.120000,0.000000,0.928137,-0.000000,-0.000000,0.000000,-0.000000,-0.000000,0.000000,0.013985,0
1790544707.4017,-0.058285,-0.058258,0.000000,-0.000000,-0.058285,0.000000,0.120000,0.000000,0.958601,-0.000000,-0.000000,0.000000,-0.000000,-0.000000,-0.000000,0.014013,0
1790544707.4157,-0.055701,-0.066323,0.000000,-0.000000,-0.055701,0.000000,0.120000,0.000000,0.988991,-0.000000,-0.000000,0.000000,-0.000000,-0.000000,-0.000000,0.013979,0
1790544707.4298,-0.043606,-0.075829,0.000000,-0.000000,-0.043606,0.000000,0.120000,0.000000,0.019433,-0.000000,-0.000000,0.000000,-0.000000,-0.000000,-0.000000,0.014003,0
1790544707.4433,-0.035139,-0.082713,0.000000,-0.000000,-0.035139,0.000000,0.120000,0.000000,0.049148,-0.000000,-0.000000,0.000000,-0.000000,-0.000000,-0.000000,0.013669,0
1790544707.4569,-0.030111,-0.088185,0.000000,-0.000000,-0.030111,0.000000,0.120000,0.000000,0.078695,-0.000000,-0.000000,0.000000,-0.000000,-0.000000,-0.000000,0.013592,0
1790544707.4708,-0.022425,-0.093626,0.000000,-0.000000,-0.022425,0.000000,0.120000,0.000000,0.108777,-0.000000,-0.000000,0.000000,-0.000000,-0.000000,-0.000000,0.013838,0
1790544707.4846,-0.021388,-0.101493,0.000000,-0.000000,-0.021388,0.000000,0.120000,0.000000,0.138909,-0.000000,-0.000000,0.000000,-0.000000,-0.000000,-0.000000,0.013861,0
1790544707.4988,-0.033147,-0.101347,-0.000000,0.000000,-0.033147,0.000000,0.120000,0.000000,0.169051,-0.000000,-0.000000,-0.000000,-0.000000,-0.000000,0.000000,0.013865,0
1790544707.5128,-0.033945,-0.093171,-0.000000,0.000000,-0.033945,0.000000,0.120000,0.000000,0.199868,-0.000000,-0.000000,-0.000000,-0.000000,-0.000000,0.000000,0.014176,0
1790544707.5267,-0.035654,-0.083906,-0.000000,0.000000,-0.035654,0.000000,0.120000,0.000000,0.230312,-0.000000,-0.000000,-0.000000,-0.000000,-0.000000,0.000000,0.014004,0
1790544707.5406,-0.042594,-0.072528,-0.000000,0.000000,-0.042594,0.000000,0.120000,0.000000,0.260481,-0.000000,-0.000000,-0.000000,-0.000000,-0.000000,0.000000,0.013878,0
1790544707.5546,-0.052921,-0.058873,-0.000000,0.000000,-0.052921,0.000000,0.120000,0.000000,0.290944,-0.000000,-0.000000,-0.000000,-0.000000,-0.000000,0.000000,0.014013,0
1790544707.5686,-0.063309,-0.048896,-0.000000,0.000000,-0.063309,0.000000,0.120000,0.000000,0.321346,-0.000000,-0.000000,-0.000000,-0.000000,-0.000000,0.000000,0.013985,0
1790544707.5826,-0.057248,-0.050436,0.000000,-0.000000,-0.057248,0.000000,0.120000,0.000000,0.351740,-0.000000,-0.000000,0.000000,-0.000000,-0.000000,-0.000000,0.013982,0
1790544707.5964,-0.055861,-0.051303,0.000000,-0.000000,-0.055861,0.000000,0.120000,0.000000,0.381894,-0.000000,-0.000000,0.000000,-0.000000,-0.000000,-0.000000,0.013870,0
1790544707.6103,-0.053303,-0.052079,0.000000,-0.000000,-0.053303,0.000000,0.120000,0.000000,0.412072,-0.000000,-0.000000,0.000000,-0.000000,-0.000000,-0.000000,0.013882,0
1790544707.6242,-0.045565,-0.054137,0.000000,-0.000000,-0.045565,0.000000,0.120000,0.000000,0.442312,-0.000000,-0.000000,0.000000,-0.000000,-0.000000,-0.000000,0.013910,0
1790544707.6381,-0.052473,-0.057933,-0.000000,-0.000000,-0.052473,0.000000,0.120000,0.000000,0.472581,-0.000000,-0.000000,-0.000000,-0.000000,-0.000000,-0.000000,0.013924,0
1790544707.6520,-0.062081,-0.064636,-0.000000,-0.000000,-0.062081,0.000000,0.120000,0.000000,0.502689,-0.000000,-0.000000,-0.000000,-0.000000,-0.000000,-0.000000,0.013850,0
1790544707.6657,-0.073515,-0.070869,-0.000000,-0.000000,-0.073515,0.000000,0.120000,0.000000,0.532361,-0.000000,-0.000000,-0.000000,-0.000000,-0.000000,-0.000000,0.013649,0
1790544707.6793,-0.084518,-0.075703,-0.000000,-0.000000,-0.084518,0.000000,0.120000,0.000000,0.561834,-0.000000,-0.000000,-0.000000,-0.000000,-0.000000,-0.000000,0.013558,0
1790544707.6930,-0.092736,-0.080979,-0.000000,-0.000000,-0.092736,0.000000,0.120000,0.000000,0.591659,-0.000000,-0.000000,-0.000000,-0.000000,-0.000000,-0.000000,0.013719,0
1790544707.7070,-0.099647,-0.087545,-0.000000,-0.000000,-0.099647,0.000000,0.120000,0.000000,0.622158,-0.000000,-0.000000,-0.000000,-0.000000,-0.000000,-0.000000,0.014030,0
1790544707.7210,-0.102776,-0.091821,-0.000000,-0.000000,-0.102776,0.000000,0.120000,0.000000,0.652581,-0.000000,-0.000000,-0.000000,-0.000000,-0.000000,-0.000000,0.013995,0
1790544707.7349,-0.098303,-0.091992,0.000000,-0.000000,-0.098303,0.000000,0.120000,0.000000,0.682821,-0.000000,-0.000000,0.000000,-0.000000,-0.000000,-0.000000,0.013910,0
1790544707.7491,-0.091858,-0.087939,0.000000,0.000000,-0.091858,0.000000,0.120000,0.000000,0.713263,-0.000000,-0.000000,0.000000,-0.000000,-0.000000,0.000000,0.014003,0
1790544707.7636,-0.088882,-0.082028,0.000000,0.000000,-0.088882,0.000000,0.120000,0.000000,0.745045,-0.000000,-0.000000,0.000000,-0.000000,-0.000000,0.000000,0.014620,0
1790544707.7777,-0.082633,-0.072890,0.000000,0.000000,-0.082633,0.000000,0.120000,0.000000,0.775707,-0.000000,-0.000000,0.000000,-0.000000,-0.000000,0.000000,0.014105,0
1790544707.7917,-0.075887,-0.061404,0.000000,0.000000,-0.075887,0.000000,0.120000,0.000000,0.806270,-0.000000,-0.000000,0.000000,-0.000000,-0.000000,0.000000,0.014059,0
1790544707.8057,-0.066665,-0.049770,0.000000,0.000000,-0.066665,0.000000,0.120000,0.000000,0.836709,-0.000000,-0.000000,0.000000,-0.000000,-0.000000,0.000000,0.014002,0
1790544707.8197,-0.068699,-0.046656,-0.000000,0.000000,-0.068699,0.000000,0.120000,0.000000,0.867107,-0.000000,-0.000000,-0.000000,-0.000000,-0.000000,0.000000,0.013983,0
1790544707.8336,-0.068025,-0.050969,0.000000,-0.000000,-0.068025,0.000000,0.120000,0.000000,0.897375,-0.000000,-0.000000,0.000000,-0.000000,-0.000000,-0.000000,0.013923,0
1790544707.8475,-0.054280,-0.053244,0.000000,-0.000000,-0.054280,0.000000,0.120000,0.000000,0.927812,-0.000000,-0.000000,0.000000,-0.000000,-0.000000,-0.000000,0.014001,0
1790544707.8615,-0.056855,-0.059245,-0.000000,-0.000000,-0.056855,0.000000,0.120000,0.000000,0.958118,-0.000000,-0.000000,-0.000000,-0.000000,-0.000000,-0.000000,0.013940,0
1790544707.8754,-0.052377,-0.067293,0.000000,-0.000000,-0.052377,0.000000,0.120000,0.000000,0.988432,-0.000000,-0.000000,0.000000,-0.000000,-0.000000,-0.000000,0.013945,0
1790544707.8892,-0.039688,-0.075278,0.000000,-0.000000,-0.039688,0.000000,0.120000,0.000000,0.018456,-0.000000,-0.000000,0.000000,-0.000000,-0.000000,-0.000000,0.013811,0
1790544707.9028,-0.033789,-0.083535,0.000000,-0.000000,-0.033789,0.000000,0.120000,0.000000,0.047979,-0.000000,-0.000000,0.000000,-0.000000,-0.000000,-0.000000,0.013581,0
1790544707.9164,-0.025892,-0.090118,0.000000,-0.000000,-0.025892,0.000000,0.120000,0.000000,0.077527,-0.000000,-0.000000,0.000000,-0.000000,-0.000000,-0.000000,0.013592,0
1790544707.9303,-0.016008,-0.097816,0.000000,-0.000000,-0.016008,0.000000,0.120000,0.000000,0.107752,-0.000000,-0.000000,0.000000,-0.000000,-0.000000,-0.000000,0.013903,0
1790544707.9441,-0.005533,-0.106327,0.000000,-0.000000,-0.005533,0.000000,0.120000,0.000000,0.137860,-0.000000,-0.000000,0.000000,-0.000000,-0.000000,-0.000000,0.013850,0
1790544707.9581,-0.018034,-0.106647,-0.000000,-0.000000,-0.018034,0.000000,0.120000,0.000000,0.168122,-0.000000,-0.000000,-0.000000,-0.000000,-0.000000,-0.000000,0.013921,0
1790544707.9721,-0.020795,-0.098222,-0.000000,0.000000,-0.020795,0.000000,0.120000,0.000000,0.198618,-0.000000,-0.000000,-0.000000,-0.000000,-0.000000,0.000000,0.014028,0
1790544707.9860,-0.019780,-0.088705,0.000000,0.000000,-0.019780,0.000000,0.120000,0.000000,0.228719,-0.000000,-0.000000,0.000000,-0.000000,-0.000000,0.000000,0.013846,0
1790544708.0000,-0.023056,-0.077931,-0.000000,0.000000,-0.023056,0.000000,0.120000,0.000000,0.259165,-0.000000,-0.000000,-0.000000,-0.000000,-0.000000,0.000000,0.014005,0
1790544708.0142,-0.027172,-0.063938,-0.000000,0.000000,-0.027172,0.000000,0.120000,0.000000,0.290019,-0.000000,-0.000000,-0.000000,-0.000000,-0.000000,0.000000,0.014193,0
1790544708.0284,-0.041525,-0.049257,-0.000000,0.000000,-0.041525,0.000000,0.120000,0.000000,0.320772,-0.000000,-0.000000,-0.000000,-0.000000,-0.000000,0.000000,0.014147,0
1790544708.0422,-0.048390,-0.042858,-0.000000,0.000000,-0.048390,0.000000,0.120000,0.000000,0.351135,-0.000000,-0.000000,-0.000000,-0.000000,-0.000000,0.000000,0.013967,0
1790544708.0561,-0.046296,-0.048145,0.000000,-0.000000,-0.046296,0.000000,0.120000,0.000000,0.381260,-0.000000,-0.000000,0.000000,-0.000000,-0.000000,-0.000000,0.013858,0
1790544708.0702,-0.048188,-0.051502,-0.000000,-0.000000,-0.048188,0.000000,0.120000,0.000000,0.411830,-0.000000,-0.000000,-0.000000,-0.000000,-0.000000,-0.000000,0.014062,0
1790544708.0840,-0.049312,-0.052398,-0.000000,-0.000000,-0.049312,0.000000,0.120000,0.000000,0.441909,-0.000000,-0.000000,-0.000000,-0.000000,-0.000000,-0.000000,0.013837,0
1790544708.0980,-0.051850,-0.057272,-0.000000,-0.000000,-0.051850,0.000000,0.120000,0.000000,0.472153,-0.000000,-0.000000,-0.000000,-0.000000,-0.000000,-0.000000,0.013912,0
1790544708.1118,-0.063183,-0.064914,-0.000000,-0.000000,-0.063183,0.000000,0.120000,0.000000,0.502319,-0.000000,-0.000000,-0.000000,-0.000000,-0.000000,-0.000000,0.013876,0
1790544708.1254,-0.075477,-0.074209,-0.000000,-0.000000,-0.075477,0.000000,0.120000,0.000000,0.531892,-0.000000,-0.000000,-0.000000,-0.000000,-0.000000,-0.000000,0.013604,0
1790544708.1390,-0.088698,-0.081613,-0.000000,-0.000000,-0.088698,0.000000,0.120000,0.000000,0.561423,-0.000000,-0.000000,-0.000000,-0.000000,-0.000000,-0.000000,0.013584,0
1790544708.1526,-0.097072,-0.087489,-0.000000,-0.000000,-0.097072,0.000000,0.120000,0.000000,0.591023,-0.000000,-0.000000,-0.000000,-0.000000,-0.000000,-0.000000,0.013616,0
1790544708.1665,-0.098620,-0.094762,-0.000000,-0.000000,-0.098620,0.000000,0.120000,0.000000,0.621266,-0.000000,-0.000000,-0.000000,-0.000000,-0.000000,-0.000000,0.013912,0
1790544708.1806,-0.093019,-0.099020,0.000000,-0.000000,-0.093019,0.000000,0.120000,0.000000,0.651748,-0.000000,-0.000000,0.000000,-0.000000,-0.000000,-0.000000,0.014021,0
1790544708.1945,-0.086140,-0.098635,0.000000,0.000000,-0.086140,0.000000,0.120000,0.000000,0.682088,-0.000000,-0.000000,0.000000,-0.000000,-0.000000,0.000000,0.013957,0
1790544708.2085,-0.083511,-0.096097,0.000000,0.000000,-0.083511,0.000000,0.120000,0.000000,0.712427,-0.000000,-0.000000,0.000000,-0.000000,-0.000000,0.000000,0.013956,0
1790544708.2223,-0.078981,-0.091020,0.000000,0.000000,-0.078981,0.000000,0.120000,0.000000,0.742492,-0.000000,-0.000000,0.000000,-0.000000,-0.000000,0.000000,0.013830,0
1790544708.2362,-0.074782,-0.082763,0.000000,0.000000,-0.074782,0.000000,0.120000,0.000000,0.772835,-0.000000,-0.000000,0.000000,-0.000000,-0.000000,0.000000,0.013958,0
1790544708.2506,-0.068807,-0.071475,0.000000,0.000000,-0.068807,0.000000,0.120000,0.000000,0.803557,-0.000000,-0.000000,0.000000,-0.000000,-0.000000,0.000000,0.014132,0
1790544708.2650,-0.061208,-0.057479,0.000000,0.000000,-0.061208,0.000000,0.120000,0.000000,0.835106,-0.000000,-0.000000,0.000000,-0.000000,-0.000000,0.000000,0.014513,0
1790544708.2791,-0.063890,-0.051241,-0.000000,0.000000,-0.063890,0.000000,0.120000,0.000000,0.865713,-0.000000,-0.000000,-0.000000,-0.000000,-0.000000,0.000000,0.014080,0
1790544708.2931,-0.070602,-0.054211,-0.000000,-0.000000,-0.070602,0.000000,0.120000,0.000000,0.896173,-0.000000,-0.000000,-0.000000,-0.000000,-0.000000,-0.000000,0.014011,0
1790544708.3071,-0.061634,-0.059394,0.000000,-0.000000,-0.061634,0.000000,0.120000,0.000000,0.926800,-0.000000,-0.000000,0.000000,-0.000000,-0.000000,-0.000000,0.014088,0
1790544708.3210,-0.062933,-0.062587,-0.000000,-0.000000,-0.062933,0.000000,0.120000,0.000000,0.957036,-0.000000,-0.000000,-0.000000,-0.000000,-0.000000,-0.000000,0.013909,0
1790544708.3349,-0.057720,-0.068910,0.000000,-0.000000,-0.057720,0.000000,0.120000,0.000000,0.987311,-0.000000,-0.000000,0.000000,-0.000000,-0.000000,-0.000000,0.013927,0
1790544708.3488,-0.044662,-0.077890,0.000000,-0.000000,-0.044662,0.000000,0.120000,0.000000,0.017628,-0.000000,-0.000000,0.000000,-0.000000,-0.000000,-0.000000,0.013946,0
1790544708.3625,-0.033178,-0.086843,0.000000,-0.000000,-0.033178,0.000000,0.120000,0.000000,0.047190,-0.000000,-0.000000,0.000000,-0.000000,-0.000000,-0.000000,0.013598,0
1790544708.3761,-0.024998,-0.092827,0.000000,-0.000000,-0.024998,0.000000,0.120000,0.000000,0.076891,-0.000000,-0.000000,0.000000,-0.000000,-0.000000,-0.000000,0.013663,0
1790544708.3899,-0.018543,-0.100311,0.000000,-0.000000,-0.018543,0.000000,0.120000,0.000000,0.106901,-0.000000,-0.000000,0.000000,-0.000000,-0.000000,-0.000000,0.013804,0
1790544708.4039,-0.019400,-0.110867,-0.000000,-0.000000,-0.019400,0.000000,0.120000,0.000000,0.137249,-0.000000,-0.000000,-0.000000,-0.000000,-0.000000,-0.000000,0.013960,0
1790544708.4178,-0.030225,-0.108159,-0.000000,0.000000,-0.030225,0.000000,0.120000,0.000000,0.167536,-0.000000,-0.000000,-0.000000,-0.000000,-0.000000,0.000000,0.013932,0
1790544708.4319,-0.027237,-0.099296,0.000000,0.000000,-0.027237,0.000000,0.120000,0.000000,0.197979,-0.000000,-0.000000,0.000000,-0.000000,-0.000000,0.000000,0.014004,0
1790544708.4457,-0.025742,-0.089149,0.000000,0.000000,-0.025742,0.000000,0.120000,0.000000,0.228156,-0.000000,-0.000000,0.000000,-0.000000,-0.000000,0.000000,0.013881,0
1790544708.4597,-0.027799,-0.077894,-0.000000,0.000000,-0.027799,0.000000,0.120000,0.000000,0.258532,-0.000000,-0.000000,-0.000000,-0.000000,-0.000000,0.000000,0.013973,0
1790544708.4736,-0.034106,-0.069083,-0.000000,0.000000,-0.034106,0.000000,0.120000,0.000000,0.288867,-0.000000,-0.000000,-0.000000,-0.000000,-0.000000,0.000000,0.013954,0
1790544708.4876,-0.042045,-0.058630,-0.000000,0.000000,-0.042045,0.000000,0.120000,0.000000,0.319201,-0.000000,-0.000000,-0.000000,-0.000000,-0.000000,0.000000,0.013953,0
1790544708.5018,-0.037685,-0.056961,0.000000,0.000000,-0.037685,0.000000,0.120000,0.000000,0.349506,-0.000000,-0.000000,0.000000,-0.000000,-0.000000,0.000000,0.013940,0
1790544708.5160,-0.034543,-0.059602,0.000000,-0.000000,-0.034543,0.000000,0.120000,0.000000,0.380835,-0.000000,-0.000000,0.000000,-0.000000,-0.000000,-0.000000,0.014411,0
1790544708.5299,-0.039721,-0.058113,-0.000000,0.000000,-0.039721,0.000000,0.120000,0.000000,0.411132,-0.000000,-0.000000,-0.000000,-0.000000,-0.000000,0.000000,0.013937,0
1790544708.5438,-0.039840,-0.061036,-0.000000,-0.000000,-0.039840,0.000000,0.120000,0.000000,0.441352,-0.000000,-0.000000,-0.000000,-0.000000,-0.000000,-0.000000,0.013901,0
1790544708.5577,-0.045053,-0.066281,-0.000000,-0.000000,-0.045053,0.000000,0.120000,0.000000,0.471524,-0.000000,-0.000000,-0.000000,-0.000000,-0.000000,-0.000000,0.013879,0
1790544708.5717,-0.054729,-0.073549,-0.000000,-0.000000,-0.054729,0.000000,0.120000,0.000000,0.502082,-0.000000,-0.000000,-0.000000,-0.000000,-0.000000,-0.000000,0.014057,0
1790544708.5853,-0.064858,-0.079335,-0.000000,-0.000000,-0.064858,0.000000,0.120000,0.000000,0.531762,-0.000000,-0.000000,-0.000000,-0.000000,-0.000000,-0.000000,0.013653,0
1790544708.5989,-0.073519,-0.085831,-0.000000,-0.000000,-0.073519,0.000000,0.120000,0.000000,0.561339,-0.000000,-0.000000,-0.000000,-0.000000,-0.000000,-0.000000,0.013606,0
1790544708.6124,-0.081789,-0.091697,-0.000000,-0.000000,-0.081789,0.000000,0.120000,0.000000,0.590612,-0.000000,-0.000000,-0.000000,-0.000000,-0.000000,-0.000000,0.013465,0
1790544708.6264,-0.087417,-0.098186,-0.000000,-0.000000,-0.087417,0.000000,0.120000,0.000000,0.621036,-0.000000,-0.000000,-0.000000,-0.000000,-0.000000,-0.000000,0.013995,0
1790544708.6405,-0.081156,-0.104340,0.000000,-0.000000,-0.081156,0.000000,0.120000,0.000000,0.651590,-0.000000,-0.000000,0.000000,-0.000000,-0.000000,-0.000000,0.014055,0
1790544708.6545,-0.073245,-0.103577,0.000000,0.000000,-0.073245,0.000000,0.120000,0.000000,0.682033,-0.000000,-0.000000,0.000000,-0.000000,-0.000000,0.000000,0.014004,0
1790544708.6684,-0.067552,-0.100080,0.000000,0.000000,-0.067552,0.000000,0.120000,0.000000,0.712261,-0.000000,-0.000000,0.000000,-0.000000,-0.000000,0.000000,0.013905,0
1790544708.6824,-0.064349,-0.094127,0.000000,0.000000,-0.064349,0.000000,0.120000,0.000000,0.742773,-0.000000,-0.000000,0.000000,-0.000000,-0.000000,0.000000,0.014036,0
1790544708.6962,-0.056597,-0.082921,0.000000,0.000000,-0.056597,0.000000,0.120000,0.000000,0.772820,-0.000000,-0.000000,0.000000,-0.000000,-0.000000,0.000000,0.013821,0
1790544708.7102,-0.048082,-0.069636,0.000000,0.000000,-0.048082,0.000000,0.120000,0.000000,0.803107,-0.000000,-0.000000,0.000000,-0.000000,-0.000000,0.000000,0.013932,0
1790544708.7241,-0.039767,-0.056028,0.000000,0.000000,-0.039767,0.000000,0.120000,0.000000,0.833358,-0.000000,-0.000000,0.000000,-0.000000,-0.000000,0.000000,0.013916,0
1790544708.7380,-0.044920,-0.054854,-0.000000,0.000000,-0.044920,0.000000,0.120000,0.000000,0.863705,-0.000000,-0.000000,-0.000000,-0.000000,-0.000000,0.000000,0.013959,0
1790544708.7524,-0.050385,-0.056204,-0.000000,-0.000000,-0.050385,0.000000,0.120000,0.000000,0.894243,-0.000000,-0.000000,-0.000000,-0.000000,-0.000000,-0.000000,0.014048,0
1790544708.7670,-0.040662,-0.057950,0.000000,-0.000000,-0.040662,0.000000,0.120000,0.000000,0.926042,-0.000000,-0.000000,0.000000,-0.000000,-0.000000,-0.000000,0.014627,0
1790544708.7810,-0.042502,-0.061327,-0.000000,-0.000000,-0.042502,0.000000,0.120000,0.000000,0.956996,-0.000000,-0.000000,-0.000000,-0.000000,-0.000000,-0.000000,0.014239,0
1790544708.7950,-0.038300,-0.069031,0.000000,-0.000000,-0.038300,0.000000,0.120000,0.000000,0.987565,-0.000000,-0.000000,0.000000,-0.000000,-0.000000,-0.000000,0.014062,0
1790544708.8089,-0.029109,-0.077560,0.000000,-0.000000,-0.029109,0.000000,0.120000,0.000000,0.017749,-0.000000,-0.000000,0.000000,-0.000000,-0.000000,-0.000000,0.013885,0
1790544708.8225,-0.023208,-0.084023,0.000000,-0.000000,-0.023208,0.000000,0.120000,0.000000,0.047203,-0.000000,-0.000000,0.000000,-0.000000,-0.000000,-0.000000,0.013549,0
1790544708.8365,-0.015210,-0.087002,0.000000,-0.000000,-0.015210,0.000000,0.120000,0.000000,0.076883,-0.000000,-0.000000,0.000000,-0.000000,-0.000000,-0.000000,0.013653,0
1790544708.8522,-0.005075,-0.093093,0.000000,-0.000000,-0.005075,0.000000,0.120000,0.000000,0.110588,-0.000000,-0.000000,0.000000,-0.000000,-0.000000,-0.000000,0.015504,0
1790544708.8667,0.005522,-0.100619,0.000000,-0.000000,0.005522,0.000000,0.120000,0.000000,0.142650,0.000000,-0.000000,0.000000,-0.000000,-0.000000,-0.000000,0.014749,0
1790544708.8812,-0.000972,-0.108753,-0.000000,-0.000000,-0.000972,0.000000,0.120000,0.000000,0.174340,-0.000000,-0.000000,-0.000000,-0.000000,-0.000000,-0.000000,0.014577,0
1790544708.8962,-0.005327,-0.103316,-0.000000,0.000000,-0.005327,0.000000,0.120000,0.000000,0.205895,-0.000000,-0.000000,-0.000000,-0.000000,-0.000000,0.000000,0.014515,0
1790544708.9110,-0.005381,-0.091936,-0.000000,0.000000,-0.005381,0.000000,0.120000,0.000000,0.239373,-0.000000,-0.000000,-0.000000,-0.000000,-0.000000,0.000000,0.015400,0
1790544708.9248,-0.008333,-0.081381,-0.000000,0.000000,-0.008333,0.000000,0.120000,0.000000,0.269522,-0.000000,-0.000000,-0.000000,-0.000000,-0.000000,0.000000,0.013869,0
1790544708.9387,-0.013423,-0.068263,-0.000000,0.000000,-0.013423,0.000000,0.120000,0.000000,0.299732,-0.000000,-0.000000,-0.000000,-0.000000,-0.000000,0.000000,0.013896,0
1790544708.9529,-0.018627,-0.054873,-0.000000,0.000000,-0.018627,0.000000,0.120000,0.000000,0.330215,-0.000000,-0.000000,-0.000000,-0.000000,-0.000000,0.000000,0.014022,0
1790544708.9675,-0.013019,-0.054247,0.000000,0.000000,-0.013019,0.000000,0.120000,0.000000,0.362127,-0.000000,-0.000000,0.000000,-0.000000,-0.000000,0.000000,0.014680,0
1790544708.9817,-0.015355,-0.055523,-0.000000,-0.000000,-0.015355,0.000000,0.120000,0.000000,0.393003,-0.000000,-0.000000,-0.000000,-0.000000,-0.000000,-0.000000,0.014203,0
1790544708.9959,-0.019896,-0.057564,-0.000000,-0.000000,-0.019896,0.000000,0.120000,0.000000,0.424018,-0.000000,-0.000000,-0.000000,-0.000000,-0.000000,-0.000000,0.014267,0
1790544709.0105,-0.018994,-0.062253,0.000000,-0.000000,-0.018994,0.000000,0.120000,0.000000,0.455353,-0.000000,-0.000000,0.000000,-0.000000,-0.000000,-0.000000,0.014414,0
1790544709.0248,-0.026868,-0.065486,-0.000000,-0.000000,-0.026868,0.000000,0.120000,0.000000,0.486744,-0.000000,-0.000000,-0.000000,-0.000000,-0.000000,-0.000000,0.014440,0
1790544709.0389,-0.037351,-0.074050,-0.000000,-0.000000,-0.037351,0.000000,0.120000,0.000000,0.517424,-0.000000,-0.000000,-0.000000,-0.000000,-0.000000,-0.000000,0.014113,0
1790544709.0526,-0.050811,-0.083721,-0.000000,-0.000000,-0.050811,0.000000,0.120000,0.000000,0.547330,-0.000000,-0.000000,-0.000000,-0.000000,-0.000000,-0.000000,0.013757,0
1790544709.0664,-0.061712,-0.088590,-0.000000,-0.000000,-0.061712,0.000000,0.120000,0.000000,0.577248,-0.000000,-0.000000,-0.000000,-0.000000,-0.000000,-0.000000,0.013762,0
1790544709.0806,-0.069324,-0.093885,-0.000000,-0.000000,-0.069324,0.000000,0.120000,0.000000,0.608218,-0.000000,-0.000000,-0.000000,-0.000000,-0.000000,-0.000000,0.014246,0
1790544709.0947,-0.074273,-0.097737,-0.000000,-0.000000,-0.074273,0.000000,0.120000,0.000000,0.638835,-0.000000,-0.000000,-0.000000,-0.000000,-0.000000,-0.000000,0.014084,0
1790544709.1086,-0.069233,-0.101855,0.000000,-0.000000,-0.069233,0.000000,0.120000,0.000000,0.669156,-0.000000,-0.000000,0.000000,-0.000000,-0.000000,-0.000000,0.013947,0
1790544709.1226,-0.059695,-0.099754,0.000000,0.000000,-0.059695,0.000000,0.120000,0.000000,0.699593,-0.000000,-0.000000,0.000000,-0.000000,-0.000000,0.000000,0.014001,0
1790544709.1365,-0.056244,-0.094578,0.000000,0.000000,-0.056244,0.000000,0.120000,0.000000,0.729767,-0.000000,-0.000000,0.000000,-0.000000,-0.000000,0.000000,0.013880,0
1790544709.1504,-0.050449,-0.087422,0.000000,0.000000,-0.050449,0.000000,0.120000,0.000000,0.760153,-0.000000,-0.000000,0.000000,-0.000000,-0.000000,0.000000,0.013978,0
1790544709.1643,-0.042044,-0.075302,0.000000,0.000000,-0.042044,0.000000,0.120000,0.000000,0.790252,-0.000000,-0.000000,0.000000,-0.000000,-0.000000,0.000000,0.013846,0
1790544709.1782,-0.032664,-0.061652,0.000000,0.000000,-0.032664,0.000000,0.120000,0.000000,0.820554,-0.000000,-0.000000,0.000000,-0.000000,-0.000000,0.000000,0.013939,0
1790544709.1922,-0.031196,-0.057196,0.000000,0.000000,-0.031196,0.000000,0.120000,0.000000,0.850903,-0.000000,-0.000000,0.000000,-0.000000,-0.000000,0.000000,0.013961,0
1790544709.2060,-0.035937,-0.057874,-0.000000,-0.000000,-0.035937,0.000000,0.120000,0.000000,0.881160,-0.000000,-0.000000,-0.000000,-0.000000,-0.000000,-0.000000,0.013918,0
1790544709.2199,-0.029848,-0.061818,0.000000,-0.000000,-0.029848,0.000000,0.120000,0.000000,0.911256,-0.000000,-0.000000,0.000000,-0.000000,-0.000000,-0.000000,0.013844,0
1790544709.2339,-0.029388,-0.066443,0.000000,-0.000000,-0.029388,0.000000,0.120000,0.000000,0.941610,-0.000000,-0.000000,0.000000,-0.000000,-0.000000,-0.000000,0.013963,0
1790544709.2478,-0.029137,-0.074045,0.000000,-0.000000,-0.029137,0.000000,0.120000,0.000000,0.971923,-0.000000,-0.000000,0.000000,-0.000000,-0.000000,-0.000000,0.013944,0
1790544709.2626,-0.018394,-0.082135,0.000000,-0.000000,-0.018394,0.000000,0.120000,0.000000,0.003062,-0.000000,-0.000000,0.000000,-0.000000,-0.000000,-0.000000,0.014324,0
1790544709.2771,-0.007779,-0.094368,0.000000,-0.000000,-0.007779,0.000000,0.120000,0.000000,0.035367,-0.000000,-0.000000,0.000000,-0.000000,-0.000000,-0.000000,0.014860,0
1790544709.2910,-0.001584,-0.102894,0.000000,-0.000000,-0.001584,0.000000,0.120000,0.000000,0.065550,-0.000000,-0.000000,0.000000,-0.000000,-0.000000,-0.000000,0.013884,0
1790544709.3051,0.007116,-0.109801,0.000000,-0.000000,0.007116,0.000000,0.120000,0.000000,0.096223,0.000000,-0.000000,0.000000,-0.000000,-0.000000,-0.000000,0.014110,0
1790544709.3193,0.012938,-0.120275,0.000000,-0.000000,0.012938,0.000000,0.120000,0.000000,0.127331,0.000000,-0.000000,0.000000,-0.000000,-0.000000,-0.000000,0.014310,0
1790544709.3334,0.001155,-0.119421,0.000000,0.000000,0.001155,0.000000,0.120000,0.000000,0.157934,0.000000,-0.000000,-0.000000,-0.000000,-0.000000,0.000000,0.014077,0
1790544709.3474,-0.002745,-0.112046,-0.000000,0.000000,-0.002745,0.000000,0.120000,0.000000,0.188320,-0.000000,-0.000000,-0.000000,-0.000000,-0.000000,0.000000,0.013978,0
1790544709.3616,-0.005489,-0.102030,-0.000000,0.000000,-0.005489,0.000000,0.120000,0.000000,0.218967,-0.000000,-0.000000,-0.000000,-0.000000,-0.000000,0.000000,0.014097,0
1790544709.3759,-0.007892,-0.090684,-0.000000,0.000000,-0.007892,0.000000,0.120000,0.000000,0.249946,-0.000000,-0.000000,-0.000000,-0.000000,-0.000000,0.000000,0.014251,0
1790544709.3899,-0.011791,-0.076620,-0.000000,0.000000,-0.011791,0.000000,0.120000,0.000000,0.280577,-0.000000,-0.000000,-0.000000,-0.000000,-0.000000,0.000000,0.014090,0
1790544709.4037,-0.017923,-0.065418,-0.000000,0.000000,-0.017923,0.000000,0.120000,0.000000,0.310809,-0.000000,-0.000000,-0.000000,-0.000000,-0.000000,0.000000,0.013907,0
1790544709.4176,-0.022181,-0.055349,-0.000000,0.000000,-0.022181,0.000000,0.120000,0.000000,0.340937,-0.000000,-0.000000,-0.000000,-0.000000,-0.000000,0.000000,0.013859,0
1790544709.4315,-0.017024,-0.054852,0.000000,0.000000,-0.017024,0.000000,0.120000,0.000000,0.371181,-0.000000,-0.000000,0.000000,-0.000000,-0.000000,0.000000,0.013912,0
1790544709.4454,-0.020935,-0.058827,-0.000000,-0.000000,-0.020935,0.000000,0.120000,0.000000,0.401458,-0.000000,-0.000000,-0.000000,-0.000000,-0.000000,-0.000000,0.013927,0
1790544709.4593,-0.023459,-0.060949,-0.000000,-0.000000,-0.023459,0.000000,0.120000,0.000000,0.431724,-0.000000,-0.000000,-0.000000,-0.000000,-0.000000,-0.000000,0.013922,0
1790544709.4732,-0.021817,-0.063002,0.000000,-0.000000,-0.021817,0.000000,0.120000,0.000000,0.461891,-0.000000,-0.000000,0.000000,-0.000000,-0.000000,-0.000000,0.013877,0
1790544709.4871,-0.030569,-0.067151,-0.000000,-0.000000,-0.030569,0.000000,0.120000,0.000000,0.492186,-0.000000,-0.000000,-0.000000,-0.000000,-0.000000,-0.000000,0.013936,0
1790544709.5011,-0.043389,-0.076048,-0.000000,-0.000000,-0.043389,0.000000,0.120000,0.000000,0.522455,-0.000000,-0.000000,-0.000000,-0.000000,-0.000000,-0.000000,0.013924,0
1790544709.5150,-0.054371,-0.083898,-0.000000,-0.000000,-0.054371,0.000000,0.120000,0.000000,0.551786,-0.000000,-0.000000,-0.000000,-0.000000,-0.000000,-0.000000,0.013492,0
1790544709.5289,-0.063391,-0.088799,-0.000000,-0.000000,-0.063391,0.000000,0.120000,0.000000,0.582725,-0.000000,-0.000000,-0.000000,-0.000000,-0.000000,-0.000000,0.014232,0
1790544709.5428,-0.069965,-0.094099,-0.000000,-0.000000,-0.069965,0.000000,0.120000,0.000000,0.613041,-0.000000,-0.000000,-0.000000,-0.000000,-0.000000,-0.000000,0.013945,0
1790544709.5568,-0.078612,-0.099044,-0.000000,-0.000000,-0.078612,0.000000,0.120000,0.000000,0.643518,-0.000000,-0.000000,-0.000000,-0.000000,-0.000000,-0.000000,0.014020,0
1790544709.5708,-0.075012,-0.103561,0.000000,-0.000000,-0.075012,0.000000,0.120000,0.000000,0.673724,-0.000000,-0.000000,0.000000,-0.000000,-0.000000,-0.000000,0.013895,0
1790544709.5851,-0.068868,-0.100357,0.000000,0.000000,-0.068868,0.000000,0.120000,0.000000,0.704783,-0.000000,-0.000000,0.000000,-0.000000,-0.000000,0.000000,0.014287,0
1790544709.5994,-0.064364,-0.094688,0.000000,0.000000,-0.064364,0.000000,0.120000,0.000000,0.736136,-0.000000,-0.000000,0.000000,-0.000000,-0.000000,0.000000,0.014422,0
1790544709.6135,-0.059236,-0.087430,0.000000,0.000000,-0.059236,0.000000,0.120000,0.000000,0.766750,-0.000000,-0.000000,0.000000,-0.000000,-0.000000,0.000000,0.014082,0
1790544709.6276,-0.053992,-0.076281,0.000000,0.000000,-0.053992,0.000000,0.120000,0.000000,0.797209,-0.000000,-0.000000,0.000000,-0.000000,-0.000000,0.000000,0.014011,0
1790544709.6418,-0.044402,-0.065782,0.000000,0.000000,-0.044402,0.000000,0.120000,0.000000,0.828270,-0.000000,-0.000000,0.000000,-0.000000,-0.000000,0.000000,0.014288,0
1790544709.6560,-0.044583,-0.057785,-0.000000,0.000000,-0.044583,0.000000,0.120000,0.000000,0.859041,-0.000000,-0.000000,-0.000000,-0.000000,-0.000000,0.000000,0.014154,0
1790544709.6701,-0.048235,-0.059027,-0.000000,-0.000000,-0.048235,0.000000,0.120000,0.000000,0.889653,-0.000000,-0.000000,-0.000000,-0.000000,-0.000000,-0.000000,0.014081,0
1790544709.6842,-0.040683,-0.061330,0.000000,-0.000000,-0.040683,0.000000,0.120000,0.000000,0.920499,-0.000000,-0.000000,0.000000,-0.000000,-0.000000,-0.000000,0.014189,0
1790544709.6983,-0.040860,-0.066832,-0.000000,-0.000000,-0.040860,0.000000,0.120000,0.000000,0.951261,-0.000000,-0.000000,-0.000000,-0.000000,-0.000000,-0.000000,0.014151,0
1790544709.7124,-0.038594,-0.075314,0.000000,-0.000000,-0.038594,0.000000,0.120000,0.000000,0.981723,-0.000000,-0.000000,0.000000,-0.000000,-0.000000,-0.000000,0.014013,0
1790544709.7264,-0.026269,-0.085133,0.000000,-0.000000,-0.026269,0.000000,0.120000,0.000000,0.012110,-0.000000,-0.000000,0.000000,-0.000000,-0.000000,-0.000000,0.013978,0
1790544709.7401,-0.017555,-0.096888,0.000000,-0.000000,-0.017555,0.000000,0.120000,0.000000,0.041884,-0.000000,-0.000000,0.000000,-0.000000,-0.000000,-0.000000,0.013696,0
1790544709.7538,-0.009244,-0.105287,0.000000,-0.000000,-0.009244,0.000000,0.120000,0.000000,0.071690,-0.000000,-0.000000,0.000000,-0.000000,-0.000000,-0.000000,0.013711,0
1790544709.7684,0.000627,-0.113363,0.000000,-0.000000,0.000627,0.000000,0.120000,0.000000,0.102962,0.000000,-0.000000,0.000000,-0.000000,-0.000000,-0.000000,0.014385,0
1790544709.7829,-0.000168,-0.125686,-0.000000,-0.000000,-0.000168,0.000000,0.120000,0.000000,0.134680,-0.000000,-0.000000,-0.000000,-0.000000,-0.000000,-0.000000,0.014591,0
1790544709.7971,-0.010745,-0.132722,-0.000000,-0.000000,-0.010745,0.000000,0.120000,0.000000,0.165829,-0.000000,-0.000000,-0.000000,-0.000000,-0.000000,-0.000000,0.014328,0
1790544709.8111,-0.011900,-0.127422,-0.000000,0.000000,-0.011900,0.000000,0.120000,0.000000,0.196305,-0.000000,-0.000000,-0.000000,-0.000000,-0.000000,0.000000,0.014019,0
1790544709.8252,-0.012640,-0.116741,-0.000000,0.000000,-0.012640,0.000000,0.120000,0.000000,0.226987,-0.000000,-0.000000,-0.000000,-0.000000,-0.000000,0.000000,0.014114,0
1790544709.8391,-0.014253,-0.103058,-0.000000,0.000000,-0.014253,0.000000,0.120000,0.000000,0.257327,-0.000000,-0.000000,-0.000000,-0.000000,-0.000000,0.000000,0.013956,0
1790544709.8531,-0.018244,-0.087161,-0.000000,0.000000,-0.018244,0.000000,0.120000,0.000000,0.287698,-0.000000,-0.000000,-0.000000,-0.000000,-0.000000,0.000000,0.013971,0
1790544709.8673,-0.026188,-0.073397,-0.000000,0.000000,-0.026188,0.000000,0.120000,0.000000,0.318218,-0.000000,-0.000000,-0.000000,-0.000000,-0.000000,0.000000,0.014039,0
1790544709.8818,-0.030226,-0.059405,-0.000000,0.000000,-0.030226,0.000000,0.120000,0.000000,0.349932,-0.000000,-0.000000,-0.000000,-0.000000,-0.000000,0.000000,0.014589,0
1790544709.8959,-0.023264,-0.059196,0.000000,0.000000,-0.023264,0.000000,0.120000,0.000000,0.380675,-0.000000,-0.000000,0.000000,-0.000000,-0.000000,0.000000,0.014142,0
1790544709.9098,-0.025849,-0.059785,-0.000000,-0.000000,-0.025849,0.000000,0.120000,0.000000,0.411014,-0.000000,-0.000000,-0.000000,-0.000000,-0.000000,-0.000000,0.013956,0
1790544709.9239,-0.027105,-0.055796,-0.000000,0.000000,-0.027105,0.000000,0.120000,0.000000,0.441517,-0.000000,-0.000000,-0.000000,-0.000000,-0.000000,0.000000,0.014032,0
1790544709.9381,-0.027109,-0.054206,-0.000000,0.000000,-0.027109,0.000000,0.120000,0.000000,0.472435,-0.000000,-0.000000,-0.000000,-0.000000,-0.000000,0.000000,0.014222,0
1790544709.9521,-0.033090,-0.059590,-0.000000,-0.000000,-0.033090,0.000000,0.120000,0.000000,0.503029,-0.000000,-0.000000,-0.000000,-0.000000,-0.000000,-0.000000,0.014073,0
1790544709.9660,-0.045236,-0.068375,-0.000000,-0.000000,-0.045236,0.000000,0.120000,0.000000,0.532839,-0.000000,-0.000000,-0.000000,-0.000000,-0.000000,-0.000000,0.013713,0
1790544709.9799,-0.050901,-0.075281,-0.000000,-0.000000,-0.050901,0.000000,0.120000,0.000000,0.563142,-0.000000,-0.000000,-0.000000,-0.000000,-0.000000,-0.000000,0.013939,0
1790544709.9937,-0.055893,-0.077858,-0.000000,-0.000000,-0.055893,0.000000,0.120000,0.000000,0.592990,-0.000000,-0.000000,-0.000000,-0.000000,-0.000000,-0.000000,0.013730,0
1790544710.0078,-0.062158,-0.082725,-0.000000,-0.000000,-0.062158,0.000000,0.120000,0.000000,0.623762,-0.000000,-0.000000,-0.000000,-0.000000,-0.000000,-0.000000,0.014155,0
1790544710.0222,-0.068939,-0.087401,-0.000000,-0.000000,-0.068939,0.000000,0.120000,0.000000,0.654837,-0.000000,-0.000000,-0.000000,-0.000000,-0.000000,-0.000000,0.014294,0
1790544710.0365,-0.059182,-0.089573,0.000000,-0.000000,-0.059182,0.000000,0.120000,0.000000,0.686063,-0.000000,-0.000000,0.000000,-0.000000,-0.000000,-0.000000,0.014364,0
1790544710.0507,-0.051978,-0.083662,0.000000,0.000000,-0.051978,0.000000,0.120000,0.000000,0.717283,-0.000000,-0.000000,0.000000,-0.000000,-0.000000,0.000000,0.014361,0
1790544710.0648,-0.049490,-0.076049,0.000000,0.000000,-0.049490,0.000000,0.120000,0.000000,0.747822,-0.000000,-0.000000,0.000000,-0.000000,-0.000000,0.000000,0.014048,0
1790544710.0789,-0.044780,-0.068114,0.000000,0.000000,-0.044780,0.000000,0.120000,0.000000,0.778341,-0.000000,-0.000000,0.000000,-0.000000,-0.000000,0.000000,0.014038,0
1790544710.0930,-0.039928,-0.056804,0.000000,0.000000,-0.039928,0.000000,0.120000,0.000000,0.809227,-0.000000,-0.000000,0.000000,-0.000000,-0.000000,0.000000,0.014208,0
1790544710.1071,-0.047698,-0.054399,-0.000000,0.000000,-0.047698,0.000000,0.120000,0.000000,0.839877,-0.000000,-0.000000,-0.000000,-0.000000,-0.000000,0.000000,0.014099,0
1790544710.1216,-0.054173,-0.053292,-0.000000,0.000000,-0.054173,0.000000,0.120000,0.000000,0.870925,-0.000000,-0.000000,-0.000000,-0.000000,-0.000000,0.000000,0.014282,0
1790544710.1360,-0.048032,-0.054976,0.000000,-0.000000,-0.048032,0.000000,0.120000,0.000000,0.902422,-0.000000,-0.000000,0.000000,-0.000000,-0.000000,-0.000000,0.014489,0
1790544710.1500,-0.050101,-0.058750,-0.000000,-0.000000,-0.050101,0.000000,0.120000,0.000000,0.933032,-0.000000,-0.000000,-0.000000,-0.000000,-0.000000,-0.000000,0.014081,0
1790544710.1640,-0.047537,-0.065343,0.000000,-0.000000,-0.047537,0.000000,0.120000,0.000000,0.963314,-0.000000,-0.000000,0.000000,-0.000000,-0.000000,-0.000000,0.013930,0
1790544710.1779,-0.038508,-0.072945,0.000000,-0.000000,-0.038508,0.000000,0.120000,0.000000,0.993806,-0.000000,-0.000000,0.000000,-0.000000,-0.000000,-0.000000,0.014026,0
1790544710.1920,-0.032486,-0.076105,0.000000,-0.000000,-0.032486,0.000000,0.120000,0.000000,0.024117,-0.000000,-0.000000,0.000000,-0.000000,-0.000000,-0.000000,0.013943,0
1790544710.2057,-0.029269,-0.077989,0.000000,-0.000000,-0.029269,0.000000,0.120000,0.000000,0.054211,-0.000000,-0.000000,0.000000,-0.000000,-0.000000,-0.000000,0.013843,0
1790544710.2194,-0.026458,-0.080409,0.000000,-0.000000,-0.026458,0.000000,0.120000,0.000000,0.083992,-0.000000,-0.000000,0.000000,-0.000000,-0.000000,-0.000000,0.013699,0
1790544710.2334,-0.018438,-0.085933,0.000000,-0.000000,-0.018438,0.000000,0.120000,0.000000,0.114552,-0.000000,-0.000000,0.000000,-0.000000,-0.000000,-0.000000,0.014058,0
1790544710.2474,-0.010204,-0.092556,0.000000,-0.000000,-0.010204,0.000000,0.120000,0.000000,0.144976,-0.000000,-0.000000,0.000000,-0.000000,-0.000000,-0.000000,0.013995,0
1790544710.2614,-0.009229,-0.095115,0.000000,-0.000000,-0.009229,0.000000,0.120000,0.000000,0.175340,-0.000000,-0.000000,0.000000,-0.000000,-0.000000,-0.000000,0.013968,0
1790544710.2757,-0.017556,-0.093715,-0.000000,0.000000,-0.017556,0.000000,0.120000,0.000000,0.205679,-0.000000,-0.000000,-0.000000,-0.000000,-0.000000,0.000000,0.013956,0
1790544710.2903,-0.020583,-0.086533,-0.000000,0.000000,-0.020583,0.000000,0.120000,0.000000,0.237483,-0.000000,-0.000000,-0.000000,-0.000000,-0.000000,0.000000,0.014630,0
1790544710.3046,-0.024537,-0.080167,-0.000000,0.000000,-0.024537,0.000000,0.120000,0.000000,0.269113,-0.000000,-0.000000,-0.000000,-0.000000,-0.000000,0.000000,0.014550,0
1790544710.3187,-0.031473,-0.067964,-0.000000,0.000000,-0.031473,0.000000,0.119766,0.000000,0.299674,-0.000000,-0.000000,-0.000000,-0.000000,-0.000000,0.000000,0.014058,0
1790544710.3329,-0.039267,-0.054959,-0.000000,0.000000,-0.039267,0.000000,0.119058,0.000000,0.330500,-0.000000,-0.000000,-0.000000,-0.000000,-0.000000,0.000000,0.014180,0
1790544710.3471,-0.038136,-0.055803,0.000000,-0.000000,-0.038136,0.000000,0.117872,0.000000,0.361537,-0.000000,-0.000000,0.000000,-0.000000,-0.000000,-0.000000,0.014277,0
1790544710.3611,-0.038593,-0.059947,-0.000000,-0.000000,-0.038593,0.000000,0.116262,0.000000,0.391884,-0.000000,-0.000000,-0.000000,-0.000000,-0.000000,-0.000000,0.013959,0
1790544710.3749,-0.042105,-0.062501,-0.000000,-0.000000,-0.042105,0.000000,0.114221,0.000000,0.422210,-0.000000,-0.000000,-0.000000,-0.000000,-0.000000,-0.000000,0.013950,0
1790544710.3888,-0.041751,-0.066293,0.000000,-0.000000,-0.041751,0.000000,0.111787,0.000000,0.452278,-0.000000,-0.000000,0.000000,-0.000000,-0.000000,-0.000000,0.013831,0
1790544710.4028,-0.049518,-0.072950,-0.000000,-0.000000,-0.049518,0.000000,0.108926,0.000000,0.482702,-0.000000,-0.000000,-0.000000,-0.000000,-0.000000,-0.000000,0.013995,0
1790544710.4168,-0.057123,-0.082693,-0.000000,-0.000000,-0.057123,0.000000,0.105691,0.000000,0.513089,-0.000000,-0.000000,-0.000000,-0.000000,-0.000000,-0.000000,0.013978,0
1790544710.4303,-0.068442,-0.090958,-0.000000,-0.000000,-0.068442,0.000000,0.102222,0.000000,0.542517,-0.000000,-0.000000,-0.000000,-0.000000,-0.000000,-0.000000,0.013537,0
1790544710.4439,-0.077603,-0.097934,-0.000000,-0.000000,-0.077603,0.000000,0.098415,0.000000,0.572187,-0.000000,-0.000000,-0.000000,-0.000000,-0.000000,-0.000000,0.013648,0
1790544710.4578,-0.083615,-0.104094,-0.000000,-0.000000,-0.083615,0.000000,0.094281,0.000000,0.602176,-0.000000,-0.000000,-0.000000,-0.000000,-0.000000,-0.000000,0.013795,0
1790544710.4717,-0.079680,-0.111834,0.000000,-0.000000,-0.079680,0.000000,0.089836,0.000000,0.632523,-0.000000,-0.000000,0.000000,-0.000000,-0.000000,-0.000000,0.013960,0
1790544710.4857,-0.073309,-0.112653,0.000000,-0.000000,-0.073309,0.000000,0.085146,0.000000,0.662966,-0.000000,-0.000000,0.000000,-0.000000,-0.000000,-0.000000,0.014004,0
1790544710.4995,-0.071662,-0.110418,0.000000,0.000000,-0.071662,0.000000,0.080342,0.000000,0.692915,-0.000000,-0.000000,0.000000,-0.000000,-0.000000,0.000000,0.013777,0
1790544710.5134,-0.069851,-0.104448,0.000000,0.000000,-0.069851,0.000000,0.075333,0.000000,0.723182,-0.000000,-0.000000,0.000000,-0.000000,-0.000000,0.000000,0.013923,0
1790544710.5276,-0.064166,-0.094143,0.000000,0.000000,-0.064166,0.000000,0.070207,0.000000,0.753446,-0.000000,-0.000000,0.000000,-0.000000,-0.000000,0.000000,0.013921,0
1790544710.5417,-0.061325,-0.083169,0.000000,0.000000,-0.061325,0.000000,0.064859,0.000000,0.784543,-0.000000,-0.000000,0.000000,-0.000000,-0.000000,0.000000,0.014305,0
1790544710.5558,-0.055076,-0.070163,0.000000,0.000000,-0.055076,0.000000,0.059561,0.000000,0.815123,-0.000000,-0.000000,0.000000,-0.000000,-0.000000,0.000000,0.014067,0
1790544710.5698,-0.050966,-0.057932,0.000000,0.000000,-0.050966,0.000000,0.054269,0.000000,0.845692,-0.000000,-0.000000,0.000000,-0.000000,-0.000000,0.000000,0.014062,0
1790544710.5837,-0.059791,-0.055957,-0.000000,0.000000,-0.059791,0.000000,0.049069,0.000000,0.875979,-0.000000,-0.000000,-0.000000,-0.000000,-0.000000,0.000000,0.013932,0
1790544710.5976,-0.057203,-0.059022,0.000000,-0.000000,-0.057203,0.000000,0.043972,0.000000,0.906152,-0.000000,-0.000000,0.000000,-0.000000,-0.000000,-0.000000,0.013880,0
1790544710.6116,-0.056499,-0.059248,0.000000,-0.000000,-0.056499,0.000000,0.038969,0.000000,0.936497,-0.000000,-0.000000,0.000000,-0.000000,-0.000000,-0.000000,0.013959,0
1790544710.6256,-0.055384,-0.064449,0.000000,-0.000000,-0.055384,0.000000,0.034119,0.000000,0.966897,-0.000000,-0.000000,0.000000,-0.000000,-0.000000,-0.000000,0.013984,0
1790544710.6396,-0.038865,-0.073921,0.000000,-0.000000,-0.038865,0.000000,0.029445,0.000000,0.997458,-0.000000,-0.000000,0.000000,-0.000000,-0.000000,-0.000000,0.014058,0
1790544710.6536,-0.024754,-0.086214,0.000000,-0.000000,-0.024754,0.000000,0.025043,0.000000,0.027779,-0.000000,-0.000000,0.000000,-0.000000,-0.000000,-0.000000,0.013947,0
1790544710.6673,-0.013837,-0.094651,0.000000,-0.000000,-0.013837,0.000000,0.020979,0.000000,0.057569,-0.000000,-0.000000,0.000000,-0.000000,-0.000000,-0.000000,0.013704,0
1790544710.6809,-0.005675,-0.101520,0.000000,-0.000000,-0.005675,0.000000,0.017213,0.000000,0.087287,-0.000000,-0.000000,0.000000,-0.000000,-0.000000,-0.000000,0.013670,0
1790544710.6948,0.004460,-0.110450,0.000000,-0.000000,0.004460,0.000000,0.013697,0.000000,0.117591,0.000000,-0.000000,0.000000,-0.000000,-0.000000,-0.000000,0.013940,0
1790544710.7088,0.001185,-0.114786,0.000000,-0.000000,0.001185,0.000000,0.010535,0.000000,0.147916,0.000000,-0.000000,-0.000000,-0.000000,-0.000000,-0.000000,0.013949,0
1790544710.7226,0.002002,-0.107994,0.000000,0.000000,0.002002,0.000000,0.007772,0.000000,0.178006,0.000000,-0.000000,0.000000,-0.000000,-0.000000,0.000000,0.013841,0
1790544710.7366,0.000743,-0.096847,0.000000,0.000000,0.000743,0.000000,0.005384,0.000000,0.208375,0.000000,-0.000000,-0.000000,-0.000000,-0.000000,0.000000,0.013970,0
1790544710.7505,0.000590,-0.085115,0.000000,0.000000,0.000590,0.000000,0.003419,0.000000,0.238711,0.000000,-0.000000,-0.000000,-0.000000,-0.000000,0.000000,0.013955,0
1790544710.7644,-0.001155,-0.070534,-0.000000,0.000000,-0.001155,0.000000,0.001902,0.000000,0.268730,-0.000000,-0.000000,-0.000000,-0.000000,-0.000000,0.000000,0.013809,0
1790544710.7788,-0.006114,-0.059682,-0.000000,0.000000,-0.006114,0.000000,0.000796,0.000000,0.299646,-0.000000,-0.000000,-0.000000,-0.000000,-0.000000,0.000000,0.014221,0
1790544710.7931,-0.014567,-0.049544,-0.000000,0.000000,-0.014567,0.000000,0.000156,0.000000,0.331084,-0.000000,-0.000000,-0.000000,-0.000000,-0.000000,0.000000,0.014461,0
1790544710.8071,-0.011887,-0.048444,0.000000,0.000000,-0.011887,0.000000,0.000000,0.000000,0.361492,-0.000000,-0.000000,0.000000,-0.000000,-0.000000,0.000000,0.013988,0
