t,imu_roll,imu_pitch,pid_roll,pid_pitch,roll_meas,banked_roll,eff_lin,eff_ang,phase,p_roll,i_roll,d_roll,p_pitch,i_pitch,d_pitch,dt,ik_clamped
1790541905.4106,0.004265,-0.038261,0.001280,-0.011478,0.004265,0.000000,0.000000,0.000000,0.000081,0.001280,0.000000,0.000000,-0.011478,-0.000000,0.000000,0.010000,0
1790541905.4251,0.000742,-0.043852,-0.005315,-0.021945,0.000742,0.000000,0.000299,0.000000,0.034653,0.000223,0.000000,-0.005538,-0.013156,-0.000000,-0.008789,0.015903,0
1790541905.4387,0.001571,-0.046518,0.001977,-0.018796,0.001571,0.000000,0.001040,0.000000,0.064582,0.000471,0.000000,0.001505,-0.013955,-0.000000,-0.004841,0.013767,0
1790541905.4523,-0.001253,-0.048379,-0.005547,-0.017923,-0.001253,0.000000,0.002209,0.000000,0.094261,-0.000376,0.000000,-0.005171,-0.014514,-0.000000,-0.003409,0.013653,0
1790541905.4663,-0.000282,-0.049963,0.001655,-0.017826,-0.000282,0.000000,0.003844,0.000000,0.124603,-0.000084,0.000000,0.001739,-0.014989,-0.000000,-0.002837,0.013957,0
1790541905.4802,-0.000871,-0.049032,-0.001319,-0.013039,-0.000871,0.000000,0.005906,0.000000,0.154881,-0.000261,0.000000,-0.001057,-0.014710,-0.000000,0.001671,0.013928,0
1790541905.4948,-0.002618,-0.048768,-0.003855,-0.014166,-0.002618,0.000000,0.008440,0.000000,0.185820,-0.000785,0.000000,-0.003070,-0.014630,-0.000000,0.000464,0.014232,0
1790541905.5093,-0.004497,-0.047500,-0.004529,-0.012102,-0.004497,0.000000,0.011504,0.000000,0.217915,-0.001349,-0.000000,-0.003180,-0.014250,-0.000000,0.002148,0.014764,0
1790541905.5234,-0.006884,-0.046447,-0.006314,-0.012059,-0.006884,0.000000,0.014807,0.000000,0.248449,-0.002065,-0.000000,-0.004249,-0.013934,-0.000000,0.001875,0.014045,0
1790541905.5373,-0.006710,-0.045073,-0.001704,-0.011073,-0.006710,0.000000,0.018456,0.000000,0.278940,-0.002013,-0.000000,0.000309,-0.013522,-0.000000,0.002449,0.014026,0
1790541905.5516,-0.007287,-0.043292,-0.003220,-0.009799,-0.007287,0.000000,0.022408,0.000000,0.309291,-0.002186,-0.000000,-0.001033,-0.012988,-0.000000,0.003189,0.013961,0
1790541905.5659,-0.015451,-0.046579,-0.018660,-0.019621,-0.015451,0.000000,0.026835,0.000000,0.340926,-0.004635,-0.000000,-0.014025,-0.013974,-0.000000,-0.005647,0.014552,0
1790541905.5799,-0.019774,-0.045228,-0.013650,-0.011156,-0.019774,0.000000,0.031357,0.000000,0.371369,-0.005932,-0.000000,-0.007717,-0.013568,-0.000000,0.002413,0.014004,0
1790541905.5938,-0.013510,-0.038946,0.007129,-0.000470,-0.013510,0.000000,0.036101,0.000000,0.401812,-0.004053,-0.000000,0.011182,-0.011684,-0.000000,0.011214,0.014004,0
1790541905.6077,-0.011040,-0.041356,0.001116,-0.016725,-0.011040,0.000000,0.041010,0.000000,0.432135,-0.003312,-0.000000,0.004427,-0.012407,-0.000000,-0.004318,0.013949,0
1790541905.6216,-0.010682,-0.043915,-0.002559,-0.017794,-0.010682,0.000000,0.046028,0.000000,0.462245,-0.003205,-0.000000,0.000646,-0.013174,-0.000000,-0.004619,0.013850,0
1790541905.6355,-0.009969,-0.045408,-0.001712,-0.016302,-0.009969,0.000000,0.051183,0.000000,0.492532,-0.002991,-0.000000,0.001279,-0.013622,-0.000000,-0.002680,0.013932,0
1790541905.6494,-0.009300,-0.046243,-0.001588,-0.015373,-0.009300,0.000000,0.056401,0.000000,0.522791,-0.002790,-0.000000,0.001202,-0.013873,-0.000000,-0.001500,0.013919,0
1790541905.6631,-0.010547,-0.045077,-0.005477,-0.011361,-0.010547,0.000000,0.061481,0.000000,0.552100,-0.003164,-0.000000,-0.002313,-0.013523,-0.000000,0.002162,0.013482,0
1790541905.6767,-0.008741,-0.042401,0.000656,-0.007863,-0.008741,0.000000,0.066660,0.000000,0.582042,-0.002622,-0.000000,0.003278,-0.012720,-0.000000,0.004857,0.013773,0
1790541905.6907,-0.007915,-0.038211,-0.000894,-0.003962,-0.007915,0.000000,0.071860,0.000000,0.612401,-0.002374,-0.000000,0.001480,-0.011463,-0.000000,0.007501,0.013965,0
1790541905.7046,-0.005231,-0.033780,0.003245,-0.002187,-0.005231,0.000000,0.076958,0.000000,0.642699,-0.001569,-0.000000,0.004814,-0.010134,-0.000000,0.007947,0.013937,0
1790541905.7185,-0.003203,-0.025802,0.002679,0.006581,-0.003203,0.000000,0.081923,0.000000,0.672975,-0.000961,-0.000000,0.003640,-0.007741,-0.000000,0.014322,0.013927,0
1790541905.7324,0.000979,-0.015918,0.007849,0.013078,0.000979,0.000000,0.086691,0.000000,0.703063,0.000294,-0.000000,0.007555,-0.004775,-0.000000,0.017853,0.013840,0
1790541905.7466,0.002169,-0.006846,0.002782,0.014197,0.002169,0.000000,0.091295,0.000000,0.733405,0.000651,-0.000000,0.002131,-0.002054,-0.000000,0.016250,0.013957,0
1790541905.7607,-0.005976,-0.010151,-0.016011,-0.008816,-0.005976,0.000000,0.095768,0.000000,0.764538,-0.001793,-0.000000,-0.014219,-0.003045,-0.000000,-0.005770,0.014321,0
1790541905.7746,-0.001773,-0.000852,0.006993,0.016393,-0.001773,0.000000,0.099852,0.000000,0.794895,-0.000532,-0.000000,0.007525,-0.000256,-0.000000,0.016649,0.013964,0
1790541905.7886,0.012409,0.004461,0.029238,0.010897,0.012409,0.000000,0.103611,0.000000,0.825102,0.003723,-0.000000,0.025516,0.001338,-0.000000,0.009559,0.013896,0
1790541905.8323,-0.005975,0.007757,-0.012313,0.004213,-0.005975,0.000000,0.113148,0.000000,0.920072,-0.001792,-0.000000,-0.010521,0.002327,-0.000000,0.001886,0.043686,0
1790541905.8463,0.004499,0.006281,0.019887,-0.000728,0.004499,0.000000,0.115407,0.000000,0.950780,0.001350,-0.000000,0.018538,0.001884,-0.000000,-0.002613,0.014126,0
1790541905.8603,0.005369,0.001609,0.003166,-0.007874,0.005369,0.000000,0.117212,0.000000,0.981158,0.001611,-0.000000,0.001555,0.000483,-0.000000,-0.008357,0.013974,0
1790541905.8742,0.000774,0.000133,-0.008047,-0.002620,0.000774,0.000000,0.118569,0.000000,0.011324,0.000232,-0.000000,-0.008279,0.000040,-0.000000,-0.002660,0.013876,0
1790541905.8878,-0.004449,0.000997,-0.010935,0.001887,-0.004449,0.000000,0.119467,0.000000,0.040892,-0.001335,-0.000000,-0.009600,0.000299,-0.000000,0.001588,0.013602,0
1790541905.9013,-0.013698,0.003082,-0.021132,0.004763,-0.013698,0.000000,0.119931,0.000000,0.070421,-0.004109,-0.000000,-0.017022,0.000925,-0.000000,0.003838,0.013583,0
1790541905.9152,-0.013743,0.005152,-0.004204,0.005287,-0.013743,0.000000,0.120000,0.000000,0.100486,-0.004123,-0.000000,-0.000081,0.001546,-0.000000,0.003741,0.013830,0
1790541905.9294,-0.012542,0.005549,-0.001639,0.002368,-0.012542,0.000000,0.120000,0.000000,0.131221,-0.003763,-0.000000,0.002123,0.001665,-0.000000,0.000703,0.014138,0
1790541905.9433,-0.010251,0.004869,0.001034,0.000240,-0.010251,0.000000,0.120000,0.000000,0.161533,-0.003075,-0.000000,0.004109,0.001461,-0.000000,-0.001220,0.013944,0
1790541905.9572,-0.011341,0.008482,-0.005355,0.009018,-0.011341,0.000000,0.120000,0.000000,0.191874,-0.003402,-0.000000,-0.001953,0.002545,-0.000000,0.006473,0.013957,0
1790541905.9711,-0.013532,0.012858,-0.008000,0.011726,-0.013532,0.000000,0.120000,0.000000,0.222092,-0.004060,-0.000000,-0.003941,0.003857,-0.000000,0.007869,0.013900,0
1790541905.9851,-0.021276,0.020469,-0.020245,0.019766,-0.021276,0.000000,0.120000,0.000000,0.252450,-0.006383,-0.000000,-0.013863,0.006141,-0.000000,0.013625,0.013965,0
1790541905.9994,-0.021204,0.015242,-0.006234,-0.004725,-0.021204,0.000000,0.120000,0.000000,0.283000,-0.006361,-0.000000,0.000127,0.004573,-0.000000,-0.009298,0.014053,0
1790541906.0136,-0.028567,0.010541,-0.021479,-0.005080,-0.028567,0.000000,0.120000,0.000000,0.313997,-0.008570,-0.000000,-0.012909,0.003162,-0.000000,-0.008243,0.014259,0
1790541906.0277,-0.042652,0.007023,-0.037507,-0.004064,-0.042652,0.000000,0.120000,0.000000,0.344976,-0.012796,-0.000000,-0.024711,0.002107,-0.000000,-0.006171,0.014250,0
1790541906.0415,-0.051571,-0.001972,-0.031587,-0.016845,-0.051571,0.000000,0.120000,0.000000,0.375055,-0.015471,-0.000000,-0.016116,-0.000592,-0.000000,-0.016253,0.013836,0
1790541906.0554,-0.047949,-0.008871,-0.007853,-0.015099,-0.047949,0.000000,0.120000,0.000000,0.405198,-0.014385,-0.000000,0.006532,-0.002661,-0.000000,-0.012438,0.013866,0
1790541906.0694,-0.034091,-0.016615,0.014467,-0.018784,-0.034091,0.000000,0.120000,0.000000,0.435696,-0.010227,-0.000000,0.024694,-0.004984,-0.000000,-0.013800,0.014029,0
1790541906.0833,-0.035410,-0.021611,-0.012992,-0.015453,-0.035410,0.000000,0.120000,0.000000,0.465967,-0.010623,-0.000000,-0.002369,-0.006483,-0.000000,-0.008970,0.013925,0
1790541906.0973,-0.042729,-0.034233,-0.026001,-0.033005,-0.042729,0.000000,0.120000,0.000000,0.496140,-0.012819,-0.000000,-0.013182,-0.010270,-0.000000,-0.022735,0.013880,0
1790541906.1113,-0.046726,-0.044746,-0.021096,-0.032043,-0.046726,0.000000,0.120000,0.000000,0.526827,-0.014018,-0.000000,-0.007078,-0.013424,-0.000000,-0.018619,0.014116,0
1790541906.1248,-0.052274,-0.053856,-0.025969,-0.033049,-0.052274,0.000000,0.120000,0.000000,0.556137,-0.015682,-0.000000,-0.010287,-0.016157,-0.000000,-0.016892,0.013483,0
1790541906.1386,-0.056294,-0.061075,-0.024201,-0.031454,-0.056294,0.000000,0.120000,0.000000,0.586015,-0.016888,-0.000000,-0.007313,-0.018322,-0.000000,-0.013131,0.013744,0
1790541906.1527,-0.056852,-0.065516,-0.018045,-0.027532,-0.056852,0.000000,0.120000,0.000000,0.616661,-0.017056,-0.000000,-0.000989,-0.019655,-0.000000,-0.007877,0.014097,0
1790541906.1665,-0.053686,-0.067498,-0.010403,-0.023819,-0.053686,0.000000,0.120000,0.000000,0.646832,-0.016106,-0.000000,0.005703,-0.020249,-0.000000,-0.003569,0.013879,0
1790541906.1804,-0.049190,-0.064764,-0.006649,-0.014498,-0.049190,0.000000,0.120000,0.000000,0.676969,-0.014757,-0.000000,0.008108,-0.019429,-0.000000,0.004931,0.013863,0
1790541906.1942,-0.050910,-0.060390,-0.018376,-0.010228,-0.050910,0.000000,0.120000,0.000000,0.707096,-0.015273,-0.000000,-0.003103,-0.018117,-0.000000,0.007889,0.013859,0
1790541906.2081,-0.041870,-0.051878,0.003699,-0.000252,-0.041870,0.000000,0.120000,0.000000,0.737313,-0.012561,-0.000000,0.016260,-0.015563,-0.000000,0.015311,0.013900,0
1790541906.2221,-0.036143,-0.040076,-0.000572,0.009141,-0.036143,0.000000,0.120000,0.000000,0.767618,-0.010843,-0.000000,0.010271,-0.012023,-0.000000,0.021164,0.013940,0
1790541906.2359,-0.025985,-0.027328,0.010480,0.014739,-0.025985,0.000000,0.120000,0.000000,0.797825,-0.007795,-0.000000,0.018276,-0.008198,-0.000000,0.022937,0.013895,0
1790541906.2500,-0.019411,-0.016432,0.006092,0.014817,-0.019411,0.000000,0.120000,0.000000,0.827811,-0.005823,-0.000000,0.011915,-0.004930,-0.000000,0.019747,0.013794,0
1790541906.2641,-0.027107,-0.023791,-0.021585,-0.020001,-0.027107,0.000000,0.120000,0.000000,0.858904,-0.008132,-0.000000,-0.013452,-0.007137,-0.000000,-0.012864,0.014302,0
1790541906.2792,-0.025542,-0.025051,-0.004988,-0.009668,-0.025542,0.000000,0.120000,0.000000,0.890704,-0.007663,-0.000000,0.002675,-0.007515,-0.000000,-0.002153,0.014628,0
1790541906.2941,-0.031105,-0.026126,-0.018668,-0.009641,-0.031105,0.000000,0.120000,0.000000,0.923089,-0.009331,-0.000000,-0.009336,-0.007838,-0.000000,-0.001803,0.014897,0
1790541906.3086,-0.034222,-0.028606,-0.015532,-0.012772,-0.034222,0.000000,0.120000,0.000000,0.955258,-0.010266,-0.000000,-0.005265,-0.008582,-0.000000,-0.004190,0.014798,0
1790541906.3229,-0.033368,-0.039389,-0.008511,-0.030759,-0.033368,0.000000,0.120000,0.000000,0.986196,-0.010010,-0.000000,0.001499,-0.011817,-0.000000,-0.018942,0.014231,0
1790541906.3381,-0.023659,-0.049998,0.008793,-0.032363,-0.023659,0.000000,0.120000,0.000000,0.019403,-0.007098,-0.000000,0.015891,-0.014999,-0.000000,-0.017364,0.015275,0
1790541906.3516,-0.017651,-0.053502,0.005736,-0.022484,-0.017651,0.000000,0.120000,0.000000,0.049001,-0.005295,-0.000000,0.011031,-0.016051,-0.000000,-0.006434,0.013615,0
1790541906.3650,-0.011172,-0.057548,0.008676,-0.024777,-0.011172,0.000000,0.120000,0.000000,0.078276,-0.003352,-0.000000,0.012028,-0.017264,-0.000000,-0.007512,0.013466,0
1790541906.3790,-0.004072,-0.062629,0.011446,-0.027852,-0.004072,0.000000,0.120000,0.000000,0.108740,-0.001222,-0.000000,0.012667,-0.018789,-0.000000,-0.009064,0.014014,0
1790541906.3929,0.003166,-0.065144,0.014022,-0.024085,0.003166,0.000000,0.120000,0.000000,0.138833,0.000950,-0.000000,0.013072,-0.019543,-0.000000,-0.004542,0.013843,0
1790541906.4068,-0.003387,-0.064275,-0.012734,-0.017730,-0.003387,0.000000,0.120000,0.000000,0.169227,-0.001016,-0.000000,-0.011718,-0.019283,-0.000000,0.001553,0.013981,0
1790541906.4207,-0.010087,-0.056629,-0.015105,-0.003206,-0.010087,0.000000,0.120000,0.000000,0.199377,-0.003026,-0.000000,-0.012078,-0.016989,-0.000000,0.013783,0.013869,0
1790541906.4348,-0.013130,-0.045298,-0.009362,0.006611,-0.013130,0.000000,0.120000,0.000000,0.229863,-0.003939,-0.000000,-0.005423,-0.013589,-0.000000,0.020200,0.014024,0
1790541906.4486,-0.014840,-0.035970,-0.007520,0.005941,-0.014840,0.000000,0.120000,0.000000,0.260163,-0.004452,-0.000000,-0.003068,-0.010791,-0.000000,0.016732,0.013938,0
1790541906.4626,-0.025433,-0.017888,-0.026651,0.027100,-0.025433,0.000000,0.120000,0.000000,0.290430,-0.007630,-0.000000,-0.019021,-0.005367,-0.000000,0.032466,0.013923,0
1790541906.4765,-0.032192,-0.005053,-0.021766,0.021478,-0.032192,0.000000,0.120000,0.000000,0.320766,-0.009658,-0.000000,-0.012108,-0.001516,-0.000000,0.022994,0.013955,0
1790541906.4904,-0.026855,-0.012837,0.001549,-0.017858,-0.026855,0.000000,0.120000,0.000000,0.350965,-0.008056,-0.000000,0.009605,-0.003851,-0.000000,-0.014007,0.013891,0
1790541906.5051,-0.031418,-0.013958,-0.017399,-0.006148,-0.031418,0.000000,0.120000,0.000000,0.382069,-0.009425,-0.000000,-0.007974,-0.004188,-0.000000,-0.001960,0.014307,0
1790541906.5196,-0.028049,-0.017334,-0.002726,-0.010901,-0.028049,0.000000,0.120000,0.000000,0.414255,-0.008415,-0.000000,0.005689,-0.005200,-0.000000,-0.005700,0.014806,0
1790541906.5337,-0.015481,-0.028089,0.017681,-0.027531,-0.015481,0.000000,0.120000,0.000000,0.444849,-0.004644,-0.000000,0.022325,-0.008427,-0.000000,-0.019104,0.014074,0
1790541906.5476,-0.026697,-0.037329,-0.028024,-0.027688,-0.026697,0.000000,0.120000,0.000000,0.475303,-0.008009,-0.000000,-0.020015,-0.011199,-0.000000,-0.016489,0.014009,0
1790541906.5615,-0.036683,-0.048137,-0.029033,-0.033952,-0.036683,0.000000,0.120000,0.000000,0.505408,-0.011005,-0.000000,-0.018028,-0.014441,-0.000000,-0.019511,0.013848,0
1790541906.5751,-0.045326,-0.056682,-0.029467,-0.032696,-0.045326,0.000000,0.120000,0.000000,0.535006,-0.013598,-0.000000,-0.015869,-0.017005,-0.000000,-0.015691,0.013615,0
1790541906.5886,-0.052581,-0.061426,-0.029143,-0.027168,-0.052581,0.000000,0.120000,0.000000,0.564502,-0.015774,-0.000000,-0.013369,-0.018428,-0.000000,-0.008741,0.013568,0
1790541906.6021,-0.053684,-0.061782,-0.018153,-0.019195,-0.053684,0.000000,0.120000,0.000000,0.593763,-0.016105,-0.000000,-0.002048,-0.018534,-0.000000,-0.000661,0.013460,0
1790541906.6160,-0.050405,-0.061760,-0.009218,-0.018490,-0.050405,0.000000,0.120000,0.000000,0.623951,-0.015121,-0.000000,0.005904,-0.018528,-0.000000,0.000038,0.013886,0
1790541906.6300,-0.044315,-0.059085,-0.002409,-0.012944,-0.044315,0.000000,0.120000,0.000000,0.654354,-0.013295,-0.000000,0.010886,-0.017726,-0.000000,0.004782,0.013985,0
1790541906.6439,-0.040582,-0.054973,-0.005459,-0.009094,-0.040582,0.000000,0.120000,0.000000,0.684565,-0.012175,-0.000000,0.006715,-0.016492,-0.000000,0.007398,0.013897,0
1790541906.6578,-0.038512,-0.049953,-0.007829,-0.005955,-0.038512,0.000000,0.120000,0.000000,0.714773,-0.011554,-0.000000,0.003724,-0.014986,-0.000000,0.009031,0.013896,0
1790541906.6717,-0.031768,-0.041790,0.002632,0.002185,-0.031768,0.000000,0.120000,0.000000,0.744910,-0.009530,-0.000000,0.012162,-0.012537,-0.000000,0.014722,0.013863,0
1790541906.6857,-0.026690,-0.032876,0.001064,0.006058,-0.026690,0.000000,0.120000,0.000000,0.775337,-0.008007,-0.000000,0.009071,-0.009863,-0.000000,0.015921,0.013996,0
1790541906.6996,-0.020492,-0.021989,0.004952,0.012901,-0.020492,0.000000,0.120000,0.000000,0.805683,-0.006148,-0.000000,0.011100,-0.006597,-0.000000,0.019498,0.013959,0
1790541906.7134,-0.023060,-0.019356,-0.011553,-0.001053,-0.023060,0.000000,0.120000,0.000000,0.835794,-0.006918,-0.000000,-0.004635,-0.005807,-0.000000,0.004753,0.013851,0
1790541906.7274,-0.024185,-0.020745,-0.009272,-0.008715,-0.024185,0.000000,0.120000,0.000000,0.866099,-0.007255,-0.000000,-0.002017,-0.006224,-0.000000,-0.002492,0.013940,0
1790541906.7413,-0.018580,-0.026476,0.004474,-0.018217,-0.018580,0.000000,0.120000,0.000000,0.896410,-0.005574,-0.000000,0.010049,-0.007943,-0.000000,-0.010274,0.013943,0
1790541906.7554,-0.023496,-0.027937,-0.015847,-0.010997,-0.023496,0.000000,0.120000,0.000000,0.926779,-0.007049,-0.000000,-0.008798,-0.008381,-0.000000,-0.002616,0.013970,0
1790541906.7697,-0.018591,-0.035479,0.003002,-0.023835,-0.018591,0.000000,0.120000,0.000000,0.957853,-0.005577,-0.000000,0.008579,-0.010644,-0.000000,-0.013191,0.014294,0
1790541906.7837,-0.005384,-0.049171,0.021839,-0.039069,-0.005384,0.000000,0.120000,0.000000,0.988454,-0.001615,-0.000000,0.023455,-0.014751,-0.000000,-0.024317,0.014076,0
1790541906.7977,0.003671,-0.055717,0.017219,-0.028364,0.003671,0.000000,0.120000,0.000000,0.018989,0.001101,-0.000000,0.016117,-0.016715,-0.000000,-0.011649,0.014046,0
1790541906.8112,0.014937,-0.058474,0.025280,-0.022633,0.014937,0.000000,0.120000,0.000000,0.048427,0.004481,-0.000000,0.020799,-0.017542,-0.000000,-0.005091,0.013541,0
1790541906.8249,0.021152,-0.063119,0.017757,-0.027463,0.021152,0.000000,0.120000,0.000000,0.078031,0.006346,-0.000000,0.011411,-0.018936,-0.000000,-0.008528,0.013618,0
1790541906.8388,0.030057,-0.070859,0.025004,-0.035153,0.030057,0.000000,0.120000,0.000000,0.108302,0.009017,-0.000000,0.015987,-0.021258,-0.000000,-0.013895,0.013925,0
1790541906.8526,0.030436,-0.078731,0.009816,-0.037876,0.030436,0.000000,0.120000,0.000000,0.138312,0.009131,-0.000000,0.000686,-0.023619,-0.000000,-0.014257,0.013804,0
1790541906.8666,0.014158,-0.077995,-0.024831,-0.022084,0.014158,0.000000,0.120000,0.000000,0.168735,0.004247,-0.000000,-0.029079,-0.023399,-0.000000,0.001314,0.013995,0
1790541906.8805,0.006023,-0.068219,-0.012796,-0.002915,0.006023,0.000000,0.120000,0.000000,0.199010,0.001807,-0.000000,-0.014603,-0.020466,-0.000000,0.017551,0.013926,0
1790541906.8943,0.000598,-0.057862,-0.009601,0.001309,0.000598,0.000000,0.120000,0.000000,0.229160,0.000179,-0.000000,-0.009780,-0.017359,-0.000000,0.018668,0.013869,0
1790541906.9084,-0.012595,-0.044171,-0.027344,0.011206,-0.012595,0.000000,0.120000,0.000000,0.259586,-0.003779,-0.000000,-0.023565,-0.013251,-0.000000,0.024457,0.013996,0
1790541906.9225,-0.022133,-0.031851,-0.023563,0.012304,-0.022133,0.000000,0.120000,0.000000,0.290216,-0.006640,-0.000000,-0.016923,-0.009555,-0.000000,0.021859,0.014090,0
1790541906.9364,-0.032114,-0.017485,-0.027586,0.020593,-0.032114,0.000000,0.120000,0.000000,0.320432,-0.009634,-0.000000,-0.017952,-0.005246,-0.000000,0.025839,0.013899,0
1790541906.9504,-0.024902,-0.025212,0.005407,-0.021360,-0.024902,0.000000,0.120000,0.000000,0.350868,-0.007470,-0.000000,0.012878,-0.007564,-0.000000,-0.013797,0.014001,0
1790541906.9642,-0.021772,-0.027091,-0.000888,-0.011515,-0.021772,0.000000,0.120000,0.000000,0.381003,-0.006532,-0.000000,0.005644,-0.008127,-0.000000,-0.003388,0.013862,0
1790541906.9781,-0.016539,-0.033018,0.004441,-0.020555,-0.016539,0.000000,0.120000,0.000000,0.411252,-0.004962,-0.000000,0.009403,-0.009905,-0.000000,-0.010649,0.013915,0
1790541906.9923,-0.006015,-0.044339,0.016831,-0.033350,-0.006015,0.000000,0.120000,0.000000,0.441944,-0.001805,-0.000000,0.018635,-0.013302,-0.000000,-0.020048,0.014118,0
1790541907.0065,-0.013331,-0.052773,-0.016918,-0.030725,-0.013331,0.000000,0.120000,0.000000,0.472721,-0.003999,-0.000000,-0.012918,-0.015832,-0.000000,-0.014893,0.014158,0
1790541907.0210,-0.021311,-0.060806,-0.020279,-0.032218,-0.021311,0.000000,0.120000,0.000000,0.503958,-0.006393,-0.000000,-0.013885,-0.018242,-0.000000,-0.013976,0.014369,0
1790541907.0348,-0.036219,-0.066993,-0.037691,-0.031231,-0.036219,0.000000,0.120000,0.000000,0.534159,-0.010866,-0.000000,-0.026826,-0.020098,-0.000000,-0.011133,0.013893,0
1790541907.0484,-0.048888,-0.069840,-0.037789,-0.026147,-0.048888,0.000000,0.120000,0.000000,0.563938,-0.014667,-0.000000,-0.023123,-0.020952,-0.000000,-0.005195,0.013698,0
1790541907.0620,-0.055438,-0.071967,-0.028687,-0.025507,-0.055438,0.000000,0.120000,0.000000,0.593465,-0.016631,-0.000000,-0.012055,-0.021590,-0.000000,-0.003916,0.013582,0
1790541907.0759,-0.056887,-0.073238,-0.019660,-0.024246,-0.056887,0.000000,0.120000,0.000000,0.623828,-0.017066,-0.000000,-0.002594,-0.021971,-0.000000,-0.002275,0.013967,0
1790541907.0899,-0.049526,-0.073133,-0.001691,-0.021751,-0.049526,0.000000,0.120000,0.000000,0.654211,-0.014858,-0.000000,0.013167,-0.021940,-0.000000,0.000189,0.013976,0
1790541907.1039,-0.043942,-0.067678,-0.003151,-0.010504,-0.043942,0.000000,0.120000,0.000000,0.684465,-0.013183,-0.000000,0.010032,-0.020303,-0.000000,0.009800,0.013917,0
1790541907.1178,-0.039017,-0.062594,-0.002859,-0.009647,-0.039017,0.000000,0.120000,0.000000,0.714721,-0.011705,-0.000000,0.008846,-0.018778,-0.000000,0.009131,0.013918,0
1790541907.1317,-0.028527,-0.054111,0.010263,-0.001014,-0.028527,0.000000,0.120000,0.000000,0.745013,-0.008558,-0.000000,0.018821,-0.016233,-0.000000,0.015220,0.013934,0
1790541907.1455,-0.013020,-0.042294,0.024177,0.008713,-0.013020,0.000000,0.120000,0.000000,0.775022,-0.003906,-0.000000,0.028083,-0.012688,-0.000000,0.021401,0.013804,0
1790541907.1594,-0.004218,-0.027938,0.014614,0.017517,-0.004218,0.000000,0.120000,0.000000,0.805148,-0.001265,-0.000000,0.015879,-0.008381,-0.000000,0.025899,0.013858,0
1790541907.1732,-0.002508,-0.016270,0.002313,0.016044,-0.002508,0.000000,0.120000,0.000000,0.835452,-0.000752,-0.000000,0.003066,-0.004881,-0.000000,0.020925,0.013940,0
1790541907.1871,-0.011146,-0.017505,-0.018994,-0.007488,-0.011146,0.000000,0.120000,0.000000,0.865449,-0.003344,-0.000000,-0.015650,-0.005251,-0.000000,-0.002236,0.013799,0
1790541907.2009,-0.008644,-0.022020,0.001912,-0.014738,-0.008644,0.000000,0.120000,0.000000,0.895632,-0.002593,-0.000000,0.004505,-0.006606,-0.000000,-0.008131,0.013884,0
1790541907.2148,-0.001782,-0.026999,0.011832,-0.017072,-0.001782,0.000000,0.120000,0.000000,0.925792,-0.000534,-0.000000,0.012366,-0.008100,-0.000000,-0.008972,0.013874,0
1790541907.2288,-0.003669,-0.039839,-0.004485,-0.034982,-0.003669,0.000000,0.120000,0.000000,0.956092,-0.001101,-0.000000,-0.003385,-0.011952,-0.000000,-0.023030,0.013938,0
1790541907.2426,0.007675,-0.053034,0.022803,-0.039758,0.007675,0.000000,0.120000,0.000000,0.986163,0.002302,-0.000000,0.020501,-0.015910,-0.000000,-0.023848,0.013833,0
1790541907.2564,0.018311,-0.063128,0.024677,-0.037143,0.018311,0.000000,0.120000,0.000000,0.016297,0.005493,-0.000000,0.019183,-0.018938,-0.000000,-0.018205,0.013862,0
1790541907.2705,0.024192,-0.071782,0.017847,-0.037118,0.024192,0.000000,0.120000,0.000000,0.046477,0.007258,-0.000000,0.010590,-0.021535,-0.000000,-0.015583,0.013883,0
1790541907.2842,0.034530,-0.078779,0.029043,-0.036281,0.034530,0.000000,0.120000,0.000000,0.076548,0.010359,-0.000000,0.018684,-0.023634,-0.000000,-0.012647,0.013833,0
1790541907.2983,0.043821,-0.090134,0.029687,-0.047255,0.043821,0.000000,0.120000,0.000000,0.107074,0.013146,-0.000000,0.016541,-0.027040,-0.000000,-0.020215,0.014042,0
1790541907.3122,0.040797,-0.099726,0.006813,-0.047134,0.040797,0.000000,0.120000,0.000000,0.137356,0.012239,-0.000000,-0.005426,-0.029918,-0.000000,-0.017216,0.013930,0
1790541907.3261,0.021468,-0.094360,-0.028143,-0.018707,0.021468,0.000000,0.120000,0.000000,0.167732,0.006440,-0.000000,-0.034584,-0.028308,-0.000000,0.009601,0.013973,0
1790541907.3403,0.015687,-0.081357,-0.005492,-0.001470,0.015687,0.000000,0.120000,0.000000,0.198543,0.004706,-0.000000,-0.010198,-0.024407,-0.000000,0.022937,0.014173,0
1790541907.3541,0.012645,-0.067474,-0.001714,0.004896,0.012645,0.000000,0.120000,0.000000,0.228555,0.003794,-0.000000,-0.005508,-0.020242,-0.000000,0.025139,0.013805,0
1790541907.3678,0.003478,-0.051361,-0.015624,0.013888,0.003478,0.000000,0.120000,0.000000,0.258447,0.001043,-0.000000,-0.016668,-0.015408,-0.000000,0.029296,0.013750,0
1790541907.3818,-0.001581,-0.032437,-0.009560,0.024258,-0.001581,0.000000,0.120000,0.000000,0.288706,-0.000474,-0.000000,-0.009086,-0.009731,-0.000000,0.033989,0.013919,0
1790541907.3957,-0.007729,-0.016921,-0.013411,0.022916,-0.007729,0.000000,0.120000,0.000000,0.318831,-0.002319,-0.000000,-0.011092,-0.005076,-0.000000,0.027993,0.013858,0
1790541907.4096,-0.011379,-0.013660,-0.009924,0.001719,-0.011379,0.000000,0.120000,0.000000,0.349302,-0.003414,-0.000000,-0.006510,-0.004098,-0.000000,0.005817,0.014017,0
1790541907.4237,-0.002232,-0.027705,0.015568,-0.033242,-0.002232,0.000000,0.120000,0.000000,0.379919,-0.000670,-0.000000,0.016237,-0.008311,-0.000000,-0.024931,0.014084,0
1790541907.4376,-0.004645,-0.040256,-0.005744,-0.034709,-0.004645,0.000000,0.120000,0.000000,0.410059,-0.001393,-0.000000,-0.004351,-0.012077,-0.000000,-0.022632,0.013864,0
1790541907.4515,-0.002973,-0.049626,0.002117,-0.031746,-0.002973,0.000000,0.120000,0.000000,0.440266,-0.000892,-0.000000,0.003008,-0.014888,-0.000000,-0.016858,0.013895,0
1790541907.4654,-0.005106,-0.056979,-0.005350,-0.030252,-0.005106,0.000000,0.120000,0.000000,0.470636,-0.001532,-0.000000,-0.003818,-0.017094,-0.000000,-0.013158,0.013970,0
1790541907.4793,-0.015904,-0.065616,-0.024324,-0.035324,-0.015904,0.000000,0.120000,0.000000,0.500650,-0.004771,-0.000000,-0.019552,-0.019685,-0.000000,-0.015639,0.013807,0
1790541907.4929,-0.031293,-0.072751,-0.037651,-0.034929,-0.031293,0.000000,0.120000,0.000000,0.530242,-0.009388,-0.000000,-0.028263,-0.021825,-0.000000,-0.013104,0.013612,0
1790541907.5068,-0.045489,-0.075179,-0.039533,-0.026981,-0.045489,0.000000,0.120000,0.000000,0.560048,-0.013647,-0.000000,-0.025886,-0.022554,-0.000000,-0.004427,0.013710,0
1790541907.5210,-0.054913,-0.078683,-0.032984,-0.029745,-0.054913,0.000000,0.120000,0.000000,0.591067,-0.016474,-0.000000,-0.016510,-0.023605,-0.000000,-0.006140,0.014269,0
1790541907.5351,-0.059610,-0.080580,-0.026190,-0.027529,-0.059610,0.000000,0.120000,0.000000,0.621800,-0.017883,-0.000000,-0.008307,-0.024174,-0.000000,-0.003355,0.014137,0
1790541907.5490,-0.050515,-0.084257,0.001110,-0.031851,-0.050515,0.000000,0.120000,0.000000,0.652191,-0.015155,-0.000000,0.016264,-0.025277,-0.000000,-0.006574,0.013980,0
1790541907.5631,-0.042421,-0.082303,0.001620,-0.021229,-0.042421,0.000000,0.120000,0.000000,0.682854,-0.012726,-0.000000,0.014347,-0.024691,-0.000000,0.003462,0.014105,0
1790541907.5771,-0.036003,-0.079239,0.000695,-0.018283,-0.036003,0.000000,0.120000,0.000000,0.713197,-0.010801,-0.000000,0.011496,-0.023772,-0.000000,0.005489,0.013958,0
1790541907.5909,-0.025700,-0.072344,0.010868,-0.009270,-0.025700,0.000000,0.120000,0.000000,0.743336,-0.007710,-0.000000,0.018578,-0.021703,-0.000000,0.012433,0.013864,0
1790541907.6049,-0.016114,-0.063876,0.012313,-0.004017,-0.016114,0.000000,0.120000,0.000000,0.773720,-0.004834,-0.000000,0.017147,-0.019163,-0.000000,0.015146,0.013977,0
1790541907.6188,-0.008618,-0.053854,0.010850,0.001810,-0.008618,0.000000,0.120000,0.000000,0.804039,-0.002586,-0.000000,0.013436,-0.016156,-0.000000,0.017966,0.013947,0
1790541907.6328,-0.004080,-0.045188,0.006915,0.001984,-0.004080,0.000000,0.120000,0.000000,0.834344,-0.001224,-0.000000,0.008139,-0.013556,-0.000000,0.015540,0.013940,0
1790541907.6467,-0.010841,-0.043470,-0.015393,-0.009956,-0.010841,0.000000,0.120000,0.000000,0.864609,-0.003252,-0.000000,-0.012140,-0.013041,-0.000000,0.003085,0.013922,0
1790541907.6606,-0.013153,-0.044391,-0.008105,-0.014975,-0.013153,0.000000,0.120000,0.000000,0.894819,-0.003946,-0.000000,-0.004159,-0.013317,-0.000000,-0.001657,0.013897,0
1790541907.6746,-0.007696,-0.052112,0.007459,-0.029455,-0.007696,0.000000,0.120000,0.000000,0.925177,-0.002309,-0.000000,0.009768,-0.015634,-0.000000,-0.013821,0.013965,0
1790541907.6886,-0.006285,-0.063448,0.000638,-0.039299,-0.006285,0.000000,0.120000,0.000000,0.955582,-0.001885,-0.000000,0.002524,-0.019035,-0.000000,-0.020264,0.013986,0
1790541907.7025,0.001987,-0.077915,0.015402,-0.049271,0.001987,0.000000,0.120000,0.000000,0.985944,0.000596,-0.000000,0.014806,-0.023375,-0.000000,-0.025896,0.013966,0
1790541907.7165,0.016832,-0.088429,0.031564,-0.045307,0.016832,0.000000,0.120000,0.000000,0.016371,0.005050,-0.000000,0.026515,-0.026529,-0.000000,-0.018778,0.013997,0
1790541907.7301,0.026161,-0.098594,0.024978,-0.048243,0.026161,0.000000,0.120000,0.000000,0.045971,0.007848,-0.000000,0.017129,-0.029578,-0.000000,-0.018665,0.013616,0
1790541907.7437,0.037602,-0.108597,0.032314,-0.050968,0.037602,0.000000,0.120000,0.000000,0.075534,0.011281,-0.000000,0.021033,-0.032579,-0.000000,-0.018389,0.013599,0
1790541907.7577,0.049722,-0.122393,0.036644,-0.061450,0.049722,0.000000,0.120000,0.000000,0.105850,0.014917,-0.000000,0.021728,-0.036718,-0.000000,-0.024732,0.013946,0
1790541907.7722,0.038878,-0.127368,-0.007100,-0.046817,0.038878,0.000000,0.120000,0.000000,0.137262,0.011663,-0.000000,-0.018763,-0.038210,-0.000000,-0.008607,0.014449,0
1790541907.7861,0.029156,-0.117333,-0.008662,-0.017230,0.029156,0.000000,0.120000,0.000000,0.167612,0.008747,-0.000000,-0.017409,-0.035200,-0.000000,0.017970,0.013961,0
1790541907.8002,0.028913,-0.105469,0.008241,-0.010540,0.028913,0.000000,0.120000,0.000000,0.198169,0.008674,-0.000000,-0.000432,-0.031641,-0.000000,0.021100,0.014056,0
1790541907.8142,0.023958,-0.088922,-0.001607,0.002697,0.023958,0.000000,0.120000,0.000000,0.228784,0.007188,-0.000000,-0.008795,-0.026677,-0.000000,0.029374,0.014083,0
1790541907.8280,0.013646,-0.069371,-0.014528,0.014493,0.013646,0.000000,0.120000,0.000000,0.258882,0.004094,-0.000000,-0.018622,-0.020811,-0.000000,0.035304,0.013845,0
1790541907.8420,0.001036,-0.051463,-0.022329,0.016713,0.001036,0.000000,0.120000,0.000000,0.289152,0.000311,-0.000000,-0.022639,-0.015439,-0.000000,0.032152,0.013924,0
1790541907.8560,-0.010651,-0.032781,-0.024067,0.023529,-0.010651,0.000000,0.120000,0.000000,0.319585,-0.003195,-0.000000,-0.020871,-0.009834,-0.000000,0.033363,0.013999,0
1790541907.8698,-0.007930,-0.022522,0.002532,0.011752,-0.007930,0.000000,0.120000,0.000000,0.349707,-0.002379,-0.000000,0.004911,-0.006757,-0.000000,0.018509,0.013856,0
1790541907.8836,-0.002997,-0.030377,0.008043,-0.023351,-0.002997,0.000000,0.120000,0.000000,0.379687,-0.000899,-0.000000,0.008942,-0.009113,-0.000000,-0.014238,0.013791,0
1790541907.8975,-0.001714,-0.035525,0.001787,-0.019894,-0.001714,0.000000,0.120000,0.000000,0.409981,-0.000514,-0.000000,0.002301,-0.010658,-0.000000,-0.009237,0.013935,0
1790541907.9113,-0.000795,-0.042899,0.001429,-0.026244,-0.000795,0.000000,0.120000,0.000000,0.439943,-0.000238,-0.000000,0.001667,-0.012870,-0.000000,-0.013374,0.013783,0
1790541907.9251,0.000023,-0.054301,0.001490,-0.036968,0.000023,0.000000,0.120000,0.000000,0.469912,0.000007,-0.000000,0.001483,-0.016290,-0.000000,-0.020677,0.013786,0
1790541907.9391,-0.010486,-0.064763,-0.021956,-0.038155,-0.010486,0.000000,0.120000,0.000000,0.500275,-0.003146,-0.000000,-0.018810,-0.019429,-0.000000,-0.018726,0.013967,0
1790541907.9527,-0.022022,-0.073505,-0.027922,-0.038206,-0.022022,0.000000,0.120000,0.000000,0.529688,-0.006606,-0.000000,-0.021315,-0.022052,-0.000000,-0.016154,0.013530,0
1790541907.9664,-0.036676,-0.077692,-0.037653,-0.030922,-0.036676,0.000000,0.120000,0.000000,0.559572,-0.011003,-0.000000,-0.026650,-0.023308,-0.000000,-0.007615,0.013747,0
1790541907.9800,-0.042332,-0.079838,-0.023065,-0.027884,-0.042332,0.000000,0.120000,0.000000,0.589228,-0.012699,-0.000000,-0.010365,-0.023952,-0.000000,-0.003932,0.013642,0
1790541907.9940,-0.049360,-0.080506,-0.027425,-0.025350,-0.049360,0.000000,0.120000,0.000000,0.619503,-0.014808,-0.000000,-0.012617,-0.024152,-0.000000,-0.001198,0.013926,0
1790541908.0082,-0.051571,-0.081269,-0.019410,-0.025739,-0.051571,0.000000,0.120000,0.000000,0.650010,-0.015471,-0.000000,-0.003939,-0.024381,-0.000000,-0.001359,0.014034,0
1790541908.0228,-0.042073,-0.079585,0.003710,-0.020981,-0.042073,0.000000,0.120000,0.000000,0.681615,-0.012622,-0.000000,0.016332,-0.023876,-0.000000,0.002894,0.014538,0
1790541908.0368,-0.029425,-0.070061,0.013431,-0.004258,-0.029425,0.000000,0.120000,0.000000,0.712498,-0.008827,-0.000000,0.022258,-0.021018,-0.000000,0.016761,0.014206,0
1790541908.0508,-0.020514,-0.061131,0.009750,-0.002401,-0.020514,0.000000,0.120000,0.000000,0.742950,-0.006154,-0.000000,0.015904,-0.018339,-0.000000,0.015938,0.014008,0
1790541908.0649,-0.010611,-0.048177,0.014346,0.008478,-0.010611,0.000000,0.120000,0.000000,0.773652,-0.003183,-0.000000,0.017529,-0.014453,-0.000000,0.022931,0.014123,0
1790541908.0789,0.005279,-0.032554,0.030011,0.018183,0.005279,0.000000,0.120000,0.000000,0.804030,0.001584,-0.000000,0.028428,-0.009766,-0.000000,0.027949,0.013974,0
1790541908.0930,-0.001545,-0.030607,-0.012545,-0.005735,-0.001545,0.000000,0.120000,0.000000,0.834730,-0.000464,-0.000000,-0.012081,-0.009182,-0.000000,0.003447,0.014122,0
1790541908.1069,-0.012855,-0.041455,-0.024116,-0.031869,-0.012855,0.000000,0.120000,0.000000,0.865069,-0.003856,-0.000000,-0.020260,-0.012436,-0.000000,-0.019433,0.013956,0
1790541908.1207,-0.006533,-0.048261,0.009478,-0.026792,-0.006533,0.000000,0.120000,0.000000,0.895106,-0.001960,-0.000000,0.011438,-0.014478,-0.000000,-0.012314,0.013817,0
1790541908.1345,-0.011562,-0.054797,-0.012565,-0.028262,-0.011562,0.000000,0.120000,0.000000,0.925154,-0.003469,-0.000000,-0.009096,-0.016439,-0.000000,-0.011823,0.013822,0
1790541908.1485,-0.013131,-0.059174,-0.006750,-0.025593,-0.013131,0.000000,0.120000,0.000000,0.955493,-0.003939,-0.000000,-0.002811,-0.017752,-0.000000,-0.007840,0.013956,0
1790541908.1622,-0.002893,-0.068135,0.017711,-0.036702,-0.002893,0.000000,0.120000,0.000000,0.985441,-0.000868,-0.000000,0.018579,-0.020440,-0.000000,-0.016261,0.013776,0
1790541908.1760,0.014943,-0.079603,0.036840,-0.044685,0.014943,0.000000,0.120000,0.000000,0.015399,0.004483,-0.000000,0.032357,-0.023881,-0.000000,-0.020805,0.013781,0
1790541908.1897,0.025086,-0.085106,0.026146,-0.035633,0.025086,0.000000,0.120000,0.000000,0.045005,0.007526,-0.000000,0.018620,-0.025532,-0.000000,-0.010101,0.013618,0
1790541908.2032,0.033345,-0.089641,0.025283,-0.035284,0.033345,0.000000,0.120000,0.000000,0.074381,0.010004,-0.000000,0.015280,-0.026892,-0.000000,-0.008391,0.013513,0
1790541908.2171,0.037069,-0.093742,0.017823,-0.035505,0.037069,0.000000,0.120000,0.000000,0.104572,0.011121,-0.000000,0.006702,-0.028123,-0.000000,-0.007382,0.013888,0
1790541908.2310,0.031044,-0.095509,-0.001451,-0.031810,0.031044,0.000000,0.120000,0.000000,0.134987,0.009313,-0.000000,-0.010764,-0.028653,-0.000000,-0.003158,0.013991,0
1790541908.2450,0.021425,-0.088289,-0.010833,-0.013532,0.021425,0.000000,0.120000,0.000000,0.165276,0.006428,-0.000000,-0.017260,-0.026487,-0.000000,0.012955,0.013933,0
1790541908.2590,0.015367,-0.077244,-0.006267,-0.003345,0.015367,0.000000,0.120000,0.000000,0.195549,0.004610,-0.000000,-0.010877,-0.023173,-0.000000,0.019829,0.013926,0
1790541908.2734,0.009860,-0.064835,-0.006673,0.002253,0.009860,0.000000,0.120000,0.000000,0.226624,0.002958,-0.000000,-0.009631,-0.019450,-0.000000,0.021704,0.014295,0
1790541908.2874,0.000528,-0.049481,-0.016360,0.012333,0.000528,0.000000,0.120000,0.000000,0.257328,0.000158,-0.000000,-0.016518,-0.014844,-0.000000,0.027177,0.014124,0
1790541908.3014,-0.009214,-0.037443,-0.020104,0.010194,-0.009214,0.000000,0.120000,0.000000,0.287861,-0.002764,-0.000000,-0.017339,-0.011233,-0.000000,0.021427,0.014045,0
1790541908.3153,-0.017131,-0.024396,-0.019375,0.016138,-0.017131,0.000000,0.120000,0.000000,0.318088,-0.005139,-0.000000,-0.014236,-0.007319,-0.000000,0.023457,0.013904,0
1790541908.3292,-0.010679,-0.027016,0.008399,-0.012816,-0.010679,0.000000,0.120000,0.000000,0.348311,-0.003204,-0.000000,0.011603,-0.008105,-0.000000,-0.004711,0.013903,0
1790541908.3430,-0.013984,-0.030879,-0.010153,-0.016226,-0.013984,0.000000,0.120000,0.000000,0.378462,-0.004195,-0.000000,-0.005958,-0.009264,-0.000000,-0.006962,0.013870,0
1790541908.3578,-0.014142,-0.040510,-0.004520,-0.029066,-0.014142,0.000000,0.120000,0.000000,0.409411,-0.004243,-0.000000,-0.000277,-0.012153,-0.000000,-0.016913,0.014236,0
1790541908.3727,-0.009761,-0.054251,0.004307,-0.038968,-0.009761,0.000000,0.120000,0.000000,0.442320,-0.002928,-0.000000,0.007235,-0.016275,-0.000000,-0.022693,0.015138,0
1790541908.3872,-0.019341,-0.065059,-0.022301,-0.038130,-0.019341,0.000000,0.120000,0.000000,0.473878,-0.005802,-0.000000,-0.016499,-0.019518,-0.000000,-0.018612,0.014517,0
1790541908.4015,-0.032472,-0.078247,-0.032938,-0.046771,-0.032472,0.000000,0.120000,0.000000,0.504645,-0.009742,-0.000000,-0.023196,-0.023474,-0.000000,-0.023297,0.014153,0
1790541908.4160,-0.049757,-0.089558,-0.044451,-0.046188,-0.049757,0.000000,0.120000,0.000000,0.536463,-0.014927,-0.000000,-0.029524,-0.026867,-0.000000,-0.019321,0.014636,0
1790541908.4296,-0.063327,-0.096919,-0.043847,-0.042554,-0.063327,0.000000,0.120000,0.000000,0.566143,-0.018998,-0.000000,-0.024849,-0.029076,-0.000000,-0.013479,0.013653,0
1790541908.4432,-0.064594,-0.102857,-0.021670,-0.041599,-0.064594,0.000000,0.120000,0.000000,0.596185,-0.019378,-0.000000,-0.002292,-0.030857,-0.000000,-0.010742,0.013819,0
1790541908.4571,-0.062040,-0.102751,-0.014000,-0.030634,-0.062040,0.000000,0.120000,0.000000,0.626278,-0.018612,-0.000000,0.004612,-0.030825,-0.000000,0.000192,0.013843,0
1790541908.4709,-0.056685,-0.100170,-0.007363,-0.025404,-0.056685,0.000000,0.120000,0.000000,0.656461,-0.017006,-0.000000,0.009643,-0.030051,-0.000000,0.004647,0.013884,0
1790541908.4849,-0.054132,-0.100895,-0.011650,-0.031573,-0.054132,0.000000,0.120000,0.000000,0.686697,-0.016239,-0.000000,0.004590,-0.030269,-0.000000,-0.001304,0.013909,0
1790541908.4987,-0.048816,-0.097982,-0.005075,-0.024150,-0.048816,0.000000,0.120000,0.000000,0.716884,-0.014645,-0.000000,0.009570,-0.029395,-0.000000,0.005245,0.013886,0
1790541908.5130,-0.042612,-0.086007,-0.001687,-0.004383,-0.042612,0.000000,0.120000,0.000000,0.747269,-0.012784,-0.000000,0.011097,-0.025802,-0.000000,0.021419,0.013977,0
1790541908.5276,-0.036259,-0.069461,0.000023,0.007552,-0.036259,0.000000,0.120000,0.000000,0.778945,-0.010878,-0.000000,0.010900,-0.020838,-0.000000,0.028390,0.014571,0
1790541908.5424,-0.026094,-0.050580,0.009303,0.016644,-0.026094,0.000000,0.120000,0.000000,0.811193,-0.007828,-0.000000,0.017131,-0.015174,-0.000000,0.031818,0.014834,0
1790541908.5564,-0.014434,-0.032740,0.016314,0.021766,-0.014434,0.000000,0.120000,0.000000,0.841889,-0.004330,-0.000000,0.020644,-0.009822,-0.000000,0.031588,0.014120,0
1790541908.5702,-0.023676,-0.031386,-0.023773,-0.006974,-0.023676,0.000000,0.120000,0.000000,0.872021,-0.007103,-0.000000,-0.016670,-0.009416,-0.000000,0.002442,0.013861,0
1790541908.5841,-0.029637,-0.043481,-0.019604,-0.034781,-0.029637,0.000000,0.120000,0.000000,0.902263,-0.008891,-0.000000,-0.010712,-0.013044,-0.000000,-0.021736,0.013911,0
1790541908.5980,-0.022388,-0.050490,0.006379,-0.027810,-0.022388,0.000000,0.120000,0.000000,0.932346,-0.006717,-0.000000,0.013096,-0.015147,-0.000000,-0.012663,0.013838,0
1790541908.6118,-0.025629,-0.057312,-0.013568,-0.029568,-0.025629,0.000000,0.120000,0.000000,0.962303,-0.007689,-0.000000,-0.005879,-0.017193,-0.000000,-0.012375,0.013780,0
1790541908.6254,-0.020626,-0.071546,0.002923,-0.047386,-0.020626,0.000000,0.120000,0.000000,0.992147,-0.006188,-0.000000,0.009111,-0.021464,-0.000000,-0.025922,0.013728,0
1790541908.6393,-0.003927,-0.085312,0.028964,-0.050442,-0.003927,0.000000,0.120000,0.000000,0.022256,-0.001178,-0.000000,0.030142,-0.025594,-0.000000,-0.024849,0.013850,0
1790541908.6534,0.008650,-0.096173,0.025155,-0.048333,0.008650,0.000000,0.120000,0.000000,0.052554,0.002595,-0.000000,0.022560,-0.028852,-0.000000,-0.019481,0.013937,0
1790541908.6675,0.019472,-0.103465,0.024828,-0.043832,0.019472,0.000000,0.120000,0.000000,0.083533,0.005842,-0.000000,0.018987,-0.031039,-0.000000,-0.012792,0.014250,0
1790541908.6812,0.031478,-0.108902,0.031252,-0.042548,0.031478,0.000000,0.120000,0.000000,0.113451,0.009443,-0.000000,0.021809,-0.032671,-0.000000,-0.009878,0.013762,0
1790541908.6951,0.039992,-0.115262,0.027306,-0.046012,0.039992,0.000000,0.120000,0.000000,0.143678,0.011998,-0.000000,0.015308,-0.034578,-0.000000,-0.011434,0.013905,0
1790541908.7090,0.027413,-0.112938,-0.014443,-0.029694,0.027413,0.000000,0.120000,0.000000,0.173838,0.008224,-0.000000,-0.022667,-0.033881,-0.000000,0.004188,0.013874,0
1790541908.7229,0.017451,-0.098055,-0.012583,-0.002798,0.017451,0.000000,0.120000,0.000000,0.204226,0.005235,-0.000000,-0.017818,-0.029416,-0.000000,0.026618,0.013978,0
1790541908.7369,0.013709,-0.081637,-0.002592,0.004925,0.013709,0.000000,0.120000,0.000000,0.234558,0.004113,-0.000000,-0.006704,-0.024491,-0.000000,0.029416,0.013953,0
1790541908.7507,0.004611,-0.064398,-0.015075,0.011865,0.004611,0.000000,0.120000,0.000000,0.264603,0.001383,-0.000000,-0.016458,-0.019319,-0.000000,0.031184,0.013821,0
1790541908.7649,-0.007084,-0.040909,-0.023083,0.029823,-0.007084,0.000000,0.120000,0.000000,0.294929,-0.002125,-0.000000,-0.020958,-0.012273,-0.000000,0.042095,0.013950,0
1790541908.7791,-0.024515,-0.023695,-0.037697,0.022857,-0.024515,0.000000,0.120000,0.000000,0.326150,-0.007354,-0.000000,-0.030343,-0.007108,-0.000000,0.029965,0.014362,0
1790541908.7931,-0.017685,-0.023686,0.006875,-0.007090,-0.017685,0.000000,0.120000,0.000000,0.356624,-0.005305,-0.000000,0.012181,-0.007106,-0.000000,0.000016,0.014018,0
1790541908.8071,-0.013714,-0.031702,0.002947,-0.023765,-0.013714,0.000000,0.120000,0.000000,0.387187,-0.004114,-0.000000,0.007061,-0.009511,-0.000000,-0.014254,0.014059,0
1790541908.8209,-0.011786,-0.039931,-0.000062,-0.026814,-0.011786,0.000000,0.120000,0.000000,0.417336,-0.003536,-0.000000,0.003474,-0.011979,-0.000000,-0.014834,0.013869,0
1790541908.8347,-0.006426,-0.051563,0.007801,-0.036582,-0.006426,0.000000,0.120000,0.000000,0.447278,-0.001928,-0.000000,0.009729,-0.015469,-0.000000,-0.021113,0.013773,0
1790541908.8486,-0.005305,-0.063382,0.000428,-0.040290,-0.005305,0.000000,0.120000,0.000000,0.477470,-0.001591,-0.000000,0.002019,-0.019015,-0.000000,-0.021275,0.013888,0
1790541908.8628,-0.017318,-0.075252,-0.026544,-0.043669,-0.017318,0.000000,0.120000,0.000000,0.508052,-0.005195,-0.000000,-0.021349,-0.022576,-0.000000,-0.021094,0.014068,0
1790541908.8765,-0.029737,-0.086611,-0.031514,-0.046647,-0.029737,0.000000,0.120000,0.000000,0.537927,-0.008921,-0.000000,-0.022593,-0.025983,-0.000000,-0.020663,0.013742,0
1790541908.8902,-0.043826,-0.094678,-0.038919,-0.043160,-0.043826,0.000000,0.120000,0.000000,0.567637,-0.013148,-0.000000,-0.025771,-0.028403,-0.000000,-0.014757,0.013667,0
1790541908.9042,-0.052462,-0.095030,-0.031058,-0.029135,-0.052462,0.000000,0.120000,0.000000,0.598276,-0.015739,-0.000000,-0.015320,-0.028509,-0.000000,-0.000626,0.014094,0
1790541908.9180,-0.050413,-0.093325,-0.011425,-0.024920,-0.050413,0.000000,0.120000,0.000000,0.628387,-0.015124,-0.000000,0.003699,-0.027998,-0.000000,0.003078,0.013851,0
1790541908.9320,-0.042362,-0.089292,0.001647,-0.019596,-0.042362,0.000000,0.120000,0.000000,0.658866,-0.012708,-0.000000,0.014356,-0.026788,-0.000000,0.007192,0.014020,0
1790541908.9461,-0.038634,-0.082276,-0.004932,-0.012153,-0.038634,0.000000,0.120000,0.000000,0.689297,-0.011590,-0.000000,0.006658,-0.024683,-0.000000,0.012530,0.013998,0
1790541908.9601,-0.035124,-0.075953,-0.004314,-0.011576,-0.035124,0.000000,0.120000,0.000000,0.719951,-0.010537,-0.000000,0.006223,-0.022786,-0.000000,0.011210,0.014101,0
1790541908.9741,-0.025148,-0.067412,0.010361,-0.004893,-0.025148,0.000000,0.120000,0.000000,0.750230,-0.007544,-0.000000,0.017905,-0.020224,-0.000000,0.015331,0.013929,0
1790541908.9881,-0.010544,-0.051721,0.022932,0.012521,-0.010544,0.000000,0.120000,0.000000,0.780646,-0.003163,-0.000000,0.026095,-0.015516,-0.000000,0.028037,0.013991,0
1790541909.0020,0.001594,-0.032681,0.022360,0.024521,0.001594,0.000000,0.120000,0.000000,0.810793,0.000478,-0.000000,0.021882,-0.009804,-0.000000,0.034325,0.013868,0
1790541909.0162,-0.002957,-0.033349,-0.009003,-0.011196,-0.002957,0.000000,0.120000,0.000000,0.841271,-0.000887,-0.000000,-0.008116,-0.010005,-0.000000,-0.001192,0.014020,0
1790541909.0306,0.003042,-0.045872,0.011201,-0.035237,0.003042,0.000000,0.120000,0.000000,0.872962,0.000913,-0.000000,0.010289,-0.013761,-0.000000,-0.021476,0.014578,0
1790541909.0447,0.004606,-0.052513,0.004165,-0.027573,0.004606,0.000000,0.120000,0.000000,0.903503,0.001382,-0.000000,0.002783,-0.015754,-0.000000,-0.011819,0.014049,0
1790541909.0586,-0.005050,-0.055748,-0.018879,-0.022540,-0.005050,0.000000,0.120000,0.000000,0.933728,-0.001515,-0.000000,-0.017364,-0.016724,-0.000000,-0.005816,0.013903,0
1790541909.0725,0.005281,-0.068697,0.019980,-0.043666,0.005281,0.000000,0.120000,0.000000,0.964251,0.001584,-0.000000,0.018395,-0.020609,-0.000000,-0.023057,0.014041,0
1790541909.0864,0.018107,-0.087091,0.028571,-0.059312,0.018107,0.000000,0.120000,0.000000,0.994375,0.005432,-0.000000,0.023139,-0.026127,-0.000000,-0.033184,0.013857,0
1790541909.1004,0.030468,-0.097009,0.031212,-0.046813,0.030468,0.000000,0.120000,0.000000,0.024811,0.009140,-0.000000,0.022072,-0.029103,-0.000000,-0.017711,0.014001,0
1790541909.1139,0.041541,-0.104102,0.032975,-0.044370,0.041541,0.000000,0.120000,0.000000,0.054148,0.012462,-0.000000,0.020513,-0.031231,-0.000000,-0.013140,0.013495,0
1790541909.1275,0.052786,-0.113179,0.036463,-0.050604,0.052786,0.000000,0.120000,0.000000,0.083777,0.015836,-0.000000,0.020627,-0.033954,-0.000000,-0.016650,0.013629,0
1790541909.1414,0.047992,-0.121168,0.005819,-0.050648,0.047992,0.000000,0.120000,0.000000,0.114144,0.014398,-0.000000,-0.008579,-0.036350,-0.000000,-0.014297,0.013969,0
1790541909.1553,0.034444,-0.119192,-0.014198,-0.032180,0.034444,0.000000,0.120000,0.000000,0.144159,0.010333,-0.000000,-0.024531,-0.035758,-0.000000,0.003578,0.013807,0
1790541909.1693,0.029413,-0.116147,-0.000164,-0.029404,0.029413,0.000000,0.120000,0.000000,0.174583,0.008824,-0.000000,-0.008988,-0.034844,-0.000000,0.005440,0.013995,0
1790541909.1832,0.025064,-0.110535,-0.000289,-0.023085,0.025064,0.000000,0.120000,0.000000,0.204850,0.007519,-0.000000,-0.007809,-0.033161,-0.000000,0.010076,0.013923,0
1790541909.1970,0.018052,-0.099065,-0.007279,-0.008953,0.018052,0.000000,0.120000,0.000000,0.234869,0.005416,-0.000000,-0.012695,-0.029719,-0.000000,0.020766,0.013809,0
1790541909.2108,0.012539,-0.085490,-0.006177,-0.001177,0.012539,0.000000,0.120000,0.000000,0.265019,0.003762,-0.000000,-0.009939,-0.025647,-0.000000,0.024470,0.013869,0
1790541909.2247,0.005516,-0.069036,-0.011008,0.008959,0.005516,0.000000,0.120000,0.000000,0.295160,0.001655,-0.000000,-0.012663,-0.020711,-0.000000,0.029669,0.013865,0
1790541909.2385,-0.001437,-0.050785,-0.013052,0.017891,-0.001437,0.000000,0.120000,0.000000,0.325102,-0.000431,-0.000000,-0.012621,-0.015236,-0.000000,0.033127,0.013773,0
1790541909.2524,-0.009879,-0.029600,-0.018103,0.029114,-0.009879,0.000000,0.120000,0.000000,0.355406,-0.002964,-0.000000,-0.015140,-0.008880,-0.000000,0.037994,0.013940,0
1790541909.2667,-0.004331,-0.026068,0.008670,-0.001473,-0.004331,0.000000,0.120000,0.000000,0.385650,-0.001299,-0.000000,0.009969,-0.007820,-0.000000,0.006347,0.013912,0
1790541909.2810,0.010478,-0.037281,0.028673,-0.030514,0.010478,0.000000,0.120000,0.000000,0.417177,0.003144,-0.000000,0.025529,-0.011184,-0.000000,-0.019330,0.014503,0
1790541909.2949,0.008546,-0.035367,-0.000874,-0.007204,0.008546,0.000000,0.120000,0.000000,0.447731,0.002564,-0.000000,-0.003438,-0.010610,-0.000000,0.003406,0.014055,0
1790541909.3091,0.017806,-0.040195,0.021758,-0.020617,0.017806,0.000000,0.120000,0.000000,0.478389,0.005342,-0.000000,0.016416,-0.012058,-0.000000,-0.008559,0.014103,0
1790541909.3231,0.012838,-0.048664,-0.004970,-0.029637,0.012838,0.000000,0.120000,0.000000,0.508999,0.003851,-0.000000,-0.008821,-0.014599,-0.000000,-0.015038,0.014081,0
1790541909.3367,-0.001029,-0.058241,-0.026040,-0.035244,-0.001029,0.000000,0.120000,0.000000,0.538287,-0.000309,-0.000000,-0.025732,-0.017472,-0.000000,-0.017771,0.013472,0
1790541909.3503,-0.015397,-0.063305,-0.030811,-0.028223,-0.015397,0.000000,0.120000,0.000000,0.568101,-0.004619,-0.000000,-0.026192,-0.018992,-0.000000,-0.009231,0.013715,0
1790541909.3641,-0.019292,-0.065777,-0.012824,-0.024198,-0.019292,0.000000,0.120000,0.000000,0.598184,-0.005788,-0.000000,-0.007037,-0.019733,-0.000000,-0.004465,0.013838,0
1790541909.3780,-0.022363,-0.066180,-0.012249,-0.020582,-0.022363,0.000000,0.120000,0.000000,0.628308,-0.006709,-0.000000,-0.005540,-0.019854,-0.000000,-0.000728,0.013857,0
1790541909.3919,-0.025509,-0.065517,-0.013300,-0.018465,-0.025509,0.000000,0.120000,0.000000,0.658585,-0.007653,-0.000000,-0.005647,-0.019655,-0.000000,0.001190,0.013928,0
1790541909.4057,-0.024470,-0.061761,-0.005455,-0.011712,-0.024470,0.000000,0.120000,0.000000,0.688530,-0.007341,-0.000000,0.001886,-0.018528,-0.000000,0.006817,0.013774,0
1790541909.4197,-0.012198,-0.057019,0.018280,-0.008627,-0.012198,0.000000,0.120000,0.000000,0.718930,-0.003659,-0.000000,0.021939,-0.017106,-0.000000,0.008478,0.013984,0
1790541909.4336,0.002197,-0.048481,0.026577,0.000829,0.002197,0.000000,0.120000,0.000000,0.749114,0.000659,-0.000000,0.025918,-0.014544,-0.000000,0.015373,0.013885,0
1790541909.4476,0.011300,-0.039688,0.019645,0.003795,0.011300,0.000000,0.120000,0.000000,0.779550,0.003390,-0.000000,0.016255,-0.011906,-0.000000,0.015702,0.014000,0
1790541909.4616,0.020262,-0.028458,0.022106,0.011548,0.020262,0.000000,0.120000,0.000000,0.809938,0.006079,-0.000000,0.016028,-0.008537,-0.000000,0.020085,0.013978,0
1790541909.4754,0.019521,-0.023728,0.004521,0.001403,0.019521,0.000000,0.120000,0.000000,0.840103,0.005856,-0.000000,-0.001335,-0.007118,-0.000000,0.008522,0.013876,0
1790541909.4893,0.015704,-0.025938,-0.002134,-0.011746,0.015704,0.000000,0.120000,0.000000,0.870408,0.004711,-0.000000,-0.006846,-0.007781,-0.000000,-0.003965,0.013940,0
1790541909.5033,0.018288,-0.028581,0.010130,-0.013321,0.018288,0.000000,0.120000,0.000000,0.900656,0.005486,-0.000000,0.004644,-0.008574,-0.000000,-0.004747,0.013914,0
1790541909.5176,0.020289,-0.032906,0.009629,-0.017527,0.020289,0.000000,0.120000,0.000000,0.931363,0.006087,-0.000000,0.003542,-0.009872,-0.000000,-0.007655,0.014125,0
1790541909.5318,0.021378,-0.042001,0.008310,-0.028450,0.021378,0.000000,0.120000,0.000000,0.962550,0.006413,-0.000000,0.001897,-0.012600,-0.000000,-0.015849,0.014346,0
1790541909.5458,0.028613,-0.054294,0.021507,-0.038244,0.028613,0.000000,0.120000,0.000000,0.992979,0.008584,-0.000000,0.012923,-0.016288,-0.000000,-0.021956,0.013997,0
1790541909.5598,0.037696,-0.059830,0.027496,-0.027816,0.037696,0.000000,0.120000,0.000000,0.023474,0.011309,-0.000000,0.016187,-0.017949,-0.000000,-0.009867,0.014028,0
1790541909.5733,0.041475,-0.062671,0.019442,-0.024063,0.041475,0.000000,0.120000,0.000000,0.052814,0.012442,-0.000000,0.006999,-0.018801,-0.000000,-0.005262,0.013496,0
1790541909.5869,0.045974,-0.066084,0.022038,-0.026079,0.045974,0.000000,0.120000,0.000000,0.082471,0.013792,-0.000000,0.008246,-0.019825,-0.000000,-0.006254,0.013643,0
1790541909.6008,0.052647,-0.070337,0.027790,-0.028748,0.052647,0.000000,0.120000,0.000000,0.112699,0.015794,-0.000000,0.011996,-0.021101,-0.000000,-0.007647,0.013905,0
1790541909.6147,0.056933,-0.074249,0.024816,-0.029335,0.056933,0.000000,0.120000,0.000000,0.142810,0.017080,-0.000000,0.007737,-0.022275,-0.000000,-0.007060,0.013851,0
1790541909.6286,0.044961,-0.070637,-0.007949,-0.014725,0.044961,0.000000,0.120000,0.000000,0.173162,0.013488,-0.000000,-0.021437,-0.021191,-0.000000,0.006466,0.013962,0
1790541909.6424,0.035245,-0.056791,-0.006932,0.007910,0.035245,0.000000,0.120000,0.000000,0.203327,0.010573,-0.000000,-0.017505,-0.017037,-0.000000,0.024947,0.013876,0
1790541909.6565,0.029479,-0.043382,-0.001621,0.011322,0.029479,0.000000,0.120000,0.000000,0.233271,0.008844,-0.000000,-0.010465,-0.013015,-0.000000,0.024337,0.013774,0
1790541909.6707,0.020620,-0.029033,-0.009243,0.016280,0.020620,0.000000,0.120000,0.000000,0.264477,0.006186,-0.000000,-0.015429,-0.008710,-0.000000,0.024990,0.014355,0
1790541909.6848,0.009456,-0.014481,-0.016972,0.021474,0.009456,0.000000,0.120000,0.000000,0.295107,0.002837,-0.000000,-0.019809,-0.004344,-0.000000,0.025819,0.014090,0
1790541909.6985,0.018901,-0.019762,0.022777,-0.015493,0.018901,0.000000,0.120000,0.000000,0.325112,0.005670,-0.000000,0.017107,-0.005928,-0.000000,-0.009564,0.013803,0
1790541909.7124,0.014953,-0.025737,-0.002629,-0.018490,0.014953,0.000000,0.120000,0.000000,0.355267,0.004486,-0.000000,-0.007115,-0.007721,-0.000000,-0.010769,0.013871,0
1790541909.7263,0.010162,-0.032149,-0.005540,-0.021140,0.010162,0.000000,0.120000,0.000000,0.385585,0.003049,-0.000000,-0.008589,-0.009645,-0.000000,-0.011495,0.013946,0
1790541909.7401,0.018571,-0.045781,0.020806,-0.038433,0.018571,0.000000,0.120000,0.000000,0.415580,0.005571,-0.000000,0.015235,-0.013734,-0.000000,-0.024699,0.013798,0
1790541909.7541,0.020927,-0.060090,0.010506,-0.043702,0.020927,0.000000,0.120000,0.000000,0.445869,0.006278,-0.000000,0.004228,-0.018027,-0.000000,-0.025675,0.013933,0
1790541909.7681,0.005487,-0.073659,-0.025990,-0.046386,0.005487,0.000000,0.120000,0.000000,0.476232,0.001646,-0.000000,-0.027637,-0.022098,-0.000000,-0.024288,0.013967,0
1790541909.7825,-0.009214,-0.085415,-0.028337,-0.046074,-0.009214,0.000000,0.120000,0.000000,0.507474,-0.002764,-0.000000,-0.025573,-0.025624,-0.000000,-0.020449,0.014371,0
1790541909.7961,-0.026523,-0.092899,-0.039589,-0.041546,-0.026523,0.000000,0.120000,0.000000,0.537213,-0.007957,-0.000000,-0.031633,-0.027870,-0.000000,-0.013677,0.013680,0
1790541909.8097,-0.038461,-0.099545,-0.033458,-0.042067,-0.038461,0.000000,0.120000,0.000000,0.566812,-0.011538,-0.000000,-0.021920,-0.029863,-0.000000,-0.012203,0.013616,0
1790541909.8235,-0.038957,-0.104924,-0.012587,-0.041229,-0.038957,0.000000,0.120000,0.000000,0.596788,-0.011687,-0.000000,-0.000900,-0.031477,-0.000000,-0.009752,0.013789,0
1790541909.8374,-0.035906,-0.105475,-0.005286,-0.032633,-0.035906,0.000000,0.120000,0.000000,0.627018,-0.010772,-0.000000,0.005486,-0.031642,-0.000000,-0.000991,0.013906,0
1790541909.8517,-0.030725,-0.105966,-0.000084,-0.032657,-0.030725,0.000000,0.120000,0.000000,0.657846,-0.009217,-0.000000,0.009134,-0.031790,-0.000000,-0.000867,0.014181,0
1790541909.8656,-0.025781,-0.105086,0.001106,-0.029951,-0.025781,0.000000,0.120000,0.000000,0.688241,-0.007734,-0.000000,0.008841,-0.031526,-0.000000,0.001575,0.013982,0
1790541909.8794,-0.019668,-0.099838,0.005139,-0.020473,-0.019668,0.000000,0.120000,0.000000,0.718331,-0.005901,-0.000000,0.011040,-0.029951,-0.000000,0.009479,0.013841,0
1790541909.8933,-0.012712,-0.089659,0.008655,-0.008653,-0.012712,0.000000,0.120000,0.000000,0.748654,-0.003813,-0.000000,0.012469,-0.026898,-0.000000,0.018245,0.013948,0
1790541909.9073,-0.008095,-0.077212,0.005852,-0.000840,-0.008095,0.000000,0.120000,0.000000,0.778955,-0.002428,-0.000000,0.008281,-0.023164,-0.000000,0.022324,0.013938,0
1790541909.9212,0.000057,-0.058465,0.014628,0.016066,0.000057,0.000000,0.120000,0.000000,0.809274,0.000017,-0.000000,0.014611,-0.017539,-0.000000,0.033605,0.013947,0
1790541909.9351,0.011481,-0.037182,0.023974,0.027087,0.011481,0.000000,0.120000,0.000000,0.839519,0.003444,-0.000000,0.020529,-0.011155,-0.000000,0.038242,0.013913,0
1790541909.9491,0.017955,-0.016447,0.017017,0.032318,0.017955,0.000000,0.120000,0.000000,0.869771,0.005387,-0.000000,0.011630,-0.004934,-0.000000,0.037252,0.013916,0
1790541909.9630,0.002696,-0.023760,-0.026628,-0.020278,0.002696,0.000000,0.120000,0.000000,0.899996,0.000809,-0.000000,-0.027437,-0.007128,-0.000000,-0.013150,0.013903,0
1790541909.9769,0.001516,-0.040701,-0.001663,-0.042611,0.001516,0.000000,0.120000,0.000000,0.930281,0.000455,-0.000000,-0.002117,-0.012210,-0.000000,-0.030401,0.013931,0
1790541909.9910,-0.005570,-0.044646,-0.014290,-0.020420,-0.005570,0.000000,0.120000,0.000000,0.960799,-0.001671,-0.000000,-0.012619,-0.013394,-0.000000,-0.007026,0.014038,0
1790541910.0050,-0.013546,-0.055637,-0.018306,-0.036318,-0.013546,0.000000,0.120000,0.000000,0.991233,-0.004064,-0.000000,-0.014243,-0.016691,-0.000000,-0.019627,0.014000,0
1790541910.0196,-0.000253,-0.072560,0.023254,-0.051468,-0.000253,0.000000,0.120000,0.000000,0.022199,-0.000076,-0.000000,0.023330,-0.021768,-0.000000,-0.029700,0.014244,0
1790541910.0337,0.015233,-0.087890,0.031570,-0.053097,0.015233,0.000000,0.120000,0.000000,0.053369,0.004570,-0.000000,0.027000,-0.026367,-0.000000,-0.026730,0.014338,0
1790541910.0473,0.026348,-0.096834,0.028193,-0.045375,0.026348,0.000000,0.120000,0.000000,0.083144,0.007904,-0.000000,0.020289,-0.029050,-0.000000,-0.016325,0.013696,0
1790541910.0613,0.040877,-0.102323,0.038137,-0.040473,0.040877,0.000000,0.120000,0.000000,0.113662,0.012263,-0.000000,0.025874,-0.030697,-0.000000,-0.009776,0.014039,0
1790541910.0753,0.048922,-0.109222,0.029003,-0.045052,0.048922,0.000000,0.120000,0.000000,0.144179,0.014677,-0.000000,0.014327,-0.032767,-0.000000,-0.012285,0.014038,0
1790541910.0892,0.034103,-0.103086,-0.016325,-0.019930,0.034103,0.000000,0.120000,0.000000,0.174507,0.010231,-0.000000,-0.026556,-0.030926,-0.000000,0.010996,0.013951,0
1790541910.1031,0.027286,-0.087832,-0.004114,0.001175,0.027286,0.000000,0.120000,0.000000,0.204626,0.008186,-0.000000,-0.012300,-0.026350,-0.000000,0.027525,0.013855,0
1790541910.1170,0.027486,-0.073190,0.008606,0.004374,0.027486,0.000000,0.120000,0.000000,0.234847,0.008246,-0.000000,0.000360,-0.021957,-0.000000,0.026331,0.013902,0
1790541910.1309,0.011407,-0.052206,-0.025441,0.022007,0.011407,0.000000,0.120000,0.000000,0.265123,0.003422,-0.000000,-0.028864,-0.015662,-0.000000,0.037669,0.013927,0
1790541910.1448,-0.005027,-0.031135,-0.031072,0.028566,-0.005027,0.000000,0.120000,0.000000,0.295334,-0.001508,-0.000000,-0.029564,-0.009340,-0.000000,0.037906,0.013897,0
1790541910.1587,-0.014077,-0.019239,-0.020565,0.015706,-0.014077,0.000000,0.120000,0.000000,0.325434,-0.004223,-0.000000,-0.016342,-0.005772,-0.000000,0.021478,0.013846,0
1790541910.1726,-0.009629,-0.029712,0.005085,-0.027687,-0.009629,0.000000,0.120000,0.000000,0.355753,-0.002889,-0.000000,0.007974,-0.008914,-0.000000,-0.018773,0.013947,0
1790541910.1864,-0.007061,-0.031118,0.002543,-0.011888,-0.007061,0.000000,0.120000,0.000000,0.385685,-0.002118,-0.000000,0.004662,-0.009335,-0.000000,-0.002552,0.013769,0
1790541910.2003,-0.002936,-0.038163,0.006515,-0.024077,-0.002936,0.000000,0.120000,0.000000,0.416004,-0.000881,-0.000000,0.007396,-0.011449,-0.000000,-0.012628,0.013947,0
1790541910.2142,0.001397,-0.048976,0.008179,-0.034063,0.001397,0.000000,0.120000,0.000000,0.446345,0.000419,-0.000000,0.007760,-0.014693,-0.000000,-0.019370,0.013957,0
1790541910.2280,-0.002154,-0.061640,-0.007089,-0.041470,-0.002154,0.000000,0.120000,0.000000,0.476297,-0.000646,-0.000000,-0.006442,-0.018492,-0.000000,-0.022978,0.013778,0
1790541910.2419,-0.017082,-0.071732,-0.032086,-0.039747,-0.017082,0.000000,0.120000,0.000000,0.506388,-0.005125,-0.000000,-0.026962,-0.021520,-0.000000,-0.018227,0.013842,0
1790541910.2554,-0.031599,-0.078249,-0.036338,-0.035531,-0.031599,0.000000,0.120000,0.000000,0.535764,-0.009480,-0.000000,-0.026858,-0.023475,-0.000000,-0.012056,0.013513,0
1790541910.2693,-0.040805,-0.079488,-0.029360,-0.026151,-0.040805,0.000000,0.120000,0.000000,0.564993,-0.012242,-0.000000,-0.017118,-0.023846,-0.000000,-0.002304,0.013445,0
1790541910.2835,-0.041534,-0.077977,-0.013717,-0.020787,-0.041534,0.000000,0.120000,0.000000,0.596492,-0.012460,-0.000000,-0.001257,-0.023393,-0.000000,0.002606,0.014490,0
1790541910.2974,-0.037871,-0.073085,-0.004824,-0.013195,-0.037871,0.000000,0.120000,0.000000,0.626947,-0.011361,-0.000000,0.006537,-0.021926,-0.000000,0.008730,0.014009,0
1790541910.3113,-0.030226,-0.068381,0.004688,-0.012050,-0.030226,0.000000,0.120000,0.000000,0.657149,-0.009068,-0.000000,0.013756,-0.020514,-0.000000,0.008465,0.013893,0
1790541910.3252,-0.024120,-0.063957,0.003699,-0.011265,-0.024120,0.000000,0.120000,0.000000,0.687499,-0.007236,-0.000000,0.010935,-0.019187,-0.000000,0.007922,0.013961,0
1790541910.3390,-0.017552,-0.057170,0.006599,-0.004891,-0.017552,0.000000,0.120000,0.000000,0.717584,-0.005266,-0.000000,0.011864,-0.017151,-0.000000,0.012260,0.013839,0
1790541910.3528,-0.009491,-0.046592,0.011780,0.005216,-0.009491,0.000000,0.120000,0.000000,0.747537,-0.002847,-0.000000,0.014628,-0.013978,-0.000000,0.019193,0.013778,0
1790541910.3667,0.001891,-0.032626,0.021178,0.015503,0.001891,0.000000,0.120000,0.000000,0.777549,0.000567,-0.000000,0.020610,-0.009788,-0.000000,0.025291,0.013806,0
1790541910.3808,0.010347,-0.022495,0.018068,0.011180,0.010347,0.000000,0.120000,0.000000,0.808261,0.003104,-0.000000,0.014964,-0.006748,-0.000000,0.017929,0.014127,0
1790541910.3946,0.006810,-0.026521,-0.004353,-0.015237,0.006810,0.000000,0.120000,0.000000,0.838319,0.002043,-0.000000,-0.006396,-0.007956,-0.000000,-0.007281,0.013827,0
1790541910.4084,0.011586,-0.034222,0.012138,-0.024233,0.011586,0.000000,0.120000,0.000000,0.868286,0.003476,-0.000000,0.008662,-0.010267,-0.000000,-0.013966,0.013785,0
1790541910.4223,0.013680,-0.042797,0.007861,-0.028225,0.013680,0.000000,0.120000,0.000000,0.898574,0.004104,-0.000000,0.003757,-0.012839,-0.000000,-0.015386,0.013932,0
1790541910.4369,0.012175,-0.049719,0.000961,-0.027298,0.012175,0.000000,0.120000,0.000000,0.928957,0.003652,-0.000000,-0.002692,-0.014916,-0.000000,-0.012382,0.013977,0
1790541910.4518,0.019927,-0.062016,0.018638,-0.038689,0.019927,0.000000,0.120000,0.000000,0.962233,0.005978,-0.000000,0.012660,-0.018605,-0.000000,-0.020084,0.015307,0
1790541910.4666,0.035196,-0.079731,0.036501,-0.054014,0.035196,0.000000,0.120000,0.000000,0.994223,0.010559,-0.000000,0.025942,-0.023919,-0.000000,-0.030095,0.014715,0
1790541910.4807,0.048980,-0.087163,0.039041,-0.039278,0.048980,0.000000,0.120000,0.000000,0.024990,0.014694,-0.000000,0.024347,-0.026149,-0.000000,-0.013129,0.014153,0
1790541910.4954,0.059426,-0.095054,0.035629,-0.041961,0.059426,0.000000,0.120000,0.000000,0.056884,0.017828,-0.000000,0.017801,-0.028516,-0.000000,-0.013445,0.014671,0
1790541910.5092,0.070264,-0.105683,0.040611,-0.050861,0.070264,0.000000,0.120000,0.000000,0.087040,0.021079,-0.000000,0.019532,-0.031705,-0.000000,-0.019156,0.013872,0
1790541910.5232,0.061035,-0.108862,0.001759,-0.038360,0.061035,0.000000,0.120000,0.000000,0.117347,0.018310,-0.000000,-0.016551,-0.032659,-0.000000,-0.005701,0.013941,0
1790541910.5373,0.046495,-0.100755,-0.011443,-0.016069,0.046495,0.000000,0.120000,0.000000,0.148466,0.013949,-0.000000,-0.025392,-0.030227,-0.000000,0.014158,0.014315,0
1790541910.5512,0.046090,-0.090204,0.013101,-0.008151,0.046090,0.000000,0.120000,0.000000,0.178790,0.013827,-0.000000,-0.000726,-0.027061,-0.000000,0.018911,0.013949,0
1790541910.5654,0.044049,-0.076388,0.009551,0.001880,0.044049,0.000000,0.120000,0.000000,0.209073,0.013215,-0.000000,-0.003664,-0.022916,-0.000000,0.024796,0.013930,0
1790541910.5797,0.035364,-0.056861,-0.004373,0.016631,0.035364,0.000000,0.120000,0.000000,0.240574,0.010609,-0.000000,-0.014983,-0.017058,-0.000000,0.033689,0.014490,0
1790541910.5937,0.025018,-0.036775,-0.010903,0.024702,0.025018,0.000000,0.120000,0.000000,0.271122,0.007505,-0.000000,-0.018408,-0.011032,-0.000000,0.035734,0.014052,0
1790541910.6077,0.014638,-0.019637,-0.014155,0.024730,0.014638,0.000000,0.120000,0.000000,0.301539,0.004391,-0.000000,-0.018546,-0.005891,-0.000000,0.030621,0.013992,0
1790541910.6216,0.009888,-0.009191,-0.005579,0.016035,0.009888,0.000000,0.120000,0.000000,0.331749,0.002966,-0.000000,-0.008545,-0.002757,-0.000000,0.018792,0.013897,0
1790541910.6355,0.013837,-0.018719,0.011244,-0.022729,0.013837,0.000000,0.120000,0.000000,0.362007,0.004151,-0.000000,0.007093,-0.005616,-0.000000,-0.017113,0.013919,0
1790541910.6494,0.014487,-0.026267,0.005512,-0.021413,0.014487,0.000000,0.120000,0.000000,0.392321,0.004346,-0.000000,0.001166,-0.007880,-0.000000,-0.013533,0.013944,0
1790541910.6636,0.015860,-0.035947,0.007212,-0.028093,0.015860,0.000000,0.120000,0.000000,0.422715,0.004758,-0.000000,0.002454,-0.010784,-0.000000,-0.017309,0.013981,0
1790541910.6775,0.019001,-0.049774,0.011281,-0.039502,0.019001,0.000000,0.120000,0.000000,0.453299,0.005700,-0.000000,0.005581,-0.014932,-0.000000,-0.024570,0.014069,0
1790541910.6915,0.008744,-0.059139,-0.015728,-0.034498,0.008744,0.000000,0.120000,0.000000,0.483675,0.002623,-0.000000,-0.018351,-0.017742,-0.000000,-0.016756,0.013973,0
1790541910.7055,-0.000930,-0.068592,-0.017579,-0.037483,-0.000930,0.000000,0.120000,0.000000,0.514065,-0.000279,-0.000000,-0.017300,-0.020578,-0.000000,-0.016905,0.013979,0
1790541910.7190,-0.017786,-0.074088,-0.036398,-0.032354,-0.017786,0.000000,0.120000,0.000000,0.543558,-0.005336,-0.000000,-0.031062,-0.022226,-0.000000,-0.010128,0.013567,0
1790541910.7326,-0.030961,-0.077265,-0.033547,-0.029030,-0.030961,0.000000,0.120000,0.000000,0.573073,-0.009288,-0.000000,-0.024258,-0.023179,-0.000000,-0.005850,0.013577,0
1790541910.7465,-0.035735,-0.080684,-0.019302,-0.030350,-0.035735,0.000000,0.120000,0.000000,0.603311,-0.010720,-0.000000,-0.008581,-0.024205,-0.000000,-0.006144,0.013909,0
1790541910.7603,-0.035369,-0.081142,-0.009949,-0.025172,-0.035369,0.000000,0.120000,0.000000,0.633347,-0.010611,-0.000000,0.000661,-0.024343,-0.000000,-0.000829,0.013817,0
1790541910.7745,-0.027261,-0.077912,0.006369,-0.017578,-0.027261,0.000000,0.120000,0.000000,0.663637,-0.008178,-0.000000,0.014548,-0.023373,-0.000000,0.005796,0.013934,0
1790541910.7887,-0.017878,-0.070423,0.010978,-0.008084,-0.017878,0.000000,0.120000,0.000000,0.694843,-0.005363,-0.000000,0.016342,-0.021127,-0.000000,0.013043,0.014355,0
1790541910.8026,-0.009581,-0.063925,0.012014,-0.007520,-0.009581,0.000000,0.120000,0.000000,0.725133,-0.002874,-0.000000,0.014888,-0.019178,-0.000000,0.011658,0.013933,0
1790541910.8164,-0.002531,-0.054157,0.011885,0.001274,-0.002531,0.000000,0.120000,0.000000,0.755433,-0.000759,-0.000000,0.012644,-0.016247,-0.000000,0.017521,0.013938,0
1790541910.8302,0.003641,-0.044218,0.012305,0.004791,0.003641,0.000000,0.120000,0.000000,0.785347,0.001092,-0.000000,0.011213,-0.013265,-0.000000,0.018057,0.013761,0
1790541910.8441,0.010021,-0.033548,0.014490,0.009139,0.010021,0.000000,0.120000,0.000000,0.815543,0.003006,-0.000000,0.011484,-0.010065,-0.000000,0.019204,0.013890,0
1790541910.8580,0.007978,-0.025685,-0.001283,0.006445,0.007978,0.000000,0.120000,0.000000,0.845745,0.002393,-0.000000,-0.003676,-0.007705,-0.000000,0.014150,0.013893,0
1790541910.8719,0.002132,-0.026875,-0.009864,-0.010200,0.002132,0.000000,0.120000,0.000000,0.875995,0.000640,-0.000000,-0.010503,-0.008062,-0.000000,-0.002138,0.013915,0
1790541910.8858,0.007943,-0.031877,0.012858,-0.018582,0.007943,0.000000,0.120000,0.000000,0.906139,0.002383,-0.000000,0.010476,-0.009563,-0.000000,-0.009019,0.013866,0
1790541910.8997,0.012013,-0.035423,0.010907,-0.016990,0.012013,0.000000,0.120000,0.000000,0.936428,0.003604,-0.000000,0.007303,-0.010627,-0.000000,-0.006363,0.013933,0
1790541910.9137,0.012760,-0.045002,0.005172,-0.030725,0.012760,0.000000,0.120000,0.000000,0.966651,0.003828,-0.000000,0.001344,-0.013501,-0.000000,-0.017224,0.013903,0
1790541910.9276,0.028385,-0.057609,0.036526,-0.039882,0.028385,0.000000,0.120000,0.000000,0.996968,0.008516,-0.000000,0.028010,-0.017283,-0.000000,-0.022599,0.013946,0
1790541910.9415,0.037591,-0.069920,0.027812,-0.043090,0.037591,0.000000,0.120000,0.000000,0.027226,0.011277,-0.000000,0.016534,-0.020976,-0.000000,-0.022114,0.013919,0
1790541910.9551,0.046677,-0.078944,0.030698,-0.040263,0.046677,0.000000,0.120000,0.000000,0.056807,0.014003,-0.000000,0.016695,-0.023683,-0.000000,-0.016579,0.013607,0
1790541910.9687,0.056802,-0.087441,0.035628,-0.041833,0.056802,0.000000,0.120000,0.000000,0.086409,0.017041,-0.000000,0.018588,-0.026232,-0.000000,-0.015600,0.013617,0
1790541910.9827,0.057754,-0.097532,0.019035,-0.047364,0.057754,0.000000,0.120000,0.000000,0.116699,0.017326,-0.000000,0.001709,-0.029260,-0.000000,-0.018105,0.013933,0
1790541910.9966,0.039528,-0.103835,-0.020767,-0.042434,0.039528,0.000000,0.120000,0.000000,0.147061,0.011858,-0.000000,-0.032625,-0.031151,-0.000000,-0.011284,0.013966,0
1790541911.0105,0.030462,-0.096472,-0.007233,-0.015645,0.030462,0.000000,0.120000,0.000000,0.177156,0.009139,-0.000000,-0.016372,-0.028942,-0.000000,0.013297,0.013844,0
1790541911.0251,0.028586,-0.083628,0.005311,-0.002733,0.028586,0.000000,0.120000,0.000000,0.208380,0.008576,-0.000000,-0.003265,-0.025089,-0.000000,0.022356,0.014363,0
1790541911.0395,0.025233,-0.065384,0.001818,0.011688,0.025233,0.000000,0.120000,0.000000,0.240056,0.007570,-0.000000,-0.005752,-0.019615,-0.000000,0.031304,0.014571,0
1790541911.0534,0.023386,-0.042746,0.003720,0.027569,0.023386,0.000000,0.120000,0.000000,0.270515,0.007016,-0.000000,-0.003296,-0.012824,-0.000000,0.040393,0.014011,0
1790541911.0674,0.016171,-0.025288,-0.008057,0.023647,0.016171,0.000000,0.120000,0.000000,0.300892,0.004851,-0.000000,-0.012908,-0.007586,-0.000000,0.031233,0.013974,0
1790541911.0813,0.000201,-0.011831,-0.028715,0.020698,0.000201,0.000000,0.120000,0.000000,0.331056,0.000060,-0.000000,-0.028775,-0.003549,-0.000000,0.024247,0.013875,0
1790541911.0953,0.009741,-0.011197,0.020003,-0.002226,0.009741,0.000000,0.120000,0.000000,0.361411,0.002922,-0.000000,0.017081,-0.003359,-0.000000,0.001134,0.013963,0
1790541911.1091,0.012599,-0.014283,0.008922,-0.009836,0.012599,0.000000,0.120000,0.000000,0.391615,0.003780,-0.000000,0.005142,-0.004285,-0.000000,-0.005551,0.013894,0
1790541911.1230,0.016127,-0.014062,0.011202,-0.003820,0.016127,0.000000,0.120000,0.000000,0.421743,0.004838,-0.000000,0.006364,-0.004219,-0.000000,0.000398,0.013859,0
1790541911.1368,0.023227,-0.016998,0.019797,-0.010404,0.023227,0.000000,0.120000,0.000000,0.451823,0.006968,-0.000000,0.012829,-0.005099,-0.000000,-0.005305,0.013837,0
1790541911.1508,0.018682,-0.023994,-0.002546,-0.019742,0.018682,0.000000,0.120000,0.000000,0.482133,0.005605,-0.000000,-0.008150,-0.007198,-0.000000,-0.012544,0.013942,0
1790541911.1646,0.010143,-0.031997,-0.012409,-0.024082,0.010143,0.000000,0.120000,0.000000,0.512164,0.003043,-0.000000,-0.015452,-0.009599,-0.000000,-0.014483,0.013814,0
1790541911.1780,-0.003583,-0.039544,-0.026530,-0.025860,-0.003583,0.000000,0.120000,0.000000,0.541470,-0.001075,-0.000000,-0.025455,-0.011863,-0.000000,-0.013996,0.013481,0
1790541911.1915,-0.017746,-0.044131,-0.031603,-0.021751,-0.017746,0.000000,0.120000,0.000000,0.570762,-0.005324,-0.000000,-0.026279,-0.013239,-0.000000,-0.008512,0.013474,0
1790541911.2055,-0.023354,-0.046940,-0.017023,-0.019098,-0.023354,0.000000,0.120000,0.000000,0.601187,-0.007006,-0.000000,-0.010017,-0.014082,-0.000000,-0.005016,0.013996,0
1790541911.2192,-0.027674,-0.049116,-0.016149,-0.018689,-0.027674,0.000000,0.120000,0.000000,0.631105,-0.008302,-0.000000,-0.007847,-0.014735,-0.000000,-0.003954,0.013762,0
1790541911.2330,-0.029362,-0.051903,-0.011875,-0.020635,-0.029362,0.000000,0.120000,0.000000,0.661016,-0.008808,-0.000000,-0.003067,-0.015571,-0.000000,-0.005064,0.013759,0
1790541911.2467,-0.019520,-0.053024,0.012052,-0.017946,-0.019520,0.000000,0.120000,0.000000,0.690883,-0.005856,-0.000000,0.017908,-0.015907,-0.000000,-0.002039,0.013739,0
1790541911.2606,-0.008603,-0.049405,0.017131,-0.008287,-0.008603,0.000000,0.120000,0.000000,0.720983,-0.002581,-0.000000,0.019712,-0.014821,-0.000000,0.006535,0.013846,0
1790541911.2744,0.002997,-0.041661,0.021837,0.001480,0.002997,0.000000,0.120000,0.000000,0.751092,0.000899,-0.000000,0.020938,-0.012498,-0.000000,0.013979,0.013850,0
1790541911.2890,0.010252,-0.030608,0.015697,0.010044,0.010252,0.000000,0.120000,0.000000,0.782333,0.003076,-0.000000,0.012622,-0.009183,-0.000000,0.019226,0.014371,0
1790541911.3031,0.021011,-0.015990,0.025293,0.021004,0.021011,0.000000,0.120000,0.000000,0.813124,0.006303,-0.000000,0.018990,-0.004797,-0.000000,0.025802,0.014164,0
1790541911.3170,0.016968,-0.012639,-0.002181,0.002235,0.016968,0.000000,0.120000,0.000000,0.843345,0.005090,-0.000000,-0.007272,-0.003792,-0.000000,0.006026,0.013901,0
1790541911.3309,0.013647,-0.018720,-0.001833,-0.016468,0.013647,0.000000,0.120000,0.000000,0.873797,0.004094,-0.000000,-0.005927,-0.005616,-0.000000,-0.010852,0.014008,0
1790541911.3447,0.018683,-0.025813,0.014688,-0.020537,0.018683,0.000000,0.120000,0.000000,0.903929,0.005605,-0.000000,0.009083,-0.007744,-0.000000,-0.012794,0.013861,0
1790541911.3586,0.009290,-0.030982,-0.014196,-0.018641,0.009290,0.000000,0.120000,0.000000,0.933988,0.002787,-0.000000,-0.016983,-0.009295,-0.000000,-0.009346,0.013827,0
1790541911.3725,0.011236,-0.040117,0.006871,-0.028464,0.011236,0.000000,0.120000,0.000000,0.964206,0.003371,-0.000000,0.003500,-0.012035,-0.000000,-0.016429,0.013900,0
1790541911.3863,0.019985,-0.056999,0.021762,-0.047524,0.019985,0.000000,0.120000,0.000000,0.994362,0.005995,-0.000000,0.015767,-0.017100,-0.000000,-0.030424,0.013872,0
1790541911.4002,0.032701,-0.069801,0.032726,-0.044010,0.032701,0.000000,0.120000,0.000000,0.024522,0.009810,-0.000000,0.022916,-0.020940,-0.000000,-0.023069,0.013873,0
1790541911.4138,0.044014,-0.077198,0.034074,-0.036806,0.044014,0.000000,0.120000,0.000000,0.053981,0.013204,-0.000000,0.020870,-0.023159,-0.000000,-0.013646,0.013551,0
1790541911.4273,0.047563,-0.083573,0.020825,-0.036851,0.047563,0.000000,0.120000,0.000000,0.083396,0.014269,-0.000000,0.006557,-0.025072,-0.000000,-0.011779,0.013531,0
1790541911.4412,0.048901,-0.089042,0.017082,-0.036568,0.048901,0.000000,0.120000,0.000000,0.113554,0.014670,-0.000000,0.002412,-0.026713,-0.000000,-0.009855,0.013873,0
1790541911.4551,0.039325,-0.090669,-0.005415,-0.030125,0.039325,0.000000,0.120000,0.000000,0.143790,0.011797,-0.000000,-0.017213,-0.027201,-0.000000,-0.002925,0.013908,0
1790541911.4692,0.030608,-0.085029,-0.006357,-0.015453,0.030608,0.000000,0.120000,0.000000,0.174274,0.009183,-0.000000,-0.015540,-0.025509,-0.000000,0.010056,0.014023,0
1790541911.4831,0.030062,-0.077617,0.008036,-0.009952,0.030062,0.000000,0.120000,0.000000,0.204488,0.009019,-0.000000,-0.000983,-0.023285,-0.000000,0.013333,0.013899,0
1790541911.4970,0.025322,-0.065068,-0.000874,0.002903,0.025322,0.000000,0.120000,0.000000,0.234902,0.007597,-0.000000,-0.008470,-0.019520,-0.000000,0.022423,0.013991,0
1790541911.5110,0.019520,-0.047688,-0.004542,0.016843,0.019520,0.000000,0.120000,0.000000,0.265226,0.005856,-0.000000,-0.010398,-0.014306,-0.000000,0.031149,0.013949,0
1790541911.5250,0.015359,-0.032328,-0.002818,0.017710,0.015359,0.000000,0.120000,0.000000,0.295684,0.004608,-0.000000,-0.007426,-0.009698,-0.000000,0.027409,0.014010,0
1790541911.5392,0.007708,-0.017418,-0.011253,0.021211,0.007708,0.000000,0.120000,0.000000,0.326334,0.002313,-0.000000,-0.013565,-0.005226,-0.000000,0.026436,0.014099,0
1790541911.5536,0.015452,-0.018660,0.018102,-0.007758,0.015452,0.000000,0.120000,0.000000,0.357585,0.004636,-0.000000,0.013467,-0.005598,-0.000000,-0.002160,0.014375,0
1790541911.5675,0.017558,-0.029760,0.009023,-0.028724,0.017558,0.000000,0.120000,0.000000,0.388060,0.005267,-0.000000,0.003755,-0.008928,-0.000000,-0.019796,0.014019,0
1790541911.5814,0.018233,-0.036408,0.006678,-0.022809,0.018233,0.000000,0.120000,0.000000,0.418456,0.005470,-0.000000,0.001208,-0.010922,-0.000000,-0.011886,0.013982,0
1790541911.5953,0.024663,-0.045184,0.018976,-0.029357,0.024663,0.000000,0.120000,0.000000,0.448639,0.007399,-0.000000,0.011577,-0.013555,-0.000000,-0.015802,0.013884,0
1790541911.6092,0.017576,-0.053373,-0.007484,-0.030753,0.017576,0.000000,0.120000,0.000000,0.478833,0.005273,-0.000000,-0.012756,-0.016012,-0.000000,-0.014741,0.013889,0
1790541911.6230,0.006792,-0.063392,-0.017580,-0.037245,0.006792,0.000000,0.120000,0.000000,0.508707,0.002038,-0.000000,-0.019618,-0.019018,-0.000000,-0.018227,0.013742,0
1790541911.6367,-0.007964,-0.071037,-0.029384,-0.035296,-0.007964,0.000000,0.120000,0.000000,0.538416,-0.002389,-0.000000,-0.026995,-0.021311,-0.000000,-0.013985,0.013666,0
1790541911.6503,-0.019019,-0.076477,-0.025929,-0.032894,-0.019019,0.000000,0.120000,0.000000,0.568124,-0.005706,-0.000000,-0.020224,-0.022943,-0.000000,-0.009951,0.013666,0
1790541911.6642,-0.027393,-0.081162,-0.023324,-0.032801,-0.027393,0.000000,0.120000,0.000000,0.598249,-0.008218,-0.000000,-0.015106,-0.024349,-0.000000,-0.008453,0.013857,0
1790541911.6782,-0.033288,-0.085551,-0.020464,-0.033466,-0.033288,0.000000,0.120000,0.000000,0.628829,-0.009986,-0.000000,-0.010477,-0.025665,-0.000000,-0.007800,0.014067,0
1790541911.6921,-0.025459,-0.088054,0.006392,-0.030902,-0.025459,0.000000,0.120000,0.000000,0.659157,-0.007638,-0.000000,0.014029,-0.026416,-0.000000,-0.004486,0.013951,0
1790541911.7060,-0.014848,-0.080135,0.014743,-0.009715,-0.014848,0.000000,0.120000,0.000000,0.689199,-0.004454,-0.000000,0.019197,-0.024041,-0.000000,0.014326,0.013819,0
1790541911.7199,-0.012712,-0.069047,0.000018,-0.000822,-0.012712,0.000000,0.120000,0.000000,0.719493,-0.003814,-0.000000,0.003831,-0.020714,-0.000000,0.019892,0.013936,0
1790541911.7337,-0.006149,-0.054428,0.010099,0.010275,-0.006149,0.000000,0.120000,0.000000,0.749359,-0.001845,-0.000000,0.011943,-0.016328,-0.000000,0.026603,0.013738,0
1790541911.7476,0.005287,-0.037158,0.022158,0.019919,0.005287,0.000000,0.120000,0.000000,0.779572,0.001586,-0.000000,0.020571,-0.011147,-0.000000,0.031066,0.013898,0
1790541911.7615,0.015897,-0.023622,0.023819,0.017217,0.015897,0.000000,0.120000,0.000000,0.809841,0.004769,-0.000000,0.019050,-0.007087,-0.000000,0.024304,0.013923,0
1790541911.7754,0.024982,-0.014274,0.023768,0.012462,0.024982,0.000000,0.120000,0.000000,0.840181,0.007495,-0.000000,0.016273,-0.004282,-0.000000,0.016745,0.013957,0
1790541911.7893,0.016008,-0.020547,-0.011417,-0.017501,0.016008,0.000000,0.120000,0.000000,0.870250,0.004802,-0.000000,-0.016220,-0.006164,-0.000000,-0.011337,0.013831,0
1790541911.8036,0.009929,-0.027552,-0.007746,-0.020624,0.009929,0.000000,0.120000,0.000000,0.901057,0.002979,-0.000000,-0.010725,-0.008266,-0.000000,-0.012359,0.014171,0
1790541911.8176,0.008305,-0.030997,-0.000388,-0.015405,0.008305,0.000000,0.120000,0.000000,0.931721,0.002491,-0.000000,-0.002879,-0.009299,-0.000000,-0.006106,0.014105,0
1790541911.8316,0.004807,-0.037227,-0.004826,-0.022333,0.004807,0.000000,0.120000,0.000000,0.962047,0.001442,-0.000000,-0.006268,-0.011168,-0.000000,-0.011165,0.013950,0
1790541911.8456,0.010269,-0.046650,0.012789,-0.030743,0.010269,0.000000,0.120000,0.000000,0.992623,0.003081,-0.000000,0.009708,-0.013995,-0.000000,-0.016748,0.014065,0
1790541911.8595,0.023285,-0.058241,0.030392,-0.038315,0.023285,0.000000,0.120000,0.000000,0.022846,0.006986,-0.000000,0.023407,-0.017472,-0.000000,-0.020843,0.013903,0
1790541911.8730,0.033049,-0.066724,0.027912,-0.035655,0.033049,0.000000,0.120000,0.000000,0.052330,0.009915,-0.000000,0.017997,-0.020017,-0.000000,-0.015638,0.013563,0
1790541911.8865,0.042299,-0.071700,0.029845,-0.030738,0.042299,0.000000,0.120000,0.000000,0.081634,0.012690,-0.000000,0.017155,-0.021510,-0.000000,-0.009228,0.013479,0
1790541911.9005,0.050502,-0.076551,0.029824,-0.031642,0.050502,0.000000,0.120000,0.000000,0.112018,0.015151,-0.000000,0.014673,-0.022965,-0.000000,-0.008677,0.013977,0
1790541911.9143,0.045037,-0.078989,0.003599,-0.028119,0.045037,0.000000,0.120000,0.000000,0.141984,0.013511,-0.000000,-0.009912,-0.023697,-0.000000,-0.004422,0.013784,0
1790541911.9281,0.029776,-0.072635,-0.018704,-0.010283,0.029776,0.000000,0.120000,0.000000,0.171995,0.008933,-0.000000,-0.027637,-0.021791,-0.000000,0.011507,0.013805,0
1790541911.9418,0.021059,-0.059366,-0.009504,0.006273,0.021059,0.000000,0.120000,0.000000,0.201939,0.006318,-0.000000,-0.015822,-0.017810,-0.000000,0.024083,0.013774,0
1790541911.9556,0.015853,-0.045967,-0.004694,0.010533,0.015853,0.000000,0.120000,0.000000,0.231877,0.004756,-0.000000,-0.009450,-0.013790,-0.000000,0.024324,0.013772,0
1790541911.9694,0.009773,-0.032049,-0.008112,0.015666,0.009773,0.000000,0.120000,0.000000,0.261799,0.002932,-0.000000,-0.011044,-0.009615,-0.000000,0.025280,0.013764,0
1790541911.9832,0.001912,-0.016975,-0.013674,0.022226,0.001912,0.000000,0.120000,0.000000,0.291787,0.000574,-0.000000,-0.014247,-0.005093,-0.000000,0.027318,0.013794,0
1790541911.9970,0.011300,-0.016629,0.020339,-0.004365,0.011300,0.000000,0.120000,0.000000,0.321891,0.003390,-0.000000,0.016949,-0.004989,-0.000000,0.000624,0.013848,0
1790541912.0108,0.011051,-0.019776,0.002865,-0.011633,0.011051,0.000000,0.120000,0.000000,0.351891,0.003315,-0.000000,-0.000450,-0.005933,-0.000000,-0.005700,0.013800,0
1790541912.0246,0.007693,-0.027672,-0.003792,-0.022644,0.007693,0.000000,0.120000,0.000000,0.381813,0.002308,-0.000000,-0.006100,-0.008302,-0.000000,-0.014342,0.013764,0
1790541912.0387,0.013428,-0.038326,0.014372,-0.030712,0.013428,0.000000,0.120000,0.000000,0.411946,0.004028,-0.000000,0.010344,-0.011498,-0.000000,-0.019214,0.013861,0
1790541912.0530,0.012111,-0.043079,0.001351,-0.021155,0.012111,0.000000,0.120000,0.000000,0.443329,0.003633,-0.000000,-0.002282,-0.012924,-0.000000,-0.008232,0.014436,0
1790541912.0670,0.000952,-0.049713,-0.019609,-0.026741,0.000952,0.000000,0.120000,0.000000,0.473814,0.000285,-0.000000,-0.019894,-0.014914,-0.000000,-0.011827,0.014023,0
1790541912.0808,-0.014172,-0.060061,-0.031482,-0.036650,-0.014172,0.000000,0.120000,0.000000,0.503998,-0.004252,-0.000000,-0.027231,-0.018018,-0.000000,-0.018632,0.013885,0
1790541912.0943,-0.030271,-0.064467,-0.038839,-0.027485,-0.030271,0.000000,0.120000,0.000000,0.533399,-0.009081,-0.000000,-0.029757,-0.019340,-0.000000,-0.008145,0.013525,0
1790541912.1079,-0.039411,-0.067942,-0.028706,-0.026802,-0.039411,0.000000,0.120000,0.000000,0.562826,-0.011823,-0.000000,-0.016883,-0.020383,-0.000000,-0.006419,0.013536,0
1790541912.1216,-0.043383,-0.070176,-0.020250,-0.025122,-0.043383,0.000000,0.120000,0.000000,0.592661,-0.013015,-0.000000,-0.007235,-0.021053,-0.000000,-0.004069,0.013724,0
1790541912.1355,-0.044704,-0.072664,-0.015785,-0.026272,-0.044704,0.000000,0.120000,0.000000,0.622896,-0.013411,-0.000000,-0.002374,-0.021799,-0.000000,-0.004472,0.013908,0
1790541912.1494,-0.037946,-0.075777,0.000763,-0.028329,-0.037946,0.000000,0.120000,0.000000,0.653133,-0.011384,-0.000000,0.012147,-0.022733,-0.000000,-0.005596,0.013909,0
1790541912.1632,-0.027809,-0.074520,0.009998,-0.020082,-0.027809,0.000000,0.120000,0.000000,0.683171,-0.008343,-0.000000,0.018340,-0.022356,-0.000000,0.002274,0.013818,0
1790541912.1771,-0.016219,-0.067904,0.015975,-0.008475,-0.016219,0.000000,0.120000,0.000000,0.713397,-0.004866,-0.000000,0.020841,-0.020371,-0.000000,0.011896,0.013904,0
1790541912.1911,-0.008430,-0.057609,0.011391,0.001115,-0.008430,0.000000,0.120000,0.000000,0.743808,-0.002529,-0.000000,0.013920,-0.017283,-0.000000,0.018398,0.013989,0
1790541912.2050,0.004218,-0.043343,0.023984,0.012625,0.004218,0.000000,0.120000,0.000000,0.774061,0.001265,-0.000000,0.022719,-0.013003,-0.000000,0.025628,0.013917,0
1790541912.2189,0.015138,-0.029810,0.024258,0.015490,0.015138,0.000000,0.120000,0.000000,0.804164,0.004542,-0.000000,0.019716,-0.008943,-0.000000,0.024433,0.013847,0
1790541912.2328,0.019902,-0.020530,0.014522,0.010499,0.019902,0.000000,0.120000,0.000000,0.834439,0.005971,-0.000000,0.008551,-0.006159,-0.000000,0.016658,0.013926,0
1790541912.2466,0.011553,-0.021851,-0.011680,-0.008950,0.011553,0.000000,0.120000,0.000000,0.864396,0.003466,-0.000000,-0.015146,-0.006555,-0.000000,-0.002395,0.013780,0
1790541912.2604,0.010250,-0.025060,0.000723,-0.013311,0.010250,0.000000,0.120000,0.000000,0.894505,0.003075,-0.000000,-0.002352,-0.007518,-0.000000,-0.005793,0.013850,0
1790541912.2743,0.012526,-0.030168,0.007859,-0.018257,0.012526,0.000000,0.120000,0.000000,0.924657,0.003758,-0.000000,0.004102,-0.009050,-0.000000,-0.009207,0.013870,0
1790541912.2882,0.008347,-0.041496,-0.005013,-0.032831,0.008347,0.000000,0.120000,0.000000,0.954863,0.002504,-0.000000,-0.007517,-0.012449,-0.000000,-0.020382,0.013895,0
1790541912.3026,0.015215,-0.056694,0.016549,-0.043529,0.015215,0.000000,0.120000,0.000000,0.986009,0.004565,-0.000000,0.011984,-0.017008,-0.000000,-0.026521,0.014327,0
1790541912.3166,0.027512,-0.067432,0.030242,-0.039430,0.027512,0.000000,0.120000,0.000000,0.016401,0.008254,-0.000000,0.021989,-0.020230,-0.000000,-0.019201,0.013981,0
1790541912.3301,0.034060,-0.076772,0.022253,-0.040198,0.034060,0.000000,0.120000,0.000000,0.045972,0.010218,-0.000000,0.012035,-0.023032,-0.000000,-0.017167,0.013602,0
1790541912.3438,0.043814,-0.080739,0.031083,-0.031518,0.043814,0.000000,0.120000,0.000000,0.075521,0.013144,-0.000000,0.017939,-0.024222,-0.000000,-0.007296,0.013593,0
1790541912.3577,0.052276,-0.088169,0.030813,-0.039735,0.052276,0.000000,0.120000,0.000000,0.105916,0.015683,-0.000000,0.015131,-0.026451,-0.000000,-0.013284,0.013981,0
1790541912.3721,0.050553,-0.095406,0.012142,-0.041326,0.050553,0.000000,0.120000,0.000000,0.136878,0.015166,-0.000000,-0.003024,-0.028622,-0.000000,-0.012704,0.014243,0
1790541912.3860,0.038232,-0.088727,-0.010576,-0.014668,0.038232,0.000000,0.120000,0.000000,0.167254,0.011469,-0.000000,-0.022045,-0.026618,-0.000000,0.011950,0.013973,0
1790541912.4000,0.034103,-0.075639,0.002896,0.000560,0.034103,0.000000,0.120000,0.000000,0.197845,0.010231,-0.000000,-0.007335,-0.022692,-0.000000,0.023252,0.014072,0
1790541912.4139,0.031824,-0.061252,0.005448,0.007504,0.031824,0.000000,0.120000,0.000000,0.228058,0.009547,-0.000000,-0.004100,-0.018376,-0.000000,0.025880,0.013898,0
1790541912.4288,0.025381,-0.043069,-0.003461,0.018337,0.025381,0.000000,0.120000,0.000000,0.259674,0.007614,-0.000000,-0.011075,-0.012921,-0.000000,0.031258,0.014543,0
1790541912.4429,0.019146,-0.023553,-0.005067,0.026770,0.019146,0.000000,0.120000,0.000000,0.291020,0.005744,-0.000000,-0.010811,-0.007066,-0.000000,0.033836,0.014419,0
1790541912.4562,0.006373,-0.006391,-0.022022,0.030243,0.006373,0.000000,0.120000,0.000000,0.320023,0.001912,-0.000000,-0.023934,-0.001917,-0.000000,0.032160,0.013342,0
1790541912.4700,0.010217,-0.006800,0.010189,-0.002799,0.010217,0.000000,0.120000,0.000000,0.349350,0.003065,-0.000000,0.007124,-0.002040,-0.000000,-0.000759,0.013490,0
1790541912.4837,0.015157,-0.019585,0.013377,-0.028729,0.015157,0.000000,0.120000,0.000000,0.379754,0.004547,-0.000000,0.008830,-0.005876,-0.000000,-0.022854,0.013986,0
1790541912.4976,0.013336,-0.026296,0.000724,-0.019967,0.013336,0.000000,0.120000,0.000000,0.409953,0.004001,-0.000000,-0.003276,-0.007889,-0.000000,-0.012078,0.013892,0
1790541912.5118,0.022609,-0.033755,0.023358,-0.023460,0.022609,0.000000,0.120000,0.000000,0.440356,0.006783,-0.000000,0.016575,-0.010127,-0.000000,-0.013334,0.013985,0
1790541912.5272,0.018877,-0.042680,-0.000405,-0.027316,0.018877,0.000000,0.120000,0.000000,0.473778,0.005663,-0.000000,-0.006068,-0.012804,-0.000000,-0.014512,0.015374,0
1790541912.5420,0.007330,-0.055069,-0.017321,-0.037466,0.007330,0.000000,0.120000,0.000000,0.505927,0.002199,-0.000000,-0.019520,-0.016521,-0.000000,-0.020945,0.014788,0
1790541912.5564,-0.007313,-0.065682,-0.027667,-0.038166,-0.007313,0.000000,0.120000,0.000000,0.537168,-0.002194,-0.000000,-0.025473,-0.019705,-0.000000,-0.018461,0.014371,0
1790541912.5708,-0.023933,-0.069106,-0.036532,-0.026779,-0.023933,0.000000,0.120000,0.000000,0.567942,-0.007180,-0.000000,-0.029352,-0.020732,-0.000000,-0.006047,0.014156,0
1790541912.5851,-0.032912,-0.073106,-0.025120,-0.028723,-0.032912,0.000000,0.120000,0.000000,0.599951,-0.009874,-0.000000,-0.015246,-0.021932,-0.000000,-0.006792,0.014724,0
1790541912.5990,-0.038000,-0.075241,-0.020482,-0.026384,-0.038000,0.000000,0.120000,0.000000,0.630398,-0.011400,-0.000000,-0.009082,-0.022572,-0.000000,-0.003811,0.014006,0
1790541912.6127,-0.029571,-0.075220,0.006508,-0.022528,-0.029571,0.000000,0.120000,0.000000,0.660184,-0.008871,-0.000000,0.015379,-0.022566,-0.000000,0.000038,0.013702,0
1790541912.6267,-0.022381,-0.071105,0.006117,-0.013988,-0.022381,0.000000,0.120000,0.000000,0.690638,-0.006714,-0.000000,0.012832,-0.021332,-0.000000,0.007343,0.014009,0
1790541912.6406,-0.016752,-0.065233,0.005055,-0.009055,-0.016752,0.000000,0.120000,0.000000,0.720988,-0.005026,-0.000000,0.010081,-0.019570,-0.000000,0.010515,0.013961,0
1790541912.6544,-0.008267,-0.058048,0.012904,-0.004387,-0.008267,0.000000,0.120000,0.000000,0.750964,-0.002480,-0.000000,0.015384,-0.017414,-0.000000,0.013027,0.013789,0
1790541912.6686,-0.001515,-0.048840,0.011542,0.001709,-0.001515,0.000000,0.120000,0.000000,0.781551,-0.000455,-0.000000,0.011996,-0.014652,-0.000000,0.016361,0.014070,0
1790541912.6824,0.006261,-0.036947,0.015819,0.010238,0.006261,0.000000,0.120000,0.000000,0.811866,0.001878,-0.000000,0.013940,-0.011084,-0.000000,0.021322,0.013945,0
1790541912.6962,0.004266,-0.028171,-0.002341,0.007476,0.004266,0.000000,0.120000,0.000000,0.841811,0.001280,-0.000000,-0.003621,-0.008451,-0.000000,0.015927,0.013774,0
1790541912.7100,-0.002744,-0.027777,-0.013523,-0.007619,-0.002744,0.000000,0.120000,0.000000,0.871809,-0.000823,-0.000000,-0.012700,-0.008333,-0.000000,0.000714,0.013799,0
1790541912.7239,0.001005,-0.030626,0.007035,-0.014304,0.001005,0.000000,0.120000,0.000000,0.902070,0.000302,-0.000000,0.006733,-0.009188,-0.000000,-0.005116,0.013920,0
1790541912.7378,0.003595,-0.035655,0.005746,-0.019763,0.003595,0.000000,0.120000,0.000000,0.932219,0.001078,-0.000000,0.004668,-0.010697,-0.000000,-0.009066,0.013869,0
1790541912.7515,0.002587,-0.046020,-0.001054,-0.032630,0.002587,0.000000,0.120000,0.000000,0.962145,0.000776,-0.000000,-0.001830,-0.013806,-0.000000,-0.018824,0.013766,0
1790541912.7653,0.012118,-0.056823,0.020937,-0.036657,0.012118,0.000000,0.120000,0.000000,0.992085,0.003636,-0.000000,0.017301,-0.017047,-0.000000,-0.019610,0.013773,0
1790541912.7791,0.023699,-0.064568,0.028136,-0.033432,0.023699,0.000000,0.120000,0.000000,0.022018,0.007110,-0.000000,0.021026,-0.019370,-0.000000,-0.014062,0.013769,0
1790541912.7931,0.030195,-0.071943,0.020926,-0.035056,0.030195,0.000000,0.120000,0.000000,0.051765,0.009058,-0.000000,0.011868,-0.021583,-0.000000,-0.013474,0.013684,0
1790541912.8070,0.038932,-0.078195,0.027173,-0.034545,0.038932,0.000000,0.120000,0.000000,0.082413,0.011680,-0.000000,0.015493,-0.023458,-0.000000,-0.011086,0.014098,0
1790541912.8210,0.051173,-0.088362,0.037086,-0.044560,0.051173,0.000000,0.120000,0.000000,0.113025,0.015352,-0.000000,0.021734,-0.026509,-0.000000,-0.018052,0.014081,0
1790541912.8349,0.045210,-0.098236,0.002893,-0.047136,0.045210,0.000000,0.120000,0.000000,0.143402,0.013563,-0.000000,-0.010670,-0.029471,-0.000000,-0.017665,0.013973,0
1790541912.8488,0.029428,-0.093379,-0.019510,-0.019292,0.029428,0.000000,0.120000,0.000000,0.173667,0.008829,-0.000000,-0.028338,-0.028014,-0.000000,0.008722,0.013922,0
1790541912.8628,0.025691,-0.079387,0.000981,0.001365,0.025691,0.000000,0.120000,0.000000,0.203864,0.007707,-0.000000,-0.006726,-0.023816,-0.000000,0.025181,0.013891,0
1790541912.8767,0.026128,-0.067170,0.008622,0.001739,0.026128,0.000000,0.120000,0.000000,0.234198,0.007839,-0.000000,0.000784,-0.020151,-0.000000,0.021890,0.013954,0
1790541912.8906,0.019700,-0.052023,-0.005642,0.011611,0.019700,0.000000,0.120000,0.000000,0.264442,0.005910,-0.000000,-0.011552,-0.015607,-0.000000,0.027218,0.013912,0
1790541912.9044,0.015651,-0.033368,-0.002638,0.023777,0.015651,0.000000,0.120000,0.000000,0.294450,0.004695,-0.000000,-0.007333,-0.010010,-0.000000,0.033787,0.013804,0
1790541912.9184,0.009114,-0.014842,-0.008970,0.028716,0.009114,0.000000,0.120000,0.000000,0.324806,0.002734,-0.000000,-0.011704,-0.004452,-0.000000,0.033169,0.013964,0
1790541912.9322,0.015140,-0.012216,0.015413,0.001072,0.015140,0.000000,0.120000,0.000000,0.354937,0.004542,-0.000000,0.010871,-0.003665,-0.000000,0.004736,0.013860,0
1790541912.9460,0.020339,-0.013677,0.015489,-0.006743,0.020339,0.000000,0.120000,0.000000,0.385033,0.006102,-0.000000,0.009387,-0.004103,-0.000000,-0.002640,0.013844,0
1790541912.9598,0.017935,-0.015910,0.001005,-0.008838,0.017935,0.000000,0.120000,0.000000,0.414891,0.005381,-0.000000,-0.004375,-0.004773,-0.000000,-0.004065,0.013735,0
1790541912.9737,0.029321,-0.021964,0.029287,-0.017484,0.029321,0.000000,0.120000,0.000000,0.445089,0.008796,-0.000000,0.020491,-0.006589,-0.000000,-0.010895,0.013891,0
1790541912.9876,0.023044,-0.030621,-0.004399,-0.024789,0.023044,0.000000,0.120000,0.000000,0.475243,0.006913,-0.000000,-0.011312,-0.009186,-0.000000,-0.015603,0.013871,0
1790541913.0015,0.011129,-0.037957,-0.018005,-0.024527,0.011129,0.000000,0.120000,0.000000,0.505583,0.003339,-0.000000,-0.021344,-0.011387,-0.000000,-0.013140,0.013957,0
1790541913.0151,-0.001965,-0.044820,-0.024701,-0.026085,-0.001965,0.000000,0.120000,0.000000,0.535097,-0.000589,-0.000000,-0.024112,-0.013446,-0.000000,-0.012639,0.013576,0
1790541913.0287,-0.008595,-0.049304,-0.014788,-0.023048,-0.008595,0.000000,0.120000,0.000000,0.564612,-0.002579,-0.000000,-0.012209,-0.014791,-0.000000,-0.008257,0.013577,0
1790541913.0426,-0.017143,-0.049323,-0.020766,-0.014832,-0.017143,0.000000,0.120000,0.000000,0.594346,-0.005143,-0.000000,-0.015624,-0.014797,-0.000000,-0.000035,0.013678,0
1790541913.0569,-0.021882,-0.050561,-0.014820,-0.017324,-0.021882,0.000000,0.120000,0.000000,0.625540,-0.006565,-0.000000,-0.008256,-0.015168,-0.000000,-0.002156,0.014349,0
1790541913.0709,-0.025871,-0.052184,-0.014829,-0.018530,-0.025871,0.000000,0.120000,0.000000,0.656214,-0.007761,-0.000000,-0.007068,-0.015655,-0.000000,-0.002875,0.014110,0
1790541913.0849,-0.017984,-0.049133,0.008656,-0.009305,-0.017984,0.000000,0.120000,0.000000,0.686719,-0.005395,-0.000000,0.014051,-0.014740,-0.000000,0.005435,0.014032,0
1790541913.0988,-0.007743,-0.044111,0.016138,-0.004180,-0.007743,0.000000,0.120000,0.000000,0.716866,-0.002323,-0.000000,0.018461,-0.013233,-0.000000,0.009053,0.013868,0
1790541913.1126,0.001474,-0.036778,0.017030,0.002163,0.001474,0.000000,0.120000,0.000000,0.747067,0.000442,-0.000000,0.016588,-0.011033,-0.000000,0.013196,0.013892,0
1790541913.1266,0.008192,-0.026762,0.014487,0.009907,0.008192,0.000000,0.120000,0.000000,0.777417,0.002458,-0.000000,0.012029,-0.008029,-0.000000,0.017936,0.013961,0
1790541913.1404,0.017453,-0.014899,0.021946,0.016936,0.017453,0.000000,0.120000,0.000000,0.807537,0.005236,-0.000000,0.016710,-0.004470,-0.000000,0.021405,0.013855,0
1790541913.1542,0.016142,-0.015971,0.002470,-0.006733,0.016142,0.000000,0.120000,0.000000,0.837555,0.004843,-0.000000,-0.002373,-0.004791,-0.000000,-0.001942,0.013808,0
1790541913.1681,0.012728,-0.023428,-0.002331,-0.020458,0.012728,0.000000,0.120000,0.000000,0.867731,0.003818,-0.000000,-0.006149,-0.007028,-0.000000,-0.013429,0.013881,0
1790541913.1820,0.022284,-0.032561,0.023864,-0.026186,0.022284,0.000000,0.120000,0.000000,0.897964,0.006685,-0.000000,0.017179,-0.009768,-0.000000,-0.016418,0.013907,0
1790541913.1960,0.021999,-0.040503,0.006089,-0.026361,0.021999,0.000000,0.120000,0.000000,0.928337,0.006600,-0.000000,-0.000511,-0.012151,-0.000000,-0.014211,0.013972,0
1790541913.2100,0.023401,-0.049741,0.009534,-0.031490,0.023401,0.000000,0.120000,0.000000,0.958643,0.007020,-0.000000,0.002514,-0.014922,-0.000000,-0.016568,0.013941,0
1790541913.2239,0.036457,-0.062007,0.034353,-0.040600,0.036457,0.000000,0.120000,0.000000,0.988948,0.010937,-0.000000,0.023415,-0.018602,-0.000000,-0.021997,0.013940,0
1790541913.2378,0.051827,-0.075071,0.043182,-0.046009,0.051827,0.000000,0.120000,0.000000,0.019174,0.015548,-0.000000,0.027634,-0.022521,-0.000000,-0.023488,0.013904,0
1790541913.2514,0.062539,-0.084331,0.038447,-0.042317,0.062539,0.000000,0.120000,0.000000,0.048749,0.018762,-0.000000,0.019686,-0.025299,-0.000000,-0.017017,0.013604,0
1790541913.2649,0.067920,-0.093068,0.030298,-0.044030,0.067920,0.000000,0.120000,0.000000,0.078224,0.020376,-0.000000,0.009922,-0.027920,-0.000000,-0.016109,0.013559,0
1790541913.2789,0.065920,-0.101342,0.016186,-0.045257,0.065920,0.000000,0.120000,0.000000,0.108500,0.019776,-0.000000,-0.003590,-0.030403,-0.000000,-0.014854,0.013927,0
1790541913.2931,0.057669,-0.102037,0.002532,-0.031854,0.057669,0.000000,0.120000,0.000000,0.138866,0.017301,-0.000000,-0.014768,-0.030611,-0.000000,-0.001243,0.013968,0
1790541913.3073,0.047807,-0.098130,-0.002741,-0.022670,0.047807,0.000000,0.120000,0.000000,0.170238,0.014342,-0.000000,-0.017083,-0.029439,-0.000000,0.006769,0.014431,0
1790541913.3212,0.043170,-0.088779,0.004606,-0.009805,0.043170,0.000000,0.120000,0.000000,0.200437,0.012951,-0.000000,-0.008345,-0.026634,-0.000000,0.016829,0.013891,0
1790541913.3351,0.041278,-0.075989,0.008989,0.000144,0.041278,0.000000,0.120000,0.000000,0.230739,0.012383,-0.000000,-0.003394,-0.022797,-0.000000,0.022940,0.013939,0
1790541913.3490,0.039334,-0.060458,0.008307,0.009766,0.039334,0.000000,0.120000,0.000000,0.260987,0.011800,-0.000000,-0.003493,-0.018137,-0.000000,0.027904,0.013914,0
1790541913.3629,0.036761,-0.043490,0.006388,0.017554,0.036761,0.000000,0.120000,0.000000,0.291122,0.011028,-0.000000,-0.004640,-0.013047,-0.000000,0.030601,0.013862,0
1790541913.3768,0.028299,-0.025902,-0.006717,0.023837,0.028299,0.000000,0.120000,0.000000,0.321365,0.008490,-0.000000,-0.015207,-0.007770,-0.000000,0.031608,0.013912,0
1790541913.3906,0.023878,-0.009212,-0.000855,0.027509,0.023878,0.000000,0.120000,0.000000,0.351327,0.007163,-0.000000,-0.008018,-0.002764,-0.000000,0.030273,0.013783,0
1790541913.4044,0.031665,-0.013283,0.023535,-0.011322,0.031665,0.000000,0.120000,0.000000,0.381480,0.009500,-0.000000,0.014035,-0.003985,-0.000000,-0.007337,0.013870,0
1790541913.4183,0.025155,-0.026230,-0.004185,-0.031200,0.025155,0.000000,0.120000,0.000000,0.411639,0.007547,-0.000000,-0.011732,-0.007869,-0.000000,-0.023332,0.013873,0
1790541913.4320,0.022936,-0.034365,0.002846,-0.025104,0.022936,0.000000,0.120000,0.000000,0.441524,0.006881,-0.000000,-0.004035,-0.010309,-0.000000,-0.014795,0.013747,0
1790541913.4460,0.026337,-0.041464,0.014019,-0.025209,0.026337,0.000000,0.120000,0.000000,0.471737,0.007901,-0.000000,0.006118,-0.012439,-0.000000,-0.012770,0.013898,0
1790541913.4599,0.018503,-0.051915,-0.008522,-0.034348,0.018503,0.000000,0.120000,0.000000,0.501991,0.005551,-0.000000,-0.014073,-0.015574,-0.000000,-0.018773,0.013917,0
1790541913.4735,0.001835,-0.066344,-0.030115,-0.046451,0.001835,0.000000,0.120000,0.000000,0.531531,0.000551,-0.000000,-0.030666,-0.019903,-0.000000,-0.026548,0.013588,0
1790541913.4870,-0.012626,-0.076951,-0.030451,-0.042642,-0.012626,0.000000,0.120000,0.000000,0.561008,-0.003788,-0.000000,-0.026663,-0.023085,-0.000000,-0.019557,0.013559,0
1790541913.5005,-0.023432,-0.083392,-0.027020,-0.036933,-0.023432,0.000000,0.120000,0.000000,0.590383,-0.007029,-0.000000,-0.019991,-0.025017,-0.000000,-0.011915,0.013513,0
1790541913.5143,-0.030046,-0.089316,-0.021002,-0.037532,-0.030046,0.000000,0.120000,0.000000,0.620371,-0.009014,-0.000000,-0.011988,-0.026795,-0.000000,-0.010738,0.013794,0
1790541913.5281,-0.027328,-0.094565,-0.003292,-0.037844,-0.027328,0.000000,0.120000,0.000000,0.650480,-0.008198,-0.000000,0.004906,-0.028370,-0.000000,-0.009474,0.013850,0
1790541913.5423,-0.020841,-0.092805,0.005368,-0.024689,-0.020841,0.000000,0.120000,0.000000,0.680818,-0.006252,-0.000000,0.011620,-0.027842,-0.000000,0.003152,0.013956,0
1790541913.5567,-0.013606,-0.085312,0.008482,-0.012581,-0.013606,0.000000,0.120000,0.000000,0.712115,-0.004082,-0.000000,0.012564,-0.025594,-0.000000,0.013012,0.014397,0
1790541913.5707,-0.009844,-0.071062,0.003721,0.003960,-0.009844,0.000000,0.120000,0.000000,0.742753,-0.002953,-0.000000,0.006674,-0.021319,-0.000000,0.025278,0.014093,0
1790541913.5846,0.000459,-0.052666,0.018606,0.017177,0.000459,0.000000,0.120000,0.000000,0.773071,0.000138,-0.000000,0.018469,-0.015800,-0.000000,0.032976,0.013947,0
1790541913.5985,0.012365,-0.033054,0.025085,0.025296,0.012365,0.000000,0.120000,0.000000,0.803341,0.003709,-0.000000,0.021376,-0.009916,-0.000000,0.035212,0.013924,0
1790541913.6124,0.029777,-0.015237,0.040350,0.027576,0.029777,0.000000,0.120000,0.000000,0.833462,0.008933,-0.000000,0.031417,-0.004571,-0.000000,0.032147,0.013856,0
1790541913.6264,0.033559,-0.010353,0.016791,0.005575,0.033559,0.000000,0.120000,0.000000,0.864034,0.010068,-0.000000,0.006724,-0.003106,-0.000000,0.008681,0.014063,0
1790541913.6403,0.018501,-0.018081,-0.021560,-0.019336,0.018501,0.000000,0.120000,0.000000,0.894220,0.005550,-0.000000,-0.027111,-0.005424,-0.000000,-0.013912,0.013886,0
1790541913.6542,0.022835,-0.026548,0.014656,-0.023213,0.022835,0.000000,0.120000,0.000000,0.924397,0.006851,-0.000000,0.007806,-0.007964,-0.000000,-0.015249,0.013881,0
1790541913.6683,0.019124,-0.035627,-0.000883,-0.026888,0.019124,0.000000,0.120000,0.000000,0.954857,0.005737,-0.000000,-0.006621,-0.010688,-0.000000,-0.016200,0.014012,0
1790541913.6821,0.020282,-0.047141,0.008159,-0.034768,0.020282,0.000000,0.120000,0.000000,0.985196,0.006085,-0.000000,0.002074,-0.014142,-0.000000,-0.020626,0.013956,0
1790541913.6959,0.030737,-0.057435,0.028188,-0.035905,0.030737,0.000000,0.120000,0.000000,0.015154,0.009221,-0.000000,0.018967,-0.017230,-0.000000,-0.018674,0.013781,0
1790541913.7095,0.042755,-0.064634,0.034995,-0.032669,0.042755,0.000000,0.120000,0.000000,0.044616,0.012827,-0.000000,0.022168,-0.019390,-0.000000,-0.013279,0.013553,0
1790541913.7230,0.048800,-0.069607,0.025826,-0.030085,0.048800,0.000000,0.120000,0.000000,0.073984,0.014640,0.000000,0.011186,-0.020882,-0.000000,-0.009203,0.013509,0
1790541913.7369,0.051919,-0.072742,0.021183,-0.027458,0.051919,0.000000,0.120000,0.000000,0.104222,0.015576,0.000000,0.005607,-0.021823,-0.000000,-0.005636,0.013909,0
1790541913.7507,0.055137,-0.073624,0.022337,-0.023677,0.055137,0.000000,0.120000,0.000000,0.134391,0.016541,0.000000,0.005796,-0.022087,-0.000000,-0.001589,0.013878,0
1790541913.7645,0.041047,-0.070658,-0.013255,-0.015814,0.041047,0.000000,0.120000,0.000000,0.164339,0.012314,0.000000,-0.025570,-0.021197,-0.000000,0.005383,0.013776,0
1790541913.7784,0.030110,-0.057410,-0.010680,0.006656,0.030110,0.000000,0.120000,0.000000,0.194492,0.009033,0.000000,-0.019713,-0.017223,-0.000000,0.023879,0.013870,0
1790541913.7924,0.024334,-0.044572,-0.003074,0.009685,0.024334,0.000000,0.120000,0.000000,0.224753,0.007300,0.000000,-0.010374,-0.013371,-0.000000,0.023057,0.013920,0
1790541913.8067,0.015874,-0.027244,-0.010133,0.022337,0.015874,0.000000,0.120000,0.000000,0.255619,0.004762,0.000000,-0.014896,-0.008173,-0.000000,0.030510,0.014199,0
1790541913.8207,0.003883,-0.010031,-0.020056,0.027452,0.003883,0.000000,0.120000,0.000000,0.286330,0.001165,0.000000,-0.021221,-0.003009,-0.000000,0.030462,0.014127,0
1790541913.8347,0.008863,-0.014854,0.011552,-0.013069,0.008863,0.000000,0.120000,0.000000,0.316765,0.002659,0.000000,0.008893,-0.004456,-0.000000,-0.008613,0.014000,0
1790541913.8485,0.007707,-0.020889,0.000231,-0.017138,0.007707,0.000000,0.120000,0.000000,0.346937,0.002312,0.000000,-0.002082,-0.006267,-0.000000,-0.010871,0.013879,0
1790541913.8625,0.005121,-0.029397,-0.003113,-0.024116,0.005121,0.000000,0.120000,0.000000,0.377162,0.001536,0.000000,-0.004650,-0.008819,-0.000000,-0.015297,0.013903,0
1790541913.8764,0.007628,-0.043590,0.006772,-0.038464,0.007628,0.000000,0.120000,0.000000,0.407547,0.002288,0.000000,0.004483,-0.013077,-0.000000,-0.025387,0.013977,0
1790541913.8902,0.007388,-0.058250,0.001784,-0.043893,0.007388,0.000000,0.120000,0.000000,0.437705,0.002216,0.000000,-0.000432,-0.017475,-0.000000,-0.026418,0.013873,0
1790541913.9041,-0.002407,-0.068579,-0.018441,-0.039258,-0.002407,0.000000,0.120000,0.000000,0.467751,-0.000722,0.000000,-0.017718,-0.020574,-0.000000,-0.018684,0.013821,0
1790541913.9180,-0.011676,-0.079307,-0.020136,-0.043044,-0.011676,0.000000,0.120000,0.000000,0.498035,-0.003503,0.000000,-0.016633,-0.023792,-0.000000,-0.019252,0.013931,0
1790541913.9319,-0.028363,-0.085939,-0.038738,-0.037796,-0.028363,0.000000,0.120000,0.000000,0.528036,-0.008509,0.000000,-0.030229,-0.025782,-0.000000,-0.012014,0.013801,0
1790541913.9454,-0.042805,-0.090218,-0.039478,-0.034957,-0.042805,0.000000,0.120000,0.000000,0.557503,-0.012842,0.000000,-0.026636,-0.027065,-0.000000,-0.007892,0.013555,0
1790541913.9589,-0.049867,-0.095063,-0.028012,-0.037474,-0.049867,0.000000,0.120000,0.000000,0.586908,-0.014960,0.000000,-0.013052,-0.028519,-0.000000,-0.008955,0.013526,0
1790541913.9727,-0.052305,-0.099047,-0.020126,-0.036958,-0.052305,0.000000,0.120000,0.000000,0.616796,-0.015692,0.000000,-0.004434,-0.029714,-0.000000,-0.007244,0.013748,0
1790541913.9867,-0.048111,-0.098349,-0.006897,-0.028252,-0.048111,0.000000,0.120000,0.000000,0.647046,-0.014433,0.000000,0.007536,-0.029505,-0.000000,0.001253,0.013915,0
1790541914.0007,-0.037566,-0.093191,0.007453,-0.018797,-0.037566,0.000000,0.120000,0.000000,0.677652,-0.011270,0.000000,0.018723,-0.027957,-0.000000,0.009160,0.014079,0
1790541914.0146,-0.031888,-0.087234,0.000655,-0.015449,-0.031888,0.000000,0.120000,0.000000,0.707848,-0.009566,-0.000000,0.010221,-0.026170,-0.000000,0.010721,0.013890,0
1790541914.0284,-0.019629,-0.072921,0.016211,0.003928,-0.019629,0.000000,0.120000,0.000000,0.737994,-0.005889,-0.000000,0.022100,-0.021876,-0.000000,0.025804,0.013867,0
1790541914.0422,-0.010273,-0.054587,0.013828,0.016760,-0.010273,0.000000,0.120000,0.000000,0.768064,-0.003082,-0.000000,0.016910,-0.016376,-0.000000,0.033136,0.013832,0
1790541914.0566,-0.000373,-0.034550,0.017570,0.025423,-0.000373,0.000000,0.120000,0.000000,0.798493,-0.000112,-0.000000,0.017682,-0.010365,-0.000000,0.035788,0.013997,0
1790541914.0711,0.012632,-0.015850,0.026072,0.027286,0.012632,0.000000,0.120000,0.000000,0.830212,0.003789,-0.000000,0.022283,-0.004755,-0.000000,0.032041,0.014591,0
1790541914.0851,0.006928,-0.012636,-0.007998,0.001887,0.006928,0.000000,0.120000,0.000000,0.860973,0.002078,-0.000000,-0.010076,-0.003791,-0.000000,0.005678,0.014150,0
1790541914.0989,-0.002486,-0.019853,-0.017677,-0.018936,-0.002486,0.000000,0.120000,0.000000,0.891194,-0.000746,-0.000000,-0.016931,-0.005956,-0.000000,-0.012980,0.013901,0
1790541914.1128,0.002819,-0.025147,0.010415,-0.017093,0.002819,0.000000,0.120000,0.000000,0.921324,0.000846,-0.000000,0.009569,-0.007544,-0.000000,-0.009549,0.013860,0
1790541914.1269,0.000421,-0.029484,-0.004127,-0.016537,0.000421,0.000000,0.120000,0.000000,0.951969,0.000126,-0.000000,-0.004253,-0.008845,-0.000000,-0.007692,0.014096,0
1790541914.1407,0.000630,-0.041665,0.000566,-0.034490,0.000630,0.000000,0.120000,0.000000,0.982071,0.000189,-0.000000,0.000377,-0.012499,-0.000000,-0.021990,0.013847,0
1790541914.1545,0.013523,-0.059833,0.027451,-0.050916,0.013523,0.000000,0.120000,0.000000,0.012024,0.004057,0.000000,0.023394,-0.017950,-0.000000,-0.032966,0.013778,0
1790541914.1681,0.025700,-0.074458,0.030099,-0.049226,0.025700,0.000000,0.120000,0.000000,0.041583,0.007710,0.000000,0.022389,-0.022337,-0.000000,-0.026889,0.013597,0
1790541914.1817,0.035505,-0.080617,0.028667,-0.035502,0.035505,0.000000,0.120000,0.000000,0.071162,0.010651,0.000000,0.018015,-0.024185,-0.000000,-0.011317,0.013607,0
1790541914.1955,0.046182,-0.083125,0.033195,-0.029480,0.046182,0.000000,0.120000,0.000000,0.101166,0.013855,0.000000,0.019340,-0.024938,-0.000000,-0.004543,0.013802,0
1790541914.2094,0.056072,-0.088415,0.034548,-0.036006,0.056072,0.000000,0.120000,0.000000,0.131487,0.016822,0.000000,0.017727,-0.026524,-0.000000,-0.009481,0.013948,0
1790541914.2233,0.047474,-0.090512,-0.001281,-0.030940,0.047474,0.000000,0.120000,0.000000,0.161588,0.014242,0.000000,-0.015524,-0.027154,-0.000000,-0.003786,0.013846,0
1790541914.2371,0.025774,-0.079006,-0.031332,-0.002990,0.025774,0.000000,0.120000,0.000000,0.191778,0.007732,0.000000,-0.039064,-0.023702,-0.000000,0.020712,0.013888,0
1790541914.2511,0.020842,-0.062486,-0.002614,0.010957,0.020842,0.000000,0.120000,0.000000,0.222007,0.006253,0.000000,-0.008866,-0.018746,-0.000000,0.029702,0.013905,0
1790541914.2648,0.016127,-0.049386,-0.003726,0.008979,0.016127,0.000000,0.120000,0.000000,0.251926,0.004838,0.000000,-0.008564,-0.014816,-0.000000,0.023795,0.013763,0
1790541914.2786,0.006042,-0.031166,-0.016502,0.023736,0.006042,0.000000,0.120000,0.000000,0.281855,0.001813,0.000000,-0.018314,-0.009350,-0.000000,0.033086,0.013767,0
1790541914.2926,-0.003419,-0.012733,-0.018006,0.029265,-0.003419,0.000000,0.120000,0.000000,0.312135,-0.001026,0.000000,-0.016980,-0.003820,-0.000000,0.033085,0.013929,0
1790541914.3064,0.000383,-0.011099,0.007003,-0.000369,0.000383,0.000000,0.120000,0.000000,0.342136,0.000115,0.000000,0.006888,-0.003330,-0.000000,0.002960,0.013801,0
1790541914.3208,0.006337,-0.020174,0.012291,-0.021892,0.006337,0.000000,0.120000,0.000000,0.373277,0.001901,0.000000,0.010390,-0.006052,-0.000000,-0.015839,0.014325,0
1790541914.3347,0.005610,-0.026142,0.000381,-0.018529,0.005610,0.000000,0.120000,0.000000,0.403625,0.001683,0.000000,-0.001302,-0.007842,-0.000000,-0.010686,0.013960,0
1790541914.3484,0.015116,-0.033412,0.021704,-0.023154,0.015116,0.000000,0.120000,0.000000,0.433717,0.004535,0.000000,0.017169,-0.010024,-0.000000,-0.013131,0.013842,0
1790541914.3623,0.016913,-0.042582,0.008336,-0.029420,0.016913,0.000000,0.120000,0.000000,0.463659,0.005074,0.000000,0.003262,-0.012775,-0.000000,-0.016645,0.013773,0
1790541914.3763,0.005222,-0.049582,-0.019241,-0.027331,0.005222,0.000000,0.120000,0.000000,0.494196,0.001567,0.000000,-0.020807,-0.014874,-0.000000,-0.012457,0.014047,0
1790541914.3902,-0.009657,-0.058145,-0.029567,-0.032793,-0.009657,0.000000,0.120000,0.000000,0.524517,-0.002897,0.000000,-0.026670,-0.017444,-0.000000,-0.015350,0.013948,0
1790541914.4039,-0.024318,-0.062408,-0.034272,-0.026566,-0.024318,0.000000,0.120000,0.000000,0.554053,-0.007295,0.000000,-0.026977,-0.018722,-0.000000,-0.007843,0.013587,0
1790541914.4175,-0.033645,-0.065409,-0.027154,-0.025113,-0.033645,0.000000,0.120000,0.000000,0.583763,-0.010093,0.000000,-0.017061,-0.019623,-0.000000,-0.005490,0.013667,0
1790541914.4314,-0.035691,-0.067110,-0.014373,-0.023181,-0.035691,0.000000,0.120000,0.000000,0.614100,-0.010707,0.000000,-0.003666,-0.020133,-0.000000,-0.003048,0.013955,0
1790541914.4452,-0.034451,-0.066593,-0.008084,-0.019040,-0.034451,0.000000,0.120000,0.000000,0.644044,-0.010335,0.000000,0.002251,-0.019978,-0.000000,0.000938,0.013774,0
1790541914.4591,-0.028104,-0.064041,0.002997,-0.014616,-0.028104,0.000000,0.120000,0.000000,0.674225,-0.008431,0.000000,0.011428,-0.019212,-0.000000,0.004596,0.013883,0
1790541914.4730,-0.020973,-0.057517,0.006559,-0.005500,-0.020973,0.000000,0.120000,0.000000,0.704385,-0.006292,0.000000,0.012851,-0.017255,-0.000000,0.011756,0.013874,0
1790541914.4869,-0.014444,-0.049333,0.007376,-0.000121,-0.014444,0.000000,0.120000,0.000000,0.734688,-0.004333,0.000000,0.011709,-0.014800,-0.000000,0.014679,0.013939,0
1790541914.5008,-0.005335,-0.038271,0.014910,0.008569,-0.005335,0.000000,0.120000,0.000000,0.764671,-0.001601,0.000000,0.016511,-0.011481,-0.000000,0.020051,0.013792,0
1790541914.5146,0.001997,-0.025763,0.013838,0.014857,0.001997,0.000000,0.120000,0.000000,0.794770,0.000599,0.000000,0.013239,-0.007729,-0.000000,0.022586,0.013846,0
1790541914.5283,0.002243,-0.017949,0.001120,0.008765,0.002243,0.000000,0.120000,0.000000,0.824781,0.000673,0.000000,0.000447,-0.005385,-0.000000,0.014150,0.013805,0
1790541914.5423,-0.002223,-0.018005,-0.008695,-0.005501,-0.002223,0.000000,0.120000,0.000000,0.855016,-0.000667,0.000000,-0.008028,-0.005401,-0.000000,-0.000099,0.013908,0
1790541914.5566,0.000388,-0.021794,0.004753,-0.013267,0.000388,0.000000,0.120000,0.000000,0.885624,0.000116,0.000000,0.004636,-0.006538,-0.000000,-0.006729,0.014080,0
1790541914.5710,0.003139,-0.025980,0.005670,-0.014987,0.003139,0.000000,0.120000,0.000000,0.917247,0.000942,0.000000,0.004729,-0.007794,-0.000000,-0.007193,0.014546,0
1790541914.5849,0.002577,-0.033570,-0.000231,-0.023627,0.002577,0.000000,0.120000,0.000000,0.947678,0.000773,0.000000,-0.001004,-0.010071,-0.000000,-0.013556,0.013998,0
1790541914.5993,0.010217,-0.045187,0.016775,-0.034404,0.010217,0.000000,0.120000,0.000000,0.977960,0.003065,0.000000,0.013710,-0.013556,-0.000000,-0.020848,0.013930,0
1790541914.6144,0.022340,-0.054328,0.026374,-0.031130,0.022340,0.000000,0.120000,0.000000,0.011455,0.006702,0.000000,0.019672,-0.016298,-0.000000,-0.014832,0.015408,0
1790541914.6286,0.026703,-0.058410,0.015720,-0.024736,0.026703,0.000000,0.120000,0.000000,0.042212,0.008011,0.000000,0.007709,-0.017523,-0.000000,-0.007213,0.014148,0
1790541914.6424,0.031947,-0.060912,0.019046,-0.022788,0.031947,0.000000,0.120000,0.000000,0.072334,0.009584,0.000000,0.009462,-0.018274,-0.000000,-0.004515,0.013856,0
1790541914.6574,0.039597,-0.067144,0.024824,-0.030689,0.039597,0.000000,0.120000,0.000000,0.104448,0.011879,0.000000,0.012945,-0.020143,-0.000000,-0.010546,0.014773,0
1790541914.6716,0.044163,-0.073512,0.021254,-0.033217,0.044163,0.000000,0.120000,0.000000,0.135449,0.013249,0.000000,0.008005,-0.022054,-0.000000,-0.011164,0.014261,0
1790541914.6852,0.027311,-0.067843,-0.022240,-0.010116,0.027311,0.000000,0.120000,0.000000,0.165543,0.008193,0.000000,-0.030434,-0.020353,-0.000000,0.010237,0.013843,0
1790541914.6993,0.022318,-0.055548,-0.002136,0.005082,0.022318,0.000000,0.120000,0.000000,0.196270,0.006695,0.000000,-0.008831,-0.016664,-0.000000,0.021747,0.014135,0
1790541914.7133,0.016174,-0.045605,-0.006064,0.003986,0.016174,0.000000,0.120000,0.000000,0.226857,0.004852,0.000000,-0.010916,-0.013681,-0.000000,0.017667,0.014070,0
1790541914.7272,0.009697,-0.032327,-0.008738,0.014177,0.009697,0.000000,0.120000,0.000000,0.257081,0.002909,0.000000,-0.011647,-0.009698,-0.000000,0.023876,0.013903,0
1790541914.7411,0.002933,-0.018242,-0.011257,0.019801,0.002933,0.000000,0.120000,0.000000,0.287370,0.000880,0.000000,-0.012137,-0.005473,-0.000000,0.025273,0.013933,0
1790541914.7551,-0.000724,-0.008193,-0.006791,0.015605,-0.000724,0.000000,0.120000,0.000000,0.317606,-0.000217,0.000000,-0.006574,-0.002458,-0.000000,0.018063,0.013908,0
1790541914.7690,0.009528,-0.012983,0.021216,-0.012471,0.009528,0.000000,0.120000,0.000000,0.347956,0.002858,0.000000,0.018358,-0.003895,-0.000000,-0.008577,0.013961,0
1790541914.7828,0.004777,-0.022613,-0.007167,-0.024216,0.004777,0.000000,0.120000,0.000000,0.377980,0.001433,0.000000,-0.008600,-0.006784,-0.000000,-0.017432,0.013811,0
1790541914.7968,0.005101,-0.036243,0.002113,-0.035387,0.005101,0.000000,0.120000,0.000000,0.408199,0.001530,0.000000,0.000582,-0.010873,-0.000000,-0.024514,0.013901,0
1790541914.8110,0.002513,-0.047444,-0.003881,-0.034294,0.002513,0.000000,0.120000,0.000000,0.438544,0.000754,0.000000,-0.004635,-0.014233,-0.000000,-0.020061,0.013959,0
1790541914.8251,-0.007686,-0.056807,-0.020008,-0.033292,-0.007686,0.000000,0.120000,0.000000,0.469856,-0.002306,0.000000,-0.017702,-0.017042,-0.000000,-0.016250,0.014404,0
1790541914.8390,-0.019330,-0.067696,-0.026786,-0.039933,-0.019330,0.000000,0.120000,0.000000,0.500012,-0.005799,0.000000,-0.020987,-0.020309,-0.000000,-0.019625,0.013871,0
1790541914.8530,-0.039855,-0.075224,-0.048889,-0.036114,-0.039855,0.000000,0.120000,0.000000,0.530214,-0.011956,0.000000,-0.036933,-0.022567,-0.000000,-0.013546,0.013893,0
1790541914.8667,-0.051413,-0.081067,-0.036485,-0.034968,-0.051413,0.000000,0.120000,0.000000,0.560038,-0.015424,0.000000,-0.021062,-0.024320,-0.000000,-0.010648,0.013719,0
1790541914.8803,-0.056672,-0.090896,-0.026580,-0.045171,-0.056672,0.000000,0.120000,0.000000,0.589877,-0.017001,0.000000,-0.009578,-0.027269,-0.000000,-0.017902,0.013726,0
1790541914.8943,-0.053278,-0.095056,-0.009917,-0.035952,-0.053278,0.000000,0.120000,0.000000,0.620281,-0.015983,0.000000,0.006066,-0.028517,-0.000000,-0.007435,0.013986,0
1790541914.9081,-0.046147,-0.093809,-0.000955,-0.025890,-0.046147,0.000000,0.120000,0.000000,0.650350,-0.013844,0.000000,0.012889,-0.028143,-0.000000,0.002253,0.013832,0
1790541914.9221,-0.036302,-0.089498,0.006735,-0.019131,-0.036302,0.000000,0.120000,0.000000,0.680706,-0.010891,0.000000,0.017625,-0.026849,-0.000000,0.007719,0.013964,0
1790541914.9361,-0.028865,-0.082366,0.004749,-0.011853,-0.028865,0.000000,0.120000,0.000000,0.710854,-0.008659,0.000000,0.013408,-0.024710,-0.000000,0.012857,0.013868,0
1790541914.9500,-0.023057,-0.070461,0.003376,-0.000039,-0.023057,0.000000,0.120000,0.000000,0.741519,-0.006917,0.000000,0.010293,-0.021138,-0.000000,0.021099,0.014106,0
1790541914.9639,-0.015021,-0.055374,0.010019,0.010657,-0.015021,0.000000,0.120000,0.000000,0.771587,-0.004506,0.000000,0.014525,-0.016612,-0.000000,0.027270,0.013831,0
1790541914.9777,-0.005352,-0.037659,0.015866,0.020714,-0.005352,0.000000,0.120000,0.000000,0.801662,-0.001606,0.000000,0.017472,-0.011298,-0.000000,0.032012,0.013834,0
1790541914.9918,0.007687,-0.020199,0.025592,0.025122,0.007687,0.000000,0.120000,0.000000,0.832095,0.002306,0.000000,0.023286,-0.006060,-0.000000,0.031182,0.013999,0
1790541915.0057,0.001838,-0.015653,-0.009951,0.003466,0.001838,0.000000,0.120000,0.000000,0.862362,0.000551,0.000000,-0.010502,-0.004696,-0.000000,0.008162,0.013923,0
1790541915.0197,-0.006742,-0.019999,-0.017347,-0.013762,-0.006742,0.000000,0.120000,0.000000,0.892790,-0.002023,0.000000,-0.015324,-0.006000,-0.000000,-0.007762,0.013997,0
1790541915.0334,0.000233,-0.029158,0.012710,-0.025345,0.000233,0.000000,0.120000,0.000000,0.922782,0.000070,0.000000,0.012640,-0.008747,-0.000000,-0.016597,0.013796,0
1790541915.0474,-0.001028,-0.033415,-0.002572,-0.017667,-0.001028,0.000000,0.120000,0.000000,0.953055,-0.000308,0.000000,-0.002264,-0.010025,-0.000000,-0.007643,0.013926,0
1790541915.0618,-0.002767,-0.040306,-0.003914,-0.024311,-0.002767,0.000000,0.120000,0.000000,0.983702,-0.000830,0.000000,-0.003084,-0.012092,-0.000000,-0.012220,0.014098,0
1790541915.0760,0.008195,-0.050060,0.021448,-0.031916,0.008195,0.000000,0.120000,0.000000,0.015075,0.002459,0.000000,0.018989,-0.015018,-0.000000,-0.016898,0.014432,0
1790541915.0897,0.020096,-0.061503,0.027717,-0.039306,0.020096,0.000000,0.120000,0.000000,0.044895,0.006029,0.000000,0.021689,-0.018451,-0.000000,-0.020855,0.013717,0
1790541915.1033,0.029989,-0.065197,0.027067,-0.026306,0.029989,0.000000,0.120000,0.000000,0.074650,0.008997,0.000000,0.018070,-0.019559,-0.000000,-0.006747,0.013687,0
1790541915.1172,0.035671,-0.067382,0.020920,-0.024144,0.035671,0.000000,0.120000,0.000000,0.104872,0.010701,0.000000,0.010218,-0.020215,-0.000000,-0.003929,0.013902,0
1790541915.1312,0.040301,-0.071442,0.020373,-0.028696,0.040301,0.000000,0.120000,0.000000,0.135249,0.012090,0.000000,0.008283,-0.021433,-0.000000,-0.007263,0.013973,0
1790541915.1451,0.038410,-0.073519,0.008143,-0.025769,0.038410,0.000000,0.120000,0.000000,0.165644,0.011523,0.000000,-0.003380,-0.022056,-0.000000,-0.003713,0.013982,0
1790541915.1591,0.026007,-0.066834,-0.014532,-0.008014,0.026007,0.000000,0.120000,0.000000,0.195825,0.007802,0.000000,-0.022334,-0.020050,-0.000000,0.012037,0.013884,0
1790541915.1733,0.018713,-0.056030,-0.007243,0.002233,0.018713,0.000000,0.120000,0.000000,0.226661,0.005614,0.000000,-0.012857,-0.016809,-0.000000,0.019042,0.014184,0
1790541915.1871,0.013975,-0.047556,-0.004339,0.000996,0.013975,0.000000,0.120000,0.000000,0.256836,0.004193,0.000000,-0.008532,-0.014267,-0.000000,0.015263,0.013881,0
1790541915.2010,0.006512,-0.033354,-0.011449,0.015495,0.006512,0.000000,0.120000,0.000000,0.287102,0.001953,0.000000,-0.013403,-0.010006,-0.000000,0.025502,0.013922,0
1790541915.2152,-0.003969,-0.020066,-0.019779,0.017548,-0.003969,0.000000,0.120000,0.000000,0.317745,-0.001191,0.000000,-0.018588,-0.006020,-0.000000,0.023568,0.014096,0
1790541915.2291,-0.002254,-0.019770,0.002388,-0.005402,-0.002254,0.000000,0.120000,0.000000,0.348179,-0.000676,0.000000,0.003064,-0.005931,-0.000000,0.000528,0.014000,0
1790541915.2430,0.001147,-0.025323,0.006490,-0.017633,0.001147,0.000000,0.120000,0.000000,0.378251,0.000344,0.000000,0.006146,-0.007597,-0.000000,-0.010036,0.013833,0
1790541915.2569,0.000513,-0.033832,-0.000985,-0.025421,0.000513,0.000000,0.120000,0.000000,0.408535,0.000154,0.000000,-0.001139,-0.010150,-0.000000,-0.015271,0.013931,0
1790541915.2709,-0.000221,-0.044529,-0.001381,-0.032522,-0.000221,0.000000,0.120000,0.000000,0.438870,-0.000066,0.000000,-0.001314,-0.013359,-0.000000,-0.019164,0.013954,0
1790541915.2847,-0.006848,-0.054404,-0.014015,-0.034145,-0.006848,0.000000,0.120000,0.000000,0.468980,-0.002054,0.000000,-0.011961,-0.016321,-0.000000,-0.017824,0.013851,0
1790541915.2987,-0.018374,-0.065674,-0.026143,-0.039875,-0.018374,0.000000,0.120000,0.000000,0.499343,-0.005512,0.000000,-0.020631,-0.019702,-0.000000,-0.020173,0.013967,0
1790541915.3130,-0.037435,-0.076164,-0.045403,-0.041655,-0.037435,0.000000,0.120000,0.000000,0.529657,-0.011230,0.000000,-0.034173,-0.022849,-0.000000,-0.018806,0.013945,0
1790541915.3270,-0.052636,-0.084145,-0.042258,-0.039139,-0.052636,0.000000,0.120000,0.000000,0.560872,-0.015791,0.000000,-0.026468,-0.025243,-0.000000,-0.013895,0.014359,0
1790541915.3405,-0.061629,-0.091766,-0.035083,-0.041594,-0.061629,0.000000,0.120000,0.000000,0.590323,-0.018489,0.000000,-0.016594,-0.027530,-0.000000,-0.014064,0.013548,0
1790541915.3544,-0.060250,-0.096780,-0.015601,-0.038029,-0.060250,0.000000,0.120000,0.000000,0.620616,-0.018075,0.000000,0.002474,-0.029034,-0.000000,-0.008995,0.013935,0
1790541915.3682,-0.050713,-0.097334,0.001987,-0.030199,-0.050713,0.000000,0.120000,0.000000,0.650748,-0.015214,-0.000000,0.017201,-0.029200,-0.000000,-0.000999,0.013861,0
1790541915.3822,-0.038661,-0.095372,0.010141,-0.025073,-0.038661,0.000000,0.120000,0.000000,0.680879,-0.011598,-0.000000,0.021739,-0.028612,-0.000000,0.003538,0.013860,0
1790541915.3961,-0.027687,-0.093408,0.011373,-0.024501,-0.027687,0.000000,0.120000,0.000000,0.711186,-0.008306,-0.000000,0.019679,-0.028022,-0.000000,0.003522,0.013941,0
1790541915.4100,-0.021632,-0.085978,0.004390,-0.012440,-0.021632,0.000000,0.120000,0.000000,0.741427,-0.006490,-0.000000,0.010880,-0.025793,-0.000000,0.013354,0.013911,0
1790541915.4239,-0.016420,-0.073211,0.004487,0.001092,-0.016420,0.000000,0.120000,0.000000,0.771522,-0.004926,-0.000000,0.009413,-0.021963,-0.000000,0.023055,0.013844,0
1790541915.4377,-0.012640,-0.054429,0.003004,0.017441,-0.012640,0.000000,0.120000,0.000000,0.801750,-0.003792,-0.000000,0.006796,-0.016329,-0.000000,0.033769,0.013905,0
1790541915.4515,-0.001516,-0.033306,0.019779,0.028428,-0.001516,0.000000,0.120000,0.000000,0.831631,-0.000455,-0.000000,0.020233,-0.009992,-0.000000,0.038420,0.013745,0
1790541915.4654,0.006826,-0.013760,0.017046,0.031013,0.006826,0.000000,0.120000,0.000000,0.861858,0.002048,-0.000000,0.014998,-0.004128,-0.000000,0.035141,0.013905,0
1790541915.4794,-0.004965,-0.018609,-0.022552,-0.014244,-0.004965,0.000000,0.120000,0.000000,0.892282,-0.001489,-0.000000,-0.021063,-0.005583,-0.000000,-0.008661,0.013995,0
1790541915.4932,-0.001868,-0.030570,0.005051,-0.030844,-0.001868,0.000000,0.120000,0.000000,0.922277,-0.000560,-0.000000,0.005611,-0.009171,-0.000000,-0.021672,0.013798,0
1790541915.5071,-0.006458,-0.035608,-0.010198,-0.019750,-0.006458,0.000000,0.120000,0.000000,0.952473,-0.001937,-0.000000,-0.008261,-0.010682,-0.000000,-0.009068,0.013890,0
1790541915.5210,-0.015553,-0.047224,-0.021036,-0.035073,-0.015553,0.000000,0.120000,0.000000,0.982671,-0.004666,-0.000000,-0.016370,-0.014167,-0.000000,-0.020906,0.013891,0
1790541915.5349,-0.006787,-0.060045,0.013697,-0.041022,-0.006787,0.000000,0.120000,0.000000,0.012955,-0.002036,-0.000000,0.015733,-0.018014,-0.000000,-0.023009,0.013931,0
1790541915.5485,-0.002004,-0.073337,0.008192,-0.046438,-0.002004,0.000000,0.120000,0.000000,0.042515,-0.000601,-0.000000,0.008793,-0.022001,-0.000000,-0.024437,0.013598,0
1790541915.5623,0.006070,-0.081569,0.016602,-0.039542,0.006070,0.000000,0.120000,0.000000,0.072202,0.001821,-0.000000,0.014781,-0.024471,-0.000000,-0.015071,0.013656,0
1790541915.5766,0.019651,-0.086033,0.029719,-0.033640,0.019651,0.000000,0.120000,0.000000,0.103184,0.005895,-0.000000,0.023824,-0.025810,-0.000000,-0.007831,0.014251,0
1790541915.5911,0.030002,-0.090859,0.026873,-0.035590,0.030002,0.000000,0.120000,0.000000,0.134662,0.009001,-0.000000,0.017872,-0.027258,-0.000000,-0.008332,0.014480,0
1790541915.6051,0.035923,-0.093326,0.021240,-0.032357,0.035923,0.000000,0.120000,0.000000,0.165417,0.010777,-0.000000,0.010463,-0.027998,-0.000000,-0.004359,0.014148,0
1790541915.6189,0.026019,-0.087760,-0.010032,-0.016304,0.026019,0.000000,0.120000,0.000000,0.195594,0.007806,-0.000000,-0.017838,-0.026328,-0.000000,0.010024,0.013881,0
1790541915.6329,0.019751,-0.073485,-0.005310,0.003544,0.019751,0.000000,0.120000,0.000000,0.225911,0.005925,-0.000000,-0.011236,-0.022046,-0.000000,0.025589,0.013946,0
1790541915.6467,0.015160,-0.061162,-0.003797,0.004049,0.015160,0.000000,0.120000,0.000000,0.255814,0.004548,-0.000000,-0.008345,-0.018349,-0.000000,0.022397,0.013755,0
1790541915.6605,0.008156,-0.046204,-0.010140,0.013020,0.008156,0.000000,0.120000,0.000000,0.286056,0.002447,-0.000000,-0.012587,-0.013861,-0.000000,0.026881,0.013911,0
1790541915.6746,-0.005663,-0.027811,-0.026432,0.024576,-0.005663,0.000000,0.120000,0.000000,0.316422,-0.001699,-0.000000,-0.024733,-0.008343,-0.000000,0.032919,0.013968,0
1790541915.6885,-0.006438,-0.027628,-0.003314,-0.007962,-0.006438,0.000000,0.120000,0.000000,0.346892,-0.001932,-0.000000,-0.001382,-0.008288,-0.000000,0.000326,0.014016,0
1790541915.7023,-0.002852,-0.032552,0.005637,-0.018680,-0.002852,0.000000,0.120000,0.000000,0.376914,-0.000856,-0.000000,0.006493,-0.009766,-0.000000,-0.008914,0.013810,0
1790541915.7163,0.000006,-0.038580,0.005128,-0.022383,0.000006,0.000000,0.120000,0.000000,0.407217,0.000002,-0.000000,0.005126,-0.011574,-0.000000,-0.010810,0.013939,0
1790541915.7302,0.000229,-0.047176,0.000469,-0.029604,0.000229,0.000000,0.120000,0.000000,0.437455,0.000069,-0.000000,0.000400,-0.014153,-0.000000,-0.015451,0.013909,0
1790541915.7440,-0.006414,-0.058849,-0.013911,-0.038714,-0.006414,0.000000,0.120000,0.000000,0.467578,-0.001924,-0.000000,-0.011986,-0.017655,-0.000000,-0.021059,0.013857,0
1790541915.7579,-0.022339,-0.071551,-0.035487,-0.044427,-0.022339,0.000000,0.120000,0.000000,0.497644,-0.006702,-0.000000,-0.028785,-0.021465,-0.000000,-0.022962,0.013830,0
1790541915.7718,-0.038046,-0.082836,-0.039688,-0.045165,-0.038046,0.000000,0.120000,0.000000,0.527836,-0.011414,-0.000000,-0.028275,-0.024851,-0.000000,-0.020314,0.013888,0
1790541915.7853,-0.054794,-0.090566,-0.047297,-0.041412,-0.054794,0.000000,0.120000,0.000000,0.557332,-0.016438,-0.000000,-0.030859,-0.027170,-0.000000,-0.014243,0.013568,0
1790541915.7989,-0.064090,-0.096206,-0.036405,-0.039285,-0.064090,0.000000,0.120000,0.000000,0.586741,-0.019227,-0.000000,-0.017178,-0.028862,-0.000000,-0.010423,0.013528,0
1790541915.8128,-0.058860,-0.100434,-0.008308,-0.037688,-0.058860,0.000000,0.120000,0.000000,0.617141,-0.017658,-0.000000,0.009350,-0.030130,-0.000000,-0.007558,0.013984,0
1790541915.8270,-0.048043,-0.100250,0.004829,-0.029748,-0.048043,0.000000,0.120000,0.000000,0.647691,-0.014413,-0.000000,0.019242,-0.030075,-0.000000,0.000327,0.014053,0
1790541915.8410,-0.039484,-0.097910,0.003363,-0.025215,-0.039484,0.000000,0.120000,0.000000,0.678277,-0.011845,-0.000000,0.015209,-0.029373,-0.000000,0.004158,0.014070,0
1790541915.8549,-0.030420,-0.095561,0.007111,-0.024460,-0.030420,0.000000,0.120000,0.000000,0.708618,-0.009126,-0.000000,0.016237,-0.028668,-0.000000,0.004208,0.013957,0
1790541915.8688,-0.024413,-0.085808,0.003528,-0.008121,-0.024413,0.000000,0.120000,0.000000,0.738697,-0.007324,-0.000000,0.010852,-0.025742,-0.000000,0.017622,0.013836,0
1790541915.8826,-0.019560,-0.069660,0.002868,0.008172,-0.019560,0.000000,0.120000,0.000000,0.768887,-0.005868,-0.000000,0.008737,-0.020898,-0.000000,0.029070,0.013887,0
1790541915.8965,-0.014325,-0.052190,0.005140,0.015835,-0.014325,0.000000,0.120000,0.000000,0.799036,-0.004297,-0.000000,0.009438,-0.015657,-0.000000,0.031492,0.013869,0
1790541915.9103,-0.002892,-0.034793,0.019900,0.021163,-0.002892,0.000000,0.120000,0.000000,0.828955,-0.000868,-0.000000,0.020768,-0.010438,-0.000000,0.031601,0.013763,0
1790541915.9241,-0.005487,-0.023829,-0.006316,0.012585,-0.005487,0.000000,0.120000,0.000000,0.859151,-0.001646,-0.000000,-0.004670,-0.007149,-0.000000,0.019733,0.013890,0
1790541915.9380,-0.012051,-0.025132,-0.015436,-0.009886,-0.012051,0.000000,0.120000,0.000000,0.889333,-0.003615,-0.000000,-0.011821,-0.007540,-0.000000,-0.002347,0.013883,0
1790541915.9518,-0.002024,-0.031447,0.017593,-0.020897,-0.002024,0.000000,0.120000,0.000000,0.919275,-0.000607,-0.000000,0.018200,-0.009434,-0.000000,-0.011463,0.013774,0
1790541915.9656,-0.012319,-0.036493,-0.022311,-0.020071,-0.012319,0.000000,0.120000,0.000000,0.949333,-0.003696,-0.000000,-0.018615,-0.010948,-0.000000,-0.009123,0.013826,0
1790541915.9794,-0.014999,-0.045056,-0.009344,-0.028999,-0.014999,0.000000,0.120000,0.000000,0.979392,-0.004500,-0.000000,-0.004844,-0.013517,-0.000000,-0.015482,0.013827,0
1790541915.9935,-0.002137,-0.059277,0.022495,-0.043364,-0.002137,0.000000,0.120000,0.000000,0.009606,-0.000641,-0.000000,0.023136,-0.017783,-0.000000,-0.025581,0.013898,0
1790541916.0072,0.008932,-0.075692,0.022806,-0.052556,0.008932,0.000000,0.120000,0.000000,0.039493,0.002680,-0.000000,0.020127,-0.022708,-0.000000,-0.029848,0.013748,0
1790541916.0208,0.022215,-0.084305,0.031017,-0.041082,0.022215,0.000000,0.120000,0.000000,0.069139,0.006665,-0.000000,0.024352,-0.025291,-0.000000,-0.015790,0.013637,0
1790541916.0347,0.032880,-0.091502,0.029016,-0.040375,0.032880,0.000000,0.120000,0.000000,0.099401,0.009864,-0.000000,0.019152,-0.027450,-0.000000,-0.012924,0.013921,0
1790541916.0486,0.044079,-0.099633,0.033349,-0.044503,0.044079,0.000000,0.119771,0.000000,0.129644,0.013224,-0.000000,0.020125,-0.029890,-0.000000,-0.014613,0.013912,0
1790541916.0629,0.038410,-0.106223,0.001435,-0.043594,0.038410,0.000000,0.119077,0.000000,0.160182,0.011523,-0.000000,-0.010088,-0.031867,-0.000000,-0.011727,0.014047,0
1790541916.0774,0.020044,-0.094360,-0.025250,-0.008115,0.020044,0.000000,0.117859,0.000000,0.192111,0.006013,-0.000000,-0.031263,-0.028308,-0.000000,0.020193,0.014687,0
1790541916.0915,0.015102,-0.079148,-0.004230,0.003224,0.015102,0.000000,0.116226,0.000000,0.222766,0.004531,-0.000000,-0.008760,-0.023744,-0.000000,0.026968,0.014102,0
1790541916.1055,0.005428,-0.064516,-0.015617,0.006730,0.005428,0.000000,0.114165,0.000000,0.253253,0.001628,-0.000000,-0.017245,-0.019355,-0.000000,0.026085,0.014024,0
1790541916.1194,-0.005799,-0.045765,-0.021842,0.019844,-0.005799,0.000000,0.111695,0.000000,0.283606,-0.001740,-0.000000,-0.020102,-0.013730,-0.000000,0.033573,0.013962,0
1790541916.1334,-0.013521,-0.031471,-0.017866,0.016118,-0.013521,0.000000,0.108824,0.000000,0.314001,-0.004056,-0.000000,-0.013809,-0.009441,-0.000000,0.025560,0.013982,0
1790541916.1474,-0.016569,-0.028014,-0.010417,-0.002229,-0.016569,0.000000,0.105573,0.000000,0.344418,-0.004971,-0.000000,-0.005446,-0.008404,-0.000000,0.006176,0.013992,0
1790541916.1614,-0.009103,-0.036954,0.010615,-0.027064,-0.009103,0.000000,0.101972,0.000000,0.374824,-0.002731,-0.000000,0.013346,-0.011086,-0.000000,-0.015978,0.013987,0
1790541916.1748,-0.009684,-0.042476,-0.003979,-0.022941,-0.009684,0.000000,0.098178,0.000000,0.404251,-0.002905,-0.000000,-0.001073,-0.012743,-0.000000,-0.010198,0.013537,0
1790541916.1879,-0.005357,-0.052686,0.006660,-0.035313,-0.005357,0.000000,0.094248,0.000000,0.432698,-0.001607,-0.000000,0.008267,-0.015806,-0.000000,-0.019507,0.013085,0
1790541916.2009,-0.007114,-0.066923,-0.005496,-0.047320,-0.007114,0.000000,0.090093,0.000000,0.461100,-0.002134,-0.000000,-0.003362,-0.020077,-0.000000,-0.027243,0.013065,0
1790541916.2145,-0.019592,-0.079812,-0.029179,-0.048012,-0.019592,0.000000,0.085625,0.000000,0.490204,-0.005878,-0.000000,-0.023302,-0.023944,-0.000000,-0.024069,0.013388,0
1790541916.2283,-0.035009,-0.092246,-0.038285,-0.050080,-0.035009,0.000000,0.080805,0.000000,0.520362,-0.010503,-0.000000,-0.027783,-0.027674,-0.000000,-0.022407,0.013873,0
1790541916.2418,-0.051628,-0.099557,-0.046339,-0.043439,-0.051628,0.000000,0.075975,0.000000,0.549638,-0.015488,-0.000000,-0.030851,-0.029867,-0.000000,-0.013572,0.013467,0
1790541916.2554,-0.061226,-0.104498,-0.035985,-0.040419,-0.061226,0.000000,0.070973,0.000000,0.579247,-0.018368,-0.000000,-0.017617,-0.031349,-0.000000,-0.009069,0.013620,0
1790541916.2692,-0.063224,-0.108209,-0.022581,-0.039175,-0.063224,0.000000,0.065814,0.000000,0.609298,-0.018967,-0.000000,-0.003613,-0.032463,-0.000000,-0.006713,0.013823,0
1790541916.2830,-0.055064,-0.110136,-0.001711,-0.036538,-0.055064,0.000000,0.060630,0.000000,0.639248,-0.016519,-0.000000,0.014808,-0.033041,-0.000000,-0.003497,0.013777,0
1790541916.2970,-0.045402,-0.109086,0.003728,-0.030839,-0.045402,0.000000,0.055386,0.000000,0.669515,-0.013621,-0.000000,0.017349,-0.032726,-0.000000,0.001887,0.013923,0
1790541916.3109,-0.036775,-0.108830,0.004481,-0.032190,-0.036775,0.000000,0.050185,0.000000,0.699735,-0.011033,-0.000000,0.015514,-0.032649,-0.000000,0.000459,0.013901,0
1790541916.3255,-0.029938,-0.105955,0.002779,-0.026841,-0.029938,0.000000,0.044827,0.000000,0.731335,-0.008981,-0.000000,0.011760,-0.031787,-0.000000,0.004945,0.014536,0
1790541916.3396,-0.021600,-0.095065,0.008278,-0.009242,-0.021600,0.000000,0.039742,0.000000,0.762037,-0.006480,-0.000000,0.014758,-0.028519,-0.000000,0.019278,0.014123,0
1790541916.3535,-0.017039,-0.077645,0.003036,0.007825,-0.017039,0.000000,0.034861,0.000000,0.792461,-0.005112,-0.000000,0.008148,-0.023293,-0.000000,0.031118,0.013995,0
1790541916.3673,-0.012186,-0.051908,0.005154,0.031141,-0.012186,0.000000,0.030246,0.000000,0.822403,-0.003656,-0.000000,0.008809,-0.015573,-0.000000,0.046714,0.013773,0
1790541916.3810,0.000259,-0.026569,0.022572,0.037828,0.000259,0.000000,0.025836,0.000000,0.852472,0.000078,-0.000000,0.022494,-0.007971,-0.000000,0.045799,0.013832,0
1790541916.3950,-0.008278,-0.021379,-0.017863,0.002936,-0.008278,0.000000,0.021670,0.000000,0.882640,-0.002483,-0.000000,-0.015380,-0.006414,-0.000000,0.009350,0.013877,0
1790541916.4088,-0.005144,-0.038598,0.004126,-0.042725,-0.005144,0.000000,0.017811,0.000000,0.912686,-0.001543,-0.000000,0.005669,-0.011579,-0.000000,-0.031145,0.013821,0
1790541916.4226,-0.015037,-0.040578,-0.022377,-0.015750,-0.015037,0.000000,0.014265,0.000000,0.942778,-0.004511,-0.000000,-0.017866,-0.012173,-0.000000,-0.003576,0.013842,0
1790541916.4364,-0.023882,-0.050260,-0.023130,-0.032552,-0.023882,0.000000,0.011062,0.000000,0.972890,-0.007165,-0.000000,-0.015965,-0.015078,-0.000000,-0.017474,0.013851,0
1790541916.4502,-0.021398,-0.056082,-0.001899,-0.027416,-0.021398,0.000000,0.008251,0.000000,0.002766,-0.006419,-0.000000,0.004520,-0.016825,-0.000000,-0.010591,0.013743,0
1790541916.4639,-0.017211,-0.068669,0.002529,-0.043730,-0.017211,0.000000,0.005847,0.000000,0.032343,-0.005163,-0.000000,0.007693,-0.020601,-0.000000,-0.023129,0.013606,0
1790541916.4775,-0.008642,-0.076551,0.013059,-0.037359,-0.008642,0.000000,0.003828,0.000000,0.062100,-0.002592,-0.000000,0.015651,-0.022965,-0.000000,-0.014394,0.013688,0
1790541916.4910,-0.001885,-0.080925,0.011986,-0.032405,-0.001885,0.000000,0.002248,0.000000,0.091355,-0.000566,-0.000000,0.012551,-0.024278,-0.000000,-0.008127,0.013457,0
1790541916.5050,0.009616,-0.087352,0.023455,-0.037700,0.009616,0.000000,0.001043,0.000000,0.121742,0.002885,-0.000000,0.020571,-0.026206,-0.000000,-0.011494,0.013978,0
1790541916.5189,0.023724,-0.095287,0.032494,-0.042858,0.023724,0.000000,0.000296,0.000000,0.151957,0.007117,-0.000000,0.025376,-0.028586,-0.000000,-0.014272,0.013899,0
1790541916.5328,0.017316,-0.095427,-0.006287,-0.028879,0.017316,0.000000,0.000004,0.000000,0.182286,0.005195,-0.000000,-0.011482,-0.028628,-0.000000,-0.000251,0.013951,0
1790541916.5466,0.000385,-0.082982,-0.030537,-0.002364,0.000385,0.000000,0.000000,0.000000,0.212306,0.000115,-0.000000,-0.030652,-0.024894,-0.000000,0.022530,0.013809,0
