t,imu_roll,imu_pitch,pid_roll,pid_pitch,roll_meas,banked_roll,eff_lin,eff_ang,phase,p_roll,i_roll,d_roll,p_pitch,i_pitch,d_pitch,dt,ik_clamped
1790545849.7565,-0.027867,0.001543,-0.008360,0.000478,-0.027867,0.000000,0.000000,0.000000,0.000075,-0.008360,-0.000000,0.000000,0.000463,0.000015,0.000000,0.010000,0
1790545849.7717,-0.029215,-0.004415,-0.008764,-0.001380,-0.029215,0.000000,0.000305,0.000000,0.034954,-0.008764,-0.000000,-0.000000,-0.001325,-0.000055,-0.000000,0.016045,0
1790545849.7868,-0.030605,-0.007664,-0.009182,-0.002470,-0.030605,0.000000,0.001136,0.000000,0.067521,-0.009182,-0.000000,-0.000000,-0.002299,-0.000170,-0.000000,0.014981,0
1790545849.8012,-0.030785,-0.010417,-0.009236,-0.003450,-0.030785,0.000000,0.002472,0.000000,0.099737,-0.009236,-0.000000,-0.000000,-0.003125,-0.000325,-0.000000,0.014819,0
1790545849.8151,-0.031514,-0.011808,-0.009454,-0.004032,-0.031514,0.000000,0.004188,0.000000,0.130109,-0.009454,-0.000000,-0.000000,-0.003542,-0.000490,-0.000000,0.013971,0
1790545849.8290,-0.033986,-0.013253,-0.010196,-0.004650,-0.033986,0.000000,0.006325,0.000000,0.160372,-0.010196,-0.000000,-0.000000,-0.003976,-0.000674,-0.000000,0.013921,0
1790545849.8434,-0.034817,-0.013451,-0.010445,-0.004900,-0.034817,0.000000,0.008922,0.000000,0.191177,-0.010445,-0.000000,-0.000000,-0.004035,-0.000865,-0.000000,0.014170,0
1790545849.8576,-0.037275,-0.009820,-0.011183,-0.003952,-0.037275,0.000000,0.011973,0.000000,0.222457,-0.011183,-0.000000,-0.000000,-0.002946,-0.001006,0.000000,0.014389,0
1790545849.8717,-0.036928,-0.003727,-0.011079,-0.002176,-0.036928,0.000000,0.015317,0.000000,0.252888,-0.011079,-0.000000,0.000000,-0.001118,-0.001058,0.000000,0.013998,0
1790545849.8858,-0.035395,0.004070,-0.010619,0.000220,-0.035395,0.000000,0.019050,0.000000,0.283654,-0.010619,-0.000000,0.000000,0.001221,-0.001001,0.000000,0.014152,0
1790545849.8998,-0.037653,0.005152,-0.011296,0.000618,-0.037653,0.000000,0.023084,0.000000,0.314261,-0.011296,-0.000000,-0.000000,0.001546,-0.000928,0.000000,0.014079,0
1790545849.9137,-0.043274,0.002661,-0.012982,-0.000093,-0.043274,0.000000,0.027357,0.000000,0.344521,-0.012982,-0.000000,-0.000000,0.000798,-0.000891,-0.000000,0.013920,0
1790545849.9277,-0.049931,-0.002311,-0.014979,-0.001617,-0.049931,0.000000,0.031913,0.000000,0.375001,-0.014979,-0.000000,-0.000000,-0.000693,-0.000923,-0.000000,0.014021,0
1790545849.9417,-0.044342,-0.000637,-0.013303,-0.001123,-0.044342,0.000000,0.036679,0.000000,0.405430,-0.013303,-0.000000,0.000000,-0.000191,-0.000932,0.000000,0.013997,0
1790545849.9558,-0.037338,-0.005378,-0.011201,-0.002621,-0.037338,0.000000,0.041642,0.000000,0.435968,-0.011201,-0.000000,0.000000,-0.001613,-0.001008,-0.000000,0.014047,0
1790545849.9698,-0.031853,-0.011661,-0.009556,-0.004670,-0.031853,0.000000,0.046739,0.000000,0.466446,-0.009556,-0.000000,0.000000,-0.003498,-0.001171,-0.000000,0.014020,0
1790545849.9838,-0.027937,-0.017010,-0.008381,-0.006511,-0.027937,0.000000,0.051911,0.000000,0.496766,-0.008381,-0.000000,0.000000,-0.005103,-0.001409,-0.000000,0.013947,0
1790545849.9977,-0.025364,-0.020960,-0.007609,-0.007990,-0.025364,0.000000,0.057165,0.000000,0.527199,-0.007609,-0.000000,0.000000,-0.006288,-0.001702,-0.000000,0.013999,0
1790545850.0113,-0.024767,-0.020168,-0.007430,-0.008025,-0.024767,0.000000,0.062263,0.000000,0.556608,-0.007430,-0.000000,0.000000,-0.006050,-0.001975,0.000000,0.013528,0
1790545850.0250,-0.023369,-0.019727,-0.007011,-0.008164,-0.023369,0.000000,0.067429,0.000000,0.586505,-0.007011,-0.000000,0.000000,-0.005918,-0.002246,0.000000,0.013752,0
1790545850.0390,-0.023412,-0.018501,-0.007024,-0.008056,-0.023412,0.000000,0.072642,0.000000,0.617002,-0.007024,-0.000000,-0.000000,-0.005550,-0.002506,0.000000,0.014029,0
1790545850.0530,-0.023788,-0.014998,-0.007136,-0.007215,-0.023788,0.000000,0.077749,0.000000,0.647459,-0.007136,-0.000000,-0.000000,-0.004499,-0.002716,0.000000,0.014010,0
1790545850.0670,-0.021420,-0.007253,-0.006426,-0.004993,-0.021420,0.000000,0.082677,0.000000,0.677651,-0.006426,-0.000000,0.000000,-0.002176,-0.002817,0.000000,0.013888,0
1790545850.0809,-0.018113,0.003085,-0.005434,-0.001848,-0.018113,0.000000,0.087464,0.000000,0.708053,-0.005434,-0.000000,0.000000,0.000925,-0.002773,0.000000,0.013985,0
1790545850.0953,-0.021606,0.004383,-0.006482,-0.001396,-0.021606,0.000000,0.092113,0.000000,0.738954,-0.006482,-0.000000,-0.000000,0.001315,-0.002711,0.000000,0.014214,0
1790545850.1095,-0.021041,0.001349,-0.006312,-0.002287,-0.021041,0.000000,0.096538,0.000000,0.770090,-0.006312,-0.000000,0.000000,0.000405,-0.002692,-0.000000,0.014323,0
1790545850.1235,-0.016404,0.007016,-0.004921,-0.000489,-0.016404,0.000000,0.100588,0.000000,0.800611,-0.004921,-0.000000,0.000000,0.002105,-0.002593,0.000000,0.014039,0
1790545850.1373,-0.009954,0.007424,-0.002986,-0.000263,-0.009954,0.000000,0.104277,0.000000,0.830732,-0.002986,-0.000000,0.000000,0.002227,-0.002490,0.000000,0.013856,0
1790545850.1514,0.000306,0.010501,0.000092,0.000807,0.000306,0.000000,0.107664,0.000000,0.861175,0.000092,-0.000000,0.000000,0.003150,-0.002343,0.000000,0.014004,0
1790545850.1654,-0.004358,0.014332,-0.001307,0.002157,-0.004358,0.000000,0.110690,0.000000,0.891703,-0.001307,-0.000000,-0.000000,0.004300,-0.002142,0.000000,0.014043,0
1790545850.1793,-0.009397,0.019227,-0.002819,0.003894,-0.009397,0.000000,0.113304,0.000000,0.922019,-0.002819,-0.000000,-0.000000,0.005768,-0.001874,0.000000,0.013945,0
1790545850.1933,-0.007349,0.021085,-0.002205,0.004747,-0.007349,0.000000,0.115519,0.000000,0.952459,-0.002205,-0.000000,0.000000,0.006325,-0.001579,0.000000,0.014003,0
1790545850.2072,-0.011170,0.019361,-0.003351,0.004498,-0.011170,0.000000,0.117285,0.000000,0.982549,-0.003351,-0.000000,-0.000000,0.005808,-0.001311,-0.000000,0.013841,0
1790545850.2211,-0.016806,0.022206,-0.005042,0.005661,-0.016806,0.000000,0.118628,0.000000,0.012895,-0.005042,-0.000000,-0.000000,0.006662,-0.001001,0.000000,0.013959,0
1790545850.2347,-0.023892,0.027708,-0.007167,0.007688,-0.023892,0.000000,0.119502,0.000000,0.042442,-0.007167,-0.000000,-0.000000,0.008312,-0.000624,0.000000,0.013592,0
1790545850.2482,-0.030482,0.029917,-0.009145,0.008755,-0.030482,0.000000,0.119942,0.000000,0.071796,-0.009145,-0.000000,-0.000000,0.008975,-0.000220,0.000000,0.013503,0
1790545850.2621,-0.033373,0.031181,-0.010012,0.009569,-0.033373,0.000000,0.120000,0.000000,0.102103,-0.010012,-0.000000,-0.000000,0.009354,0.000214,0.000000,0.013942,0
1790545850.2761,-0.037322,0.032864,-0.011197,0.010533,-0.037322,0.000000,0.120000,0.000000,0.132472,-0.011197,-0.000000,-0.000000,0.009859,0.000674,0.000000,0.013969,0
1790545850.2900,-0.044374,0.037804,-0.013312,0.012538,-0.044374,0.000000,0.120000,0.000000,0.162553,-0.013312,-0.000000,-0.000000,0.011341,0.001197,0.000000,0.013837,0
1790545850.3039,-0.036509,0.030000,-0.010953,0.010614,-0.036509,0.000000,0.120000,0.000000,0.192803,-0.010953,-0.000000,0.000000,0.009000,0.001614,-0.000000,0.013915,0
1790545850.3177,-0.034198,0.018397,-0.010259,0.007389,-0.034198,0.000000,0.120000,0.000000,0.223013,-0.010259,-0.000000,0.000000,0.005519,0.001870,-0.000000,0.013896,0
1790545850.3316,-0.037564,0.010718,-0.011269,0.005233,-0.037564,0.000000,0.120000,0.000000,0.253030,-0.011269,-0.000000,-0.000000,0.003216,0.002018,-0.000000,0.013808,0
1790545850.3461,-0.035838,0.001195,-0.010751,0.002393,-0.035838,0.000000,0.120000,0.000000,0.283924,-0.010751,-0.000000,0.000000,0.000359,0.002035,-0.000000,0.014212,0
1790545850.3607,-0.040379,0.000683,-0.012114,0.002250,-0.040379,0.000000,0.120000,0.000000,0.316012,-0.012114,-0.000000,-0.000000,0.000205,0.002045,-0.000000,0.014760,0
1790545850.3748,-0.044093,-0.002050,-0.013228,0.001401,-0.044093,0.000000,0.120000,0.000000,0.346653,-0.013228,-0.000000,-0.000000,-0.000615,0.002016,-0.000000,0.014095,0
1790545850.3889,-0.042108,-0.008030,-0.012632,-0.000507,-0.042108,0.000000,0.120000,0.000000,0.377549,-0.012632,-0.000000,0.000000,-0.002409,0.001902,-0.000000,0.014212,0
1790545850.4029,-0.035310,-0.007773,-0.010593,-0.000538,-0.035310,0.000000,0.120000,0.000000,0.407873,-0.010593,-0.000000,0.000000,-0.002332,0.001793,0.000000,0.013949,0
1790545850.4169,-0.032483,-0.011161,-0.009745,-0.001711,-0.032483,0.000000,0.120000,0.000000,0.438354,-0.009745,-0.000000,0.000000,-0.003348,0.001637,-0.000000,0.014022,0
1790545850.4308,-0.035037,-0.017433,-0.010511,-0.003837,-0.035037,0.000000,0.120000,0.000000,0.468828,-0.010511,-0.000000,-0.000000,-0.005230,0.001393,-0.000000,0.014018,0
1790545850.4448,-0.037255,-0.023840,-0.011177,-0.006090,-0.037255,0.000000,0.120000,0.000000,0.498930,-0.011177,-0.000000,-0.000000,-0.007152,0.001062,-0.000000,0.013847,0
1790545850.4586,-0.038973,-0.028389,-0.011692,-0.007850,-0.038973,0.000000,0.120000,0.000000,0.529199,-0.011692,-0.000000,-0.000000,-0.008517,0.000667,-0.000000,0.013923,0
1790545850.4723,-0.038077,-0.029976,-0.011423,-0.008734,-0.038077,0.000000,0.120000,0.000000,0.558833,-0.011423,-0.000000,0.000000,-0.008993,0.000259,-0.000000,0.013632,0
1790545850.4859,-0.038803,-0.031758,-0.011641,-0.009702,-0.038803,0.000000,0.120000,0.000000,0.588484,-0.011641,-0.000000,-0.000000,-0.009527,-0.000175,-0.000000,0.013639,0
1790545850.4999,-0.040330,-0.034081,-0.012099,-0.010876,-0.040330,0.000000,0.120000,0.000000,0.618907,-0.012099,-0.000000,-0.000000,-0.010224,-0.000652,-0.000000,0.013995,0
1790545850.5138,-0.040904,-0.036340,-0.012271,-0.012061,-0.040904,0.000000,0.120000,0.000000,0.649244,-0.012271,-0.000000,-0.000000,-0.010902,-0.001159,-0.000000,0.013955,0
1790545850.5278,-0.038756,-0.033766,-0.011627,-0.011760,-0.038756,0.000000,0.120000,0.000000,0.679583,-0.011627,-0.000000,0.000000,-0.010130,-0.001630,0.000000,0.013956,0
1790545850.5418,-0.029979,-0.029931,-0.008994,-0.011027,-0.029979,0.000000,0.120000,0.000000,0.709930,-0.008994,-0.000000,0.000000,-0.008979,-0.002048,0.000000,0.013960,0
1790545850.5558,-0.021741,-0.024190,-0.006522,-0.009643,-0.021741,0.000000,0.120000,0.000000,0.740314,-0.006522,-0.000000,0.000000,-0.007257,-0.002386,0.000000,0.013977,0
1790545850.5697,-0.013035,-0.017777,-0.003911,-0.007966,-0.013035,0.000000,0.120000,0.000000,0.770529,-0.003911,-0.000000,0.000000,-0.005333,-0.002633,0.000000,0.013899,0
1790545850.5838,-0.015644,-0.015021,-0.004693,-0.007351,-0.015644,0.000000,0.120000,0.000000,0.801169,-0.004693,-0.000000,-0.000000,-0.004506,-0.002845,0.000000,0.014095,0
1790545850.5981,-0.015090,-0.015344,-0.004527,-0.007661,-0.015090,0.000000,0.120000,0.000000,0.831393,-0.004527,-0.000000,0.000000,-0.004603,-0.003058,-0.000000,0.013903,0
1790545850.6124,-0.013338,-0.014793,-0.004001,-0.007713,-0.013338,0.000000,0.120000,0.000000,0.863234,-0.004001,-0.000000,0.000000,-0.004438,-0.003275,0.000000,0.014647,0
1790545850.6263,-0.008906,-0.013812,-0.002672,-0.007611,-0.008906,0.000000,0.120000,0.000000,0.893665,-0.002672,-0.000000,0.000000,-0.004143,-0.003468,0.000000,0.013998,0
1790545850.6404,-0.001831,-0.012319,-0.000549,-0.007337,-0.001831,0.000000,0.120000,0.000000,0.924294,-0.000549,-0.000000,0.000000,-0.003696,-0.003642,0.000000,0.014090,0
1790545850.6544,-0.004131,-0.014441,-0.001239,-0.008176,-0.004131,0.000000,0.120000,0.000000,0.954720,-0.001239,-0.000000,-0.000000,-0.004332,-0.003844,-0.000000,0.013996,0
1790545850.6684,-0.003414,-0.018090,-0.001024,-0.009524,-0.003414,0.000000,0.120000,0.000000,0.985123,-0.001024,-0.000000,0.000000,-0.005427,-0.004097,-0.000000,0.013985,0
1790545850.6823,0.000239,-0.020803,0.000072,-0.010628,0.000239,0.000000,0.120000,0.000000,0.015480,0.000072,-0.000000,0.000000,-0.006241,-0.004387,-0.000000,0.013964,0
1790545850.6961,0.000412,-0.021655,0.000124,-0.011180,0.000412,0.000000,0.120000,0.000000,0.045201,0.000124,-0.000000,0.000000,-0.006497,-0.004683,-0.000000,0.013672,0
1790545850.7097,0.001338,-0.025035,0.000401,-0.012536,0.001338,0.000000,0.120000,0.000000,0.074945,0.000401,-0.000000,0.000000,-0.007510,-0.005026,-0.000000,0.013682,0
1790545850.7236,0.003949,-0.029243,0.001185,-0.014207,0.003949,0.000000,0.120000,0.000000,0.105323,0.001185,-0.000000,0.000000,-0.008773,-0.005434,-0.000000,0.013974,0
1790545850.7375,0.002498,-0.031910,0.000749,-0.015449,0.002498,0.000000,0.120000,0.000000,0.135397,0.000749,-0.000000,-0.000000,-0.009573,-0.005876,-0.000000,0.013834,0
1790545850.7514,-0.003568,-0.028982,-0.001071,-0.014975,-0.003568,0.000000,0.120000,0.000000,0.165714,-0.001071,-0.000000,-0.000000,-0.008695,-0.006280,0.000000,0.013946,0
1790545850.7654,-0.014844,-0.022366,-0.004453,-0.013301,-0.014844,0.000000,0.120000,0.000000,0.196014,-0.004453,-0.000000,-0.000000,-0.006710,-0.006592,0.000000,0.013938,0
1790545850.7794,-0.023577,-0.012285,-0.007073,-0.010450,-0.023577,0.000000,0.120000,0.000000,0.226543,-0.007073,-0.000000,-0.000000,-0.003685,-0.006764,0.000000,0.014043,0
1790545850.7933,-0.016917,-0.011547,-0.005075,-0.010389,-0.016917,0.000000,0.120000,0.000000,0.256771,-0.005075,-0.000000,0.000000,-0.003464,-0.006925,0.000000,0.013905,0
1790545850.8073,-0.011729,-0.014006,-0.003519,-0.011323,-0.011729,0.000000,0.120000,0.000000,0.287200,-0.003519,-0.000000,0.000000,-0.004202,-0.007121,-0.000000,0.013997,0
1790545850.8213,-0.017632,-0.017829,-0.005290,-0.012719,-0.017632,0.000000,0.120000,0.000000,0.317598,-0.005290,-0.000000,-0.000000,-0.005349,-0.007370,-0.000000,0.013983,0
1790545850.8353,-0.017409,-0.022997,-0.005223,-0.014591,-0.017409,0.000000,0.120000,0.000000,0.347967,-0.005223,-0.000000,0.000000,-0.006899,-0.007691,-0.000000,0.013970,0
1790545850.8497,-0.018229,-0.029019,-0.005469,-0.016809,-0.018229,0.000000,0.120000,0.000000,0.378840,-0.005469,-0.000000,-0.000000,-0.008706,-0.008104,-0.000000,0.014201,0
1790545850.8641,-0.019485,-0.032414,-0.005845,-0.018297,-0.019485,0.000000,0.120000,0.000000,0.410305,-0.005845,-0.000000,-0.000000,-0.009724,-0.008573,-0.000000,0.014474,0
1790545850.8781,-0.024079,-0.035557,-0.007224,-0.019740,-0.024079,0.000000,0.120000,0.000000,0.440853,-0.007224,-0.000000,-0.000000,-0.010667,-0.009072,-0.000000,0.014052,0
1790545850.8919,-0.031691,-0.042577,-0.009507,-0.022439,-0.031691,0.000000,0.120000,0.000000,0.471140,-0.009507,-0.000000,-0.000000,-0.012773,-0.009666,-0.000000,0.013932,0
1790545850.9059,-0.040946,-0.051523,-0.012284,-0.025844,-0.040946,0.000000,0.120000,0.000000,0.501583,-0.012284,-0.000000,-0.000000,-0.015457,-0.010387,-0.000000,0.014004,0
1790545850.9195,-0.051180,-0.058834,-0.015354,-0.028833,-0.051180,0.000000,0.120000,0.000000,0.530979,-0.015354,-0.000000,-0.000000,-0.017650,-0.011183,-0.000000,0.013522,0
1790545850.9331,-0.058158,-0.063459,-0.017448,-0.031089,-0.058158,0.000000,0.120000,0.000000,0.560726,-0.017448,-0.000000,-0.000000,-0.019038,-0.012051,-0.000000,0.013684,0
1790545850.9468,-0.060409,-0.068626,-0.018123,-0.033576,-0.060409,0.000000,0.120000,0.000000,0.590412,-0.018123,-0.000000,-0.000000,-0.020588,-0.012988,-0.000000,0.013655,0
1790545850.9609,-0.059917,-0.072027,-0.017975,-0.035609,-0.059917,0.000000,0.120000,0.000000,0.620967,-0.017975,-0.000000,0.000000,-0.021608,-0.014000,-0.000000,0.014055,0
1790545850.9749,-0.056250,-0.072442,-0.016875,-0.036750,-0.056250,0.000000,0.120000,0.000000,0.651493,-0.016875,-0.000000,0.000000,-0.021733,-0.015018,-0.000000,0.014042,0
1790545850.9889,-0.053329,-0.069757,-0.015999,-0.036923,-0.053329,0.000000,0.120000,0.000000,0.681977,-0.015999,-0.000000,0.000000,-0.020927,-0.015996,0.000000,0.014022,0
1790545851.0028,-0.049002,-0.063444,-0.014701,-0.035910,-0.049002,0.000000,0.120000,0.000000,0.712161,-0.014701,-0.000000,0.000000,-0.019033,-0.016877,0.000000,0.013885,0
1790545851.0167,-0.045353,-0.051017,-0.013606,-0.032891,-0.045353,0.000000,0.120000,0.000000,0.742380,-0.013606,-0.000000,0.000000,-0.015305,-0.017586,0.000000,0.013901,0
1790545851.0306,-0.035133,-0.035866,-0.010540,-0.028844,-0.035133,0.000000,0.120000,0.000000,0.772567,-0.010540,-0.000000,0.000000,-0.010760,-0.018084,0.000000,0.013886,0
1790545851.0444,-0.026380,-0.022345,-0.007914,-0.025098,-0.026380,0.000000,0.120000,0.000000,0.802761,-0.007914,-0.000000,0.000000,-0.006703,-0.018394,0.000000,0.013889,0
1790545851.0583,-0.015035,-0.009103,-0.004511,-0.021251,-0.015035,0.000000,0.120000,0.000000,0.832850,-0.004511,-0.000000,0.000000,-0.002731,-0.018520,0.000000,0.013841,0
1790545851.0722,-0.015480,-0.007722,-0.004644,-0.020944,-0.015480,0.000000,0.120000,0.000000,0.863152,-0.004644,-0.000000,-0.000000,-0.002316,-0.018628,0.000000,0.013939,0
1790545851.0862,-0.017037,-0.013098,-0.005111,-0.022740,-0.017037,0.000000,0.120000,0.000000,0.893548,-0.005111,-0.000000,-0.000000,-0.003929,-0.018811,-0.000000,0.013982,0
1790545851.1001,-0.014108,-0.008649,-0.004232,-0.021525,-0.014108,0.000000,0.120000,0.000000,0.923616,-0.004232,-0.000000,0.000000,-0.002595,-0.018931,0.000000,0.013831,0
1790545851.1145,-0.006466,-0.009428,-0.001940,-0.021894,-0.006466,0.000000,0.120000,0.000000,0.954817,-0.001940,-0.000000,0.000000,-0.002828,-0.019066,-0.000000,0.014353,0
1790545851.1285,-0.003404,-0.018442,-0.001021,-0.024858,-0.003404,0.000000,0.120000,0.000000,0.985355,-0.001021,-0.000000,0.000000,-0.005533,-0.019325,-0.000000,0.014048,0
1790545851.1424,0.006802,-0.029348,0.002041,-0.028539,0.006802,0.000000,0.120000,0.000000,0.015706,0.002041,-0.000000,0.000000,-0.008805,-0.019735,-0.000000,0.013962,0
1790545851.1560,0.013939,-0.036084,0.004182,-0.031050,0.013939,0.000000,0.120000,0.000000,0.045227,0.004182,-0.000000,0.000000,-0.010825,-0.020225,-0.000000,0.013579,0
1790545851.1697,0.019939,-0.041628,0.005982,-0.033282,0.019939,0.000000,0.120000,0.000000,0.074925,0.005982,-0.000000,0.000000,-0.012488,-0.020794,-0.000000,0.013661,0
1790545851.1837,0.029500,-0.048138,0.008850,-0.035911,0.029500,0.000000,0.120000,0.000000,0.105429,0.008850,-0.000000,0.000000,-0.014441,-0.021469,-0.000000,0.014032,0
1790545851.1978,0.026998,-0.057453,0.008099,-0.039509,0.026998,0.000000,0.120000,0.000000,0.135859,0.008099,-0.000000,-0.000000,-0.017236,-0.022273,-0.000000,0.013998,0
1790545851.2117,0.008532,-0.052504,0.002559,-0.038757,0.008532,0.000000,0.120000,0.000000,0.166189,0.002559,-0.000000,-0.000000,-0.015751,-0.023006,0.000000,0.013952,0
1790545851.2256,0.005048,-0.042949,0.001514,-0.036491,0.005048,0.000000,0.120000,0.000000,0.196605,0.001514,-0.000000,-0.000000,-0.012885,-0.023607,0.000000,0.013991,0
1790545851.2396,-0.000874,-0.031211,-0.000262,-0.033405,-0.000874,0.000000,0.120000,0.000000,0.226906,-0.000262,-0.000000,-0.000000,-0.009363,-0.024042,0.000000,0.013939,0
1790545851.2535,-0.012905,-0.015079,-0.003872,-0.028775,-0.012905,0.000000,0.120000,0.000000,0.257160,-0.003872,-0.000000,-0.000000,-0.004524,-0.024252,0.000000,0.013916,0
1790545851.2674,-0.021185,-0.000083,-0.006355,-0.024278,-0.021185,0.000000,0.120000,0.000000,0.287322,-0.006355,-0.000000,-0.000000,-0.000025,-0.024253,0.000000,0.013875,0
1790545851.2818,-0.016995,-0.000097,-0.005098,-0.024283,-0.016995,0.000000,0.120000,0.000000,0.318417,-0.005098,-0.000000,0.000000,-0.000029,-0.024254,-0.000000,0.014304,0
1790545851.2956,-0.018691,-0.000992,-0.005607,-0.024565,-0.018691,0.000000,0.120000,0.000000,0.348715,-0.005607,-0.000000,-0.000000,-0.000297,-0.024268,-0.000000,0.013937,0
1790545851.3095,-0.021492,-0.003133,-0.006448,-0.025252,-0.021492,0.000000,0.120000,0.000000,0.379033,-0.006448,-0.000000,-0.000000,-0.000940,-0.024312,-0.000000,0.013946,0
1790545851.3234,-0.020508,-0.009722,-0.006152,-0.027363,-0.020508,0.000000,0.120000,0.000000,0.409213,-0.006152,-0.000000,0.000000,-0.002917,-0.024447,-0.000000,0.013883,0
1790545851.3374,-0.025358,-0.018829,-0.007607,-0.030359,-0.025358,0.000000,0.120000,0.000000,0.439652,-0.007607,-0.000000,-0.000000,-0.005649,-0.024710,-0.000000,0.014002,0
1790545851.3517,-0.039941,-0.029224,-0.011982,-0.033889,-0.039941,0.000000,0.120000,0.000000,0.470267,-0.011982,-0.000000,-0.000000,-0.008767,-0.025122,-0.000000,0.014083,0
1790545851.3662,-0.053589,-0.037476,-0.016077,-0.036909,-0.053589,0.000000,0.120000,0.000000,0.501819,-0.016077,-0.000000,-0.000000,-0.011243,-0.025666,-0.000000,0.014514,0
1790545851.3801,-0.062739,-0.044777,-0.018822,-0.039723,-0.062739,0.000000,0.120000,0.000000,0.532136,-0.018822,-0.000000,-0.000000,-0.013433,-0.026290,-0.000000,0.013946,0
1790545851.3938,-0.070741,-0.050145,-0.021222,-0.042021,-0.070741,0.000000,0.120000,0.000000,0.561928,-0.021222,-0.000000,-0.000000,-0.015043,-0.026977,-0.000000,0.013704,0
1790545851.4075,-0.072121,-0.056069,-0.021636,-0.044572,-0.072121,0.000000,0.120000,0.000000,0.591934,-0.021636,-0.000000,-0.000000,-0.016821,-0.027751,-0.000000,0.013803,0
1790545851.4216,-0.066673,-0.059758,-0.020002,-0.046519,-0.066673,0.000000,0.120000,0.000000,0.622495,-0.020002,-0.000000,0.000000,-0.017927,-0.028591,-0.000000,0.014058,0
1790545851.4355,-0.061260,-0.061183,-0.018378,-0.047801,-0.061260,0.000000,0.120000,0.000000,0.652873,-0.018378,-0.000000,0.000000,-0.018355,-0.029446,-0.000000,0.013974,0
1790545851.4494,-0.056153,-0.059893,-0.016846,-0.048244,-0.056153,0.000000,0.120000,0.000000,0.682992,-0.016846,-0.000000,0.000000,-0.017968,-0.030276,0.000000,0.013855,0
1790545851.4634,-0.051898,-0.055340,-0.015569,-0.047652,-0.051898,0.000000,0.120000,0.000000,0.713386,-0.015569,-0.000000,0.000000,-0.016602,-0.031050,0.000000,0.013981,0
1790545851.4774,-0.044946,-0.045817,-0.013484,-0.045440,-0.044946,0.000000,0.120000,0.000000,0.744010,-0.013484,-0.000000,0.000000,-0.013745,-0.031695,0.000000,0.014087,0
1790545851.4912,-0.034854,-0.033167,-0.010456,-0.042102,-0.034854,0.000000,0.120000,0.000000,0.773968,-0.010456,-0.000000,0.000000,-0.009950,-0.032152,0.000000,0.013780,0
1790545851.5051,-0.023660,-0.016281,-0.007098,-0.037262,-0.023660,0.000000,0.120000,0.000000,0.804122,-0.007098,-0.000000,0.000000,-0.004884,-0.032378,0.000000,0.013871,0
1790545851.5190,-0.013216,0.003071,-0.003965,-0.031414,-0.013216,0.000000,0.120000,0.000000,0.834457,-0.003965,-0.000000,0.000000,0.000921,-0.032335,0.000000,0.013954,0
1790545851.5330,-0.010553,0.014161,-0.003166,-0.027890,-0.010553,0.000000,0.120000,0.000000,0.864764,-0.003166,-0.000000,0.000000,0.004248,-0.032138,0.000000,0.013941,0
1790545851.5469,-0.020765,0.010509,-0.006230,-0.028838,-0.020765,0.000000,0.120000,0.000000,0.895102,-0.006230,-0.000000,-0.000000,0.003153,-0.031991,-0.000000,0.013955,0
1790545851.5608,-0.013457,0.002821,-0.004037,-0.031106,-0.013457,0.000000,0.120000,0.000000,0.925180,-0.004037,-0.000000,0.000000,0.000846,-0.031952,-0.000000,0.013836,0
1790545851.5748,-0.011072,-0.000407,-0.003322,-0.032080,-0.011072,0.000000,0.120000,0.000000,0.955621,-0.003322,-0.000000,0.000000,-0.000122,-0.031958,-0.000000,0.014003,0
1790545851.5888,-0.007979,-0.005144,-0.002394,-0.033573,-0.007979,0.000000,0.120000,0.000000,0.986113,-0.002394,-0.000000,0.000000,-0.001543,-0.032030,-0.000000,0.014026,0
1790545851.6028,0.001609,-0.012519,0.000483,-0.035960,0.001609,0.000000,0.120000,0.000000,0.016392,0.000483,-0.000000,0.000000,-0.003756,-0.032204,-0.000000,0.013928,0
1790545851.6170,0.013585,-0.024077,0.004076,-0.039767,0.013585,0.000000,0.120000,0.000000,0.047058,0.004076,-0.000000,0.000000,-0.007223,-0.032544,-0.000000,0.014106,0
1790545851.6306,0.022646,-0.032223,0.006794,-0.042654,0.022646,0.000000,0.120000,0.000000,0.076913,0.006794,-0.000000,0.000000,-0.009667,-0.032987,-0.000000,0.013733,0
1790545851.6447,0.030473,-0.039423,0.009142,-0.045367,0.030473,0.000000,0.120000,0.000000,0.107456,0.009142,-0.000000,0.000000,-0.011827,-0.033540,-0.000000,0.014050,0
1790545851.6586,0.024849,-0.048740,0.007455,-0.048841,0.024849,0.000000,0.120000,0.000000,0.137740,0.007455,-0.000000,-0.000000,-0.014622,-0.034219,-0.000000,0.013931,0
1790545851.6726,0.013563,-0.045488,0.004069,-0.048502,0.013563,0.000000,0.120000,0.000000,0.168152,0.004069,-0.000000,-0.000000,-0.013646,-0.034856,0.000000,0.013990,0
1790545851.6865,0.010453,-0.033857,0.003136,-0.045486,0.010453,0.000000,0.120000,0.000000,0.198505,0.003136,-0.000000,-0.000000,-0.010157,-0.035329,0.000000,0.013962,0
1790545851.7004,0.010903,-0.021963,0.003271,-0.042224,0.010903,0.000000,0.120000,0.000000,0.228833,0.003271,-0.000000,0.000000,-0.006589,-0.035635,0.000000,0.013951,0
1790545851.7143,-0.000490,-0.004753,-0.000147,-0.037126,-0.000490,0.000000,0.120000,0.000000,0.258900,-0.000147,-0.000000,-0.000000,-0.001426,-0.035701,0.000000,0.013831,0
1790545851.7281,-0.006910,0.010957,-0.002073,-0.032262,-0.006910,0.000000,0.120000,0.000000,0.289051,-0.002073,-0.000000,-0.000000,0.003287,-0.035549,0.000000,0.013870,0
1790545851.7421,-0.006860,0.015893,-0.002058,-0.030560,-0.006860,0.000000,0.120000,0.000000,0.319304,-0.002058,-0.000000,0.000000,0.004768,-0.035328,0.000000,0.013916,0
1790545851.7560,-0.005574,0.012029,-0.001672,-0.031551,-0.005574,0.000000,0.120000,0.000000,0.349700,-0.001672,-0.000000,0.000000,0.003609,-0.035159,-0.000000,0.013982,0
1790545851.7700,-0.010578,0.010599,-0.003173,-0.031832,-0.010578,0.000000,0.120000,0.000000,0.379959,-0.003173,-0.000000,-0.000000,0.003180,-0.035012,-0.000000,0.013919,0
1790545851.7840,-0.013084,0.006328,-0.003925,-0.033025,-0.013084,0.000000,0.120000,0.000000,0.410324,-0.003925,-0.000000,-0.000000,0.001898,-0.034923,-0.000000,0.013968,0
1790545851.7980,-0.011305,0.000744,-0.003392,-0.034690,-0.011305,0.000000,0.120000,0.000000,0.440811,-0.003392,-0.000000,0.000000,0.000223,-0.034913,-0.000000,0.014024,0
1790545851.8125,-0.020677,-0.005676,-0.006203,-0.036696,-0.020677,0.000000,0.120000,0.000000,0.471479,-0.006203,-0.000000,-0.000000,-0.001703,-0.034993,-0.000000,0.014107,0
1790545851.8278,-0.036148,-0.015755,-0.010845,-0.039964,-0.036148,0.000000,0.120000,0.000000,0.505241,-0.010845,-0.000000,-0.000000,-0.004727,-0.035238,-0.000000,0.015531,0
1790545851.8422,-0.048418,-0.024596,-0.014525,-0.042969,-0.048418,0.000000,0.120000,0.000000,0.536418,-0.014525,-0.000000,-0.000000,-0.007379,-0.035590,-0.000000,0.014341,0
1790545851.8568,-0.058517,-0.028910,-0.017555,-0.044681,-0.058517,0.000000,0.120000,0.000000,0.567826,-0.017555,-0.000000,-0.000000,-0.008673,-0.036008,-0.000000,0.014448,0
1790545851.8717,-0.058817,-0.032425,-0.017645,-0.046212,-0.058817,0.000000,0.120000,0.000000,0.599767,-0.017645,-0.000000,-0.000000,-0.009727,-0.036485,-0.000000,0.014693,0
1790545851.8862,-0.053726,-0.033559,-0.016118,-0.047054,-0.053726,0.000000,0.120000,0.000000,0.632234,-0.016118,-0.000000,0.000000,-0.010068,-0.036986,-0.000000,0.014935,0
1790545851.9000,-0.048921,-0.032573,-0.014676,-0.047214,-0.048921,0.000000,0.120000,0.000000,0.662698,-0.014676,-0.000000,0.000000,-0.009772,-0.037442,0.000000,0.014014,0
1790545851.9138,-0.043349,-0.029338,-0.013005,-0.046646,-0.043349,0.000000,0.120000,0.000000,0.692476,-0.013005,-0.000000,0.000000,-0.008802,-0.037844,0.000000,0.013698,0
1790545851.9277,-0.038077,-0.023746,-0.011423,-0.045299,-0.038077,0.000000,0.120000,0.000000,0.722812,-0.011423,-0.000000,0.000000,-0.007124,-0.038175,0.000000,0.013955,0
1790545851.9417,-0.030932,-0.014076,-0.009280,-0.042595,-0.030932,0.000000,0.120000,0.000000,0.753250,-0.009280,-0.000000,0.000000,-0.004223,-0.038373,0.000000,0.014001,0
1790545851.9557,-0.023960,-0.001478,-0.007188,-0.038837,-0.023960,0.000000,0.120000,0.000000,0.783731,-0.007188,-0.000000,0.000000,-0.000443,-0.038393,0.000000,0.014021,0
1790545851.9697,-0.013597,0.015358,-0.004079,-0.033573,-0.013597,0.000000,0.120000,0.000000,0.813930,-0.004079,-0.000000,0.000000,0.004607,-0.038180,0.000000,0.013892,0
1790545851.9836,-0.015855,0.023638,-0.004756,-0.030759,-0.015855,0.000000,0.120000,0.000000,0.844221,-0.004756,-0.000000,-0.000000,0.007091,-0.037851,0.000000,0.013934,0
1790545851.9975,-0.022909,0.021976,-0.006873,-0.030950,-0.022909,0.000000,0.120000,0.000000,0.874637,-0.006873,-0.000000,-0.000000,0.006593,-0.037543,-0.000000,0.013991,0
1790545852.0114,-0.010878,0.014668,-0.003263,-0.032939,-0.010878,0.000000,0.120000,0.000000,0.904840,-0.003263,-0.000000,0.000000,0.004400,-0.037339,-0.000000,0.013894,0
1790545852.0253,-0.010401,0.009124,-0.003120,-0.034475,-0.010401,0.000000,0.120000,0.000000,0.935140,-0.003120,-0.000000,0.000000,0.002737,-0.037212,-0.000000,0.013938,0
1790545852.0392,-0.011429,0.001788,-0.003429,-0.036651,-0.011429,0.000000,0.120000,0.000000,0.965097,-0.003429,-0.000000,-0.000000,0.000536,-0.037188,-0.000000,0.013780,0
1790545852.0532,-0.002053,-0.007456,-0.000616,-0.039529,-0.002053,0.000000,0.120000,0.000000,0.995548,-0.000616,-0.000000,0.000000,-0.002237,-0.037292,-0.000000,0.014007,0
1790545852.0671,0.006130,-0.016083,0.001839,-0.042341,0.006130,0.000000,0.120000,0.000000,0.025899,0.001839,-0.000000,0.000000,-0.004825,-0.037516,-0.000000,0.013962,0
1790545852.0807,0.012284,-0.022001,0.003685,-0.044416,0.012284,0.000000,0.120000,0.000000,0.055476,0.003685,-0.000000,0.000000,-0.006600,-0.037816,-0.000000,0.013605,0
1790545852.0944,0.016253,-0.027338,0.004876,-0.046390,0.016253,0.000000,0.120000,0.000000,0.085137,0.004876,-0.000000,0.000000,-0.008201,-0.038189,-0.000000,0.013644,0
1790545852.1087,0.024075,-0.036004,0.007223,-0.049493,0.024075,0.000000,0.120000,0.000000,0.115521,0.007223,-0.000000,0.000000,-0.010801,-0.038692,-0.000000,0.013977,0
1790545852.1230,0.018255,-0.042254,0.005476,-0.051983,0.018255,0.000000,0.120000,0.000000,0.147137,0.005476,-0.000000,-0.000000,-0.012676,-0.039307,-0.000000,0.014543,0
1790545852.1370,-0.000060,-0.039350,-0.000018,-0.051667,-0.000060,0.000000,0.120000,0.000000,0.177831,-0.000018,-0.000000,-0.000000,-0.011805,-0.039862,0.000000,0.014119,0
1790545852.1510,-0.005108,-0.027564,-0.001532,-0.048517,-0.005108,0.000000,0.120000,0.000000,0.208207,-0.001532,-0.000000,-0.000000,-0.008269,-0.040247,0.000000,0.013973,0
1790545852.1650,-0.010013,-0.015573,-0.003004,-0.045137,-0.010013,0.000000,0.120000,0.000000,0.238651,-0.003004,-0.000000,-0.000000,-0.004672,-0.040465,0.000000,0.014004,0
1790545852.1790,-0.020229,0.001364,-0.006069,-0.040037,-0.020229,0.000000,0.120000,0.000000,0.269222,-0.006069,-0.000000,-0.000000,0.000409,-0.040446,0.000000,0.014063,0
1790545852.1930,-0.020640,0.012602,-0.006192,-0.036490,-0.020640,0.000000,0.120000,0.000000,0.299465,-0.006192,-0.000000,-0.000000,0.003781,-0.040271,0.000000,0.013912,0
1790545852.2069,-0.015201,0.008540,-0.004560,-0.037589,-0.015201,0.000000,0.120000,0.000000,0.329893,-0.004560,-0.000000,0.000000,0.002562,-0.040151,-0.000000,0.013997,0
1790545852.2208,-0.020300,0.007574,-0.006090,-0.037774,-0.020300,0.000000,0.120000,0.000000,0.359933,-0.006090,-0.000000,-0.000000,0.002272,-0.040047,-0.000000,0.013819,0
1790545852.2348,-0.023887,0.004988,-0.007166,-0.038481,-0.023887,0.000000,0.120000,0.000000,0.390290,-0.007166,-0.000000,-0.000000,0.001496,-0.039977,-0.000000,0.013964,0
1790545852.2487,-0.025633,-0.002290,-0.007690,-0.040696,-0.025633,0.000000,0.120000,0.000000,0.420673,-0.007690,-0.000000,-0.000000,-0.000687,-0.040009,-0.000000,0.013976,0
1790545852.2624,-0.037872,-0.009030,-0.011362,-0.042842,-0.037872,0.000000,0.120000,0.000000,0.450561,-0.011362,-0.000000,-0.000000,-0.002709,-0.040133,-0.000000,0.013748,0
1790545852.2763,-0.054160,-0.017561,-0.016248,-0.045645,-0.054160,0.000000,0.120000,0.000000,0.480679,-0.016248,-0.000000,-0.000000,-0.005268,-0.040376,-0.000000,0.013854,0
1790545852.2903,-0.067428,-0.026180,-0.020229,-0.048597,-0.067428,0.000000,0.120000,0.000000,0.511091,-0.020229,-0.000000,-0.000000,-0.007854,-0.040743,-0.000000,0.013990,0
1790545852.3039,-0.076503,-0.032441,-0.022951,-0.050916,-0.076503,0.000000,0.120000,0.000000,0.540666,-0.022951,-0.000000,-0.000000,-0.009732,-0.041184,-0.000000,0.013604,0
1790545852.3175,-0.080808,-0.036365,-0.024242,-0.052588,-0.080808,0.000000,0.120000,0.000000,0.570237,-0.024242,-0.000000,-0.000000,-0.010909,-0.041679,-0.000000,0.013603,0
1790545852.3315,-0.081251,-0.040361,-0.024375,-0.054349,-0.081251,0.000000,0.120000,0.000000,0.600478,-0.024375,-0.000000,-0.000000,-0.012108,-0.042240,-0.000000,0.013911,0
1790545852.3454,-0.076809,-0.042540,-0.023043,-0.055597,-0.076809,0.000000,0.120000,0.000000,0.630883,-0.023043,-0.000000,0.000000,-0.012762,-0.042835,-0.000000,0.013987,0
1790545852.3596,-0.073350,-0.042293,-0.022005,-0.056113,-0.073350,0.000000,0.120000,0.000000,0.661184,-0.022005,-0.000000,0.000000,-0.012688,-0.043425,0.000000,0.013938,0
1790545852.3740,-0.066734,-0.038367,-0.020020,-0.055495,-0.066734,0.000000,0.120000,0.000000,0.692933,-0.020020,-0.000000,0.000000,-0.011510,-0.043985,0.000000,0.014605,0
1790545852.3881,-0.062071,-0.032384,-0.018621,-0.054155,-0.062071,0.000000,0.120000,0.000000,0.723469,-0.018621,-0.000000,0.000000,-0.009715,-0.044440,0.000000,0.014046,0
1790545852.4021,-0.052309,-0.020921,-0.015693,-0.051011,-0.052309,0.000000,0.120000,0.000000,0.754066,-0.015693,-0.000000,0.000000,-0.006276,-0.044734,0.000000,0.014075,0
1790545852.4161,-0.041735,-0.006951,-0.012521,-0.046917,-0.041735,0.000000,0.120000,0.000000,0.784489,-0.012521,-0.000000,0.000000,-0.002085,-0.044832,0.000000,0.013995,0
1790545852.4300,-0.032458,0.010210,-0.009737,-0.041626,-0.032458,0.000000,0.120000,0.000000,0.814741,-0.009737,-0.000000,0.000000,0.003063,-0.044690,0.000000,0.013916,0
1790545852.4441,-0.023694,0.028229,-0.007108,-0.035824,-0.023694,0.000000,0.120000,0.000000,0.845281,-0.007108,-0.000000,0.000000,0.008469,-0.044293,0.000000,0.014049,0
1790545852.4579,-0.030724,0.030742,-0.009217,-0.034643,-0.030724,0.000000,0.120000,0.000000,0.875543,-0.009217,-0.000000,-0.000000,0.009222,-0.043865,0.000000,0.013920,0
1790545852.4719,-0.025918,0.024950,-0.007775,-0.036032,-0.025918,0.000000,0.120000,0.000000,0.905880,-0.007775,-0.000000,0.000000,0.007485,-0.043517,-0.000000,0.013955,0
1790545852.4859,-0.017277,0.021629,-0.005183,-0.036726,-0.017277,0.000000,0.120000,0.000000,0.936281,-0.005183,-0.000000,0.000000,0.006489,-0.043214,-0.000000,0.013984,0
1790545852.4998,-0.016079,0.016280,-0.004824,-0.038104,-0.016079,0.000000,0.120000,0.000000,0.966509,-0.004824,-0.000000,0.000000,0.004884,-0.042988,-0.000000,0.013905,0
1790545852.5138,-0.008026,0.006725,-0.002408,-0.040876,-0.008026,0.000000,0.120000,0.000000,0.996956,-0.002408,-0.000000,0.000000,0.002018,-0.042894,-0.000000,0.014005,0
1790545852.5276,0.005302,-0.005691,0.001591,-0.044680,0.005302,0.000000,0.120000,0.000000,0.027048,0.001591,-0.000000,0.000000,-0.001707,-0.042973,-0.000000,0.013842,0
1790545852.5412,0.016120,-0.013982,0.004836,-0.047357,0.016120,0.000000,0.120000,0.000000,0.056538,0.004836,-0.000000,0.000000,-0.004195,-0.043162,-0.000000,0.013566,0
1790545852.5549,0.020950,-0.019079,0.006285,-0.049147,0.020950,0.000000,0.120000,0.000000,0.086346,0.006285,-0.000000,0.000000,-0.005724,-0.043424,-0.000000,0.013711,0
1790545852.5689,0.029024,-0.026800,0.008707,-0.051839,0.029024,0.000000,0.120000,0.000000,0.116771,0.008707,-0.000000,0.000000,-0.008040,-0.043799,-0.000000,0.013996,0
1790545852.5829,0.020122,-0.034915,0.006037,-0.054762,0.020122,0.000000,0.120000,0.000000,0.147211,0.006037,-0.000000,-0.000000,-0.010474,-0.044288,-0.000000,0.014002,0
1790545852.5967,0.006168,-0.028458,0.001850,-0.053219,0.006168,0.000000,0.120000,0.000000,0.177262,0.001850,-0.000000,-0.000000,-0.008537,-0.044681,0.000000,0.013823,0
1790545852.6110,0.002553,-0.016051,0.000766,-0.049720,0.002553,0.000000,0.120000,0.000000,0.207604,0.000766,-0.000000,-0.000000,-0.004815,-0.044905,0.000000,0.013958,0
1790545852.6253,-0.001788,-0.000199,-0.000536,-0.044968,-0.001788,0.000000,0.120000,0.000000,0.239256,-0.000536,-0.000000,-0.000000,-0.000060,-0.044908,0.000000,0.014560,0
1790545852.6393,-0.015129,0.020220,-0.004539,-0.038559,-0.015129,0.000000,0.120000,0.000000,0.269693,-0.004539,-0.000000,-0.000000,0.006066,-0.044625,0.000000,0.014001,0
1790545852.6532,-0.023589,0.031852,-0.007077,-0.034624,-0.023589,0.000000,0.120000,0.000000,0.300123,-0.007077,-0.000000,-0.000000,0.009555,-0.044179,0.000000,0.013998,0
1790545852.6671,-0.016704,0.027740,-0.005011,-0.035473,-0.016704,0.000000,0.120000,0.000000,0.330225,-0.005011,-0.000000,0.000000,0.008322,-0.043795,-0.000000,0.013847,0
1790545852.6810,-0.018455,0.026668,-0.005536,-0.035424,-0.018455,0.000000,0.120000,0.000000,0.360468,-0.005536,-0.000000,-0.000000,0.008000,-0.043424,-0.000000,0.013912,0
1790545852.6949,-0.021993,0.023405,-0.006598,-0.036077,-0.021993,0.000000,0.120000,0.000000,0.390687,-0.006598,-0.000000,-0.000000,0.007021,-0.043099,-0.000000,0.013901,0
1790545852.7087,-0.024851,0.018468,-0.007455,-0.037304,-0.024851,0.000000,0.120000,0.000000,0.420670,-0.007455,-0.000000,-0.000000,0.005540,-0.042844,-0.000000,0.013792,0
1790545852.7226,-0.027344,0.009636,-0.008203,-0.039819,-0.027344,0.000000,0.120000,0.000000,0.450947,-0.008203,-0.000000,-0.000000,0.002891,-0.042710,-0.000000,0.013928,0
1790545852.7365,-0.042069,0.002372,-0.012621,-0.041965,-0.042069,0.000000,0.120000,0.000000,0.481228,-0.012621,-0.000000,-0.000000,0.000712,-0.042677,-0.000000,0.013929,0
1790545852.7505,-0.052459,-0.008192,-0.015738,-0.045249,-0.052459,0.000000,0.120000,0.000000,0.511550,-0.015738,-0.000000,-0.000000,-0.002458,-0.042791,-0.000000,0.013948,0
1790545852.7640,-0.063570,-0.016880,-0.019071,-0.048084,-0.063570,0.000000,0.120000,0.000000,0.540994,-0.019071,-0.000000,-0.000000,-0.005064,-0.043020,-0.000000,0.013544,0
1790545852.7777,-0.069909,-0.022354,-0.020973,-0.050031,-0.069909,0.000000,0.120000,0.000000,0.570674,-0.020973,-0.000000,-0.000000,-0.006706,-0.043325,-0.000000,0.013653,0
1790545852.7917,-0.070398,-0.026439,-0.021119,-0.051627,-0.070398,0.000000,0.120000,0.000000,0.601141,-0.021119,-0.000000,-0.000000,-0.007932,-0.043695,-0.000000,0.014015,0
1790545852.8056,-0.066066,-0.027792,-0.019820,-0.052419,-0.066066,0.000000,0.120000,0.000000,0.631307,-0.019820,-0.000000,0.000000,-0.008338,-0.044081,-0.000000,0.013876,0
1790545852.8196,-0.060291,-0.024720,-0.018087,-0.051843,-0.060291,0.000000,0.120000,0.000000,0.661744,-0.018087,-0.000000,0.000000,-0.007416,-0.044427,0.000000,0.014001,0
1790545852.8336,-0.055588,-0.020350,-0.016676,-0.050816,-0.055588,0.000000,0.120000,0.000000,0.692106,-0.016676,-0.000000,0.000000,-0.006105,-0.044711,0.000000,0.013966,0
1790545852.8475,-0.048258,-0.013109,-0.014477,-0.048827,-0.048258,0.000000,0.120000,0.000000,0.722437,-0.014477,-0.000000,0.000000,-0.003933,-0.044894,0.000000,0.013952,0
1790545852.8618,-0.039786,-0.004058,-0.011936,-0.046169,-0.039786,0.000000,0.120000,0.000000,0.753098,-0.011936,-0.000000,0.000000,-0.001217,-0.044951,0.000000,0.014104,0
1790545852.8765,-0.030072,0.008433,-0.009022,-0.042298,-0.030072,0.000000,0.120000,0.000000,0.785004,-0.009022,-0.000000,0.000000,0.002530,-0.044828,0.000000,0.014677,0
1790545852.8911,-0.022867,0.022290,-0.006860,-0.037814,-0.022867,0.000000,0.120000,0.000000,0.816873,-0.006860,-0.000000,0.000000,0.006687,-0.044501,0.000000,0.014660,0
1790545852.9052,-0.020900,0.027569,-0.006270,-0.035838,-0.020900,0.000000,0.120000,0.000000,0.847781,-0.006270,-0.000000,0.000000,0.008271,-0.044109,0.000000,0.014218,0
1790545852.9194,-0.019501,0.023828,-0.005850,-0.036624,-0.019501,0.000000,0.120000,0.000000,0.878469,-0.005850,-0.000000,0.000000,0.007148,-0.043773,-0.000000,0.014117,0
1790545852.9335,-0.009166,0.013802,-0.002750,-0.039436,-0.009166,0.000000,0.120000,0.000000,0.909394,-0.002750,-0.000000,0.000000,0.004141,-0.043576,-0.000000,0.014225,0
1790545852.9476,-0.007153,0.004015,-0.002146,-0.042315,-0.007153,0.000000,0.120000,0.000000,0.940050,-0.002146,-0.000000,0.000000,0.001204,-0.043520,-0.000000,0.014102,0
1790545852.9617,-0.003107,-0.006963,-0.000932,-0.045706,-0.003107,0.000000,0.120000,0.000000,0.970528,-0.000932,-0.000000,0.000000,-0.002089,-0.043617,-0.000000,0.014020,0
1790545852.9758,0.008807,-0.016080,0.002642,-0.048668,0.008807,0.000000,0.120000,0.000000,0.001126,0.002642,-0.000000,0.000000,-0.004824,-0.043844,-0.000000,0.014075,0
1790545852.9897,0.018752,-0.025572,0.005626,-0.051870,0.018752,0.000000,0.120000,0.000000,0.031281,0.005626,-0.000000,0.000000,-0.007672,-0.044198,-0.000000,0.013871,0
1790545853.0035,0.024086,-0.033722,0.007226,-0.054783,0.024086,0.000000,0.120000,0.000000,0.061429,0.007226,-0.000000,0.000000,-0.010117,-0.044666,-0.000000,0.013868,0
1790545853.0173,0.032925,-0.043117,0.009878,-0.058197,0.032925,0.000000,0.120000,0.000000,0.091473,0.009878,-0.000000,0.000000,-0.012935,-0.045262,-0.000000,0.013820,0
1790545853.0313,0.027771,-0.054801,0.008331,-0.062471,0.027771,0.000000,0.120000,0.000000,0.121981,0.008331,-0.000000,-0.000000,-0.016440,-0.046031,-0.000000,0.014033,0
1790545853.0452,0.012836,-0.052413,0.003851,-0.062484,0.012836,0.000000,0.120000,0.000000,0.152244,0.003851,-0.000000,-0.000000,-0.015724,-0.046761,0.000000,0.013921,0
1790545853.0593,0.009761,-0.041026,0.002928,-0.059642,0.009761,0.000000,0.120000,0.000000,0.182616,0.002928,-0.000000,-0.000000,-0.012308,-0.047334,0.000000,0.013971,0
1790545853.0735,0.010033,-0.026841,0.003010,-0.055768,0.010033,0.000000,0.120000,0.000000,0.213539,0.003010,-0.000000,0.000000,-0.008052,-0.047716,0.000000,0.014225,0
1790545853.0876,-0.001893,-0.007474,-0.000568,-0.050063,-0.001893,0.000000,0.120000,0.000000,0.244303,-0.000568,-0.000000,-0.000000,-0.002242,-0.047821,0.000000,0.014152,0
1790545853.1015,-0.015515,0.009273,-0.004655,-0.044910,-0.015515,0.000000,0.120000,0.000000,0.274570,-0.004655,-0.000000,-0.000000,0.002782,-0.047692,0.000000,0.013923,0
1790545853.1159,-0.028536,0.024082,-0.008561,-0.040130,-0.028536,0.000000,0.120000,0.000000,0.305021,-0.008561,-0.000000,-0.000000,0.007225,-0.047355,0.000000,0.014008,0
1790545853.1301,-0.020840,0.024129,-0.006252,-0.039766,-0.020840,0.000000,0.120000,0.000000,0.336609,-0.006252,-0.000000,0.000000,0.007239,-0.047004,0.000000,0.014530,0
1790545853.1442,-0.022859,0.025802,-0.006858,-0.038901,-0.022859,0.000000,0.120000,0.000000,0.367184,-0.006858,-0.000000,-0.000000,0.007741,-0.046641,0.000000,0.014064,0
1790545853.1583,-0.025224,0.026633,-0.007567,-0.038275,-0.025224,0.000000,0.120000,0.000000,0.397955,-0.007567,-0.000000,-0.000000,0.007990,-0.046264,0.000000,0.014155,0
1790545853.1726,-0.026882,0.021811,-0.008065,-0.039409,-0.026882,0.000000,0.120000,0.000000,0.429022,-0.008065,-0.000000,-0.000000,0.006543,-0.045953,-0.000000,0.014291,0
1790545853.1865,-0.034997,0.014024,-0.010499,-0.041550,-0.034997,0.000000,0.120000,0.000000,0.459289,-0.010499,-0.000000,-0.000000,0.004207,-0.045757,-0.000000,0.013923,0
1790545853.2007,-0.051642,0.004331,-0.015492,-0.044398,-0.051642,0.000000,0.120000,0.000000,0.489786,-0.015492,-0.000000,-0.000000,0.001299,-0.045697,-0.000000,0.014029,0
1790545853.2147,-0.061513,-0.007672,-0.018454,-0.048107,-0.061513,0.000000,0.120000,0.000000,0.520603,-0.018454,-0.000000,-0.000000,-0.002302,-0.045805,-0.000000,0.014176,0
1790545853.2286,-0.071366,-0.017525,-0.021410,-0.051306,-0.071366,0.000000,0.120000,0.000000,0.550738,-0.021410,-0.000000,-0.000000,-0.005257,-0.046048,-0.000000,0.013862,0
1790545853.2423,-0.077973,-0.021297,-0.023392,-0.052730,-0.077973,0.000000,0.120000,0.000000,0.580606,-0.023392,-0.000000,-0.000000,-0.006389,-0.046341,-0.000000,0.013739,0
1790545853.2564,-0.074719,-0.024946,-0.022416,-0.054176,-0.074719,0.000000,0.120000,0.000000,0.611215,-0.022416,-0.000000,0.000000,-0.007484,-0.046692,-0.000000,0.014080,0
1790545853.2704,-0.069669,-0.025460,-0.020901,-0.054689,-0.069669,0.000000,0.120000,0.000000,0.641806,-0.020901,-0.000000,0.000000,-0.007638,-0.047050,-0.000000,0.014072,0
1790545853.2843,-0.065481,-0.024446,-0.019644,-0.054724,-0.065481,0.000000,0.120000,0.000000,0.672010,-0.019644,-0.000000,0.000000,-0.007334,-0.047390,0.000000,0.013894,0
1790545853.2983,-0.062621,-0.021672,-0.018786,-0.054194,-0.062621,0.000000,0.120000,0.000000,0.702303,-0.018786,-0.000000,0.000000,-0.006502,-0.047692,0.000000,0.013935,0
1790545853.3121,-0.055167,-0.014305,-0.016550,-0.052183,-0.055167,0.000000,0.120000,0.000000,0.732589,-0.016550,-0.000000,0.000000,-0.004291,-0.047891,0.000000,0.013931,0
1790545853.3261,-0.048247,-0.002966,-0.014474,-0.048823,-0.048247,0.000000,0.120000,0.000000,0.762823,-0.014474,-0.000000,0.000000,-0.000890,-0.047933,0.000000,0.013908,0
1790545853.3400,-0.039959,0.011460,-0.011988,-0.044335,-0.039959,0.000000,0.120000,0.000000,0.793085,-0.011988,-0.000000,0.000000,0.003438,-0.047773,0.000000,0.013921,0
1790545853.3539,-0.028817,0.026998,-0.008645,-0.039298,-0.028817,0.000000,0.120000,0.000000,0.823318,-0.008645,-0.000000,0.000000,0.008099,-0.047398,0.000000,0.013907,0
1790545853.3682,-0.028655,0.032262,-0.008596,-0.037264,-0.028655,0.000000,0.120000,0.000000,0.853949,-0.008596,-0.000000,0.000000,0.009679,-0.046943,0.000000,0.014090,0
1790545853.3826,-0.028404,0.027449,-0.008521,-0.038311,-0.028404,0.000000,0.120000,0.000000,0.885409,-0.008521,-0.000000,0.000000,0.008235,-0.046546,-0.000000,0.014472,0
1790545853.3966,-0.017401,0.015867,-0.005220,-0.041563,-0.017401,0.000000,0.120000,0.000000,0.915937,-0.005220,-0.000000,0.000000,0.004760,-0.046323,-0.000000,0.014043,0
1790545853.4107,-0.012514,0.011979,-0.003754,-0.042561,-0.012514,0.000000,0.120000,0.000000,0.946525,-0.003754,-0.000000,0.000000,0.003594,-0.046155,-0.000000,0.014071,0
1790545853.4247,-0.006516,0.003052,-0.001955,-0.045196,-0.006516,0.000000,0.120000,0.000000,0.977051,-0.001955,-0.000000,0.000000,0.000916,-0.046112,-0.000000,0.014042,0
1790545853.4387,0.007866,-0.007041,0.002360,-0.048323,0.007866,0.000000,0.120000,0.000000,0.007456,0.002360,-0.000000,0.000000,-0.002112,-0.046210,-0.000000,0.013986,0
1790545853.4523,0.018994,-0.017326,0.005698,-0.051645,0.018994,0.000000,0.120000,0.000000,0.037187,0.005698,-0.000000,0.000000,-0.005198,-0.046447,-0.000000,0.013676,0
1790545853.4659,0.024547,-0.023608,0.007364,-0.053851,0.024547,0.000000,0.120000,0.000000,0.066786,0.007364,-0.000000,0.000000,-0.007082,-0.046769,-0.000000,0.013616,0
1790545853.4799,0.029712,-0.030627,0.008914,-0.056386,0.029712,0.000000,0.120000,0.000000,0.097264,0.008914,-0.000000,0.000000,-0.009188,-0.047198,-0.000000,0.014019,0
1790545853.4942,0.024842,-0.039003,0.007453,-0.059450,0.024842,0.000000,0.120000,0.000000,0.127999,0.007453,-0.000000,-0.000000,-0.011701,-0.047749,-0.000000,0.014138,0
1790545853.5083,0.013241,-0.038461,0.003972,-0.059833,0.013241,0.000000,0.120000,0.000000,0.158825,0.003972,-0.000000,-0.000000,-0.011538,-0.048295,0.000000,0.014180,0
1790545853.5225,0.012050,-0.027088,0.003615,-0.056807,0.012050,0.000000,0.120000,0.000000,0.189801,0.003615,-0.000000,-0.000000,-0.008126,-0.048681,0.000000,0.014249,0
1790545853.5364,0.011675,-0.011351,0.003502,-0.052244,0.011675,0.000000,0.120000,0.000000,0.220137,0.003502,-0.000000,-0.000000,-0.003405,-0.048839,0.000000,0.013954,0
1790545853.5504,0.003192,0.007321,0.000958,-0.046540,0.003192,0.000000,0.120000,0.000000,0.250579,0.000958,-0.000000,-0.000000,0.002196,-0.048737,0.000000,0.014004,0
1790545853.5642,-0.008697,0.020900,-0.002609,-0.042178,-0.008697,0.000000,0.120000,0.000000,0.280611,-0.002609,-0.000000,-0.000000,0.006270,-0.048448,0.000000,0.013815,0
1790545853.5786,-0.016419,0.029235,-0.004926,-0.039261,-0.016419,0.000000,0.120000,0.000000,0.311582,-0.004926,-0.000000,-0.000000,0.008771,-0.048031,0.000000,0.014247,0
1790545853.5927,-0.009731,0.025437,-0.002919,-0.040042,-0.009731,0.000000,0.120000,0.000000,0.342245,-0.002919,-0.000000,0.000000,0.007631,-0.047673,-0.000000,0.014105,0
1790545853.6067,-0.021040,0.025868,-0.006312,-0.039550,-0.021040,0.000000,0.120000,0.000000,0.372698,-0.006312,-0.000000,-0.000000,0.007760,-0.047310,0.000000,0.014008,0
1790545853.6212,-0.029517,0.020949,-0.008855,-0.040728,-0.029517,0.000000,0.120000,0.000000,0.403542,-0.008855,-0.000000,-0.000000,0.006285,-0.047013,-0.000000,0.014188,0
1790545853.6356,-0.032684,0.014967,-0.009805,-0.042305,-0.032684,0.000000,0.120000,0.000000,0.435248,-0.009805,-0.000000,-0.000000,0.004490,-0.046795,-0.000000,0.014585,0
1790545853.6498,-0.038555,0.006262,-0.011566,-0.044827,-0.038555,0.000000,0.120000,0.000000,0.466378,-0.011566,-0.000000,-0.000000,0.001878,-0.046705,-0.000000,0.014320,0
1790545853.6639,-0.051363,-0.001007,-0.015409,-0.047021,-0.051363,0.000000,0.120000,0.000000,0.497056,-0.015409,-0.000000,-0.000000,-0.000302,-0.046719,-0.000000,0.014112,0
1790545853.6780,-0.060179,-0.011247,-0.018054,-0.050251,-0.060179,0.000000,0.120000,0.000000,0.527578,-0.018054,-0.000000,-0.000000,-0.003374,-0.046877,-0.000000,0.014040,0
1790545853.6917,-0.069720,-0.018378,-0.020916,-0.052643,-0.069720,0.000000,0.120000,0.000000,0.557397,-0.020916,-0.000000,-0.000000,-0.005514,-0.047129,-0.000000,0.013717,0
1790545853.7053,-0.071406,-0.022489,-0.021422,-0.054184,-0.071406,0.000000,0.120000,0.000000,0.587199,-0.021422,-0.000000,-0.000000,-0.006747,-0.047438,-0.000000,0.013709,0
1790545853.7193,-0.066403,-0.023208,-0.019921,-0.054724,-0.066403,0.000000,0.120000,0.000000,0.617581,-0.019921,-0.000000,0.000000,-0.006962,-0.047762,-0.000000,0.013976,0
1790545853.7335,-0.061537,-0.021275,-0.018461,-0.054447,-0.061537,0.000000,0.120000,0.000000,0.648453,-0.018461,-0.000000,0.000000,-0.006383,-0.048064,0.000000,0.014201,0
1790545853.7475,-0.056163,-0.017368,-0.016849,-0.053518,-0.056163,0.000000,0.120000,0.000000,0.678984,-0.016849,-0.000000,0.000000,-0.005210,-0.048308,0.000000,0.014044,0
1790545853.7615,-0.050444,-0.009541,-0.015133,-0.051304,-0.050444,0.000000,0.120000,0.000000,0.709481,-0.015133,-0.000000,0.000000,-0.002862,-0.048442,0.000000,0.014029,0
1790545853.7755,-0.044445,0.000207,-0.013334,-0.048377,-0.044445,0.000000,0.120000,0.000000,0.739653,-0.013334,-0.000000,0.000000,0.000062,-0.048439,0.000000,0.013879,0
1790545853.7893,-0.036252,0.011938,-0.010876,-0.044691,-0.036252,0.000000,0.120000,0.000000,0.769926,-0.010876,-0.000000,0.000000,0.003581,-0.048273,0.000000,0.013926,0
1790545853.8034,-0.027699,0.025153,-0.008310,-0.040375,-0.027699,0.000000,0.120000,0.000000,0.800308,-0.008310,-0.000000,0.000000,0.007546,-0.047921,0.000000,0.013976,0
1790545853.8173,-0.026299,0.032256,-0.007890,-0.037795,-0.026299,0.000000,0.120000,0.000000,0.830556,-0.007890,-0.000000,0.000000,0.009677,-0.047472,0.000000,0.013914,0
1790545853.8312,-0.026121,0.028411,-0.007836,-0.038552,-0.026121,0.000000,0.120000,0.000000,0.860958,-0.007836,-0.000000,0.000000,0.008523,-0.047075,-0.000000,0.013985,0
1790545853.8452,-0.021122,0.018224,-0.006337,-0.041354,-0.021122,0.000000,0.120000,0.000000,0.891277,-0.006337,-0.000000,0.000000,0.005467,-0.046821,-0.000000,0.013947,0
1790545853.8591,-0.017968,0.014313,-0.005390,-0.042328,-0.017968,0.000000,0.120000,0.000000,0.921575,-0.005390,-0.000000,0.000000,0.004294,-0.046621,-0.000000,0.013937,0
1790545853.8734,-0.013442,0.009455,-0.004033,-0.043652,-0.013442,0.000000,0.120000,0.000000,0.952094,-0.004033,-0.000000,0.000000,0.002837,-0.046489,-0.000000,0.014039,0
1790545853.8878,0.001446,-0.002586,0.000434,-0.047302,0.001446,0.000000,0.120000,0.000000,0.983578,0.000434,-0.000000,0.000000,-0.000776,-0.046526,-0.000000,0.014483,0
1790545853.9026,0.015232,-0.013613,0.004570,-0.050808,0.015232,0.000000,0.120000,0.000000,0.015163,0.004570,-0.000000,0.000000,-0.004084,-0.046724,-0.000000,0.014529,0
1790545853.9172,0.026431,-0.021308,0.007929,-0.053434,0.026431,0.000000,0.120000,0.000000,0.047550,0.007929,-0.000000,0.000000,-0.006392,-0.047041,-0.000000,0.014898,0
1790545853.9313,0.028084,-0.030170,0.008425,-0.056514,0.028084,0.000000,0.120000,0.000000,0.077953,0.008425,-0.000000,0.000000,-0.009051,-0.047463,-0.000000,0.013985,0
1790545853.9457,0.020408,-0.035677,0.006122,-0.058676,0.020408,0.000000,0.120000,0.000000,0.109006,0.006122,-0.000000,-0.000000,-0.010703,-0.047973,-0.000000,0.014284,0
1790545853.9611,0.018988,-0.033502,0.005696,-0.058538,0.018988,0.000000,0.120000,0.000000,0.142374,0.005696,-0.000000,-0.000000,-0.010051,-0.048487,0.000000,0.015349,0
1790545853.9753,0.020237,-0.028849,0.006071,-0.057560,0.020237,0.000000,0.120000,0.000000,0.173910,0.006071,-0.000000,0.000000,-0.008655,-0.048906,0.000000,0.014507,0
1790545853.9893,0.012639,-0.017661,0.003792,-0.054452,0.012639,0.000000,0.120000,0.000000,0.204516,0.003792,-0.000000,-0.000000,-0.005298,-0.049154,0.000000,0.014079,0
1790545854.0033,0.003808,-0.004812,0.001142,-0.050665,0.003808,0.000000,0.120000,0.000000,0.234897,0.001142,-0.000000,-0.000000,-0.001444,-0.049221,0.000000,0.013976,0
1790545854.0175,-0.006566,0.006585,-0.001970,-0.047153,-0.006566,0.000000,0.120000,0.000000,0.265634,-0.001970,-0.000000,-0.000000,0.001975,-0.049128,0.000000,0.014139,0
1790545854.0315,-0.017337,0.019410,-0.005201,-0.043032,-0.017337,0.000000,0.120000,0.000000,0.296254,-0.005201,-0.000000,-0.000000,0.005823,-0.048855,0.000000,0.014085,0
1790545854.0455,-0.022467,0.033049,-0.006740,-0.038478,-0.022467,0.000000,0.120000,0.000000,0.326694,-0.006740,-0.000000,-0.000000,0.009915,-0.048392,0.000000,0.014002,0
1790545854.0594,-0.020993,0.036246,-0.006298,-0.037015,-0.020993,0.000000,0.120000,0.000000,0.356906,-0.006298,-0.000000,0.000000,0.010874,-0.047888,0.000000,0.013898,0
1790545854.0735,-0.024353,0.032454,-0.007306,-0.037698,-0.024353,0.000000,0.120000,0.000000,0.387354,-0.007306,-0.000000,-0.000000,0.009736,-0.047434,-0.000000,0.014006,0
1790545854.0874,-0.024092,0.026746,-0.007228,-0.039034,-0.024092,0.000000,0.120000,0.000000,0.417911,-0.007228,-0.000000,0.000000,0.008024,-0.047058,-0.000000,0.014056,0
1790545854.1015,-0.027023,0.023526,-0.008107,-0.039670,-0.027023,0.000000,0.120000,0.000000,0.448392,-0.008107,-0.000000,-0.000000,0.007058,-0.046728,-0.000000,0.014021,0
1790545854.1156,-0.035253,0.017810,-0.010576,-0.041134,-0.035253,0.000000,0.120000,0.000000,0.479102,-0.010576,-0.000000,-0.000000,0.005343,-0.046476,-0.000000,0.014127,0
1790545854.1299,-0.046306,0.007981,-0.013892,-0.043970,-0.046306,0.000000,0.120000,0.000000,0.509746,-0.013892,-0.000000,-0.000000,0.002394,-0.046364,-0.000000,0.014096,0
1790545854.1438,-0.061836,-0.002075,-0.018551,-0.047015,-0.061836,0.000000,0.120000,0.000000,0.540035,-0.018551,-0.000000,-0.000000,-0.000623,-0.046393,-0.000000,0.013933,0
1790545854.1576,-0.074208,-0.008675,-0.022262,-0.049116,-0.074208,0.000000,0.120000,0.000000,0.570308,-0.022262,-0.000000,-0.000000,-0.002602,-0.046514,-0.000000,0.013925,0
1790545854.1716,-0.082132,-0.016625,-0.024640,-0.051733,-0.082132,0.000000,0.120000,0.000000,0.600623,-0.024640,-0.000000,-0.000000,-0.004988,-0.046746,-0.000000,0.013945,0
1790545854.1854,-0.076246,-0.022711,-0.022874,-0.053876,-0.076246,0.000000,0.120000,0.000000,0.631004,-0.022874,-0.000000,0.000000,-0.006813,-0.047063,-0.000000,0.013975,0
1790545854.1994,-0.067565,-0.022269,-0.020269,-0.054054,-0.067565,0.000000,0.120000,0.000000,0.661290,-0.020269,-0.000000,0.000000,-0.006681,-0.047373,0.000000,0.013932,0
1790545854.2132,-0.063688,-0.020216,-0.019106,-0.053719,-0.063688,0.000000,0.120000,0.000000,0.691536,-0.019106,-0.000000,0.000000,-0.006065,-0.047654,0.000000,0.013913,0
1790545854.2271,-0.058007,-0.015283,-0.017402,-0.052451,-0.058007,0.000000,0.120000,0.000000,0.721667,-0.017402,-0.000000,0.000000,-0.004585,-0.047866,0.000000,0.013860,0
1790545854.2411,-0.048874,-0.006264,-0.014662,-0.049833,-0.048874,0.000000,0.120000,0.000000,0.751949,-0.014662,-0.000000,0.000000,-0.001879,-0.047954,0.000000,0.013930,0
1790545854.2550,-0.040930,0.006634,-0.012279,-0.045871,-0.040930,0.000000,0.120000,0.000000,0.782244,-0.012279,-0.000000,0.000000,0.001990,-0.047861,0.000000,0.013936,0
1790545854.2690,-0.031149,0.022857,-0.009345,-0.040684,-0.031149,0.000000,0.120000,0.000000,0.812664,-0.009345,-0.000000,0.000000,0.006857,-0.047541,0.000000,0.013993,0
1790545854.2828,-0.021910,0.038226,-0.006573,-0.035546,-0.021910,0.000000,0.120000,0.000000,0.842684,-0.006573,-0.000000,0.000000,0.011468,-0.047013,0.000000,0.013809,0
1790545854.2967,-0.028302,0.038853,-0.008491,-0.034818,-0.028302,0.000000,0.120000,0.000000,0.872855,-0.008491,-0.000000,-0.000000,0.011656,-0.046474,0.000000,0.013879,0
1790545854.3106,-0.029942,0.034640,-0.008983,-0.035600,-0.029942,0.000000,0.120000,0.000000,0.903112,-0.008983,-0.000000,-0.000000,0.010392,-0.045992,-0.000000,0.013918,0
1790545854.3249,-0.020217,0.030783,-0.006065,-0.036329,-0.020217,0.000000,0.120000,0.000000,0.933390,-0.006065,-0.000000,0.000000,0.009235,-0.045563,-0.000000,0.013928,0
1790545854.3434,-0.016152,0.023106,-0.004845,-0.038198,-0.016152,0.000000,0.120000,0.000000,0.974141,-0.004845,-0.000000,0.000000,0.006932,-0.045130,-0.000000,0.018745,0
1790545854.3574,-0.004544,0.013370,-0.001363,-0.040930,-0.004544,0.000000,0.120000,0.000000,0.004838,-0.001363,-0.000000,0.000000,0.004011,-0.044941,-0.000000,0.014121,0
1790545854.3712,0.007570,0.002571,0.002271,-0.044135,0.007570,0.000000,0.120000,0.000000,0.034583,0.002271,-0.000000,0.000000,0.000771,-0.044906,-0.000000,0.013683,0
1790545854.3852,0.016949,-0.005973,0.005085,-0.046781,0.016949,0.000000,0.120000,0.000000,0.064840,0.005085,-0.000000,0.000000,-0.001792,-0.044989,-0.000000,0.013918,0
1790545854.3993,0.022141,-0.013817,0.006642,-0.049331,0.022141,0.000000,0.120000,0.000000,0.095720,0.006642,-0.000000,0.000000,-0.004145,-0.045186,-0.000000,0.014205,0
1790545854.4133,0.028238,-0.021640,0.008471,-0.051982,0.028238,0.000000,0.120000,0.000000,0.126311,0.008471,-0.000000,0.000000,-0.006492,-0.045490,-0.000000,0.014072,0
1790545854.4274,0.019767,-0.028882,0.005930,-0.054558,0.019767,0.000000,0.120000,0.000000,0.156691,0.005930,-0.000000,-0.000000,-0.008665,-0.045894,-0.000000,0.013974,0
1790545854.4415,0.011119,-0.023231,0.003336,-0.053192,0.011119,0.000000,0.120000,0.000000,0.187452,0.003336,-0.000000,-0.000000,-0.006969,-0.046222,0.000000,0.014150,0
1790545854.4555,0.005424,-0.013393,0.001627,-0.050429,0.005424,0.000000,0.120000,0.000000,0.218083,0.001627,-0.000000,-0.000000,-0.004018,-0.046411,0.000000,0.014090,0
1790545854.4694,0.000076,-0.000446,0.000023,-0.046551,0.000076,0.000000,0.120000,0.000000,0.248322,0.000023,-0.000000,-0.000000,-0.000134,-0.046417,0.000000,0.013910,0
1790545854.4834,-0.010621,0.017989,-0.003186,-0.040769,-0.010621,0.000000,0.120000,0.000000,0.278763,-0.003186,-0.000000,-0.000000,0.005397,-0.046165,0.000000,0.014003,0
1790545854.4973,-0.019696,0.029579,-0.005909,-0.036882,-0.019696,0.000000,0.120000,0.000000,0.308870,-0.005909,-0.000000,-0.000000,0.008874,-0.045756,0.000000,0.013849,0
1790545854.5112,-0.021379,0.030471,-0.006414,-0.036190,-0.021379,0.000000,0.120000,0.000000,0.339179,-0.006414,-0.000000,-0.000000,0.009141,-0.045331,0.000000,0.013942,0
1790545854.5251,-0.020042,0.027317,-0.006013,-0.036755,-0.020042,0.000000,0.120000,0.000000,0.369472,-0.006013,-0.000000,0.000000,0.008195,-0.044950,-0.000000,0.013935,0
1790545854.5391,-0.021582,0.027288,-0.006475,-0.036384,-0.021582,0.000000,0.120000,0.000000,0.399748,-0.006475,-0.000000,-0.000000,0.008186,-0.044570,-0.000000,0.013927,0
1790545854.5530,-0.022473,0.020905,-0.006742,-0.038008,-0.022473,0.000000,0.120000,0.000000,0.429987,-0.006742,-0.000000,-0.000000,0.006272,-0.044279,-0.000000,0.013910,0
1790545854.5670,-0.030141,0.010822,-0.009042,-0.040881,-0.030141,0.000000,0.120000,0.000000,0.460421,-0.009042,-0.000000,-0.000000,0.003247,-0.044128,-0.000000,0.014000,0
1790545854.5810,-0.045035,0.001858,-0.013510,-0.043544,-0.045035,0.000000,0.120000,0.000000,0.490874,-0.013510,-0.000000,-0.000000,0.000557,-0.044102,-0.000000,0.014008,0
1790545854.5950,-0.058360,-0.007347,-0.017508,-0.046409,-0.058360,0.000000,0.120000,0.000000,0.521304,-0.017508,-0.000000,-0.000000,-0.002204,-0.044205,-0.000000,0.013998,0
1790545854.6085,-0.071301,-0.016325,-0.021390,-0.049323,-0.071301,0.000000,0.120000,0.000000,0.550704,-0.021390,-0.000000,-0.000000,-0.004897,-0.044426,-0.000000,0.013524,0
1790545854.6221,-0.081374,-0.022666,-0.024412,-0.051534,-0.081374,0.000000,0.120000,0.000000,0.580311,-0.024412,-0.000000,-0.000000,-0.006800,-0.044734,-0.000000,0.013619,0
1790545854.6364,-0.077872,-0.028445,-0.023362,-0.053669,-0.077872,0.000000,0.120000,0.000000,0.610992,-0.023362,-0.000000,0.000000,-0.008533,-0.045136,-0.000000,0.014113,0
1790545854.6506,-0.070869,-0.029090,-0.021261,-0.054277,-0.070869,0.000000,0.120000,0.000000,0.641979,-0.021261,-0.000000,0.000000,-0.008727,-0.045550,-0.000000,0.014254,0
1790545854.6646,-0.065427,-0.029337,-0.019628,-0.054763,-0.065427,0.000000,0.120000,0.000000,0.672474,-0.019628,-0.000000,0.000000,-0.008801,-0.045962,-0.000000,0.014028,0
1790545854.6785,-0.059319,-0.026824,-0.017796,-0.054383,-0.059319,0.000000,0.120000,0.000000,0.702775,-0.017796,-0.000000,0.000000,-0.008047,-0.046336,0.000000,0.013938,0
1790545854.6925,-0.055148,-0.020497,-0.016544,-0.052772,-0.055148,0.000000,0.120000,0.000000,0.733259,-0.016544,-0.000000,0.000000,-0.006149,-0.046623,0.000000,0.014022,0
1790545854.7065,-0.047328,-0.010361,-0.014198,-0.049876,-0.047328,0.000000,0.120000,0.000000,0.763648,-0.014198,-0.000000,0.000000,-0.003108,-0.046768,0.000000,0.013979,0
1790545854.7205,-0.036357,0.003098,-0.010907,-0.045795,-0.036357,0.000000,0.120000,0.000000,0.794084,-0.010907,-0.000000,0.000000,0.000930,-0.046725,0.000000,0.014001,0
1790545854.7400,-0.021009,0.025764,-0.006303,-0.038494,-0.021009,0.000000,0.120000,0.000000,0.836383,-0.006303,-0.000000,0.000000,0.007729,-0.046223,0.000000,0.019458,0
1790545854.7540,-0.021526,0.030735,-0.006458,-0.036571,-0.021526,0.000000,0.120000,0.000000,0.866964,-0.006458,-0.000000,-0.000000,0.009220,-0.045791,0.000000,0.014067,0
1790545854.7680,-0.017274,0.027855,-0.005182,-0.037044,-0.017274,0.000000,0.120000,0.000000,0.897410,-0.005182,-0.000000,0.000000,0.008357,-0.045401,-0.000000,0.014005,0
1790545854.7820,-0.010696,0.025191,-0.003209,-0.037492,-0.010696,0.000000,0.120000,0.000000,0.927724,-0.003209,-0.000000,0.000000,0.007557,-0.045050,-0.000000,0.013945,0
1790545854.7960,-0.010957,0.022011,-0.003287,-0.038138,-0.010957,0.000000,0.120000,0.000000,0.958141,-0.003287,-0.000000,-0.000000,0.006603,-0.044742,-0.000000,0.013992,0
1790545854.8099,-0.004711,0.015343,-0.001413,-0.039924,-0.004711,0.000000,0.120000,0.000000,0.988576,-0.001413,-0.000000,0.000000,0.004603,-0.044527,-0.000000,0.014000,0
1790545854.8238,0.005075,0.004999,0.001523,-0.042958,0.005075,0.000000,0.120000,0.000000,0.018814,0.001523,-0.000000,0.000000,0.001500,-0.044457,-0.000000,0.013910,0
1790545854.8374,0.012091,-0.005509,0.003627,-0.046185,0.012091,0.000000,0.120000,0.000000,0.048315,0.003627,-0.000000,0.000000,-0.001653,-0.044532,-0.000000,0.013570,0
1790545854.8509,0.019398,-0.009158,0.005819,-0.047403,0.019398,0.000000,0.120000,0.000000,0.077597,0.005819,-0.000000,0.000000,-0.002747,-0.044655,-0.000000,0.013470,0
1790545854.8648,0.022827,-0.015706,0.006848,-0.049585,0.022827,0.000000,0.120000,0.000000,0.107789,0.006848,-0.000000,0.000000,-0.004712,-0.044874,-0.000000,0.013888,0
1790545854.8790,0.028732,-0.024097,0.008620,-0.052443,0.028732,0.000000,0.120000,0.000000,0.138458,0.008620,-0.000000,0.000000,-0.007229,-0.045213,-0.000000,0.014107,0
1790545854.8932,0.020927,-0.024914,0.006278,-0.053041,0.020927,0.000000,0.120000,0.000000,0.169244,0.006278,-0.000000,-0.000000,-0.007474,-0.045566,-0.000000,0.014162,0
1790545854.9076,0.010387,-0.014758,0.003116,-0.050207,0.010387,0.000000,0.120000,0.000000,0.200682,0.003116,-0.000000,-0.000000,-0.004427,-0.045780,0.000000,0.014462,0
1790545854.9216,0.006299,-0.000859,0.001890,-0.046049,0.006299,0.000000,0.120000,0.000000,0.231220,0.001890,-0.000000,-0.000000,-0.000258,-0.045792,0.000000,0.014047,0
1790545854.9356,-0.000620,0.013630,-0.000186,-0.041512,-0.000620,0.000000,0.120000,0.000000,0.261710,-0.000186,-0.000000,-0.000000,0.004089,-0.045601,0.000000,0.014025,0
1790545854.9497,-0.016551,0.027610,-0.004965,-0.036932,-0.016551,0.000000,0.120000,0.000000,0.292060,-0.004965,-0.000000,-0.000000,0.008283,-0.045215,0.000000,0.013961,0
1790545854.9635,-0.021643,0.033140,-0.006493,-0.034810,-0.021643,0.000000,0.120000,0.000000,0.322424,-0.006493,-0.000000,-0.000000,0.009942,-0.044752,0.000000,0.013968,0
1790545854.9776,-0.020790,0.028784,-0.006237,-0.035714,-0.020790,0.000000,0.120000,0.000000,0.352900,-0.006237,-0.000000,0.000000,0.008635,-0.044349,-0.000000,0.014019,0
1790545854.9915,-0.024662,0.025070,-0.007399,-0.036477,-0.024662,0.000000,0.120000,0.000000,0.383344,-0.007399,-0.000000,-0.000000,0.007521,-0.043998,-0.000000,0.014004,0
1790545855.0054,-0.025437,0.021361,-0.007631,-0.037294,-0.025437,0.000000,0.120000,0.000000,0.413456,-0.007631,-0.000000,-0.000000,0.006408,-0.043702,-0.000000,0.013851,0
1790545855.0194,-0.024360,0.016640,-0.007308,-0.038479,-0.024360,0.000000,0.120000,0.000000,0.443634,-0.007308,-0.000000,0.000000,0.004992,-0.043471,-0.000000,0.013882,0
1790545855.0334,-0.035479,0.009936,-0.010644,-0.040349,-0.035479,0.000000,0.120000,0.000000,0.474361,-0.010644,-0.000000,-0.000000,0.002981,-0.043330,-0.000000,0.014134,0
1790545855.0473,-0.049165,-0.001707,-0.014750,-0.043866,-0.049165,0.000000,0.120000,0.000000,0.504700,-0.014750,-0.000000,-0.000000,-0.000512,-0.043354,-0.000000,0.013956,0
1790545855.0609,-0.061973,-0.012431,-0.018592,-0.047253,-0.061973,0.000000,0.120000,0.000000,0.534269,-0.018592,-0.000000,-0.000000,-0.003729,-0.043523,-0.000000,0.013602,0
1790545855.0745,-0.070074,-0.018752,-0.021022,-0.049402,-0.070074,0.000000,0.120000,0.000000,0.563645,-0.021022,-0.000000,-0.000000,-0.005626,-0.043777,-0.000000,0.013513,0
1790545855.0881,-0.069466,-0.022790,-0.020840,-0.050925,-0.069466,0.000000,0.120000,0.000000,0.593382,-0.020840,-0.000000,0.000000,-0.006837,-0.044088,-0.000000,0.013679,0
1790545855.1021,-0.064817,-0.020969,-0.019445,-0.050672,-0.064817,0.000000,0.120000,0.000000,0.623762,-0.019445,-0.000000,0.000000,-0.006291,-0.044381,0.000000,0.013975,0
1790545855.1160,-0.061049,-0.017830,-0.018315,-0.049977,-0.061049,0.000000,0.120000,0.000000,0.653866,-0.018315,-0.000000,0.000000,-0.005349,-0.044628,0.000000,0.013848,0
1790545855.1299,-0.055893,-0.013653,-0.016768,-0.048915,-0.055893,0.000000,0.120000,0.000000,0.684268,-0.016768,-0.000000,0.000000,-0.004096,-0.044819,0.000000,0.013985,0
1790545855.1440,-0.049279,-0.006799,-0.014784,-0.046954,-0.049279,0.000000,0.120000,0.000000,0.714614,-0.014784,-0.000000,0.000000,-0.002040,-0.044914,0.000000,0.013959,0
1790545855.1584,-0.040563,0.003213,-0.012169,-0.043904,-0.040563,0.000000,0.120000,0.000000,0.746024,-0.012169,-0.000000,0.000000,0.000964,-0.044868,0.000000,0.014448,0
1790545855.1724,-0.033778,0.013027,-0.010133,-0.040778,-0.033778,0.000000,0.120000,0.000000,0.776362,-0.010133,-0.000000,0.000000,0.003908,-0.044686,0.000000,0.013956,0
1790545855.1864,-0.026206,0.021972,-0.007862,-0.037785,-0.026206,0.000000,0.120000,0.000000,0.806940,-0.007862,-0.000000,0.000000,0.006592,-0.044377,0.000000,0.014066,0
1790545855.2003,-0.026705,0.025206,-0.008012,-0.036464,-0.026705,0.000000,0.120000,0.000000,0.837224,-0.008012,-0.000000,-0.000000,0.007562,-0.044026,0.000000,0.013931,0
1790545855.2142,-0.029015,0.019976,-0.008705,-0.037755,-0.029015,0.000000,0.120000,0.000000,0.867456,-0.008705,-0.000000,-0.000000,0.005993,-0.043748,-0.000000,0.013907,0
1790545855.2281,-0.023753,0.011018,-0.007126,-0.040290,-0.023753,0.000000,0.120000,0.000000,0.897516,-0.007126,-0.000000,0.000000,0.003305,-0.043596,-0.000000,0.013828,0
1790545855.2420,-0.021817,0.007797,-0.006545,-0.041148,-0.021817,0.000000,0.120000,0.000000,0.927839,-0.006545,-0.000000,0.000000,0.002339,-0.043487,-0.000000,0.013948,0
1790545855.2559,-0.014995,0.002467,-0.004499,-0.042713,-0.014995,0.000000,0.120000,0.000000,0.958109,-0.004499,-0.000000,0.000000,0.000740,-0.043453,-0.000000,0.013924,0
1790545855.2699,-0.001950,-0.006824,-0.000585,-0.045595,-0.001950,0.000000,0.120000,0.000000,0.988393,-0.000585,-0.000000,0.000000,-0.002047,-0.043548,-0.000000,0.013931,0
1790545855.2838,0.010558,-0.017245,0.003167,-0.048962,0.010558,0.000000,0.120000,0.000000,0.018703,0.003167,-0.000000,0.000000,-0.005174,-0.043788,-0.000000,0.013943,0
1790545855.2973,0.017347,-0.024709,0.005204,-0.051536,0.017347,0.000000,0.120000,0.000000,0.048208,0.005204,-0.000000,0.000000,-0.007413,-0.044123,-0.000000,0.013572,0
1790545855.3109,0.025496,-0.033272,0.007649,-0.054557,0.025496,0.000000,0.120000,0.000000,0.077730,0.007649,-0.000000,0.000000,-0.009982,-0.044575,-0.000000,0.013580,0
1790545855.3249,0.025621,-0.044806,0.007686,-0.058642,0.025621,0.000000,0.120000,0.000000,0.108075,0.007686,-0.000000,0.000000,-0.013442,-0.045201,-0.000000,0.013959,0
1790545855.3388,0.012996,-0.048076,0.003899,-0.060289,0.012996,0.000000,0.120000,0.000000,0.138174,0.003899,-0.000000,-0.000000,-0.014423,-0.045866,-0.000000,0.013845,0
1790545855.3527,0.008863,-0.043624,0.002659,-0.059562,0.008863,0.000000,0.120000,0.000000,0.168488,0.002659,-0.000000,-0.000000,-0.013087,-0.046475,0.000000,0.013945,0
1790545855.3666,0.008049,-0.034495,0.002415,-0.057305,0.008049,0.000000,0.120000,0.000000,0.198855,0.002415,-0.000000,-0.000000,-0.010348,-0.046956,0.000000,0.013969,0
1790545855.3805,0.002217,-0.021680,0.000665,-0.053760,0.002217,0.000000,0.120000,0.000000,0.228863,0.000665,-0.000000,-0.000000,-0.006504,-0.047256,0.000000,0.013804,0
1790545855.3949,-0.006326,-0.009207,-0.001898,-0.050148,-0.006326,0.000000,0.120000,0.000000,0.259585,-0.001898,-0.000000,-0.000000,-0.002762,-0.047386,0.000000,0.014132,0
1790545855.4091,-0.020122,0.007845,-0.006037,-0.044919,-0.020122,0.000000,0.120000,0.000000,0.290994,-0.006037,-0.000000,-0.000000,0.002353,-0.047272,0.000000,0.014448,0
1790545855.4232,-0.032272,0.020919,-0.009682,-0.040703,-0.032272,0.000000,0.120000,0.000000,0.321560,-0.009682,-0.000000,-0.000000,0.006276,-0.046978,0.000000,0.014060,0
1790545855.4372,-0.032896,0.022271,-0.009869,-0.039985,-0.032896,0.000000,0.120000,0.000000,0.352051,-0.009869,-0.000000,-0.000000,0.006681,-0.046666,0.000000,0.014026,0
1790545855.4511,-0.027511,0.024778,-0.008253,-0.038888,-0.027511,0.000000,0.120000,0.000000,0.382309,-0.008253,-0.000000,0.000000,0.007433,-0.046321,0.000000,0.013919,0
1790545855.4650,-0.033586,0.022965,-0.010076,-0.039112,-0.033586,0.000000,0.120000,0.000000,0.412516,-0.010076,-0.000000,-0.000000,0.006890,-0.046002,-0.000000,0.013896,0
1790545855.4790,-0.041375,0.018482,-0.012413,-0.040198,-0.041375,0.000000,0.120000,0.000000,0.443051,-0.012413,-0.000000,-0.000000,0.005544,-0.045742,-0.000000,0.014046,0
1790545855.4929,-0.051321,0.012802,-0.015396,-0.041724,-0.051321,0.000000,0.120000,0.000000,0.473233,-0.015396,-0.000000,-0.000000,0.003841,-0.045565,-0.000000,0.013884,0
1790545855.5068,-0.063321,0.004569,-0.018996,-0.044130,-0.063321,0.000000,0.120000,0.000000,0.503563,-0.018996,-0.000000,-0.000000,0.001371,-0.045501,-0.000000,0.013952,0
1790545855.5204,-0.076911,-0.003534,-0.023073,-0.046609,-0.076911,0.000000,0.120000,0.000000,0.533157,-0.023073,-0.000000,-0.000000,-0.001060,-0.045549,-0.000000,0.013613,0
1790545855.5340,-0.089070,-0.009189,-0.026721,-0.048431,-0.089070,0.000000,0.120000,0.000000,0.562746,-0.026721,-0.000000,-0.000000,-0.002757,-0.045674,-0.000000,0.013611,0
1790545855.5477,-0.095534,-0.014586,-0.028660,-0.050248,-0.095534,0.000000,0.120000,0.000000,0.592317,-0.028660,-0.000000,-0.000000,-0.004376,-0.045873,-0.000000,0.013603,0
1790545855.5617,-0.097369,-0.019581,-0.029211,-0.052021,-0.097369,0.000000,0.120000,0.000000,0.622732,-0.029211,-0.000000,-0.000000,-0.005874,-0.046146,-0.000000,0.013991,0
1790545855.5756,-0.089225,-0.022653,-0.026767,-0.053258,-0.089225,0.000000,0.120000,0.000000,0.653001,-0.026767,-0.000000,0.000000,-0.006796,-0.046462,-0.000000,0.013924,0
1790545855.5895,-0.081101,-0.020717,-0.024330,-0.052965,-0.081101,0.000000,0.120000,0.000000,0.683224,-0.024330,-0.000000,0.000000,-0.006215,-0.046750,0.000000,0.013902,0
1790545855.6034,-0.075572,-0.016961,-0.022672,-0.052075,-0.075572,0.000000,0.120000,0.000000,0.713566,-0.022672,-0.000000,0.000000,-0.005088,-0.046987,0.000000,0.013957,0
1790545855.6174,-0.069266,-0.010941,-0.020780,-0.050421,-0.069266,0.000000,0.120000,0.000000,0.743895,-0.020780,-0.000000,0.000000,-0.003282,-0.047139,0.000000,0.013952,0
1790545855.6313,-0.056415,-0.000637,-0.016925,-0.047339,-0.056415,0.000000,0.120000,0.000000,0.774148,-0.016925,-0.000000,0.000000,-0.000191,-0.047148,0.000000,0.013916,0
1790545855.6451,-0.043581,0.013999,-0.013074,-0.042756,-0.043581,0.000000,0.120000,0.000000,0.804121,-0.013074,-0.000000,0.000000,0.004200,-0.046955,0.000000,0.013788,0
1790545855.6595,-0.031941,0.032055,-0.009582,-0.036881,-0.031941,0.000000,0.120000,0.000000,0.835164,-0.009582,-0.000000,0.000000,0.009617,-0.046497,0.000000,0.014280,0
1790545855.6736,-0.028304,0.039064,-0.008491,-0.034223,-0.028304,0.000000,0.120000,0.000000,0.866047,-0.008491,-0.000000,0.000000,0.011719,-0.045942,0.000000,0.014206,0
1790545855.6875,-0.033806,0.034038,-0.010142,-0.035258,-0.033806,0.000000,0.120000,0.000000,0.896274,-0.010142,-0.000000,-0.000000,0.010211,-0.045469,-0.000000,0.013905,0
1790545855.7015,-0.023951,0.025897,-0.007185,-0.037339,-0.023951,0.000000,0.120000,0.000000,0.926574,-0.007185,-0.000000,0.000000,0.007769,-0.045108,-0.000000,0.013938,0
1790545855.7155,-0.021499,0.020083,-0.006450,-0.038801,-0.021499,0.000000,0.120000,0.000000,0.957089,-0.006450,-0.000000,0.000000,0.006025,-0.044826,-0.000000,0.014037,0
1790545855.7293,-0.017560,0.015009,-0.005268,-0.040115,-0.017560,0.000000,0.120000,0.000000,0.987363,-0.005268,-0.000000,0.000000,0.004503,-0.044617,-0.000000,0.013926,0
1790545855.7433,-0.007742,0.005853,-0.002323,-0.042780,-0.007742,0.000000,0.120000,0.000000,0.017599,-0.002323,-0.000000,0.000000,0.001756,-0.044536,-0.000000,0.013909,0
1790545855.7568,0.001144,-0.003116,0.000343,-0.045513,0.001144,0.000000,0.120000,0.000000,0.046928,0.000343,-0.000000,0.000000,-0.000935,-0.044578,-0.000000,0.013491,0
1790545855.7704,0.008795,-0.008866,0.002639,-0.047359,0.008795,0.000000,0.120000,0.000000,0.076554,0.002639,-0.000000,0.000000,-0.002660,-0.044699,-0.000000,0.013628,0
1790545855.7844,0.016299,-0.016331,0.004890,-0.049828,0.016299,0.000000,0.120000,0.000000,0.107128,0.004890,-0.000000,0.000000,-0.004899,-0.044928,-0.000000,0.014064,0
1790545855.7983,0.017820,-0.025880,0.005346,-0.053051,0.017820,0.000000,0.120000,0.000000,0.137235,0.005346,-0.000000,0.000000,-0.007764,-0.045287,-0.000000,0.013849,0
1790545855.8124,0.001188,-0.025822,0.000356,-0.053394,0.001188,0.000000,0.120000,0.000000,0.167584,0.000356,-0.000000,-0.000000,-0.007747,-0.045647,0.000000,0.013961,0
1790545855.8264,-0.006217,-0.015419,-0.001865,-0.050491,-0.006217,0.000000,0.120000,0.000000,0.198250,-0.001865,-0.000000,-0.000000,-0.004626,-0.045865,0.000000,0.014106,0
1790545855.8403,-0.011512,-0.000966,-0.003454,-0.046168,-0.011512,0.000000,0.120000,0.000000,0.228587,-0.003454,-0.000000,-0.000000,-0.000290,-0.045878,0.000000,0.013955,0
1790545855.8542,-0.019945,0.011446,-0.005984,-0.042286,-0.019945,0.000000,0.120000,0.000000,0.258771,-0.005984,-0.000000,-0.000000,0.003434,-0.045719,0.000000,0.013885,0
1790545855.8680,-0.028473,0.021495,-0.008542,-0.038974,-0.028473,0.000000,0.120000,0.000000,0.288807,-0.008542,-0.000000,-0.000000,0.006449,-0.045422,0.000000,0.013817,0
1790545855.8820,-0.030553,0.021478,-0.009166,-0.038679,-0.030553,0.000000,0.120000,0.000000,0.319128,-0.009166,-0.000000,-0.000000,0.006443,-0.045123,-0.000000,0.013947,0
1790545855.8962,-0.032094,0.019201,-0.009628,-0.039094,-0.032094,0.000000,0.120000,0.000000,0.349533,-0.009628,-0.000000,-0.000000,0.005760,-0.044854,-0.000000,0.013986,0
1790545855.9107,-0.036120,0.018605,-0.010836,-0.039002,-0.036120,0.000000,0.120000,0.000000,0.381115,-0.010836,-0.000000,-0.000000,0.005582,-0.044584,-0.000000,0.014528,0
1790545855.9248,-0.038480,0.011797,-0.011544,-0.040878,-0.038480,0.000000,0.120000,0.000000,0.411896,-0.011544,-0.000000,-0.000000,0.003539,-0.044417,-0.000000,0.014159,0
1790545855.9388,-0.043486,-0.000617,-0.013046,-0.044611,-0.043486,0.000000,0.120000,0.000000,0.442574,-0.013046,-0.000000,-0.000000,-0.000185,-0.044426,-0.000000,0.014112,0
1790545855.9527,-0.058854,-0.014419,-0.017656,-0.048952,-0.058854,0.000000,0.120000,0.000000,0.472741,-0.017656,-0.000000,-0.000000,-0.004326,-0.044626,-0.000000,0.013877,0
1790545855.9668,-0.075398,-0.024851,-0.022620,-0.052429,-0.075398,0.000000,0.120000,0.000000,0.503154,-0.022620,-0.000000,-0.000000,-0.007455,-0.044973,-0.000000,0.013990,0
1790545855.9805,-0.089085,-0.035013,-0.026726,-0.055956,-0.089085,0.000000,0.120000,0.000000,0.532889,-0.026726,-0.000000,-0.000000,-0.010504,-0.045452,-0.000000,0.013678,0
1790545855.9959,-0.099177,-0.046683,-0.029753,-0.060153,-0.099177,0.000000,0.120000,0.000000,0.565290,-0.029753,-0.000000,-0.000000,-0.014005,-0.046148,-0.000000,0.014905,0
1790545856.0105,-0.098909,-0.054131,-0.029673,-0.063197,-0.098909,0.000000,0.120000,0.000000,0.597807,-0.029673,-0.000000,0.000000,-0.016239,-0.046958,-0.000000,0.014957,0
1790545856.0250,-0.091474,-0.057415,-0.027442,-0.065014,-0.091474,0.000000,0.120000,0.000000,0.629306,-0.027442,-0.000000,0.000000,-0.017224,-0.047790,-0.000000,0.014490,0
1790545856.0400,-0.087429,-0.060395,-0.026229,-0.066782,-0.087429,0.000000,0.120000,0.000000,0.660746,-0.026229,-0.000000,0.000000,-0.018118,-0.048663,-0.000000,0.014462,0
1790545856.0547,-0.080498,-0.060103,-0.024149,-0.067619,-0.080498,0.000000,0.120000,0.000000,0.694204,-0.024149,-0.000000,0.000000,-0.018031,-0.049588,0.000000,0.015391,0
1790545856.0689,-0.071629,-0.050105,-0.021489,-0.065330,-0.071629,0.000000,0.120000,0.000000,0.725020,-0.021489,-0.000000,0.000000,-0.015032,-0.050298,0.000000,0.014175,0
1790545856.0831,-0.060999,-0.033800,-0.018300,-0.060919,-0.060999,0.000000,0.120000,0.000000,0.755937,-0.018300,-0.000000,0.000000,-0.010140,-0.050779,0.000000,0.014222,0
1790545856.0972,-0.051368,-0.016163,-0.015410,-0.055859,-0.051368,0.000000,0.120000,0.000000,0.786940,-0.015410,-0.000000,0.000000,-0.004849,-0.051010,0.000000,0.014262,0
1790545856.1110,-0.039960,0.000346,-0.011988,-0.050901,-0.039960,0.000000,0.120000,0.000000,0.817048,-0.011988,-0.000000,0.000000,0.000104,-0.051005,0.000000,0.013849,0
1790545856.1250,-0.023985,0.018421,-0.007196,-0.045222,-0.023985,0.000000,0.120000,0.000000,0.847258,-0.007196,-0.000000,0.000000,0.005526,-0.050749,0.000000,0.013897,0
1790545856.1390,-0.023989,0.025013,-0.007197,-0.042895,-0.023989,0.000000,0.120000,0.000000,0.877685,-0.007197,-0.000000,-0.000000,0.007504,-0.050399,0.000000,0.013996,0
1790545856.1534,-0.026124,0.023523,-0.007837,-0.043006,-0.026124,0.000000,0.120000,0.000000,0.908779,-0.007837,-0.000000,-0.000000,0.007057,-0.050062,-0.000000,0.014303,0
1790545856.1678,-0.020378,0.020073,-0.006113,-0.043757,-0.020378,0.000000,0.120000,0.000000,0.939496,-0.006113,-0.000000,0.000000,0.006022,-0.049779,-0.000000,0.014130,0
1790545856.1822,-0.011652,0.017586,-0.003495,-0.044244,-0.011652,0.000000,0.120000,0.000000,0.971465,-0.003495,-0.000000,0.000000,0.005276,-0.049520,-0.000000,0.014706,0
1790545856.1961,-0.000645,0.009228,-0.000194,-0.046623,-0.000645,0.000000,0.120000,0.000000,0.001878,-0.000194,-0.000000,0.000000,0.002768,-0.049391,-0.000000,0.013990,0
1790545856.2095,0.011938,-0.003839,0.003581,-0.050594,0.011938,0.000000,0.120000,0.000000,0.031016,0.003581,-0.000000,0.000000,-0.001152,-0.049442,-0.000000,0.013404,0
1790545856.2225,0.026612,-0.014905,0.007984,-0.054110,0.026612,0.000000,0.120000,0.000000,0.059656,0.007984,-0.000000,0.000000,-0.004472,-0.049639,-0.000000,0.013174,0
1790545856.2354,0.035680,-0.023955,0.010704,-0.057134,0.035680,0.000000,0.120000,0.000000,0.087681,0.010704,-0.000000,0.000000,-0.007187,-0.049948,-0.000000,0.012892,0
1790545856.2491,0.037401,-0.034482,0.011220,-0.060761,0.037401,0.000000,0.120000,0.000000,0.117220,0.011220,-0.000000,0.000000,-0.010344,-0.050416,-0.000000,0.013588,0
1790545856.2631,0.021059,-0.035389,0.006318,-0.061528,0.021059,0.000000,0.120000,0.000000,0.147607,0.006318,-0.000000,-0.000000,-0.010617,-0.050911,-0.000000,0.013978,0
1790545856.2769,0.014110,-0.028322,0.004233,-0.059799,0.014110,0.000000,0.120000,0.000000,0.177668,0.004233,-0.000000,-0.000000,-0.008497,-0.051302,0.000000,0.013828,0
1790545856.2909,0.008637,-0.020359,0.002591,-0.057695,0.008637,0.000000,0.120000,0.000000,0.208066,0.002591,-0.000000,-0.000000,-0.006108,-0.051587,0.000000,0.013983,0
1790545856.3049,-0.001814,-0.006062,-0.000544,-0.053490,-0.001814,0.000000,0.120000,0.000000,0.238380,-0.000544,-0.000000,-0.000000,-0.001818,-0.051672,0.000000,0.013944,0
1790545856.3188,-0.007581,0.010509,-0.002274,-0.048373,-0.007581,0.000000,0.120000,0.000000,0.268650,-0.002274,-0.000000,-0.000000,0.003153,-0.051525,0.000000,0.013924,0
1790545856.3328,-0.019123,0.024444,-0.005737,-0.043850,-0.019123,0.000000,0.120000,0.000000,0.299063,-0.005737,-0.000000,-0.000000,0.007333,-0.051183,0.000000,0.013990,0
1790545856.3467,-0.020659,0.023184,-0.006198,-0.043907,-0.020659,0.000000,0.120000,0.000000,0.329205,-0.006198,-0.000000,-0.000000,0.006955,-0.050862,-0.000000,0.013865,0
1790545856.3607,-0.019560,0.021874,-0.005868,-0.043992,-0.019560,0.000000,0.120000,0.000000,0.359800,-0.005868,-0.000000,0.000000,0.006562,-0.050554,-0.000000,0.014074,0
1790545856.3747,-0.027297,0.019763,-0.008189,-0.044349,-0.027297,0.000000,0.120000,0.000000,0.390195,-0.008189,-0.000000,-0.000000,0.005929,-0.050278,-0.000000,0.013982,0
1790545856.3887,-0.031806,0.010994,-0.009542,-0.046827,-0.031806,0.000000,0.120000,0.000000,0.420456,-0.009542,-0.000000,-0.000000,0.003298,-0.050125,-0.000000,0.013920,0
1790545856.4031,-0.043233,-0.000551,-0.012970,-0.050298,-0.043233,0.000000,0.120000,0.000000,0.451324,-0.012970,-0.000000,-0.000000,-0.000165,-0.050133,-0.000000,0.014199,0
1790545856.4177,-0.058931,-0.009426,-0.017679,-0.053099,-0.058931,0.000000,0.120000,0.000000,0.483303,-0.017679,-0.000000,-0.000000,-0.002828,-0.050271,-0.000000,0.014710,0
1790545856.4320,-0.074450,-0.017538,-0.022335,-0.055785,-0.074450,0.000000,0.120000,0.000000,0.514608,-0.022335,-0.000000,-0.000000,-0.005262,-0.050524,-0.000000,0.014401,0
1790545856.4459,-0.090307,-0.024735,-0.027092,-0.058288,-0.090307,0.000000,0.120000,0.000000,0.544792,-0.027092,-0.000000,-0.000000,-0.007421,-0.050867,-0.000000,0.013884,0
1790545856.4597,-0.098673,-0.029540,-0.029602,-0.060137,-0.098673,0.000000,0.120000,0.000000,0.574810,-0.029602,-0.000000,-0.000000,-0.008862,-0.051275,-0.000000,0.013808,0
1790545856.4739,-0.098244,-0.034341,-0.029473,-0.062065,-0.098244,0.000000,0.120000,0.000000,0.605650,-0.029473,-0.000000,0.000000,-0.010302,-0.051762,-0.000000,0.014187,0
1790545856.4881,-0.091890,-0.035190,-0.027567,-0.062821,-0.091890,0.000000,0.120000,0.000000,0.636667,-0.027567,-0.000000,0.000000,-0.010557,-0.052264,-0.000000,0.014268,0
1790545856.5019,-0.084752,-0.034303,-0.025426,-0.063024,-0.084752,0.000000,0.120000,0.000000,0.666358,-0.025426,-0.000000,0.000000,-0.010291,-0.052733,0.000000,0.013658,0
1790545856.5161,-0.077797,-0.032330,-0.023339,-0.062895,-0.077797,0.000000,0.120000,0.000000,0.697486,-0.023339,-0.000000,0.000000,-0.009699,-0.053196,0.000000,0.014319,0
1790545856.5301,-0.070819,-0.025313,-0.021246,-0.061147,-0.070819,0.000000,0.120000,0.000000,0.728138,-0.021246,-0.000000,0.000000,-0.007594,-0.053553,0.000000,0.014100,0
1790545856.5442,-0.060844,-0.015199,-0.018253,-0.058325,-0.060844,0.000000,0.120000,0.000000,0.758600,-0.018253,-0.000000,0.000000,-0.004560,-0.053766,0.000000,0.014013,0
1790545856.5583,-0.049953,-0.003199,-0.014986,-0.054770,-0.049953,0.000000,0.120000,0.000000,0.789143,-0.014986,-0.000000,0.000000,-0.000960,-0.053811,0.000000,0.014050,0
1790545856.5725,-0.034502,0.014174,-0.010351,-0.049357,-0.034502,0.000000,0.120000,0.000000,0.820113,-0.010351,-0.000000,0.000000,0.004252,-0.053609,0.000000,0.014246,0
1790545856.5864,-0.023442,0.034020,-0.007033,-0.042927,-0.023442,0.000000,0.120000,0.000000,0.850521,-0.007033,-0.000000,0.000000,0.010206,-0.053133,0.000000,0.013988,0
1790545856.6004,-0.032092,0.037960,-0.009628,-0.041213,-0.032092,0.000000,0.120000,0.000000,0.880987,-0.009628,-0.000000,-0.000000,0.011388,-0.052601,0.000000,0.014014,0
1790545856.6144,-0.029933,0.028923,-0.008980,-0.043522,-0.029933,0.000000,0.120000,0.000000,0.911222,-0.008980,-0.000000,0.000000,0.008677,-0.052199,-0.000000,0.013908,0
1790545856.6284,-0.027678,0.027606,-0.008303,-0.043530,-0.027678,0.000000,0.120000,0.000000,0.941701,-0.008303,-0.000000,0.000000,0.008282,-0.051812,-0.000000,0.014020,0
1790545856.6424,-0.029877,0.026154,-0.008963,-0.043597,-0.029877,0.000000,0.120000,0.000000,0.972340,-0.008963,-0.000000,-0.000000,0.007846,-0.051443,-0.000000,0.014094,0
1790545856.6568,-0.023043,0.020145,-0.006913,-0.045116,-0.023043,0.000000,0.120000,0.000000,0.002938,-0.006913,-0.000000,0.000000,0.006043,-0.051159,-0.000000,0.014075,0
1790545856.6706,-0.012492,0.010469,-0.003748,-0.047872,-0.012492,0.000000,0.120000,0.000000,0.033288,-0.003748,-0.000000,0.000000,0.003141,-0.051013,-0.000000,0.013961,0
1790545856.6843,-0.005018,0.001048,-0.001505,-0.050684,-0.005018,0.000000,0.120000,0.000000,0.063044,-0.001505,-0.000000,0.000000,0.000314,-0.050999,-0.000000,0.013688,0
1790545856.6979,0.001493,-0.005173,0.000448,-0.052622,0.001493,0.000000,0.120000,0.000000,0.092821,0.000448,-0.000000,0.000000,-0.001552,-0.051070,-0.000000,0.013697,0
1790545856.7119,0.008962,-0.013383,0.002689,-0.055273,0.008962,0.000000,0.120000,0.000000,0.123335,0.002689,-0.000000,0.000000,-0.004015,-0.051258,-0.000000,0.014036,0
1790545856.7260,0.003377,-0.019939,0.001013,-0.057516,0.003377,0.000000,0.120000,0.000000,0.153470,0.001013,-0.000000,-0.000000,-0.005982,-0.051534,-0.000000,0.013862,0
1790545856.7403,-0.009284,-0.015826,-0.002785,-0.056511,-0.009284,0.000000,0.120000,0.000000,0.184920,-0.002785,-0.000000,-0.000000,-0.004748,-0.051763,0.000000,0.014467,0
1790545856.7545,-0.014996,-0.001930,-0.004499,-0.052369,-0.014996,0.000000,0.120000,0.000000,0.215646,-0.004499,-0.000000,-0.000000,-0.000579,-0.051790,0.000000,0.014134,0
1790545856.7687,-0.019954,0.013938,-0.005986,-0.047410,-0.019954,0.000000,0.120000,0.000000,0.246703,-0.005986,-0.000000,-0.000000,0.004181,-0.051591,0.000000,0.014286,0
1790545856.7827,-0.032354,0.027317,-0.009706,-0.043015,-0.032354,0.000000,0.120000,0.000000,0.277041,-0.009706,-0.000000,-0.000000,0.008195,-0.051210,0.000000,0.013956,0
1790545856.7967,-0.032854,0.032135,-0.009856,-0.041119,-0.032854,0.000000,0.120000,0.000000,0.307532,-0.009856,-0.000000,-0.000000,0.009640,-0.050759,0.000000,0.014026,0
1790545856.8106,-0.029027,0.025273,-0.008708,-0.042825,-0.029027,0.000000,0.120000,0.000000,0.337810,-0.008708,-0.000000,0.000000,0.007582,-0.050407,-0.000000,0.013928,0
1790545856.8246,-0.038641,0.019983,-0.011592,-0.044133,-0.038641,0.000000,0.120000,0.000000,0.368178,-0.011592,-0.000000,-0.000000,0.005995,-0.050128,-0.000000,0.013969,0
1790545856.8386,-0.044116,0.013688,-0.013235,-0.045830,-0.044116,0.000000,0.120000,0.000000,0.398584,-0.013235,-0.000000,-0.000000,0.004106,-0.049937,-0.000000,0.013987,0
1790545856.8525,-0.047610,0.008330,-0.014283,-0.047321,-0.047610,0.000000,0.120000,0.000000,0.428960,-0.014283,-0.000000,-0.000000,0.002499,-0.049820,-0.000000,0.013973,0
1790545856.8663,-0.052455,0.004124,-0.015737,-0.048526,-0.052455,0.000000,0.120000,0.000000,0.458988,-0.015737,-0.000000,-0.000000,0.001237,-0.049763,-0.000000,0.013813,0
1790545856.8802,-0.065789,-0.004400,-0.019737,-0.051145,-0.065789,0.000000,0.120000,0.000000,0.489266,-0.019737,-0.000000,-0.000000,-0.001320,-0.049825,-0.000000,0.013928,0
1790545856.8942,-0.076987,-0.014861,-0.023096,-0.054490,-0.076987,0.000000,0.120000,0.000000,0.519555,-0.023096,-0.000000,-0.000000,-0.004458,-0.050032,-0.000000,0.013933,0
1790545856.9083,-0.085954,-0.020384,-0.025786,-0.056427,-0.085954,0.000000,0.120000,0.000000,0.549484,-0.025786,-0.000000,-0.000000,-0.006115,-0.050312,-0.000000,0.013767,0
1790545856.9225,-0.086772,-0.024449,-0.026032,-0.058000,-0.086772,0.000000,0.120000,0.000000,0.580847,-0.026032,-0.000000,-0.000000,-0.007335,-0.050665,-0.000000,0.014427,0
1790545856.9366,-0.084785,-0.025781,-0.025436,-0.058764,-0.084785,0.000000,0.120000,0.000000,0.611655,-0.025436,-0.000000,0.000000,-0.007734,-0.051030,-0.000000,0.014171,0
1790545856.9507,-0.078599,-0.026099,-0.023580,-0.059228,-0.078599,0.000000,0.120000,0.000000,0.642270,-0.023580,-0.000000,0.000000,-0.007830,-0.051398,-0.000000,0.014083,0
1790545856.9649,-0.072032,-0.022252,-0.021609,-0.058391,-0.072032,0.000000,0.120000,0.000000,0.673321,-0.021609,-0.000000,0.000000,-0.006675,-0.051716,0.000000,0.014284,0
1790545856.9789,-0.066465,-0.016844,-0.019940,-0.057005,-0.066465,0.000000,0.120000,0.000000,0.703771,-0.019940,-0.000000,0.000000,-0.005053,-0.051952,0.000000,0.014007,0
1790545856.9928,-0.058864,-0.008887,-0.017659,-0.054741,-0.058864,0.000000,0.120000,0.000000,0.733881,-0.017659,-0.000000,0.000000,-0.002666,-0.052075,0.000000,0.013850,0
1790545857.0067,-0.051035,0.000569,-0.015311,-0.051896,-0.051035,0.000000,0.120000,0.000000,0.764199,-0.015311,-0.000000,0.000000,0.000171,-0.052067,0.000000,0.013947,0
1790545857.0206,-0.041722,0.014519,-0.012516,-0.047509,-0.041722,0.000000,0.120000,0.000000,0.794510,-0.012516,-0.000000,0.000000,0.004356,-0.051864,0.000000,0.013943,0
1790545857.0345,-0.035231,0.026828,-0.010569,-0.043444,-0.035231,0.000000,0.120000,0.000000,0.824633,-0.010569,-0.000000,0.000000,0.008048,-0.051493,0.000000,0.013856,0
1790545857.0487,-0.037635,0.027939,-0.011291,-0.042716,-0.037635,0.000000,0.120000,0.000000,0.855329,-0.011291,-0.000000,-0.000000,0.008382,-0.051098,0.000000,0.014120,0
1790545857.0626,-0.037573,0.022511,-0.011272,-0.044032,-0.037573,0.000000,0.120000,0.000000,0.885523,-0.011272,-0.000000,0.000000,0.006753,-0.050785,-0.000000,0.013889,0
1790545857.0765,-0.033010,0.014512,-0.009903,-0.046229,-0.033010,0.000000,0.120000,0.000000,0.915914,-0.009903,-0.000000,0.000000,0.004354,-0.050583,-0.000000,0.013980,0
1790545857.0905,-0.030089,0.007701,-0.009027,-0.048165,-0.030089,0.000000,0.120000,0.000000,0.946272,-0.009027,-0.000000,0.000000,0.002310,-0.050475,-0.000000,0.013965,0
1790545857.1044,-0.022454,-0.003125,-0.006736,-0.051456,-0.022454,0.000000,0.120000,0.000000,0.976589,-0.006736,-0.000000,0.000000,-0.000937,-0.050519,-0.000000,0.013946,0
1790545857.1183,-0.010486,-0.012945,-0.003146,-0.054583,-0.010486,0.000000,0.120000,0.000000,0.006930,-0.003146,-0.000000,0.000000,-0.003884,-0.050699,-0.000000,0.013957,0
1790545857.1318,-0.000795,-0.020112,-0.000238,-0.057004,-0.000795,0.000000,0.120000,0.000000,0.036175,-0.000238,-0.000000,0.000000,-0.006034,-0.050970,-0.000000,0.013453,0
1790545857.1454,0.002306,-0.026567,0.000692,-0.059301,0.002306,0.000000,0.120000,0.000000,0.065723,0.000692,-0.000000,0.000000,-0.007970,-0.051331,-0.000000,0.013592,0
1790545857.1597,0.004387,-0.035681,0.001316,-0.062533,0.004387,0.000000,0.120000,0.000000,0.096064,0.001316,-0.000000,0.000000,-0.010704,-0.051829,-0.000000,0.013957,0
1790545857.1738,-0.009392,-0.040714,-0.002818,-0.064627,-0.009392,0.000000,0.120000,0.000000,0.127250,-0.002818,-0.000000,-0.000000,-0.012214,-0.052413,-0.000000,0.014345,0
1790545857.1879,-0.015848,-0.038228,-0.004754,-0.064419,-0.015848,0.000000,0.120000,0.000000,0.157832,-0.004754,-0.000000,-0.000000,-0.011468,-0.052951,0.000000,0.014068,0
1790545857.2018,-0.018910,-0.027596,-0.005673,-0.061617,-0.018910,0.000000,0.120000,0.000000,0.188342,-0.005673,-0.000000,-0.000000,-0.008279,-0.053338,0.000000,0.014035,0
1790545857.2156,-0.019165,-0.013037,-0.005749,-0.057429,-0.019165,0.000000,0.120000,0.000000,0.218340,-0.005749,-0.000000,-0.000000,-0.003911,-0.053518,0.000000,0.013799,0
1790545857.2295,-0.024856,0.002416,-0.007457,-0.052760,-0.024856,0.000000,0.120000,0.000000,0.248440,-0.007457,-0.000000,-0.000000,0.000725,-0.053484,0.000000,0.013846,0
1790545857.2434,-0.034810,0.015407,-0.010443,-0.048647,-0.034810,0.000000,0.120000,0.000000,0.278767,-0.010443,-0.000000,-0.000000,0.004622,-0.053270,0.000000,0.013951,0
1790545857.2573,-0.043439,0.026914,-0.013032,-0.044820,-0.043439,0.000000,0.120000,0.000000,0.309055,-0.013032,-0.000000,-0.000000,0.008074,-0.052895,0.000000,0.013932,0
1790545857.2713,-0.039106,0.027551,-0.011732,-0.044245,-0.039106,0.000000,0.120000,0.000000,0.339357,-0.011732,-0.000000,0.000000,0.008265,-0.052511,0.000000,0.013939,0
1790545857.2852,-0.040034,0.024443,-0.012010,-0.044837,-0.040034,0.000000,0.120000,0.000000,0.369619,-0.012010,-0.000000,-0.000000,0.007333,-0.052170,-0.000000,0.013921,0
1790545857.2991,-0.040061,0.018480,-0.012018,-0.046369,-0.040061,0.000000,0.120000,0.000000,0.399859,-0.012018,-0.000000,-0.000000,0.005544,-0.051913,-0.000000,0.013911,0
1790545857.3130,-0.034777,0.014091,-0.010433,-0.047490,-0.034777,0.000000,0.120000,0.000000,0.430105,-0.010433,-0.000000,0.000000,0.004227,-0.051717,-0.000000,0.013913,0
1790545857.3268,-0.044780,0.010473,-0.013434,-0.048431,-0.044780,0.000000,0.120000,0.000000,0.460119,-0.013434,-0.000000,-0.000000,0.003142,-0.051573,-0.000000,0.013806,0
1790545857.3408,-0.056031,0.001537,-0.016809,-0.051090,-0.056031,0.000000,0.120000,0.000000,0.490490,-0.016809,-0.000000,-0.000000,0.000461,-0.051551,-0.000000,0.013970,0
1790545857.3548,-0.070623,-0.007569,-0.021187,-0.053928,-0.070623,0.000000,0.120000,0.000000,0.520875,-0.021187,-0.000000,-0.000000,-0.002271,-0.051657,-0.000000,0.013977,0
1790545857.3684,-0.084749,-0.012416,-0.025425,-0.055550,-0.084749,0.000000,0.120000,0.000000,0.550281,-0.025425,-0.000000,-0.000000,-0.003725,-0.051825,-0.000000,0.013527,0
1790545857.3822,-0.091806,-0.016689,-0.027542,-0.057060,-0.091806,0.000000,0.120000,0.000000,0.580052,-0.027542,-0.000000,-0.000000,-0.005007,-0.052053,-0.000000,0.013695,0
1790545857.3963,-0.092484,-0.021112,-0.027745,-0.058688,-0.092484,0.000000,0.120000,0.000000,0.611069,-0.027745,-0.000000,-0.000000,-0.006333,-0.052355,-0.000000,0.014268,0
1790545857.4106,-0.085753,-0.023008,-0.025726,-0.059582,-0.085753,0.000000,0.120000,0.000000,0.641772,-0.025726,-0.000000,0.000000,-0.006902,-0.052680,-0.000000,0.014123,0
1790545857.4250,-0.073963,-0.019246,-0.022189,-0.058731,-0.073963,0.000000,0.120000,0.000000,0.673093,-0.022189,-0.000000,0.000000,-0.005774,-0.052957,0.000000,0.014408,0
1790545857.4391,-0.065531,-0.013453,-0.019659,-0.057184,-0.065531,0.000000,0.120000,0.000000,0.704007,-0.019659,-0.000000,0.000000,-0.004036,-0.053148,0.000000,0.014220,0
1790545857.4531,-0.059542,-0.005388,-0.017863,-0.054840,-0.059542,0.000000,0.120000,0.000000,0.734489,-0.017863,-0.000000,0.000000,-0.001616,-0.053224,0.000000,0.014022,0
1790545857.4671,-0.050545,0.004953,-0.015164,-0.051669,-0.050545,0.000000,0.120000,0.000000,0.764917,-0.015164,-0.000000,0.000000,0.001486,-0.053154,0.000000,0.013997,0
1790545857.4811,-0.041283,0.016702,-0.012385,-0.047910,-0.041283,0.000000,0.120000,0.000000,0.795402,-0.012385,-0.000000,0.000000,0.005011,-0.052920,0.000000,0.014023,0
1790545857.4950,-0.030003,0.032174,-0.009001,-0.042822,-0.030003,0.000000,0.120000,0.000000,0.825548,-0.009001,-0.000000,0.000000,0.009652,-0.052474,0.000000,0.013867,0
1790545857.5089,-0.025808,0.043187,-0.007743,-0.038914,-0.025808,0.000000,0.120000,0.000000,0.855951,-0.007743,-0.000000,0.000000,0.012956,-0.051870,0.000000,0.013985,0
1790545857.5228,-0.035763,0.041112,-0.010729,-0.038966,-0.035763,0.000000,0.120000,0.000000,0.886107,-0.010729,-0.000000,-0.000000,0.012334,-0.051300,-0.000000,0.013872,0
1790545857.5368,-0.030733,0.035434,-0.009220,-0.040175,-0.030733,0.000000,0.120000,0.000000,0.916438,-0.009220,-0.000000,0.000000,0.010630,-0.050805,-0.000000,0.013952,0
1790545857.5508,-0.028570,0.029537,-0.008571,-0.041534,-0.028570,0.000000,0.120000,0.000000,0.946603,-0.008571,-0.000000,0.000000,0.008861,-0.050396,-0.000000,0.013876,0
1790545857.5648,-0.027145,0.022582,-0.008144,-0.043302,-0.027145,0.000000,0.120000,0.000000,0.977284,-0.008144,-0.000000,0.000000,0.006775,-0.050077,-0.000000,0.014113,0
1790545857.5788,-0.016277,0.013759,-0.004883,-0.045756,-0.016277,0.000000,0.120000,0.000000,0.007733,-0.004883,-0.000000,0.000000,0.004128,-0.049884,-0.000000,0.014007,0
1790545857.5923,-0.005773,0.002698,-0.001732,-0.049038,-0.005773,0.000000,0.120000,0.000000,0.037211,-0.001732,-0.000000,0.000000,0.000809,-0.049848,-0.000000,0.013560,0
1790545857.6059,0.002086,-0.006380,0.000626,-0.051848,0.002086,0.000000,0.120000,0.000000,0.066790,0.000626,-0.000000,0.000000,-0.001914,-0.049934,-0.000000,0.013606,0
1790545857.6199,0.013269,-0.013259,0.003981,-0.054097,0.013269,0.000000,0.120000,0.000000,0.097183,0.003981,-0.000000,0.000000,-0.003978,-0.050120,-0.000000,0.013981,0
1790545857.6337,0.019950,-0.020738,0.005985,-0.056628,0.019950,0.000000,0.120000,0.000000,0.127236,0.005985,-0.000000,0.000000,-0.006222,-0.050406,-0.000000,0.013824,0
1790545857.6476,0.005764,-0.019667,0.001729,-0.056580,0.005764,0.000000,0.120000,0.000000,0.157476,0.001729,-0.000000,-0.000000,-0.005900,-0.050680,0.000000,0.013911,0
1790545857.6618,-0.004029,-0.007024,-0.001209,-0.052884,-0.004029,0.000000,0.120000,0.000000,0.187624,-0.001209,-0.000000,-0.000000,-0.002107,-0.050777,0.000000,0.013868,0
1790545857.6760,-0.008780,0.007975,-0.002634,-0.048270,-0.008780,0.000000,0.120000,0.000000,0.219037,-0.002634,-0.000000,-0.000000,0.002393,-0.050662,0.000000,0.014450,0
1790545857.6899,-0.018473,0.023663,-0.005542,-0.043234,-0.018473,0.000000,0.120000,0.000000,0.249297,-0.005542,-0.000000,-0.000000,0.007099,-0.050333,0.000000,0.013920,0
1790545857.7039,-0.028401,0.039796,-0.008520,-0.037835,-0.028401,0.000000,0.120000,0.000000,0.279820,-0.008520,-0.000000,-0.000000,0.011939,-0.049774,0.000000,0.014041,0
1790545857.7179,-0.031474,0.044993,-0.009442,-0.035646,-0.031474,0.000000,0.120000,0.000000,0.310262,-0.009442,-0.000000,-0.000000,0.013498,-0.049144,0.000000,0.014003,0
1790545857.7319,-0.026382,0.034141,-0.007915,-0.038424,-0.026382,0.000000,0.120000,0.000000,0.340671,-0.007915,-0.000000,0.000000,0.010242,-0.048666,-0.000000,0.013988,0
1790545857.7457,-0.038694,0.028884,-0.011608,-0.039602,-0.038694,0.000000,0.120000,0.000000,0.370690,-0.011608,-0.000000,-0.000000,0.008665,-0.048267,-0.000000,0.013809,0
1790545857.7597,-0.044221,0.019378,-0.013266,-0.042183,-0.044221,0.000000,0.120000,0.000000,0.401080,-0.013266,-0.000000,-0.000000,0.005813,-0.047997,-0.000000,0.013979,0
1790545857.7737,-0.047492,0.012061,-0.014247,-0.044210,-0.047492,0.000000,0.120000,0.000000,0.431512,-0.014247,-0.000000,-0.000000,0.003618,-0.047828,-0.000000,0.013999,0
1790545857.7877,-0.050805,0.003438,-0.015241,-0.046749,-0.050805,0.000000,0.120000,0.000000,0.461841,-0.015241,-0.000000,-0.000000,0.001031,-0.047780,-0.000000,0.013952,0
1790545857.8015,-0.067568,-0.004054,-0.020270,-0.049052,-0.067568,0.000000,0.120000,0.000000,0.492033,-0.020270,-0.000000,-0.000000,-0.001216,-0.047836,-0.000000,0.013888,0
1790545857.8155,-0.079506,-0.014906,-0.023852,-0.052516,-0.079506,0.000000,0.120000,0.000000,0.522345,-0.023852,-0.000000,-0.000000,-0.004472,-0.048044,-0.000000,0.013944,0
1790545857.8291,-0.086826,-0.022856,-0.026048,-0.055212,-0.086826,0.000000,0.120000,0.000000,0.551929,-0.026048,-0.000000,-0.000000,-0.006857,-0.048355,-0.000000,0.013608,0
1790545857.8427,-0.089464,-0.025557,-0.026839,-0.056370,-0.089464,0.000000,0.120000,0.000000,0.581532,-0.026839,-0.000000,-0.000000,-0.007667,-0.048703,-0.000000,0.013617,0
1790545857.8567,-0.083362,-0.026553,-0.025009,-0.057040,-0.083362,0.000000,0.120000,0.000000,0.611916,-0.025009,-0.000000,0.000000,-0.007966,-0.049074,-0.000000,0.013977,0
1790545857.8706,-0.078515,-0.023960,-0.023555,-0.056596,-0.078515,0.000000,0.120000,0.000000,0.642199,-0.023555,-0.000000,0.000000,-0.007188,-0.049408,0.000000,0.013930,0
1790545857.8844,-0.074614,-0.019426,-0.022384,-0.055504,-0.074614,0.000000,0.120000,0.000000,0.672274,-0.022384,-0.000000,0.000000,-0.005828,-0.049677,0.000000,0.013835,0
1790545857.8984,-0.068672,-0.012157,-0.020602,-0.053493,-0.068672,0.000000,0.120000,0.000000,0.702583,-0.020602,-0.000000,0.000000,-0.003647,-0.049846,0.000000,0.013942,0
1790545857.9128,-0.061968,-0.002761,-0.018590,-0.050714,-0.061968,0.000000,0.120000,0.000000,0.733394,-0.018590,-0.000000,0.000000,-0.000828,-0.049885,0.000000,0.014173,0
1790545857.9273,-0.056085,0.007061,-0.016826,-0.047664,-0.056085,0.000000,0.120000,0.000000,0.765223,-0.016826,-0.000000,0.000000,0.002118,-0.049782,0.000000,0.014642,0
1790545857.9412,-0.048313,0.018271,-0.014494,-0.044045,-0.048313,0.000000,0.120000,0.000000,0.795662,-0.014494,-0.000000,0.000000,0.005481,-0.049526,0.000000,0.014002,0
1790545857.9551,-0.040911,0.029601,-0.012273,-0.040236,-0.040911,0.000000,0.120000,0.000000,0.825747,-0.012273,-0.000000,0.000000,0.008880,-0.049116,0.000000,0.013839,0
1790545857.9691,-0.039709,0.031644,-0.011913,-0.039179,-0.039709,0.000000,0.120000,0.000000,0.856299,-0.011913,-0.000000,0.000000,0.009493,-0.048672,0.000000,0.014054,0
1790545857.9833,-0.038555,0.022347,-0.011567,-0.041652,-0.038555,0.000000,0.120000,0.000000,0.886967,-0.011567,-0.000000,0.000000,0.006704,-0.048356,-0.000000,0.014107,0
1790545857.9972,-0.034821,0.019786,-0.010446,-0.042143,-0.034821,0.000000,0.120000,0.000000,0.917487,-0.010446,-0.000000,0.000000,0.005936,-0.048079,-0.000000,0.014039,0
1790545858.0111,-0.031285,0.017033,-0.009386,-0.042733,-0.031285,0.000000,0.120000,0.000000,0.947570,-0.009386,-0.000000,0.000000,0.005110,-0.047843,-0.000000,0.013838,0
1790545858.0251,-0.022081,0.007016,-0.006624,-0.045640,-0.022081,0.000000,0.120000,0.000000,0.978078,-0.006624,-0.000000,0.000000,0.002105,-0.047744,-0.000000,0.014034,0
1790545858.0390,-0.010258,-0.002524,-0.003077,-0.048537,-0.010258,0.000000,0.120000,0.000000,0.008176,-0.003077,-0.000000,0.000000,-0.000757,-0.047779,-0.000000,0.013845,0
1790545858.0525,0.000665,-0.009758,0.000200,-0.050839,0.000665,0.000000,0.120000,0.000000,0.037675,0.000200,-0.000000,0.000000,-0.002927,-0.047912,-0.000000,0.013570,0
1790545858.0667,0.006241,-0.014760,0.001872,-0.052540,0.006241,0.000000,0.120000,0.000000,0.067110,0.001872,-0.000000,0.000000,-0.004428,-0.048112,-0.000000,0.013540,0
1790545858.0821,0.010727,-0.024692,0.003218,-0.055906,0.010727,0.000000,0.120000,0.000000,0.101199,0.003218,-0.000000,0.000000,-0.007408,-0.048499,-0.000000,0.015681,0
1790545858.0967,-0.001428,-0.029826,-0.000428,-0.057886,-0.001428,0.000000,0.120000,0.000000,0.133223,-0.000428,-0.000000,-0.000000,-0.008948,-0.048938,-0.000000,0.014731,0
1790545858.1111,-0.004386,-0.027701,-0.001316,-0.057648,-0.004386,0.000000,0.120000,0.000000,0.164543,-0.001316,-0.000000,-0.000000,-0.008310,-0.049337,0.000000,0.014407,0
1790545858.1258,-0.007298,-0.018499,-0.002190,-0.055154,-0.007298,0.000000,0.120000,0.000000,0.195987,-0.002190,-0.000000,-0.000000,-0.005550,-0.049605,0.000000,0.014464,0
1790545858.1406,-0.011829,-0.004739,-0.003549,-0.051098,-0.011829,0.000000,0.120000,0.000000,0.228781,-0.003549,-0.000000,-0.000000,-0.001422,-0.049676,0.000000,0.015085,0
1790545858.1547,-0.016785,0.007317,-0.005035,-0.047377,-0.016785,0.000000,0.120000,0.000000,0.259711,-0.005035,-0.000000,-0.000000,0.002195,-0.049572,0.000000,0.014228,0
1790545858.1689,-0.023619,0.016978,-0.007086,-0.044242,-0.023619,0.000000,0.120000,0.000000,0.290073,-0.007086,-0.000000,-0.000000,0.005093,-0.049335,0.000000,0.013967,0
1790545858.1831,-0.031769,0.028813,-0.009531,-0.040277,-0.031769,0.000000,0.120000,0.000000,0.321374,-0.009531,-0.000000,-0.000000,0.008644,-0.048920,0.000000,0.014398,0
1790545858.1971,-0.030531,0.033565,-0.009159,-0.038382,-0.030531,0.000000,0.120000,0.000000,0.351763,-0.009159,-0.000000,0.000000,0.010070,-0.048451,0.000000,0.013979,0
1790545858.2111,-0.032056,0.031710,-0.009617,-0.038492,-0.032056,0.000000,0.120000,0.000000,0.382344,-0.009617,-0.000000,-0.000000,0.009513,-0.048005,-0.000000,0.014067,0
1790545858.2250,-0.036830,0.027168,-0.011049,-0.039477,-0.036830,0.000000,0.120000,0.000000,0.412546,-0.011049,-0.000000,-0.000000,0.008150,-0.047628,-0.000000,0.013893,0
1790545858.2390,-0.039503,0.023288,-0.011851,-0.040315,-0.039503,0.000000,0.120000,0.000000,0.442985,-0.011851,-0.000000,-0.000000,0.006986,-0.047302,-0.000000,0.014002,0
1790545858.2530,-0.044851,0.018656,-0.013455,-0.041443,-0.044851,0.000000,0.120000,0.000000,0.473422,-0.013455,-0.000000,-0.000000,0.005597,-0.047040,-0.000000,0.014001,0
1790545858.2669,-0.055039,0.010865,-0.016512,-0.043630,-0.055039,0.000000,0.120000,0.000000,0.503691,-0.016512,-0.000000,-0.000000,0.003259,-0.046889,-0.000000,0.013924,0
1790545858.2804,-0.069807,0.002171,-0.020942,-0.046208,-0.069807,0.000000,0.120000,0.000000,0.533134,-0.020942,-0.000000,-0.000000,0.000651,-0.046860,-0.000000,0.013544,0
1790545858.2940,-0.081613,-0.004276,-0.024484,-0.048201,-0.081613,0.000000,0.120000,0.000000,0.562677,-0.024484,-0.000000,-0.000000,-0.001283,-0.046918,-0.000000,0.013590,0
1790545858.3076,-0.089143,-0.010093,-0.026743,-0.050083,-0.089143,0.000000,0.120000,0.000000,0.592252,-0.026743,-0.000000,-0.000000,-0.003028,-0.047055,-0.000000,0.013605,0
1790545858.3214,-0.091504,-0.018340,-0.027451,-0.052811,-0.091504,0.000000,0.120000,0.000000,0.622327,-0.027451,-0.000000,-0.000000,-0.005502,-0.047309,-0.000000,0.013835,0
1790545858.3354,-0.084496,-0.022545,-0.025349,-0.054386,-0.084496,0.000000,0.120000,0.000000,0.652596,-0.025349,-0.000000,0.000000,-0.006764,-0.047623,-0.000000,0.013923,0
1790545858.3494,-0.075737,-0.017489,-0.022721,-0.053113,-0.075737,0.000000,0.120000,0.000000,0.682916,-0.022721,-0.000000,0.000000,-0.005247,-0.047867,0.000000,0.013947,0
1790545858.3635,-0.068825,-0.009217,-0.020648,-0.050762,-0.068825,0.000000,0.120000,0.000000,0.713576,-0.020648,-0.000000,0.000000,-0.002765,-0.047997,0.000000,0.014104,0
1790545858.3776,-0.062407,0.001951,-0.018722,-0.047384,-0.062407,0.000000,0.120000,0.000000,0.744242,-0.018722,-0.000000,0.000000,0.000585,-0.047969,0.000000,0.014106,0
1790545858.3917,-0.054455,0.016303,-0.016337,-0.042848,-0.054455,0.000000,0.120000,0.000000,0.774943,-0.016337,-0.000000,0.000000,0.004891,-0.047739,0.000000,0.014122,0
1790545858.4058,-0.043498,0.031233,-0.013049,-0.037930,-0.043498,0.000000,0.120000,0.000000,0.805510,-0.013049,-0.000000,0.000000,0.009370,-0.047300,0.000000,0.014061,0
1790545858.4200,-0.032427,0.045002,-0.009728,-0.033170,-0.032427,0.000000,0.120000,0.000000,0.835904,-0.009728,-0.000000,0.000000,0.013500,-0.046671,0.000000,0.013981,0
1790545858.4343,-0.037337,0.047753,-0.011201,-0.031650,-0.037337,0.000000,0.120000,0.000000,0.867529,-0.011201,-0.000000,-0.000000,0.014326,-0.045976,0.000000,0.014548,0
1790545858.4483,-0.037257,0.047168,-0.011177,-0.031166,-0.037257,0.000000,0.120000,0.000000,0.897925,-0.011177,-0.000000,0.000000,0.014150,-0.045316,-0.000000,0.013982,0
1790545858.4624,-0.024399,0.044304,-0.007320,-0.031401,-0.024399,0.000000,0.120000,0.000000,0.928521,-0.007320,-0.000000,0.000000,0.013291,-0.044693,-0.000000,0.014074,0
1790545858.4764,-0.023461,0.035949,-0.007038,-0.033402,-0.023461,0.000000,0.120000,0.000000,0.959121,-0.007038,-0.000000,0.000000,0.010785,-0.044187,-0.000000,0.014076,0
1790545858.4903,-0.015355,0.026128,-0.004606,-0.035985,-0.015355,0.000000,0.120000,0.000000,0.989347,-0.004606,-0.000000,0.000000,0.007838,-0.043824,-0.000000,0.013904,0
1790545858.5043,-0.004222,0.016213,-0.001267,-0.038733,-0.004222,0.000000,0.120000,0.000000,0.019741,-0.001267,-0.000000,0.000000,0.004864,-0.043597,-0.000000,0.013981,0
1790545858.5179,0.000069,0.005338,0.000021,-0.041923,0.000069,0.000000,0.120000,0.000000,0.049362,0.000021,-0.000000,0.000000,0.001601,-0.043524,-0.000000,0.013626,0
1790545858.5315,0.007848,-0.001325,0.002354,-0.043940,0.007848,0.000000,0.120000,0.000000,0.078944,0.002354,-0.000000,0.000000,-0.000398,-0.043542,-0.000000,0.013608,0
1790545858.5454,0.016265,-0.008150,0.004879,-0.046101,0.016265,0.000000,0.120000,0.000000,0.109220,0.004879,-0.000000,0.000000,-0.002445,-0.043656,-0.000000,0.013927,0
1790545858.5596,0.023911,-0.014194,0.007173,-0.048114,0.023911,0.000000,0.120000,0.000000,0.139819,0.007173,-0.000000,0.000000,-0.004258,-0.043855,-0.000000,0.014076,0
1790545858.5737,0.012477,-0.017891,0.003743,-0.049474,0.012477,0.000000,0.120000,0.000000,0.170407,0.003743,-0.000000,-0.000000,-0.005367,-0.044107,-0.000000,0.014070,0
1790545858.5877,0.002882,-0.010358,0.000864,-0.047360,0.002882,0.000000,0.120000,0.000000,0.200980,0.000864,-0.000000,-0.000000,-0.003108,-0.044253,0.000000,0.014064,0
1790545858.6017,-0.005885,-0.001640,-0.001766,-0.044768,-0.005885,0.000000,0.120000,0.000000,0.231518,-0.001766,-0.000000,-0.000000,-0.000492,-0.044276,0.000000,0.014048,0
1790545858.6156,-0.013791,0.008150,-0.004137,-0.041717,-0.013791,0.000000,0.120000,0.000000,0.261814,-0.004137,-0.000000,-0.000000,0.002445,-0.044162,0.000000,0.013936,0
1790545858.6295,-0.022604,0.018784,-0.006781,-0.038266,-0.022604,0.000000,0.120000,0.000000,0.292033,-0.006781,-0.000000,-0.000000,0.005635,-0.043901,0.000000,0.013901,0
1790545858.6434,-0.025022,0.020973,-0.007507,-0.037318,-0.025022,0.000000,0.120000,0.000000,0.322279,-0.007507,-0.000000,-0.000000,0.006292,-0.043609,0.000000,0.013913,0
1790545858.6573,-0.026324,0.020571,-0.007897,-0.037153,-0.026324,0.000000,0.120000,0.000000,0.352466,-0.007897,-0.000000,-0.000000,0.006171,-0.043324,-0.000000,0.013886,0
1790545858.6716,-0.032712,0.018075,-0.009814,-0.037650,-0.032712,0.000000,0.120000,0.000000,0.382754,-0.009814,-0.000000,-0.000000,0.005422,-0.043072,-0.000000,0.013932,0
1790545858.6858,-0.035187,0.009480,-0.010556,-0.040091,-0.035187,0.000000,0.120000,0.000000,0.414200,-0.010556,-0.000000,-0.000000,0.002844,-0.042935,-0.000000,0.014466,0
1790545858.6998,-0.039126,0.003094,-0.011738,-0.041963,-0.039126,0.000000,0.120000,0.000000,0.444804,-0.011738,-0.000000,-0.000000,0.000928,-0.042891,-0.000000,0.014078,0
1790545858.7138,-0.049474,-0.001473,-0.014842,-0.043353,-0.049474,0.000000,0.120000,0.000000,0.475082,-0.014842,-0.000000,-0.000000,-0.000442,-0.042912,-0.000000,0.013928,0
1790545858.7278,-0.059366,-0.009790,-0.017810,-0.045986,-0.059366,0.000000,0.120000,0.000000,0.505554,-0.017810,-0.000000,-0.000000,-0.002937,-0.043049,-0.000000,0.014017,0
1790545858.7414,-0.073170,-0.017293,-0.021951,-0.048473,-0.073170,0.000000,0.120000,0.000000,0.535194,-0.021951,-0.000000,-0.000000,-0.005188,-0.043285,-0.000000,0.013634,0
1790545858.7550,-0.082190,-0.021515,-0.024657,-0.050032,-0.082190,0.000000,0.120000,0.000000,0.564808,-0.024657,-0.000000,-0.000000,-0.006455,-0.043578,-0.000000,0.013623,0
1790545858.7687,-0.087760,-0.026420,-0.026328,-0.051865,-0.087760,0.000000,0.120000,0.000000,0.594492,-0.026328,-0.000000,-0.000000,-0.007926,-0.043939,-0.000000,0.013655,0
1790545858.7827,-0.086808,-0.032448,-0.026042,-0.054129,-0.086808,0.000000,0.120000,0.000000,0.625033,-0.026042,-0.000000,0.000000,-0.009734,-0.044394,-0.000000,0.014049,0
1790545858.7966,-0.080519,-0.035517,-0.024156,-0.055544,-0.080519,0.000000,0.120000,0.000000,0.655279,-0.024156,-0.000000,0.000000,-0.010655,-0.044889,-0.000000,0.013913,0
1790545858.8106,-0.074076,-0.032516,-0.022223,-0.055097,-0.074076,0.000000,0.120000,0.000000,0.685587,-0.022223,-0.000000,0.000000,-0.009755,-0.045342,0.000000,0.013941,0
1790545858.8244,-0.070234,-0.025972,-0.021070,-0.053493,-0.070234,0.000000,0.120000,0.000000,0.715664,-0.021070,-0.000000,0.000000,-0.007792,-0.045701,0.000000,0.013836,0
1790545858.8383,-0.063291,-0.017375,-0.018987,-0.051156,-0.063291,0.000000,0.120000,0.000000,0.745991,-0.018987,-0.000000,0.000000,-0.005212,-0.045944,0.000000,0.013950,0
1790545858.8523,-0.050123,-0.005598,-0.015037,-0.047701,-0.050123,0.000000,0.120000,0.000000,0.776413,-0.015037,-0.000000,0.000000,-0.001680,-0.046022,0.000000,0.013994,0
1790545858.8663,-0.036702,0.010564,-0.011011,-0.042706,-0.036702,0.000000,0.120000,0.000000,0.806555,-0.011011,-0.000000,0.000000,0.003169,-0.045876,0.000000,0.013865,0
1790545858.8806,-0.024365,0.030869,-0.007309,-0.036174,-0.024365,0.000000,0.120000,0.000000,0.837575,-0.007309,-0.000000,0.000000,0.009261,-0.045435,0.000000,0.014269,0
1790545858.8944,-0.029539,0.033210,-0.008862,-0.035009,-0.029539,0.000000,0.120000,0.000000,0.867919,-0.008862,-0.000000,-0.000000,0.009963,-0.044971,0.000000,0.013958,0
1790545858.9084,-0.029169,0.027222,-0.008751,-0.036424,-0.029169,0.000000,0.120000,0.000000,0.898330,-0.008751,-0.000000,0.000000,0.008167,-0.044591,-0.000000,0.013989,0
1790545858.9226,-0.021696,0.021748,-0.006509,-0.037762,-0.021696,0.000000,0.120000,0.000000,0.928702,-0.006509,-0.000000,0.000000,0.006525,-0.044287,-0.000000,0.013971,0
1790545858.9371,-0.025206,0.015728,-0.007562,-0.039340,-0.025206,0.000000,0.120000,0.000000,0.960202,-0.007562,-0.000000,-0.000000,0.004718,-0.044059,-0.000000,0.014490,0
1790545858.9512,-0.022717,0.010240,-0.006815,-0.040841,-0.022717,0.000000,0.120000,0.000000,0.991205,-0.006815,-0.000000,0.000000,0.003072,-0.043913,-0.000000,0.014261,0
1790545858.9654,-0.018087,0.005259,-0.005426,-0.042260,-0.018087,0.000000,0.120000,0.000000,0.022070,-0.005426,-0.000000,0.000000,0.001578,-0.043838,-0.000000,0.014198,0
1790545858.9791,-0.014146,0.001122,-0.004244,-0.043486,-0.014146,0.000000,0.120000,0.000000,0.051934,-0.004244,-0.000000,0.000000,0.000337,-0.043823,-0.000000,0.013737,0
1790545858.9928,-0.011784,0.004195,-0.003535,-0.042507,-0.011784,0.000000,0.120000,0.000000,0.081539,-0.003535,-0.000000,0.000000,0.001259,-0.043766,0.000000,0.013618,0
1790545859.0068,-0.014395,0.012813,-0.004319,-0.039741,-0.014395,0.000000,0.120000,0.000000,0.112152,-0.004319,-0.000000,-0.000000,0.003844,-0.043585,0.000000,0.014082,0
1790545859.0206,-0.017084,0.020379,-0.005125,-0.037190,-0.017084,0.000000,0.120000,0.000000,0.142158,-0.005125,-0.000000,-0.000000,0.006114,-0.043304,0.000000,0.013803,0
1790545859.0345,-0.016942,0.029062,-0.005083,-0.034182,-0.016942,0.000000,0.120000,0.000000,0.172343,-0.005083,-0.000000,0.000000,0.008719,-0.042900,0.000000,0.013885,0
1790545859.0484,-0.018463,0.037166,-0.005539,-0.031232,-0.018463,0.000000,0.120000,0.000000,0.202657,-0.005539,-0.000000,-0.000000,0.011150,-0.042382,0.000000,0.013945,0
1790545859.0624,-0.017152,0.041128,-0.005146,-0.029469,-0.017152,0.000000,0.120000,0.000000,0.233031,-0.005146,-0.000000,0.000000,0.012338,-0.041807,0.000000,0.013972,0
1790545859.0763,-0.016118,0.039953,-0.004835,-0.029265,-0.016118,0.000000,0.120000,0.000000,0.263307,-0.004835,-0.000000,0.000000,0.011986,-0.041251,-0.000000,0.013927,0
1790545859.0903,-0.016643,0.038000,-0.004993,-0.029320,-0.016643,0.000000,0.120000,0.000000,0.293716,-0.004993,-0.000000,-0.000000,0.011400,-0.040720,-0.000000,0.013988,0
1790545859.1042,-0.017445,0.031797,-0.005234,-0.030737,-0.017445,0.000000,0.120000,0.000000,0.324004,-0.005234,-0.000000,-0.000000,0.009539,-0.040277,-0.000000,0.013932,0
1790545859.1181,-0.025927,0.026903,-0.007778,-0.031831,-0.025927,0.000000,0.120000,0.000000,0.354271,-0.007778,-0.000000,-0.000000,0.008071,-0.039902,-0.000000,0.013923,0
1790545859.1321,-0.031283,0.023033,-0.009385,-0.032673,-0.031283,0.000000,0.120000,0.000000,0.384362,-0.009385,-0.000000,-0.000000,0.006910,-0.039583,-0.000000,0.013842,0
1790545859.1462,-0.033885,0.019351,-0.010166,-0.033503,-0.033885,0.000000,0.120000,0.000000,0.415214,-0.010166,-0.000000,-0.000000,0.005805,-0.039309,-0.000000,0.014192,0
1790545859.1601,-0.033831,0.014263,-0.010149,-0.034831,-0.033831,0.000000,0.120000,0.000000,0.445421,-0.010149,-0.000000,0.000000,0.004279,-0.039110,-0.000000,0.013896,0
1790545859.1743,-0.039393,0.011163,-0.011818,-0.035607,-0.039393,0.000000,0.120000,0.000000,0.475569,-0.011818,-0.000000,-0.000000,0.003349,-0.038956,-0.000000,0.013868,0
1790545859.1885,-0.048547,0.007545,-0.014564,-0.036583,-0.048547,0.000000,0.120000,0.000000,0.507066,-0.014564,-0.000000,-0.000000,0.002263,-0.038846,-0.000000,0.014488,0
1790545859.2022,-0.053776,0.004780,-0.016133,-0.037347,-0.053776,0.000000,0.120000,0.000000,0.536743,-0.016133,-0.000000,-0.000000,0.001434,-0.038781,-0.000000,0.013651,0
1790545859.2158,-0.057692,0.003952,-0.017308,-0.037541,-0.057692,0.000000,0.120000,0.000000,0.566487,-0.017308,-0.000000,-0.000000,0.001186,-0.038727,-0.000000,0.013682,0
1790545859.2298,-0.058778,0.004524,-0.017633,-0.037306,-0.058778,0.000000,0.120000,0.000000,0.596876,-0.017633,-0.000000,-0.000000,0.001357,-0.038664,0.000000,0.013979,0
1790545859.2437,-0.059406,0.005808,-0.017822,-0.036840,-0.059406,0.000000,0.120000,0.000000,0.627152,-0.017822,-0.000000,-0.000000,0.001742,-0.038583,0.000000,0.013927,0
1790545859.2577,-0.057712,0.007952,-0.017313,-0.036086,-0.057712,0.000000,0.120000,0.000000,0.657616,-0.017313,-0.000000,0.000000,0.002386,-0.038471,0.000000,0.014014,0
1790545859.2717,-0.050759,0.012051,-0.015228,-0.034687,-0.050759,0.000000,0.120000,0.000000,0.688012,-0.015228,-0.000000,0.000000,0.003615,-0.038303,0.000000,0.013982,0
1790545859.2857,-0.044038,0.017303,-0.013211,-0.032871,-0.044038,0.000000,0.120000,0.000000,0.718231,-0.013211,-0.000000,0.000000,0.005191,-0.038062,0.000000,0.013901,0
1790545859.2994,-0.038192,0.024413,-0.011457,-0.030400,-0.038192,0.000000,0.120000,0.000000,0.748354,-0.011457,-0.000000,0.000000,0.007324,-0.037724,0.000000,0.013856,0
1790545859.3134,-0.040210,0.025074,-0.012063,-0.029852,-0.040210,0.000000,0.120000,0.000000,0.778688,-0.012063,-0.000000,-0.000000,0.007522,-0.037374,0.000000,0.013953,0
1790545859.3273,-0.036856,0.022893,-0.011057,-0.030187,-0.036856,0.000000,0.120000,0.000000,0.808965,-0.011057,-0.000000,0.000000,0.006868,-0.037055,-0.000000,0.013928,0
1790545859.3415,-0.034462,0.021614,-0.010339,-0.030270,-0.034462,0.000000,0.120000,0.000000,0.839219,-0.010339,-0.000000,0.000000,0.006484,-0.036754,-0.000000,0.013917,0
1790545859.3561,-0.031115,0.023278,-0.009335,-0.029427,-0.031115,0.000000,0.120000,0.000000,0.871313,-0.009335,-0.000000,0.000000,0.006983,-0.036411,0.000000,0.014763,0
1790545859.3702,-0.029304,0.026832,-0.008791,-0.027982,-0.029304,0.000000,0.120000,0.000000,0.902054,-0.008791,-0.000000,0.000000,0.008050,-0.036031,0.000000,0.014141,0
1790545859.3844,-0.028403,0.029055,-0.008521,-0.026905,-0.028403,0.000000,0.120000,0.000000,0.932727,-0.008521,-0.000000,0.000000,0.008716,-0.035621,0.000000,0.014110,0
1790545859.3984,-0.033592,0.031159,-0.010078,-0.025833,-0.033592,0.000000,0.120000,0.000000,0.963485,-0.010078,-0.000000,-0.000000,0.009348,-0.035181,0.000000,0.014148,0
1790545859.4124,-0.036921,0.036319,-0.011076,-0.023776,-0.036921,0.000000,0.120000,0.000000,0.993926,-0.011076,-0.000000,-0.000000,0.010896,-0.034672,0.000000,0.014003,0
1790545859.4267,-0.042969,0.044451,-0.012891,-0.020710,-0.042969,0.000000,0.120000,0.000000,0.024587,-0.012891,-0.000000,-0.000000,0.013335,-0.034045,0.000000,0.014104,0
1790545859.4406,-0.048858,0.054325,-0.014658,-0.016986,-0.048858,0.000000,0.120000,0.000000,0.055048,-0.014658,-0.000000,-0.000000,0.016298,-0.033284,0.000000,0.014012,0
1790545859.4544,-0.052360,0.063535,-0.015708,-0.013349,-0.052360,0.000000,0.120000,0.000000,0.084951,-0.015708,-0.000000,-0.000000,0.019060,-0.032410,0.000000,0.013755,0
1790545859.4684,-0.056634,0.074027,-0.016990,-0.009159,-0.056634,0.000000,0.120000,0.000000,0.115573,-0.016990,-0.000000,-0.000000,0.022208,-0.031367,0.000000,0.014086,0
1790545859.4825,-0.061605,0.085307,-0.018482,-0.004569,-0.061605,0.000000,0.120000,0.000000,0.146305,-0.018482,-0.000000,-0.000000,0.025592,-0.030161,0.000000,0.014137,0
1790545859.4965,-0.057554,0.085390,-0.017266,-0.003348,-0.057554,0.000000,0.120000,0.000000,0.176768,-0.017266,-0.000000,0.000000,0.025617,-0.028965,0.000000,0.014013,0
1790545859.5104,-0.049126,0.078981,-0.014738,-0.004170,-0.049126,0.000000,0.120000,0.000000,0.207044,-0.014738,-0.000000,0.000000,0.023694,-0.027865,-0.000000,0.013927,0
1790545859.5245,-0.051510,0.071783,-0.015453,-0.005326,-0.051510,0.000000,0.120000,0.000000,0.237456,-0.015453,-0.000000,-0.000000,0.021535,-0.026860,-0.000000,0.013989,0
1790545859.5384,-0.047212,0.062349,-0.014164,-0.007280,-0.047212,0.000000,0.120000,0.000000,0.267981,-0.014164,-0.000000,0.000000,0.018705,-0.025985,-0.000000,0.014041,0
1790545859.5523,-0.042323,0.054610,-0.012697,-0.008845,-0.042323,0.000000,0.120000,0.000000,0.298112,-0.012697,-0.000000,0.000000,0.016383,-0.025228,-0.000000,0.013860,0
1790545859.5662,-0.038159,0.049313,-0.011448,-0.009749,-0.038159,0.000000,0.120000,0.000000,0.328313,-0.011448,-0.000000,0.000000,0.014794,-0.024543,-0.000000,0.013893,0
1790545859.5803,-0.031207,0.039032,-0.009362,-0.012286,-0.031207,0.000000,0.120000,0.000000,0.358825,-0.009362,-0.000000,0.000000,0.011710,-0.023995,-0.000000,0.014035,0
1790545859.5942,-0.036992,0.030578,-0.011098,-0.014396,-0.036992,0.000000,0.120000,0.000000,0.389130,-0.011098,-0.000000,-0.000000,0.009173,-0.023569,-0.000000,0.013940,0
1790545859.6081,-0.052534,0.029550,-0.015760,-0.014292,-0.052534,0.000000,0.120000,0.000000,0.419413,-0.015760,-0.000000,-0.000000,0.008865,-0.023157,-0.000000,0.013930,0
1790545859.6220,-0.051531,0.028763,-0.015459,-0.014130,-0.051531,0.000000,0.120000,0.000000,0.449523,-0.015459,-0.000000,0.000000,0.008629,-0.022759,-0.000000,0.013851,0
1790545859.6359,-0.047949,0.031733,-0.014385,-0.012795,-0.047949,0.000000,0.120000,0.000000,0.479905,-0.014385,-0.000000,0.000000,0.009520,-0.022315,0.000000,0.013976,0
1790545859.6499,-0.050224,0.034051,-0.015067,-0.011625,-0.050224,0.000000,0.120000,0.000000,0.510245,-0.015067,-0.000000,-0.000000,0.010215,-0.021840,0.000000,0.013957,0
1790545859.6635,-0.047701,0.034259,-0.014310,-0.011096,-0.047701,0.000000,0.120000,0.000000,0.539848,-0.014310,-0.000000,0.000000,0.010278,-0.021374,0.000000,0.013617,0
1790545859.6774,-0.040763,0.035414,-0.012229,-0.010269,-0.040763,0.000000,0.120000,0.000000,0.569370,-0.012229,-0.000000,0.000000,0.010624,-0.020893,0.000000,0.013580,0
1790545859.6917,-0.037274,0.040615,-0.011182,-0.008119,-0.037274,0.000000,0.120000,0.000000,0.600935,-0.011182,-0.000000,0.000000,0.012184,-0.020303,0.000000,0.014520,0
1790545859.7056,-0.031213,0.042739,-0.009364,-0.006884,-0.031213,0.000000,0.120000,0.000000,0.631300,-0.009364,-0.000000,0.000000,0.012822,-0.019706,0.000000,0.013968,0
1790545859.7197,-0.028524,0.045814,-0.008557,-0.005319,-0.028524,0.000000,0.120000,0.000000,0.661785,-0.008557,-0.000000,0.000000,0.013744,-0.019064,0.000000,0.014023,0
1790545859.7336,-0.027846,0.047355,-0.008354,-0.004195,-0.027846,0.000000,0.120000,0.000000,0.692192,-0.008354,-0.000000,0.000000,0.014207,-0.018401,0.000000,0.013987,0
1790545859.7475,-0.030242,0.040409,-0.009073,-0.005717,-0.030242,0.000000,0.120000,0.000000,0.722407,-0.009073,-0.000000,-0.000000,0.012123,-0.017840,-0.000000,0.013899,0
1790545859.7614,-0.036396,0.035444,-0.010919,-0.006714,-0.036396,0.000000,0.120000,0.000000,0.752614,-0.010919,-0.000000,-0.000000,0.010633,-0.017347,-0.000000,0.013895,0
1790545859.7752,-0.038465,0.029588,-0.011540,-0.008062,-0.038465,0.000000,0.120000,0.000000,0.782646,-0.011540,-0.000000,-0.000000,0.008876,-0.016938,-0.000000,0.013815,0
1790545859.7893,-0.036546,0.027042,-0.010964,-0.008444,-0.036546,0.000000,0.120000,0.000000,0.813321,-0.010964,-0.000000,0.000000,0.008113,-0.016557,-0.000000,0.014111,0
1790545859.8033,-0.032688,0.027633,-0.009807,-0.007880,-0.032688,0.000000,0.120000,0.000000,0.843728,-0.009807,-0.000000,0.000000,0.008290,-0.016170,0.000000,0.013987,0
1790545859.8171,-0.035810,0.030277,-0.010743,-0.006669,-0.035810,0.000000,0.120000,0.000000,0.873766,-0.010743,-0.000000,-0.000000,0.009083,-0.015752,0.000000,0.013818,0
1790545859.8311,-0.041751,0.035467,-0.012525,-0.004618,-0.041751,0.000000,0.120000,0.000000,0.904010,-0.012525,-0.000000,-0.000000,0.010640,-0.015258,0.000000,0.013912,0
1790545859.8451,-0.043680,0.041604,-0.013104,-0.002192,-0.043680,0.000000,0.120000,0.000000,0.934587,-0.013104,-0.000000,-0.000000,0.012481,-0.014673,0.000000,0.014066,0
1790545859.8591,-0.051931,0.048386,-0.015579,0.000516,-0.051931,0.000000,0.120000,0.000000,0.964864,-0.015579,-0.000000,-0.000000,0.014516,-0.013999,0.000000,0.013927,0
1790545859.8732,-0.063100,0.059777,-0.018930,0.004771,-0.063100,0.000000,0.120000,0.000000,0.995324,-0.018930,-0.000000,-0.000000,0.017933,-0.013162,0.000000,0.014011,0
1790545859.8872,-0.074891,0.070047,-0.022467,0.008843,-0.074891,0.000000,0.120000,0.000000,0.026084,-0.022467,-0.000000,-0.000000,0.021014,-0.012171,0.000000,0.014150,0
1790545859.9009,-0.079830,0.074040,-0.023949,0.011054,-0.079830,0.000000,0.120000,0.000000,0.055814,-0.023949,-0.000000,-0.000000,0.022212,-0.011158,0.000000,0.013676,0
1790545859.9145,-0.085988,0.080661,-0.025797,0.014142,-0.085988,0.000000,0.120000,0.000000,0.085497,-0.025797,-0.000000,-0.000000,0.024198,-0.010057,0.000000,0.013654,0
1790545859.9287,-0.091501,0.087863,-0.027450,0.017527,-0.091501,0.000000,0.120000,0.000000,0.115806,-0.027450,-0.000000,-0.000000,0.026359,-0.008832,0.000000,0.013942,0
1790545859.9430,-0.085765,0.083231,-0.025729,0.017342,-0.085765,0.000000,0.120000,0.000000,0.147256,-0.025729,-0.000000,0.000000,0.024969,-0.007628,-0.000000,0.014467,0
1790545859.9569,-0.081509,0.076041,-0.024453,0.016247,-0.081509,0.000000,0.120000,0.000000,0.177631,-0.024453,-0.000000,0.000000,0.022812,-0.006565,-0.000000,0.013972,0
1790545859.9709,-0.077636,0.067875,-0.023291,0.014743,-0.077636,0.000000,0.120000,0.000000,0.207913,-0.023291,-0.000000,0.000000,0.020362,-0.005620,-0.000000,0.013930,0
1790545859.9850,-0.070079,0.059425,-0.021024,0.013045,-0.070079,0.000000,0.120000,0.000000,0.238534,-0.021024,-0.000000,0.000000,0.017827,-0.004783,-0.000000,0.014086,0
1790545859.9988,-0.063947,0.053449,-0.019184,0.011994,-0.063947,0.000000,0.120000,0.000000,0.268716,-0.019184,-0.000000,0.000000,0.016035,-0.004041,-0.000000,0.013884,0
1790545860.0127,-0.059422,0.046946,-0.017827,0.010697,-0.059422,0.000000,0.120000,0.000000,0.298971,-0.017827,-0.000000,0.000000,0.014084,-0.003387,-0.000000,0.013917,0
1790545860.0268,-0.055876,0.038146,-0.016763,0.008592,-0.055876,0.000000,0.120000,0.000000,0.329464,-0.016763,-0.000000,0.000000,0.011444,-0.002852,-0.000000,0.014027,0
1790545860.0406,-0.047906,0.026613,-0.014372,0.005501,-0.047906,0.000000,0.120000,0.000000,0.359650,-0.014372,-0.000000,0.000000,0.007984,-0.002483,-0.000000,0.013885,0
1790545860.0545,-0.038872,0.014759,-0.011661,0.002150,-0.038872,0.000000,0.120000,0.000000,0.389849,-0.011661,-0.000000,0.000000,0.004428,-0.002278,-0.000000,0.013892,0
1790545860.0684,-0.043044,0.007672,-0.012913,0.000131,-0.043044,0.000000,0.120000,0.000000,0.420218,-0.012913,-0.000000,-0.000000,0.002302,-0.002170,-0.000000,0.013970,0
1790545860.0823,-0.043144,0.007141,-0.012943,0.000071,-0.043144,0.000000,0.120000,0.000000,0.450330,-0.012943,-0.000000,-0.000000,0.002142,-0.002071,-0.000000,0.013852,0
1790545860.0968,-0.035353,0.012179,-0.010606,0.001756,-0.035353,0.000000,0.120000,0.000000,0.481342,-0.010606,-0.000000,0.000000,0.003654,-0.001898,0.000000,0.014265,0
1790545860.1112,-0.036873,0.014124,-0.011062,0.002546,-0.036873,0.000000,0.120000,0.000000,0.513101,-0.011062,-0.000000,-0.000000,0.004237,-0.001691,0.000000,0.014609,0
1790545860.1249,-0.037710,0.011099,-0.011313,0.001791,-0.037710,0.000000,0.120000,0.000000,0.542946,-0.011313,-0.000000,-0.000000,0.003330,-0.001539,-0.000000,0.013729,0
1790545860.1386,-0.038640,0.006813,-0.011592,0.000598,-0.038640,0.000000,0.120000,0.000000,0.572700,-0.011592,-0.000000,-0.000000,0.002044,-0.001446,-0.000000,0.013687,0
1790545860.1533,-0.038524,0.005038,-0.011557,0.000137,-0.038524,0.000000,0.120000,0.000000,0.603393,-0.011557,-0.000000,0.000000,0.001511,-0.001375,-0.000000,0.014119,0
1790545860.1683,-0.039309,0.005334,-0.011793,0.000307,-0.039309,0.000000,0.120000,0.000000,0.636662,-0.011793,-0.000000,-0.000000,0.001600,-0.001293,0.000000,0.015304,0
1790545860.1831,-0.037577,0.004597,-0.011273,0.000153,-0.037577,0.000000,0.120000,0.000000,0.668160,-0.011273,-0.000000,0.000000,0.001379,-0.001226,-0.000000,0.014489,0
1790545860.1980,-0.041281,-0.000377,-0.012384,-0.001345,-0.041281,0.000000,0.120000,0.000000,0.701216,-0.012384,-0.000000,-0.000000,-0.000113,-0.001232,-0.000000,0.015206,0
1790545860.2129,-0.044430,-0.005231,-0.013329,-0.002879,-0.044430,0.000000,0.120000,0.000000,0.733199,-0.013329,-0.000000,-0.000000,-0.001569,-0.001309,-0.000000,0.014712,0
1790545860.2270,-0.038913,-0.007803,-0.011674,-0.003763,-0.038913,0.000000,0.120000,0.000000,0.764568,-0.011674,-0.000000,0.000000,-0.002341,-0.001422,-0.000000,0.014430,0
1790545860.2412,-0.036560,-0.006261,-0.010968,-0.003389,-0.036560,0.000000,0.120000,0.000000,0.795404,-0.010968,-0.000000,0.000000,-0.001878,-0.001511,0.000000,0.014185,0
1790545860.2553,-0.039079,-0.003466,-0.011724,-0.002599,-0.039079,0.000000,0.120000,0.000000,0.826164,-0.011724,-0.000000,-0.000000,-0.001040,-0.001560,0.000000,0.014150,0
1790545860.2694,-0.038717,0.000270,-0.011615,-0.001475,-0.038717,0.000000,0.120000,0.000000,0.856776,-0.011615,-0.000000,0.000000,0.000081,-0.001556,0.000000,0.014081,0
1790545860.2836,-0.035000,0.005507,-0.010500,0.000175,-0.035000,0.000000,0.120000,0.000000,0.887749,-0.010500,-0.000000,0.000000,0.001652,-0.001477,0.000000,0.014248,0
1790545860.2977,-0.031571,0.010535,-0.009471,0.001832,-0.031571,0.000000,0.120000,0.000000,0.918357,-0.009471,-0.000000,0.000000,0.003161,-0.001329,0.000000,0.014080,0
1790545860.3116,-0.038623,0.014922,-0.011587,0.003356,-0.038623,0.000000,0.120000,0.000000,0.948788,-0.011587,-0.000000,-0.000000,0.004476,-0.001120,0.000000,0.013998,0
1790545860.3256,-0.046393,0.023379,-0.013918,0.006220,-0.046393,0.000000,0.120000,0.000000,0.979138,-0.013918,-0.000000,-0.000000,0.007014,-0.000794,0.000000,0.013961,0
1790545860.3397,-0.057630,0.035961,-0.017289,0.010499,-0.057630,0.000000,0.120000,0.000000,0.009616,-0.017289,-0.000000,-0.000000,0.010788,-0.000290,0.000000,0.014020,0
1790545860.3535,-0.071848,0.048951,-0.021554,0.015069,-0.071848,0.000000,0.120000,0.000000,0.039525,-0.021554,-0.000000,-0.000000,0.014685,0.000384,0.000000,0.013758,0
1790545860.3670,-0.083541,0.059315,-0.025062,0.018989,-0.083541,0.000000,0.120000,0.000000,0.069232,-0.025062,-0.000000,-0.000000,0.017795,0.001194,0.000000,0.013665,0
1790545860.3810,-0.084665,0.057953,-0.025400,0.019387,-0.084665,0.000000,0.120000,0.000000,0.099500,-0.025400,-0.000000,-0.000000,0.017386,0.002001,-0.000000,0.013923,0
1790545860.3952,-0.083414,0.053633,-0.025024,0.018851,-0.083414,0.000000,0.120000,0.000000,0.130300,-0.025024,-0.000000,0.000000,0.016090,0.002761,-0.000000,0.014168,0
1790545860.4091,-0.083486,0.050760,-0.025046,0.018699,-0.083486,0.000000,0.120000,0.000000,0.160692,-0.025046,-0.000000,-0.000000,0.015228,0.003471,-0.000000,0.013980,0
1790545860.4231,-0.078773,0.047267,-0.023632,0.018310,-0.078773,0.000000,0.119770,0.000000,0.190986,-0.023632,-0.000000,0.000000,0.014180,0.004130,-0.000000,0.013935,0
1790545860.4374,-0.069754,0.041240,-0.020926,0.017084,-0.069754,0.000000,0.119071,0.000000,0.221661,-0.020926,-0.000000,0.000000,0.012372,0.004712,-0.000000,0.014111,0
1790545860.4520,-0.065582,0.034304,-0.019675,0.015505,-0.065582,0.000000,0.117853,0.000000,0.253522,-0.019675,-0.000000,0.000000,0.010291,0.005214,-0.000000,0.014656,0
1790545860.4660,-0.060180,0.026478,-0.018054,0.013529,-0.060180,0.000000,0.116226,0.000000,0.284055,-0.018054,-0.000000,0.000000,0.007943,0.005586,-0.000000,0.014045,0
1790545860.4801,-0.053441,0.018876,-0.016032,0.011516,-0.053441,0.000000,0.114146,0.000000,0.314804,-0.016032,-0.000000,0.000000,0.005663,0.005853,-0.000000,0.014145,0
1790545860.4940,-0.045367,0.010330,-0.013610,0.009097,-0.045367,0.000000,0.111666,0.000000,0.345233,-0.013610,-0.000000,0.000000,0.003099,0.005998,-0.000000,0.013997,0
1790545860.5081,-0.035868,0.000138,-0.010760,0.006041,-0.035868,0.000000,0.108778,0.000000,0.375746,-0.010760,-0.000000,0.000000,0.000041,0.006000,-0.000000,0.014036,0
1790545860.5219,-0.039847,-0.003234,-0.011954,0.004984,-0.039847,0.000000,0.105540,0.000000,0.406004,-0.011954,-0.000000,-0.000000,-0.000970,0.005955,-0.000000,0.013919,0
1790545860.5359,-0.037592,-0.000197,-0.011278,0.005893,-0.037592,0.000000,0.101947,0.000000,0.436316,-0.011278,-0.000000,0.000000,-0.000059,0.005952,0.000000,0.013943,0
1790545860.5498,-0.032612,0.002560,-0.009784,0.006755,-0.032612,0.000000,0.098060,0.000000,0.466426,-0.009784,-0.000000,0.000000,0.000768,0.005987,0.000000,0.013851,0
1790545860.5638,-0.034051,0.004792,-0.010215,0.007492,-0.034051,0.000000,0.093842,0.000000,0.496834,-0.010215,-0.000000,-0.000000,0.001438,0.006054,0.000000,0.013988,0
1790545860.5777,-0.033162,0.005175,-0.009949,0.007679,-0.033162,0.000000,0.089365,0.000000,0.527225,-0.009949,-0.000000,0.000000,0.001552,0.006127,0.000000,0.013980,0
1790545860.5913,-0.030928,0.004225,-0.009278,0.007452,-0.030928,0.000000,0.084797,0.000000,0.556762,-0.009278,-0.000000,0.000000,0.001267,0.006184,-0.000000,0.013587,0
1790545860.6049,-0.028243,0.005595,-0.008473,0.007939,-0.028243,0.000000,0.080044,0.000000,0.586319,-0.008473,-0.000000,0.000000,0.001679,0.006260,0.000000,0.013597,0
1790545860.6189,-0.026565,0.010041,-0.007969,0.009413,-0.026565,0.000000,0.075000,0.000000,0.616744,-0.007969,-0.000000,0.000000,0.003012,0.006401,0.000000,0.013995,0
1790545860.6329,-0.022303,0.012533,-0.006691,0.010336,-0.022303,0.000000,0.069855,0.000000,0.647085,-0.006691,-0.000000,0.000000,0.003760,0.006576,0.000000,0.013957,0
1790545860.6468,-0.027119,0.008738,-0.008136,0.009319,-0.027119,0.000000,0.064625,0.000000,0.677472,-0.008136,-0.000000,-0.000000,0.002621,0.006698,-0.000000,0.013978,0
1790545860.6608,-0.031498,0.002429,-0.009449,0.007460,-0.031498,0.000000,0.059370,0.000000,0.707801,-0.009449,-0.000000,-0.000000,0.000729,0.006732,-0.000000,0.013951,0
1790545860.6747,-0.034561,-0.002671,-0.010368,0.005893,-0.034561,0.000000,0.054131,0.000000,0.738069,-0.010368,-0.000000,-0.000000,-0.000801,0.006695,-0.000000,0.013923,0
1790545860.6889,-0.033744,-0.008208,-0.010123,0.004119,-0.033744,0.000000,0.048974,0.000000,0.768113,-0.010123,-0.000000,0.000000,-0.002463,0.006581,-0.000000,0.013820,0
1790545860.7031,-0.029989,-0.009110,-0.008997,0.003716,-0.029989,0.000000,0.043634,0.000000,0.799755,-0.008997,-0.000000,0.000000,-0.002733,0.006448,-0.000000,0.014555,0
1790545860.7170,-0.034680,-0.006965,-0.010404,0.004262,-0.034680,0.000000,0.038653,0.000000,0.830027,-0.010404,-0.000000,-0.000000,-0.002089,0.006351,0.000000,0.013925,0
1790545860.7310,-0.036433,-0.003689,-0.010930,0.005193,-0.036433,0.000000,0.033822,0.000000,0.860379,-0.010930,-0.000000,-0.000000,-0.001107,0.006300,0.000000,0.013962,0
1790545860.7449,-0.035176,0.001027,-0.010553,0.006622,-0.035176,0.000000,0.029226,0.000000,0.890509,-0.010553,-0.000000,0.000000,0.000308,0.006314,0.000000,0.013860,0
1790545860.7589,-0.031619,0.003759,-0.009486,0.007495,-0.031619,0.000000,0.024815,0.000000,0.920974,-0.009486,-0.000000,0.000000,0.001128,0.006367,0.000000,0.014014,0
1790545860.7729,-0.035245,0.005658,-0.010574,0.008143,-0.035245,0.000000,0.020680,0.000000,0.951420,-0.010574,-0.000000,-0.000000,0.001697,0.006446,0.000000,0.014005,0
1790545860.7869,-0.043674,0.012713,-0.013102,0.010439,-0.043674,0.000000,0.016834,0.000000,0.981991,-0.013102,-0.000000,-0.000000,0.003814,0.006625,0.000000,0.014063,0
1790545860.8009,-0.054665,0.022818,-0.016400,0.013790,-0.054665,0.000000,0.013337,0.000000,0.012453,-0.016400,-0.000000,-0.000000,0.006845,0.006945,0.000000,0.014013,0
1790545860.8145,-0.063780,0.031213,-0.019134,0.016733,-0.063780,0.000000,0.010289,0.000000,0.042015,-0.019134,-0.000000,-0.000000,0.009364,0.007369,0.000000,0.013598,0
1790545860.8281,-0.070066,0.036082,-0.021020,0.018684,-0.070066,0.000000,0.007602,0.000000,0.071586,-0.021020,-0.000000,-0.000000,0.010825,0.007860,0.000000,0.013603,0
1790545860.8420,-0.072191,0.038619,-0.021657,0.019984,-0.072191,0.000000,0.005245,0.000000,0.101906,-0.021657,-0.000000,-0.000000,0.011586,0.008399,0.000000,0.013947,0
1790545860.8559,-0.070909,0.034950,-0.021273,0.019366,-0.070909,0.000000,0.003326,0.000000,0.131909,-0.021273,-0.000000,0.000000,0.010485,0.008881,-0.000000,0.013801,0
1790545860.8699,-0.065268,0.026985,-0.019580,0.017354,-0.065268,0.000000,0.001817,0.000000,0.162284,-0.019580,-0.000000,0.000000,0.008096,0.009258,-0.000000,0.013973,0
1790545860.8839,-0.059879,0.018140,-0.017964,0.014954,-0.059879,0.000000,0.000755,0.000000,0.192693,-0.017964,-0.000000,0.000000,0.005442,0.009512,-0.000000,0.013988,0
1790545860.8977,-0.050136,0.007876,-0.015041,0.011984,-0.050136,0.000000,0.000153,0.000000,0.222963,-0.015041,-0.000000,0.000000,0.002363,0.009621,-0.000000,0.013924,0
1790545860.9117,-0.044424,-0.002263,-0.013327,0.008911,-0.044424,0.000000,0.000000,0.000000,0.253174,-0.013327,-0.000000,0.000000,-0.000679,0.009590,-0.000000,0.013897,0
