t,imu_roll,imu_pitch,pid_roll,pid_pitch,roll_meas,banked_roll,eff_lin,eff_ang,phase,p_roll,i_roll,d_roll,p_pitch,i_pitch,d_pitch,dt,ik_clamped
1790539141.8014,-0.002291,-0.033042,-0.001146,-0.016524,-0.002291,0.000000,0.000000,0.000000,0.000083,-0.001146,-0.000000,0.000000,-0.016521,-0.000003,0.000000,0.010000,0
1790539141.8157,-0.011287,-0.041608,-0.025991,-0.023581,-0.011287,0.000000,0.000283,0.000000,0.033724,-0.005643,-0.000002,-0.020346,-0.020804,-0.000010,-0.002768,0.015475,0
1790539141.8292,-0.013156,-0.045252,-0.011361,-0.023973,-0.013156,0.000000,0.001004,0.000000,0.063480,-0.006578,-0.000005,-0.004778,-0.022626,-0.000016,-0.001331,0.013688,0
1790539141.8430,-0.012011,-0.047436,-0.003098,-0.024535,-0.012011,0.000000,0.002168,0.000000,0.093374,-0.006005,-0.000007,0.002914,-0.023718,-0.000022,-0.000794,0.013751,0
1790539141.8570,-0.012513,-0.047753,-0.007515,-0.024019,-0.012513,0.000000,0.003803,0.000000,0.123927,-0.006256,-0.000009,-0.001250,-0.023877,-0.000029,-0.000113,0.014055,0
1790539141.8710,-0.013718,-0.046660,-0.009887,-0.022975,-0.013718,0.000000,0.005863,0.000000,0.154317,-0.006859,-0.000011,-0.003017,-0.023330,-0.000036,0.000391,0.013979,0
1790539141.8853,-0.019040,-0.046318,-0.022756,-0.023079,-0.019040,0.000000,0.008362,0.000000,0.184941,-0.009520,-0.000014,-0.013222,-0.023159,-0.000042,0.000122,0.014087,0
1790539141.8997,-0.020888,-0.046702,-0.014924,-0.023533,-0.020888,0.000000,0.011356,0.000000,0.216459,-0.010444,-0.000018,-0.004462,-0.023351,-0.000049,-0.000133,0.014498,0
1790539141.9136,-0.021082,-0.044160,-0.011049,-0.021226,-0.021082,0.000000,0.014625,0.000000,0.246859,-0.010541,-0.000021,-0.000486,-0.022080,-0.000055,0.000909,0.013984,0
1790539141.9275,-0.016510,-0.044132,0.003196,-0.022117,-0.016510,0.000000,0.018236,0.000000,0.277180,-0.008255,-0.000024,0.011475,-0.022066,-0.000061,0.000010,0.013948,0
1790539141.9414,-0.015178,-0.044704,-0.004264,-0.022625,-0.015178,0.000000,0.022153,0.000000,0.307399,-0.007589,-0.000027,0.003352,-0.022352,-0.000068,-0.000206,0.013901,0
1790539141.9553,-0.015648,-0.046941,-0.009033,-0.024347,-0.015648,0.000000,0.026371,0.000000,0.337708,-0.007824,-0.000029,-0.001180,-0.023471,-0.000074,-0.000802,0.013942,0
1790539141.9691,-0.015659,-0.047409,-0.007887,-0.023955,-0.015659,0.000000,0.030797,0.000000,0.367687,-0.007829,-0.000032,-0.000026,-0.023705,-0.000081,-0.000170,0.013790,0
1790539141.9830,-0.007079,-0.042254,0.018004,-0.019361,-0.007079,0.000000,0.035486,0.000000,0.397942,-0.003539,-0.000033,0.021577,-0.021127,-0.000086,0.001852,0.013917,0
1790539141.9969,0.001950,-0.041771,0.023659,-0.020804,0.001950,0.000000,0.040361,0.000000,0.428185,0.000975,-0.000033,0.022716,-0.020885,-0.000092,0.000174,0.013912,0
1790539142.0108,0.003171,-0.042382,0.004635,-0.021510,0.003171,0.000000,0.045367,0.000000,0.458321,0.001586,-0.000032,0.003082,-0.021191,-0.000098,-0.000220,0.013862,0
1790539142.0247,-0.000703,-0.040326,-0.010185,-0.019524,-0.000703,0.000000,0.050474,0.000000,0.488397,-0.000352,-0.000032,-0.009801,-0.020163,-0.000104,0.000743,0.013835,0
1790539142.0386,-0.003611,-0.039374,-0.009131,-0.019455,-0.003611,0.000000,0.055699,0.000000,0.518741,-0.001806,-0.000033,-0.007293,-0.019687,-0.000109,0.000341,0.013958,0
1790539142.0523,-0.006414,-0.035977,-0.010405,-0.016862,-0.006414,0.000000,0.060857,0.000000,0.548505,-0.003207,-0.000034,-0.007164,-0.017988,-0.000114,0.001241,0.013692,0
1790539142.0659,-0.005565,-0.032751,-0.000635,-0.015309,-0.005565,0.000000,0.065978,0.000000,0.578089,-0.002783,-0.000035,0.002182,-0.016375,-0.000119,0.001185,0.013608,0
1790539142.0799,-0.002741,-0.027489,0.005684,-0.011979,-0.002741,0.000000,0.071178,0.000000,0.608397,-0.001370,-0.000035,0.007090,-0.013744,-0.000122,0.001887,0.013942,0
1790539142.0938,-0.001030,-0.020165,0.003738,-0.007585,-0.001030,0.000000,0.076300,0.000000,0.638753,-0.000515,-0.000035,0.004288,-0.010082,-0.000125,0.002622,0.013964,0
1790539142.1077,0.000275,-0.012069,0.003388,-0.003249,0.000275,0.000000,0.081274,0.000000,0.668963,0.000137,-0.000035,0.003286,-0.006035,-0.000127,0.002913,0.013896,0
1790539142.1216,0.001900,-0.003662,0.005001,0.001060,0.001900,0.000000,0.086094,0.000000,0.699229,0.000950,-0.000035,0.004086,-0.001831,-0.000127,0.003019,0.013923,0
1790539142.1358,-0.006594,-0.002704,-0.024749,-0.001135,-0.006594,0.000000,0.090701,0.000000,0.729406,-0.003297,-0.000036,-0.021416,-0.001352,-0.000128,0.000345,0.013881,0
1790539142.1500,-0.012462,-0.009340,-0.020547,-0.007106,-0.012462,0.000000,0.095229,0.000000,0.760680,-0.006231,-0.000038,-0.014277,-0.004670,-0.000129,-0.002306,0.014386,0
1790539142.1640,-0.009429,-0.005145,0.002825,-0.001206,-0.009429,0.000000,0.099362,0.000000,0.791138,-0.004714,-0.000040,0.007579,-0.002573,-0.000130,0.001497,0.014011,0
1790539142.1779,-0.010978,-0.010100,-0.009414,-0.006955,-0.010978,0.000000,0.103178,0.000000,0.821487,-0.005489,-0.000042,-0.003883,-0.005050,-0.000131,-0.001774,0.013961,0
1790539142.1917,-0.002046,-0.008350,0.021459,-0.003678,-0.002046,0.000000,0.106643,0.000000,0.851660,-0.001023,-0.000042,0.022524,-0.004175,-0.000132,0.000630,0.013879,0
1790539142.2055,0.006995,-0.004491,0.026383,-0.000980,0.006995,0.000000,0.109736,0.000000,0.881664,0.003497,-0.000041,0.022926,-0.002245,-0.000133,0.001398,0.013802,0
1790539142.2193,0.005384,-0.006627,-0.001424,-0.004219,0.005384,0.000000,0.112463,0.000000,0.911747,0.002692,-0.000040,-0.004076,-0.003314,-0.000134,-0.000772,0.013839,0
1790539142.2335,0.000570,-0.004995,-0.011745,-0.002052,0.000570,0.000000,0.114825,0.000000,0.942292,0.000285,-0.000040,-0.011990,-0.002498,-0.000135,0.000581,0.014051,0
1790539142.2474,-0.000885,-0.007022,-0.004144,-0.004376,-0.000885,0.000000,0.116744,0.000000,0.972526,-0.000442,-0.000040,-0.003661,-0.003511,-0.000136,-0.000729,0.013908,0
1790539142.2615,-0.004116,-0.011533,-0.010092,-0.007498,-0.004116,0.000000,0.118250,0.000000,0.003280,-0.002058,-0.000041,-0.007994,-0.005766,-0.000137,-0.001594,0.014147,0
1790539142.2751,-0.002654,-0.011129,0.002379,-0.005556,-0.002654,0.000000,0.119269,0.000000,0.032964,-0.001327,-0.000041,0.003747,-0.005565,-0.000139,0.000148,0.013655,0
1790539142.2890,-0.007235,-0.008695,-0.015311,-0.003603,-0.007235,0.000000,0.119854,0.000000,0.062881,-0.003618,-0.000042,-0.011651,-0.004348,-0.000140,0.000884,0.013762,0
1790539142.3026,-0.011363,-0.005980,-0.016269,-0.002140,-0.011363,0.000000,0.120000,0.000000,0.092675,-0.005682,-0.000044,-0.010543,-0.002990,-0.000141,0.000991,0.013705,0
1790539142.3166,-0.011228,-0.005524,-0.005320,-0.002740,-0.011228,0.000000,0.120000,0.000000,0.123092,-0.005614,-0.000046,0.000340,-0.002762,-0.000142,0.000163,0.013992,0
1790539142.3304,-0.008541,-0.005693,0.002476,-0.003050,-0.008541,0.000000,0.120000,0.000000,0.153177,-0.004271,-0.000048,0.006795,-0.002846,-0.000142,-0.000061,0.013839,0
1790539142.3444,-0.009762,-0.002515,-0.008000,-0.000258,-0.009762,0.000000,0.120000,0.000000,0.183432,-0.004881,-0.000049,-0.003070,-0.001257,-0.000143,0.001142,0.013917,0
1790539142.3583,-0.010097,0.001532,-0.005946,0.002081,-0.010097,0.000000,0.120000,0.000000,0.213599,-0.005049,-0.000051,-0.000846,0.000766,-0.000143,0.001458,0.013877,0
1790539142.3722,-0.004852,-0.006343,0.010688,-0.006139,-0.004852,0.000000,0.120000,0.000000,0.243913,-0.002426,-0.000052,0.013165,-0.003172,-0.000143,-0.002824,0.013944,0
1790539142.3885,-0.014700,-0.009384,-0.032232,-0.005932,-0.014700,0.000000,0.120000,0.000000,0.274093,-0.007350,-0.000054,-0.024828,-0.004692,-0.000145,-0.001095,0.013883,0
1790539142.4028,-0.021998,-0.016459,-0.026414,-0.010504,-0.021998,0.000000,0.120000,0.000000,0.310252,-0.010999,-0.000059,-0.015357,-0.008230,-0.000147,-0.002127,0.016633,0
1790539142.4166,-0.029213,-0.024511,-0.032822,-0.015301,-0.029213,0.000000,0.120000,0.000000,0.340493,-0.014606,-0.000063,-0.018152,-0.012256,-0.000151,-0.002894,0.013911,0
1790539142.4310,-0.027401,-0.030413,-0.009259,-0.017460,-0.027401,0.000000,0.120000,0.000000,0.371057,-0.013701,-0.000068,0.004510,-0.015206,-0.000155,-0.002099,0.014059,0
1790539142.4454,-0.023556,-0.034490,-0.002654,-0.018798,-0.023556,0.000000,0.120000,0.000000,0.402871,-0.011778,-0.000072,0.009196,-0.017245,-0.000160,-0.001393,0.014634,0
1790539142.4599,-0.022312,-0.040757,-0.008204,-0.022723,-0.022312,0.000000,0.120000,0.000000,0.434141,-0.011156,-0.000076,0.003028,-0.020379,-0.000166,-0.002179,0.014384,0
1790539142.4740,-0.024710,-0.048700,-0.018337,-0.027316,-0.024710,0.000000,0.120000,0.000000,0.465053,-0.012355,-0.000080,-0.005902,-0.024350,-0.000173,-0.002793,0.014220,0
1790539142.4882,-0.030565,-0.057803,-0.029986,-0.032330,-0.030565,0.000000,0.120000,0.000000,0.495529,-0.015282,-0.000085,-0.014619,-0.028902,-0.000181,-0.003247,0.014019,0
1790539142.5025,-0.037952,-0.062355,-0.036908,-0.032938,-0.037952,0.000000,0.120000,0.000000,0.527036,-0.018976,-0.000092,-0.017840,-0.031177,-0.000190,-0.001570,0.014493,0
1790539142.5162,-0.040715,-0.063259,-0.027521,-0.032159,-0.040715,0.000000,0.120000,0.000000,0.556798,-0.020358,-0.000099,-0.007065,-0.031629,-0.000199,-0.000330,0.013690,0
1790539142.5298,-0.042668,-0.064830,-0.026436,-0.033197,-0.042668,0.000000,0.120000,0.000000,0.586535,-0.021334,-0.000106,-0.004996,-0.032415,-0.000208,-0.000574,0.013679,0
1790539142.5439,-0.045119,-0.066768,-0.028771,-0.034290,-0.045119,0.000000,0.120000,0.000000,0.617119,-0.022560,-0.000113,-0.006098,-0.033384,-0.000217,-0.000689,0.014069,0
1790539142.5577,-0.042139,-0.068497,-0.013648,-0.035100,-0.042139,0.000000,0.120000,0.000000,0.647189,-0.021069,-0.000120,0.007542,-0.034249,-0.000227,-0.000625,0.013833,0
1790539142.5715,-0.037176,-0.063520,-0.006176,-0.030199,-0.037176,0.000000,0.120000,0.000000,0.677305,-0.018588,-0.000127,0.012538,-0.031760,-0.000235,0.001796,0.013853,0
1790539142.5854,-0.029413,-0.052526,0.004698,-0.022553,-0.029413,0.000000,0.120000,0.000000,0.707541,-0.014706,-0.000131,0.019535,-0.026263,-0.000243,0.003952,0.013909,0
1790539142.5992,-0.024617,-0.040790,-0.000262,-0.016384,-0.024617,0.000000,0.120000,0.000000,0.737491,-0.012309,-0.000135,0.012182,-0.020395,-0.000248,0.004259,0.013777,0
1790539142.6131,-0.015883,-0.028162,0.013931,-0.009787,-0.015883,0.000000,0.120000,0.000000,0.767686,-0.007941,-0.000138,0.022010,-0.014081,-0.000252,0.004546,0.013890,0
1790539142.6270,-0.005016,-0.016113,0.024749,-0.003971,-0.005016,0.000000,0.120000,0.000000,0.797867,-0.002508,-0.000139,0.027395,-0.008056,-0.000254,0.004339,0.013883,0
1790539142.6413,-0.007276,-0.017414,-0.009455,-0.009431,-0.007276,0.000000,0.120000,0.000000,0.828154,-0.003638,-0.000140,-0.005677,-0.008707,-0.000257,-0.000467,0.013932,0
1790539142.6554,0.000744,-0.021245,0.019729,-0.012213,0.000744,0.000000,0.120000,0.000000,0.859450,0.000372,-0.000140,0.019497,-0.010623,-0.000260,-0.001331,0.014396,0
1790539142.6694,0.006897,-0.023564,0.018680,-0.012873,0.006897,0.000000,0.120000,0.000000,0.889911,0.003449,-0.000139,0.015370,-0.011782,-0.000263,-0.000827,0.014012,0
1790539142.6833,-0.001512,-0.027800,-0.021986,-0.015684,-0.001512,0.000000,0.120000,0.000000,0.920249,-0.000756,-0.000139,-0.021091,-0.013900,-0.000267,-0.001517,0.013955,0
1790539142.6970,-0.002604,-0.033170,-0.004225,-0.018812,-0.002604,0.000000,0.120000,0.000000,0.950099,-0.001302,-0.000140,-0.002783,-0.016585,-0.000272,-0.001956,0.013731,0
1790539142.7109,0.004736,-0.041821,0.020727,-0.024303,0.004736,0.000000,0.120000,0.000000,0.980289,0.002368,-0.000139,0.018498,-0.020911,-0.000277,-0.003115,0.013888,0
1790539142.7247,0.013152,-0.058090,0.027806,-0.035231,0.013152,0.000000,0.120000,0.000000,0.010259,0.006576,-0.000137,0.021366,-0.029045,-0.000285,-0.005900,0.013786,0
1790539142.7381,0.024822,-0.064496,0.042520,-0.034914,0.024822,0.000000,0.120000,0.000000,0.039622,0.012411,-0.000133,0.030242,-0.032248,-0.000294,-0.002371,0.013507,0
1790539142.7517,0.035320,-0.071993,0.044772,-0.039080,0.035320,0.000000,0.120000,0.000000,0.068944,0.017660,-0.000127,0.027239,-0.035997,-0.000304,-0.002779,0.013488,0
1790539142.7655,0.040453,-0.078761,0.033140,-0.042150,0.040453,0.000000,0.120000,0.000000,0.098909,0.020226,-0.000120,0.013034,-0.039381,-0.000315,-0.002455,0.013784,0
1790539142.7794,0.032629,-0.084558,-0.003520,-0.044692,0.032629,0.000000,0.120000,0.000000,0.129097,0.016314,-0.000115,-0.019720,-0.042279,-0.000326,-0.002087,0.013887,0
1790539142.7933,0.021368,-0.082086,-0.017682,-0.040495,0.021368,0.000000,0.120000,0.000000,0.159420,0.010684,-0.000111,-0.028255,-0.041043,-0.000338,0.000886,0.013948,0
1790539142.8086,0.017961,-0.076061,0.000835,-0.036349,0.017961,0.000000,0.120000,0.000000,0.191678,0.008980,-0.000108,-0.008038,-0.038030,-0.000349,0.002030,0.014839,0
1790539142.8229,0.012626,-0.064774,-0.006641,-0.028862,0.012626,0.000000,0.120000,0.000000,0.223269,0.006313,-0.000106,-0.012848,-0.032387,-0.000359,0.003883,0.014532,0
1790539142.8373,0.000382,-0.049374,-0.029835,-0.019677,0.000382,0.000000,0.120000,0.000000,0.254405,0.000191,-0.000106,-0.029920,-0.024687,-0.000366,0.005376,0.014323,0
1790539142.8521,-0.005020,-0.034658,-0.015755,-0.012587,-0.005020,0.000000,0.120000,0.000000,0.285692,-0.002510,-0.000107,-0.013138,-0.017329,-0.000371,0.005112,0.014392,0
1790539142.8663,-0.009867,-0.019167,-0.016479,-0.004735,-0.009867,0.000000,0.120000,0.000000,0.317937,-0.004934,-0.000108,-0.011437,-0.009584,-0.000374,0.005222,0.014832,0
1790539142.8803,-0.002067,-0.022137,0.018305,-0.012503,-0.002067,0.000000,0.120000,0.000000,0.348455,-0.001034,-0.000109,0.019447,-0.011069,-0.000377,-0.001058,0.014038,0
1790539142.8945,-0.010545,-0.024336,-0.026671,-0.013337,-0.010545,0.000000,0.120000,0.000000,0.378757,-0.005273,-0.000110,-0.021288,-0.012168,-0.000380,-0.000789,0.013939,0
1790539142.9088,-0.004106,-0.031306,0.013379,-0.018441,-0.004106,0.000000,0.120000,0.000000,0.410281,-0.002053,-0.000111,0.015543,-0.015653,-0.000385,-0.002403,0.014501,0
1790539142.9227,0.001148,-0.040660,0.013664,-0.024078,0.001148,0.000000,0.120000,0.000000,0.440559,0.000574,-0.000111,0.013201,-0.020330,-0.000390,-0.003358,0.013928,0
1790539142.9368,-0.009253,-0.049697,-0.030560,-0.028450,-0.009253,0.000000,0.120000,0.000000,0.471208,-0.004627,-0.000113,-0.025820,-0.024848,-0.000397,-0.003205,0.014098,0
1790539142.9508,-0.017184,-0.061624,-0.028507,-0.035471,-0.017184,0.000000,0.120000,0.000000,0.501687,-0.008592,-0.000115,-0.019799,-0.030812,-0.000406,-0.004254,0.014020,0
1790539142.9643,-0.031461,-0.069097,-0.052827,-0.037729,-0.031461,0.000000,0.120000,0.000000,0.531066,-0.015731,-0.000121,-0.036975,-0.034549,-0.000415,-0.002765,0.013514,0
1790539142.9779,-0.044270,-0.072370,-0.055187,-0.037812,-0.044270,0.000000,0.120000,0.000000,0.560666,-0.022135,-0.000128,-0.032924,-0.036185,-0.000425,-0.001202,0.013616,0
1790539142.9925,-0.048443,-0.078047,-0.034851,-0.041499,-0.048443,0.000000,0.120000,0.000000,0.590922,-0.024221,-0.000136,-0.010494,-0.039023,-0.000436,-0.002039,0.013918,0
1790539143.0077,-0.045352,-0.083503,-0.015928,-0.043939,-0.045352,0.000000,0.120000,0.000000,0.625042,-0.022676,-0.000144,0.006892,-0.041752,-0.000449,-0.001738,0.015696,0
1790539143.0221,-0.037379,-0.083518,0.000935,-0.042225,-0.037379,0.000000,0.120000,0.000000,0.655717,-0.018690,-0.000151,0.019775,-0.041759,-0.000461,-0.000005,0.014110,0
1790539143.0365,-0.027496,-0.079038,0.009510,-0.038475,-0.027496,0.000000,0.120000,0.000000,0.687836,-0.013748,-0.000156,0.023413,-0.039519,-0.000473,0.001516,0.014775,0
1790539143.0509,-0.018880,-0.070703,0.011438,-0.032927,-0.018880,0.000000,0.120000,0.000000,0.719000,-0.009440,-0.000159,0.021036,-0.035351,-0.000483,0.002907,0.014336,0
1790539143.0648,-0.009304,-0.058793,0.018989,-0.025659,-0.009304,0.000000,0.120000,0.000000,0.749610,-0.004652,-0.000160,0.023802,-0.029397,-0.000491,0.004229,0.014081,0
1790539143.0788,-0.002754,-0.045274,0.014923,-0.018281,-0.002754,0.000000,0.120000,0.000000,0.779890,-0.001377,-0.000161,0.016460,-0.022637,-0.000497,0.004853,0.013929,0
1790539143.0927,0.004818,-0.029427,0.021212,-0.009545,0.004818,0.000000,0.120000,0.000000,0.810269,0.002409,-0.000160,0.018963,-0.014714,-0.000501,0.005670,0.013975,0
1790539143.1066,0.001092,-0.021444,-0.008999,-0.008354,0.001092,0.000000,0.120000,0.000000,0.840482,0.000546,-0.000160,-0.009385,-0.010722,-0.000504,0.002872,0.013898,0
1790539143.1205,-0.003023,-0.023391,-0.012034,-0.012903,-0.003023,0.000000,0.120000,0.000000,0.870694,-0.001511,-0.000160,-0.010362,-0.011695,-0.000508,-0.000700,0.013898,0
1790539143.1344,0.004627,-0.028974,0.021388,-0.017004,0.004627,0.000000,0.120000,0.000000,0.900953,0.002313,-0.000160,0.019235,-0.014487,-0.000512,-0.002006,0.013919,0
1790539143.1488,0.000293,-0.031656,-0.010776,-0.017296,0.000293,0.000000,0.120000,0.000000,0.931586,0.000147,-0.000160,-0.010763,-0.015828,-0.000516,-0.000952,0.014091,0
1790539143.1629,0.005775,-0.038126,0.016150,-0.021847,0.005775,0.000000,0.120000,0.000000,0.962662,0.002888,-0.000159,0.013421,-0.019063,-0.000522,-0.002263,0.014295,0
1790539143.1769,0.019109,-0.052769,0.042488,-0.032105,0.019109,0.000000,0.120000,0.000000,0.993322,0.009554,-0.000155,0.033089,-0.026384,-0.000529,-0.005191,0.014104,0
1790539143.1908,0.035448,-0.065519,0.058723,-0.037885,0.035448,0.000000,0.120000,0.000000,0.023535,0.017724,-0.000149,0.041149,-0.032760,-0.000538,-0.004587,0.013898,0
1790539143.2043,0.041756,-0.071584,0.037067,-0.038583,0.041756,0.000000,0.120000,0.000000,0.052922,0.020878,-0.000143,0.016332,-0.035792,-0.000548,-0.002243,0.013518,0
1790539143.2178,0.049211,-0.079561,0.043754,-0.043286,0.049211,0.000000,0.120000,0.000000,0.082340,0.024606,-0.000135,0.019283,-0.039780,-0.000559,-0.002947,0.013532,0
1790539143.2317,0.041515,-0.087219,0.001078,-0.046959,0.041515,0.000000,0.120000,0.000000,0.112292,0.020757,-0.000128,-0.019551,-0.043609,-0.000571,-0.002779,0.013778,0
1790539143.2456,0.027699,-0.087426,-0.020987,-0.044370,0.027699,0.000000,0.120000,0.000000,0.142574,0.013850,-0.000123,-0.034714,-0.043713,-0.000583,-0.000074,0.013929,0
1790539143.2596,0.019787,-0.081765,-0.010035,-0.039452,0.019787,0.000000,0.120000,0.000000,0.172967,0.009893,-0.000120,-0.019809,-0.040882,-0.000594,0.002025,0.013981,0
1790539143.2734,0.015281,-0.074810,-0.003867,-0.035498,0.015281,0.000000,0.120000,0.000000,0.203067,0.007640,-0.000117,-0.011390,-0.037405,-0.000604,0.002512,0.013846,0
1790539143.2873,0.003448,-0.061184,-0.028112,-0.026316,0.003448,0.000000,0.120000,0.000000,0.233361,0.001724,-0.000117,-0.029719,-0.030592,-0.000613,0.004889,0.013935,0
1790539143.3012,-0.001191,-0.045090,-0.012404,-0.017370,-0.001191,0.000000,0.120000,0.000000,0.263550,-0.000595,-0.000117,-0.011691,-0.022545,-0.000619,0.005795,0.013887,0
1790539143.3150,-0.009049,-0.028319,-0.024644,-0.008685,-0.009049,0.000000,0.120000,0.000000,0.293444,-0.004525,-0.000118,-0.020001,-0.014160,-0.000623,0.006098,0.013751,0
1790539143.3290,-0.010800,-0.015186,-0.009908,-0.003517,-0.010800,0.000000,0.120000,0.000000,0.323804,-0.005400,-0.000120,-0.004388,-0.007593,-0.000625,0.004702,0.013966,0
1790539143.3429,-0.004841,-0.012991,0.012406,-0.006336,-0.004841,0.000000,0.120000,0.000000,0.354137,-0.002420,-0.000121,0.014948,-0.006495,-0.000627,0.000787,0.013953,0
1790539143.3568,-0.006820,-0.015055,-0.008567,-0.008907,-0.006820,0.000000,0.120000,0.000000,0.384040,-0.003410,-0.000122,-0.005035,-0.007527,-0.000629,-0.000750,0.013755,0
1790539143.3709,-0.003346,-0.024313,0.006755,-0.016045,-0.003346,0.000000,0.120000,0.000000,0.414953,-0.001673,-0.000123,0.008550,-0.012157,-0.000633,-0.003255,0.014220,0
1790539143.3848,-0.003688,-0.029525,-0.002829,-0.017271,-0.003688,0.000000,0.120000,0.000000,0.445222,-0.001844,-0.000123,-0.000861,-0.014763,-0.000637,-0.001872,0.013924,0
1790539143.3991,-0.012152,-0.035407,-0.027166,-0.020427,-0.012152,0.000000,0.120000,0.000000,0.475941,-0.006076,-0.000125,-0.020964,-0.017704,-0.000642,-0.002081,0.014131,0
1790539143.4133,-0.023336,-0.045024,-0.039394,-0.026550,-0.023336,0.000000,0.120000,0.000000,0.506774,-0.011668,-0.000129,-0.027596,-0.022512,-0.000648,-0.003390,0.014183,0
1790539143.4272,-0.039939,-0.048963,-0.061688,-0.026546,-0.039939,0.000000,0.120000,0.000000,0.537154,-0.019969,-0.000136,-0.041583,-0.024482,-0.000655,-0.001410,0.013975,0
1790539143.4409,-0.048100,-0.050082,-0.044997,-0.026110,-0.048100,0.000000,0.120000,0.000000,0.567005,-0.024050,-0.000144,-0.020803,-0.025041,-0.000662,-0.000407,0.013731,0
1790539143.4550,-0.047821,-0.050480,-0.023370,-0.026050,-0.047821,0.000000,0.120000,0.000000,0.597639,-0.023911,-0.000152,0.000693,-0.025240,-0.000669,-0.000141,0.014091,0
1790539143.4690,-0.050558,-0.050694,-0.032237,-0.026099,-0.050558,0.000000,0.120000,0.000000,0.628276,-0.025279,-0.000161,-0.006797,-0.025347,-0.000676,-0.000076,0.014093,0
1790539143.4830,-0.043494,-0.049199,-0.004188,-0.024747,-0.043494,0.000000,0.120000,0.000000,0.658595,-0.021747,-0.000168,0.017727,-0.024600,-0.000683,0.000536,0.013947,0
1790539143.4970,-0.035007,-0.043335,0.003506,-0.020265,-0.035007,0.000000,0.120000,0.000000,0.689081,-0.017503,-0.000174,0.021183,-0.021667,-0.000689,0.002091,0.014023,0
1790539143.5110,-0.024419,-0.036735,0.014146,-0.016699,-0.024419,0.000000,0.120000,0.000000,0.719441,-0.012210,-0.000178,0.026534,-0.018368,-0.000694,0.002363,0.013966,0
1790539143.5249,-0.015528,-0.030547,0.014383,-0.013752,-0.015528,0.000000,0.120000,0.000000,0.749739,-0.007764,-0.000181,0.022328,-0.015274,-0.000698,0.002220,0.013937,0
1790539143.5388,-0.005958,-0.023631,0.020835,-0.010040,-0.005958,0.000000,0.120000,0.000000,0.780085,-0.002979,-0.000182,0.023996,-0.011815,-0.000702,0.002477,0.013959,0
1790539143.5527,-0.006004,-0.023731,-0.003301,-0.012607,-0.006004,0.000000,0.120000,0.000000,0.810292,-0.003002,-0.000183,-0.000116,-0.011866,-0.000705,-0.000036,0.013895,0
1790539143.5665,-0.003472,-0.027252,0.004509,-0.015611,-0.003472,0.000000,0.120000,0.000000,0.840269,-0.001736,-0.000183,0.006428,-0.013626,-0.000709,-0.001277,0.013790,0
1790539143.5802,-0.000915,-0.035941,0.005859,-0.021840,-0.000915,0.000000,0.120000,0.000000,0.870197,-0.000458,-0.000183,0.006500,-0.017970,-0.000714,-0.003156,0.013767,0
1790539143.5940,-0.002612,-0.043959,-0.005814,-0.025617,-0.002612,0.000000,0.120000,0.000000,0.900063,-0.001306,-0.000184,-0.004324,-0.021979,-0.000720,-0.002918,0.013738,0
1790539143.6077,-0.000985,-0.051749,0.003473,-0.029439,-0.000985,0.000000,0.120000,0.000000,0.929907,-0.000492,-0.000184,0.004149,-0.025875,-0.000727,-0.002837,0.013729,0
1790539143.6215,0.012018,-0.064270,0.038762,-0.037402,0.012018,0.000000,0.120000,0.000000,0.959945,0.006009,-0.000182,0.032935,-0.032135,-0.000736,-0.004531,0.013818,0
1790539143.6354,0.023761,-0.077754,0.041404,-0.044495,0.023761,0.000000,0.120000,0.000000,0.990028,0.011880,-0.000178,0.029702,-0.038877,-0.000747,-0.004872,0.013838,0
1790539143.6494,0.037572,-0.087214,0.053065,-0.047737,0.037572,0.000000,0.120000,0.000000,0.020530,0.018786,-0.000172,0.034451,-0.043607,-0.000759,-0.003371,0.014031,0
1790539143.6633,0.038898,-0.094973,0.022729,-0.051137,0.038898,0.000000,0.120000,0.000000,0.049825,0.019449,-0.000165,0.003445,-0.047487,-0.000772,-0.002879,0.013476,0
1790539143.6770,0.039579,-0.107920,0.021332,-0.059365,0.039579,0.000000,0.120000,0.000000,0.080296,0.019790,-0.000159,0.001701,-0.053960,-0.000787,-0.004618,0.014017,0
1790539143.6910,0.033205,-0.116443,0.000496,-0.062072,0.033205,0.000000,0.120000,0.000000,0.110700,0.016602,-0.000153,-0.015953,-0.058222,-0.000803,-0.003047,0.013986,0
1790539143.7049,0.024279,-0.120245,-0.010309,-0.062299,0.024279,0.000000,0.120000,0.000000,0.141154,0.012140,-0.000149,-0.022300,-0.060122,-0.000820,-0.001357,0.014009,0
1790539143.7189,0.023852,-0.116448,0.010712,-0.057702,0.023852,0.000000,0.120000,0.000000,0.171540,0.011926,-0.000145,-0.001069,-0.058224,-0.000836,0.001358,0.013978,0
1790539143.7327,0.017142,-0.106403,-0.008600,-0.050411,0.017142,0.000000,0.120000,0.000000,0.201524,0.008571,-0.000142,-0.017029,-0.053201,-0.000851,0.003642,0.013792,0
1790539143.7465,0.012170,-0.094260,-0.006597,-0.043618,0.012170,0.000000,0.120000,0.000000,0.231685,0.006085,-0.000140,-0.012542,-0.047130,-0.000864,0.004376,0.013874,0
1790539143.7604,0.006534,-0.080909,-0.011114,-0.036511,0.006534,0.000000,0.120000,0.000000,0.261799,0.003267,-0.000139,-0.014242,-0.040455,-0.000875,0.004819,0.013852,0
1790539143.7742,-0.001946,-0.064019,-0.022661,-0.026761,-0.001946,0.000000,0.120000,0.000000,0.291738,-0.000973,-0.000139,-0.021549,-0.032009,-0.000884,0.006132,0.013772,0
1790539143.7881,-0.009882,-0.042411,-0.025059,-0.014325,-0.009882,0.000000,0.120000,0.000000,0.321965,-0.004941,-0.000141,-0.019977,-0.021205,-0.000890,0.007770,0.013904,0
1790539143.8020,-0.018716,-0.019449,-0.031709,-0.002371,-0.018716,0.000000,0.120000,0.000000,0.352233,-0.009358,-0.000144,-0.022207,-0.009725,-0.000892,0.008246,0.013923,0
1790539143.8159,-0.004680,-0.010358,0.032862,-0.002802,-0.004680,0.000000,0.120000,0.000000,0.382448,-0.002340,-0.000145,0.035346,-0.005179,-0.000894,0.003271,0.013899,0
1790539143.8299,0.006705,-0.015951,0.031736,-0.010874,0.006705,0.000000,0.120000,0.000000,0.412812,0.003352,-0.000144,0.028527,-0.007976,-0.000896,-0.002002,0.013968,0
1790539143.8439,0.006556,-0.020581,0.002763,-0.012849,0.006556,0.000000,0.120000,0.000000,0.443140,0.003278,-0.000143,-0.000372,-0.010290,-0.000899,-0.001659,0.013951,0
1790539143.8578,0.008252,-0.024955,0.008217,-0.014940,0.008252,0.000000,0.120000,0.000000,0.473622,0.004126,-0.000141,0.004232,-0.012478,-0.000903,-0.001560,0.014022,0
1790539143.8716,0.001584,-0.035013,-0.016259,-0.022058,0.001584,0.000000,0.120000,0.000000,0.503623,0.000792,-0.000141,-0.016910,-0.017506,-0.000907,-0.003644,0.013800,0
1790539143.8852,-0.013297,-0.045858,-0.045264,-0.027848,-0.013297,0.000000,0.120000,0.000000,0.533053,-0.006648,-0.000143,-0.038473,-0.022929,-0.000914,-0.004005,0.013538,0
1790539143.8992,-0.030588,-0.053811,-0.059521,-0.030723,-0.030588,0.000000,0.120000,0.000000,0.562900,-0.015294,-0.000148,-0.044079,-0.026906,-0.000921,-0.002897,0.013730,0
1790539143.9131,-0.039109,-0.060536,-0.040884,-0.033585,-0.039109,0.000000,0.120000,0.000000,0.593520,-0.019555,-0.000155,-0.021175,-0.030268,-0.000929,-0.002387,0.014085,0
1790539143.9272,-0.045505,-0.065121,-0.038784,-0.035124,-0.045505,0.000000,0.120000,0.000000,0.624185,-0.022752,-0.000163,-0.015869,-0.032561,-0.000939,-0.001625,0.014106,0
1790539143.9411,-0.048496,-0.067413,-0.031901,-0.035474,-0.048496,0.000000,0.120000,0.000000,0.654604,-0.024248,-0.000171,-0.007482,-0.033707,-0.000948,-0.000819,0.013993,0
1790539143.9550,-0.041335,-0.068613,-0.002757,-0.035697,-0.041335,0.000000,0.120000,0.000000,0.684726,-0.020668,-0.000178,0.018088,-0.034307,-0.000958,-0.000433,0.013856,0
1790539143.9689,-0.031321,-0.062182,0.009263,-0.029754,-0.031321,0.000000,0.120000,0.000000,0.715075,-0.015661,-0.000183,0.025106,-0.031091,-0.000966,0.002303,0.013961,0
1790539143.9829,-0.023492,-0.053767,0.007747,-0.024835,-0.023492,0.000000,0.120000,0.000000,0.745346,-0.011746,-0.000187,0.019680,-0.026883,-0.000974,0.003022,0.013924,0
1790539143.9967,-0.012735,-0.043584,0.020618,-0.019097,-0.012735,0.000000,0.120000,0.000000,0.775465,-0.006368,-0.000189,0.027174,-0.021792,-0.000980,0.003675,0.013855,0
1790539144.0105,-0.002456,-0.029711,0.024565,-0.010830,-0.002456,0.000000,0.120000,0.000000,0.805565,-0.001228,-0.000189,0.025983,-0.014855,-0.000984,0.005010,0.013846,0
1790539144.0244,0.002587,-0.019130,0.013859,-0.006729,0.002587,0.000000,0.120000,0.000000,0.835651,0.001294,-0.000189,0.012754,-0.009565,-0.000987,0.003823,0.013840,0
1790539144.0384,-0.005128,-0.020117,-0.022084,-0.011401,-0.005128,0.000000,0.120000,0.000000,0.866021,-0.002564,-0.000190,-0.019330,-0.010058,-0.000989,-0.000353,0.013970,0
1790539144.0523,-0.004166,-0.021418,0.000140,-0.012168,-0.004166,0.000000,0.120000,0.000000,0.896348,-0.002083,-0.000190,0.002413,-0.010709,-0.000992,-0.000466,0.013951,0
1790539144.0661,-0.008244,-0.022065,-0.014650,-0.012262,-0.008244,0.000000,0.120000,0.000000,0.926361,-0.004122,-0.000192,-0.010336,-0.011033,-0.000995,-0.000234,0.013806,0
1790539144.0800,-0.008681,-0.026098,-0.005643,-0.015506,-0.008681,0.000000,0.120000,0.000000,0.956415,-0.004341,-0.000193,-0.001109,-0.013049,-0.000999,-0.001459,0.013825,0
1790539144.0939,-0.006197,-0.038368,0.002950,-0.024593,-0.006197,0.000000,0.120000,0.000000,0.986695,-0.003099,-0.000194,0.006242,-0.019184,-0.001004,-0.004405,0.013929,0
1790539144.1079,0.009067,-0.051589,0.042479,-0.031525,0.009067,0.000000,0.120000,0.000000,0.017147,0.004533,-0.000193,0.038138,-0.025794,-0.001012,-0.004719,0.014008,0
1790539144.1213,0.020171,-0.058768,0.038727,-0.033067,0.020171,0.000000,0.120000,0.000000,0.046452,0.010085,-0.000189,0.028831,-0.029384,-0.001020,-0.002663,0.013480,0
1790539144.1350,0.024646,-0.062653,0.023612,-0.033778,0.024646,0.000000,0.120000,0.000000,0.076128,0.012323,-0.000185,0.011474,-0.031327,-0.001028,-0.001423,0.013651,0
1790539144.1489,0.030485,-0.067942,0.029754,-0.036909,0.030485,0.000000,0.120000,0.000000,0.106367,0.015242,-0.000180,0.014692,-0.033971,-0.001038,-0.001901,0.013910,0
1790539144.1632,0.023300,-0.071675,-0.006317,-0.038206,0.023300,0.000000,0.120000,0.000000,0.137097,0.011650,-0.000176,-0.017791,-0.035838,-0.001048,-0.001321,0.014136,0
1790539144.1772,0.012701,-0.070565,-0.020122,-0.035947,0.012701,0.000000,0.120000,0.000000,0.167760,0.006351,-0.000174,-0.026299,-0.035283,-0.001058,0.000394,0.014105,0
1790539144.1911,0.005281,-0.062297,-0.016148,-0.029252,0.005281,0.000000,0.120000,0.000000,0.198090,0.002640,-0.000173,-0.018615,-0.031149,-0.001066,0.002963,0.013952,0
1790539144.2050,0.000792,-0.048739,-0.011092,-0.020560,0.000792,0.000000,0.120000,0.000000,0.228276,0.000396,-0.000173,-0.011314,-0.024369,-0.001073,0.004882,0.013885,0
1790539144.2188,-0.010020,-0.033549,-0.032531,-0.012364,-0.010020,0.000000,0.120000,0.000000,0.258359,-0.005010,-0.000175,-0.027347,-0.016775,-0.001078,0.005488,0.013838,0
1790539144.2327,-0.021757,-0.020282,-0.040642,-0.006444,-0.021757,0.000000,0.120000,0.000000,0.288545,-0.010879,-0.000178,-0.029585,-0.010141,-0.001081,0.004777,0.013886,0
1790539144.2465,-0.024770,-0.011873,-0.020227,-0.003964,-0.024770,0.000000,0.120000,0.000000,0.318469,-0.012385,-0.000183,-0.007660,-0.005937,-0.001082,0.003054,0.013765,0
1790539144.2604,-0.021180,-0.017795,-0.001754,-0.012109,-0.021180,0.000000,0.120000,0.000000,0.348740,-0.010590,-0.000186,0.009022,-0.008898,-0.001085,-0.002126,0.013925,0
1790539144.2745,-0.027585,-0.020305,-0.029927,-0.012132,-0.027585,0.000000,0.120000,0.000000,0.379305,-0.013792,-0.000191,-0.015943,-0.010152,-0.001087,-0.000893,0.014060,0
1790539144.2884,-0.024621,-0.027290,-0.005085,-0.017234,-0.024621,0.000000,0.120000,0.000000,0.409703,-0.012310,-0.000195,0.007420,-0.013645,-0.001091,-0.002498,0.013983,0
1790539144.3022,-0.020371,-0.039786,0.000405,-0.025522,-0.020371,0.000000,0.120000,0.000000,0.439669,-0.010186,-0.000198,0.010789,-0.019893,-0.001097,-0.004532,0.013785,0
1790539144.3161,-0.027961,-0.048838,-0.033328,-0.028784,-0.027961,0.000000,0.120000,0.000000,0.469835,-0.013981,-0.000203,-0.019144,-0.024419,-0.001104,-0.003262,0.013876,0
1790539144.3299,-0.042367,-0.061603,-0.057955,-0.036542,-0.042367,0.000000,0.120000,0.000000,0.499813,-0.021183,-0.000210,-0.036562,-0.030802,-0.001112,-0.004628,0.013790,0
1790539144.3437,-0.053232,-0.073393,-0.054437,-0.042097,-0.053232,0.000000,0.120000,0.000000,0.529764,-0.026616,-0.000219,-0.027602,-0.036697,-0.001122,-0.004279,0.013777,0
1790539144.3573,-0.066456,-0.080934,-0.067524,-0.044375,-0.066456,0.000000,0.120000,0.000000,0.559299,-0.033228,-0.000230,-0.034067,-0.040467,-0.001133,-0.002775,0.013586,0
1790539144.3711,-0.074415,-0.085754,-0.057833,-0.045785,-0.074415,0.000000,0.120000,0.000000,0.589008,-0.037208,-0.000242,-0.020384,-0.042877,-0.001145,-0.001764,0.013666,0
1790539144.3850,-0.074209,-0.089910,-0.036844,-0.047592,-0.074209,0.000000,0.120000,0.000000,0.619532,-0.037104,-0.000254,0.000514,-0.044955,-0.001158,-0.001480,0.014041,0
1790539144.3993,-0.068075,-0.092154,-0.019122,-0.048041,-0.068075,0.000000,0.120000,0.000000,0.650275,-0.034037,-0.000266,0.015181,-0.046077,-0.001171,-0.000793,0.014142,0
1790539144.4136,-0.056969,-0.090716,-0.001740,-0.046042,-0.056969,0.000000,0.120000,0.000000,0.681549,-0.028484,-0.000276,0.027020,-0.045358,-0.001184,0.000500,0.014386,0
1790539144.4276,-0.044849,-0.086209,0.007591,-0.042690,-0.044849,0.000000,0.120000,0.000000,0.711985,-0.022424,-0.000283,0.030299,-0.043104,-0.001196,0.001610,0.014000,0
1790539144.4416,-0.033319,-0.078319,0.011717,-0.037564,-0.033319,0.000000,0.120000,0.000000,0.742589,-0.016660,-0.000289,0.028665,-0.039160,-0.001207,0.002802,0.014078,0
1790539144.4555,-0.026491,-0.066887,0.003670,-0.030544,-0.026491,0.000000,0.120000,0.000000,0.772779,-0.013245,-0.000293,0.017209,-0.033444,-0.001216,0.004116,0.013888,0
1790539144.4693,-0.022137,-0.052104,-0.000358,-0.021935,-0.022137,0.000000,0.120000,0.000000,0.802871,-0.011069,-0.000297,0.011008,-0.026052,-0.001223,0.005340,0.013842,0
1790539144.4833,-0.013457,-0.035311,0.014652,-0.012891,-0.013457,0.000000,0.120000,0.000000,0.833335,-0.006729,-0.000299,0.021680,-0.017655,-0.001228,0.005992,0.014013,0
1790539144.4971,-0.005584,-0.018211,0.016867,-0.004144,-0.005584,0.000000,0.120000,0.000000,0.863351,-0.002792,-0.000300,0.019958,-0.009105,-0.001231,0.006192,0.013808,0
1790539144.5109,-0.018384,-0.015774,-0.041984,-0.008236,-0.018384,0.000000,0.120000,0.000000,0.893329,-0.009192,-0.000303,-0.032489,-0.007887,-0.001233,0.000883,0.013790,0
1790539144.5250,-0.018501,-0.022893,-0.009847,-0.015213,-0.018501,0.000000,0.120000,0.000000,0.923906,-0.009250,-0.000306,-0.000290,-0.011446,-0.001236,-0.002531,0.014065,0
1790539144.5390,-0.020177,-0.021193,-0.014591,-0.011228,-0.020177,0.000000,0.120000,0.000000,0.954325,-0.010089,-0.000310,-0.004193,-0.010597,-0.001239,0.000607,0.013993,0
1790539144.5528,-0.021438,-0.030811,-0.014220,-0.020121,-0.021438,0.000000,0.120000,0.000000,0.984427,-0.010719,-0.000313,-0.003187,-0.015405,-0.001243,-0.003473,0.013847,0
1790539144.5672,-0.004057,-0.046824,0.040476,-0.030297,-0.004057,0.000000,0.120000,0.000000,0.015312,-0.002029,-0.000314,0.042818,-0.023412,-0.001250,-0.005636,0.014207,0
1790539144.5808,0.011111,-0.064995,0.043911,-0.040374,0.011111,0.000000,0.120000,0.000000,0.045159,0.005555,-0.000312,0.038668,-0.032497,-0.001259,-0.006618,0.013730,0
1790539144.5944,0.025260,-0.075302,0.048635,-0.042699,0.025260,0.000000,0.120000,0.000000,0.074806,0.012630,-0.000308,0.036313,-0.037651,-0.001269,-0.003779,0.013638,0
1790539144.6083,0.036026,-0.084239,0.044727,-0.046605,0.036026,0.000000,0.120000,0.000000,0.105126,0.018013,-0.000302,0.027016,-0.042120,-0.001281,-0.003204,0.013947,0
1790539144.6222,0.031175,-0.090417,0.003098,-0.048720,0.031175,0.000000,0.120000,0.000000,0.135397,0.015587,-0.000297,-0.012193,-0.045209,-0.001293,-0.002218,0.013925,0
1790539144.6362,0.010947,-0.086110,-0.045878,-0.042807,0.010947,0.000000,0.120000,0.000000,0.165541,0.005474,-0.000295,-0.051057,-0.043055,-0.001305,0.001553,0.013866,0
1790539144.6502,0.001386,-0.074170,-0.023535,-0.034131,0.001386,0.000000,0.120000,0.000000,0.195939,0.000693,-0.000295,-0.023933,-0.037085,-0.001316,0.004270,0.013983,0
1790539144.6645,-0.000083,-0.062767,-0.003953,-0.028696,-0.000083,0.000000,0.120000,0.000000,0.226828,-0.000041,-0.000295,-0.003617,-0.031383,-0.001325,0.004012,0.014209,0
1790539144.6784,-0.018346,-0.042908,-0.054893,-0.015729,-0.018346,0.000000,0.120000,0.000000,0.257421,-0.009173,-0.000298,-0.045422,-0.021454,-0.001331,0.007056,0.014073,0
1790539144.6924,-0.034595,-0.024215,-0.058328,-0.006748,-0.034595,0.000000,0.120000,0.000000,0.287778,-0.017298,-0.000304,-0.040727,-0.012107,-0.001334,0.006693,0.013964,0
1790539144.7063,-0.039961,-0.017922,-0.033743,-0.008044,-0.039961,0.000000,0.120000,0.000000,0.318124,-0.019980,-0.000310,-0.013453,-0.008961,-0.001337,0.002254,0.013959,0
1790539144.7201,-0.038279,-0.020932,-0.015200,-0.012894,-0.038279,0.000000,0.120000,0.000000,0.348195,-0.019139,-0.000317,0.004256,-0.010466,-0.001340,-0.001088,0.013832,0
1790539144.7340,-0.041111,-0.017942,-0.028015,-0.009237,-0.041111,0.000000,0.120000,0.000000,0.378394,-0.020556,-0.000323,-0.007136,-0.008971,-0.001342,0.001076,0.013891,0
1790539144.7479,-0.032680,-0.023128,0.004737,-0.014790,-0.032680,0.000000,0.120000,0.000000,0.408362,-0.016340,-0.000329,0.021406,-0.011564,-0.001345,-0.001881,0.013786,0
1790539144.7620,-0.033180,-0.034041,-0.018163,-0.022235,-0.033180,0.000000,0.120000,0.000000,0.439061,-0.016590,-0.000334,-0.001239,-0.017020,-0.001350,-0.003864,0.014121,0
1790539144.7759,-0.040670,-0.045246,-0.039467,-0.027995,-0.040670,0.000000,0.120000,0.000000,0.469392,-0.020335,-0.000341,-0.018790,-0.022623,-0.001356,-0.004016,0.013952,0
1790539144.7898,-0.051574,-0.058999,-0.053605,-0.035814,-0.051574,0.000000,0.120000,0.000000,0.499594,-0.025787,-0.000350,-0.027468,-0.029500,-0.001364,-0.004950,0.013893,0
1790539144.8038,-0.061883,-0.072896,-0.057209,-0.042812,-0.061883,0.000000,0.120000,0.000000,0.529870,-0.030941,-0.000360,-0.025908,-0.036448,-0.001375,-0.004989,0.013927,0
1790539144.8174,-0.073491,-0.080180,-0.066861,-0.044141,-0.073491,0.000000,0.120000,0.000000,0.559567,-0.036746,-0.000372,-0.029743,-0.040090,-0.001386,-0.002666,0.013661,0
1790539144.8310,-0.079697,-0.086459,-0.056259,-0.046943,-0.079697,0.000000,0.120000,0.000000,0.589033,-0.039849,-0.000385,-0.016025,-0.043230,-0.001397,-0.002316,0.013554,0
1790539144.8450,-0.077175,-0.090493,-0.032679,-0.048097,-0.077175,0.000000,0.120000,0.000000,0.619461,-0.038588,-0.000398,0.006307,-0.045246,-0.001410,-0.001441,0.013997,0
1790539144.8588,-0.074244,-0.091211,-0.030141,-0.047287,-0.074244,0.000000,0.120000,0.000000,0.649636,-0.037122,-0.000411,0.007392,-0.045606,-0.001423,-0.000259,0.013880,0
1790539144.8727,-0.070381,-0.090018,-0.025900,-0.046015,-0.070381,0.000000,0.120000,0.000000,0.679890,-0.035191,-0.000422,0.009713,-0.045009,-0.001435,0.000429,0.013917,0
1790539144.8884,-0.064227,-0.086274,-0.018096,-0.043329,-0.064227,0.000000,0.120000,0.000000,0.712297,-0.032113,-0.000434,0.014451,-0.043137,-0.001448,0.001256,0.014907,0
1790539144.9035,-0.054420,-0.075719,-0.005480,-0.035910,-0.054420,0.000000,0.120000,0.000000,0.745948,-0.027210,-0.000444,0.022174,-0.037859,-0.001460,0.003409,0.015480,0
1790539144.9181,-0.047051,-0.063833,-0.006583,-0.029378,-0.047051,0.000000,0.120000,0.000000,0.778181,-0.023525,-0.000452,0.017394,-0.031917,-0.001469,0.004008,0.014827,0
1790539144.9327,-0.034299,-0.048412,0.013980,-0.020225,-0.034299,0.000000,0.120000,0.000000,0.808896,-0.017150,-0.000458,0.031588,-0.024206,-0.001476,0.005457,0.014129,0
1790539144.9473,-0.022323,-0.030521,0.016197,-0.010804,-0.022323,0.000000,0.120000,0.000000,0.841651,-0.011161,-0.000462,0.027820,-0.015261,-0.001481,0.005937,0.015067,0
1790539144.9609,-0.022822,-0.023771,-0.013149,-0.010912,-0.022822,0.000000,0.120000,0.000000,0.871505,-0.011411,-0.000466,-0.001272,-0.011886,-0.001484,0.002458,0.013733,0
1790539144.9745,-0.026880,-0.030707,-0.024346,-0.019389,-0.026880,0.000000,0.120000,0.000000,0.901097,-0.013440,-0.000470,-0.010435,-0.015353,-0.001488,-0.002548,0.013612,0
1790539144.9884,-0.021306,-0.035916,0.002846,-0.021317,-0.021306,0.000000,0.120000,0.000000,0.931452,-0.010653,-0.000474,0.013973,-0.017958,-0.001493,-0.001865,0.013963,0
1790539145.0023,-0.026124,-0.039891,-0.025669,-0.022874,-0.026124,0.000000,0.120000,0.000000,0.961677,-0.013062,-0.000478,-0.012129,-0.019946,-0.001499,-0.001429,0.013904,0
1790539145.0164,-0.023205,-0.051054,-0.004759,-0.031035,-0.023205,0.000000,0.120000,0.000000,0.991994,-0.011603,-0.000482,0.007326,-0.025527,-0.001506,-0.004002,0.013946,0
1790539145.0303,-0.009784,-0.066375,0.028203,-0.040179,-0.009784,0.000000,0.120000,0.000000,0.022404,-0.004892,-0.000484,0.033579,-0.033188,-0.001515,-0.005476,0.013988,0
1790539145.0439,-0.000281,-0.077003,0.023816,-0.043932,-0.000281,0.000000,0.120000,0.000000,0.051990,-0.000140,-0.000484,0.024441,-0.038502,-0.001526,-0.003905,0.013610,0
1790539145.0577,0.006169,-0.083264,0.019091,-0.045456,0.006169,0.000000,0.120000,0.000000,0.081753,0.003085,-0.000483,0.016489,-0.041632,-0.001537,-0.002287,0.013691,0
1790539145.0717,0.014785,-0.091709,0.028411,-0.050415,0.014785,0.000000,0.120000,0.000000,0.112245,0.007392,-0.000480,0.021499,-0.045855,-0.001550,-0.003010,0.014027,0
1790539145.0855,0.005093,-0.093718,-0.022338,-0.049145,0.005093,0.000000,0.120000,0.000000,0.142462,0.002546,-0.000479,-0.024405,-0.046859,-0.001563,-0.000723,0.013900,0
1790539145.0995,-0.003863,-0.084824,-0.024915,-0.040794,-0.003863,0.000000,0.120000,0.000000,0.172743,-0.001932,-0.000480,-0.022503,-0.042412,-0.001575,0.003193,0.013929,0
1790539145.1133,-0.001730,-0.071137,0.004018,-0.032238,-0.001730,0.000000,0.120000,0.000000,0.203015,-0.000865,-0.000480,0.005363,-0.035568,-0.001585,0.004915,0.013925,0
1790539145.1272,-0.008122,-0.053754,-0.020669,-0.022205,-0.008122,0.000000,0.120000,0.000000,0.233179,-0.004061,-0.000482,-0.016126,-0.026877,-0.001592,0.006264,0.013876,0
1790539145.1411,-0.021621,-0.033179,-0.045330,-0.010776,-0.021621,0.000000,0.120000,0.000000,0.263357,-0.010811,-0.000485,-0.034034,-0.016590,-0.001597,0.007410,0.013882,0
1790539145.1553,-0.027520,-0.015345,-0.029139,-0.002840,-0.027520,0.000000,0.120000,0.000000,0.293501,-0.013760,-0.000490,-0.014889,-0.007672,-0.001599,0.006431,0.013866,0
1790539145.1696,-0.029004,-0.010209,-0.018585,-0.004930,-0.029004,0.000000,0.120000,0.000000,0.324964,-0.014502,-0.000495,-0.003588,-0.005104,-0.001600,0.001774,0.014473,0
1790539145.1834,-0.026633,-0.011070,-0.007873,-0.007445,-0.026633,0.000000,0.120000,0.000000,0.355313,-0.013317,-0.000499,0.005943,-0.005535,-0.001602,-0.000308,0.013960,0
1790539145.1973,-0.028331,-0.013578,-0.018931,-0.009292,-0.028331,0.000000,0.120000,0.000000,0.385616,-0.014165,-0.000504,-0.004262,-0.006789,-0.001604,-0.000900,0.013940,0
1790539145.2112,-0.021700,-0.019981,0.005367,-0.013904,-0.021700,0.000000,0.120000,0.000000,0.415783,-0.010850,-0.000508,0.016725,-0.009991,-0.001606,-0.002307,0.013877,0
1790539145.2252,-0.019857,-0.030991,-0.005807,-0.021061,-0.019857,0.000000,0.120000,0.000000,0.446045,-0.009929,-0.000511,0.004632,-0.015496,-0.001611,-0.003955,0.013921,0
1790539145.2391,-0.029092,-0.040404,-0.038255,-0.025195,-0.029092,0.000000,0.120000,0.000000,0.476341,-0.014546,-0.000516,-0.023193,-0.020202,-0.001616,-0.003377,0.013936,0
1790539145.2530,-0.043200,-0.053206,-0.057767,-0.032847,-0.043200,0.000000,0.120000,0.000000,0.506457,-0.021600,-0.000523,-0.035644,-0.026603,-0.001624,-0.004620,0.013854,0
1790539145.2668,-0.056853,-0.064854,-0.063714,-0.038296,-0.056853,0.000000,0.120000,0.000000,0.536347,-0.028427,-0.000533,-0.034755,-0.032427,-0.001633,-0.004236,0.013749,0
1790539145.2804,-0.067726,-0.070113,-0.062269,-0.038624,-0.067726,0.000000,0.120000,0.000000,0.566038,-0.033863,-0.000544,-0.027863,-0.035056,-0.001642,-0.001925,0.013658,0
1790539145.2943,-0.069928,-0.075111,-0.041039,-0.040998,-0.069928,0.000000,0.120000,0.000000,0.596390,-0.034964,-0.000555,-0.005520,-0.037556,-0.001653,-0.001790,0.013962,0
1790539145.3082,-0.060884,-0.076747,-0.008313,-0.040624,-0.060884,0.000000,0.120000,0.000000,0.626713,-0.030442,-0.000566,0.022694,-0.038374,-0.001663,-0.000586,0.013949,0
1790539145.3221,-0.054070,-0.074199,-0.010318,-0.037849,-0.054070,0.000000,0.120000,0.000000,0.656693,-0.027035,-0.000574,0.017292,-0.037099,-0.001674,0.000924,0.013791,0
1790539145.3359,-0.050138,-0.073523,-0.015743,-0.038202,-0.050138,0.000000,0.120000,0.000000,0.686885,-0.025069,-0.000583,0.009909,-0.036762,-0.001684,0.000243,0.013888,0
1790539145.3498,-0.043087,-0.069309,-0.004382,-0.034833,-0.043087,0.000000,0.120000,0.000000,0.717110,-0.021543,-0.000590,0.017751,-0.034655,-0.001694,0.001515,0.013904,0
1790539145.3640,-0.037354,-0.060641,-0.004974,-0.028934,-0.037354,0.000000,0.120000,0.000000,0.747616,-0.018677,-0.000596,0.014299,-0.030321,-0.001702,0.003088,0.014033,0
1790539145.3781,-0.034343,-0.049124,-0.010301,-0.022187,-0.034343,0.000000,0.120000,0.000000,0.778269,-0.017172,-0.000602,0.007473,-0.024562,-0.001709,0.004084,0.014100,0
1790539145.3921,-0.026845,-0.035889,0.004614,-0.014957,-0.026845,0.000000,0.120000,0.000000,0.808871,-0.013423,-0.000607,0.018643,-0.017944,-0.001714,0.004701,0.014077,0
1790539145.4065,-0.016992,-0.020942,0.015201,-0.006921,-0.016992,0.000000,0.120000,0.000000,0.839714,-0.008496,-0.000610,0.024306,-0.010471,-0.001717,0.005267,0.014188,0
1790539145.4211,-0.019457,-0.018239,-0.016242,-0.009914,-0.019457,0.000000,0.120000,0.000000,0.871494,-0.009728,-0.000613,-0.005901,-0.009119,-0.001720,0.000925,0.014619,0
1790539145.4352,-0.020889,-0.030082,-0.014585,-0.020926,-0.020889,0.000000,0.120000,0.000000,0.902426,-0.010445,-0.000617,-0.003524,-0.015041,-0.001724,-0.004162,0.014229,0
1790539145.4492,-0.014353,-0.037814,0.008535,-0.023396,-0.014353,0.000000,0.120000,0.000000,0.932880,-0.007176,-0.000619,0.016331,-0.018907,-0.001729,-0.002760,0.014009,0
1790539145.4634,-0.011418,-0.043512,0.000894,-0.025495,-0.011418,0.000000,0.120000,0.000000,0.963797,-0.005709,-0.000621,0.007223,-0.021756,-0.001735,-0.002004,0.014222,0
1790539145.4773,-0.003386,-0.058757,0.017853,-0.036591,-0.003386,0.000000,0.120000,0.000000,0.994098,-0.001693,-0.000621,0.020168,-0.029379,-0.001744,-0.005469,0.013939,0
1790539145.4913,0.016981,-0.077421,0.058833,-0.047136,0.016981,0.000000,0.120000,0.000000,0.024507,0.008490,-0.000619,0.050961,-0.038710,-0.001754,-0.006671,0.013988,0
1790539145.5049,0.029836,-0.088880,0.047248,-0.050402,0.029836,0.000000,0.120000,0.000000,0.054197,0.014918,-0.000614,0.032943,-0.044440,-0.001767,-0.004195,0.013657,0
1790539145.5185,0.038217,-0.099933,0.040157,-0.055826,0.038217,0.000000,0.120000,0.000000,0.083644,0.019109,-0.000607,0.021656,-0.049967,-0.001780,-0.004080,0.013546,0
1790539145.5325,0.038274,-0.111241,0.018677,-0.061443,0.038274,0.000000,0.120000,0.000000,0.114168,0.019137,-0.000601,0.000141,-0.055621,-0.001796,-0.004027,0.014041,0
1790539145.5464,0.028563,-0.113413,-0.010708,-0.059297,0.028563,0.000000,0.120000,0.000000,0.144459,0.014281,-0.000596,-0.024393,-0.056706,-0.001812,-0.000779,0.013934,0
1790539145.5602,0.023312,-0.105246,-0.002261,-0.051488,0.023312,0.000000,0.120000,0.000000,0.174438,0.011656,-0.000592,-0.013325,-0.052623,-0.001826,0.002961,0.013790,0
1790539145.5741,0.024535,-0.090477,0.014759,-0.041763,0.024535,0.000000,0.120000,0.000000,0.204646,0.012268,-0.000588,0.003080,-0.045238,-0.001839,0.005314,0.013896,0
1790539145.5880,0.012275,-0.070279,-0.025357,-0.029714,0.012275,0.000000,0.120000,0.000000,0.234827,0.006137,-0.000586,-0.030908,-0.035140,-0.001848,0.007274,0.013883,0
1790539145.6019,0.006320,-0.050311,-0.012426,-0.019825,0.006320,0.000000,0.120000,0.000000,0.265033,0.003160,-0.000585,-0.015000,-0.025155,-0.001855,0.007186,0.013895,0
1790539145.6158,-0.002877,-0.032371,-0.025189,-0.011590,-0.002877,0.000000,0.120000,0.000000,0.295240,-0.001438,-0.000586,-0.023165,-0.016186,-0.001860,0.006455,0.013895,0
1790539145.6297,-0.017193,-0.017622,-0.045178,-0.005376,-0.017193,0.000000,0.120000,0.000000,0.325505,-0.008597,-0.000589,-0.035993,-0.008811,-0.001862,0.005297,0.013922,0
1790539145.6437,-0.018673,-0.009589,-0.013631,-0.003785,-0.018673,0.000000,0.120000,0.000000,0.355898,-0.009336,-0.000592,-0.003703,-0.004795,-0.001864,0.002873,0.013981,0
1790539145.6579,-0.009873,-0.010134,0.016602,-0.007128,-0.009873,0.000000,0.120000,0.000000,0.386149,-0.004937,-0.000593,0.022132,-0.005067,-0.001865,-0.000196,0.013915,0
1790539145.6721,-0.007462,-0.008925,0.001524,-0.005910,-0.007462,0.000000,0.120000,0.000000,0.417513,-0.003731,-0.000595,0.005850,-0.004462,-0.001866,0.000419,0.014428,0
1790539145.6861,-0.005537,-0.014165,0.001445,-0.010821,-0.005537,0.000000,0.120000,0.000000,0.447969,-0.002769,-0.000596,0.004809,-0.007083,-0.001868,-0.001870,0.014010,0
1790539145.7000,-0.005427,-0.023894,-0.003033,-0.017308,-0.005427,0.000000,0.120000,0.000000,0.478276,-0.002713,-0.000596,0.000277,-0.011947,-0.001872,-0.003489,0.013941,0
1790539145.7140,-0.012878,-0.036269,-0.025766,-0.024455,-0.012878,0.000000,0.120000,0.000000,0.508547,-0.006439,-0.000599,-0.018728,-0.018135,-0.001877,-0.004444,0.013925,0
1790539145.7275,-0.028491,-0.044386,-0.054996,-0.027057,-0.028491,0.000000,0.120000,0.000000,0.538138,-0.014246,-0.000603,-0.040147,-0.022193,-0.001883,-0.002981,0.013612,0
1790539145.7411,-0.035154,-0.049455,-0.035357,-0.028483,-0.035154,0.000000,0.120000,0.000000,0.567661,-0.017577,-0.000609,-0.017171,-0.024728,-0.001889,-0.001866,0.013580,0
1790539145.7550,-0.040609,-0.051243,-0.034642,-0.028161,-0.040609,0.000000,0.120000,0.000000,0.597909,-0.020305,-0.000616,-0.013722,-0.025622,-0.001897,-0.000642,0.013914,0
1790539145.7695,-0.041313,-0.052661,-0.023000,-0.028730,-0.041313,0.000000,0.120000,0.000000,0.629034,-0.020657,-0.000623,-0.001721,-0.026330,-0.001904,-0.000495,0.014317,0
1790539145.7835,-0.035783,-0.051425,-0.004800,-0.027186,-0.035783,0.000000,0.120000,0.000000,0.659702,-0.017891,-0.000629,0.013720,-0.025713,-0.001911,0.000438,0.014107,0
1790539145.7974,-0.030437,-0.046202,-0.002478,-0.023152,-0.030437,0.000000,0.120000,0.000000,0.690115,-0.015218,-0.000634,0.013374,-0.023101,-0.001918,0.001867,0.013990,0
1790539145.8113,-0.023540,-0.038040,0.005069,-0.017988,-0.023540,0.000000,0.120000,0.000000,0.720138,-0.011770,-0.000638,0.017477,-0.019020,-0.001923,0.002955,0.013811,0
1790539145.8252,-0.012331,-0.024188,0.021328,-0.009054,-0.012331,0.000000,0.120000,0.000000,0.750453,-0.006166,-0.000640,0.028134,-0.012094,-0.001926,0.004967,0.013945,0
1790539145.8392,-0.002004,-0.008763,0.024180,-0.000799,-0.002004,0.000000,0.120000,0.000000,0.780882,-0.001002,-0.000640,0.025823,-0.004382,-0.001928,0.005510,0.013997,0
1790539145.8531,-0.009189,-0.007375,-0.023289,-0.005118,-0.009189,0.000000,0.120000,0.000000,0.811163,-0.004594,-0.000642,-0.018052,-0.003687,-0.001929,0.000498,0.013930,0
1790539145.8671,-0.004692,-0.011905,0.008275,-0.009504,-0.004692,0.000000,0.120000,0.000000,0.841539,-0.002346,-0.000643,0.011264,-0.005952,-0.001930,-0.001621,0.013973,0
1790539145.8809,0.001152,-0.020956,0.014715,-0.015682,0.001152,0.000000,0.120000,0.000000,0.871619,0.000576,-0.000643,0.014782,-0.010478,-0.001933,-0.003271,0.013837,0
1790539145.8949,0.002803,-0.032771,0.004916,-0.022571,0.002803,0.000000,0.120000,0.000000,0.901849,0.001402,-0.000642,0.004157,-0.016385,-0.001938,-0.004248,0.013906,0
1790539145.9093,0.006357,-0.041063,0.011321,-0.025404,0.006357,0.000000,0.120000,0.000000,0.932632,0.003178,-0.000641,0.008783,-0.020532,-0.001944,-0.002928,0.014160,0
1790539145.9237,0.015802,-0.051212,0.029966,-0.031042,0.015802,0.000000,0.120000,0.000000,0.964288,0.007901,-0.000638,0.022703,-0.025606,-0.001951,-0.003485,0.014562,0
1790539145.9379,0.025674,-0.058517,0.036450,-0.033781,0.025674,0.000000,0.120000,0.000000,0.995268,0.012837,-0.000634,0.024246,-0.029259,-0.001959,-0.002563,0.014251,0
1790539145.9519,0.032065,-0.064976,0.031401,-0.036767,0.032065,0.000000,0.120000,0.000000,0.025665,0.016033,-0.000628,0.015996,-0.032488,-0.001969,-0.002310,0.013983,0
1790539145.9655,0.032783,-0.069727,0.017609,-0.038582,0.032783,0.000000,0.120000,0.000000,0.055334,0.016391,-0.000623,0.001840,-0.034863,-0.001978,-0.001740,0.013648,0
1790539145.9791,0.038912,-0.078955,0.034539,-0.044843,0.038912,0.000000,0.120000,0.000000,0.085039,0.019456,-0.000617,0.015700,-0.039478,-0.001989,-0.003377,0.013664,0
1790539145.9930,0.034705,-0.088634,0.006160,-0.049795,0.034705,0.000000,0.120000,0.000000,0.115293,0.017352,-0.000611,-0.010582,-0.044317,-0.002001,-0.003477,0.013917,0
1790539146.0069,0.022307,-0.087876,-0.020715,-0.045678,0.022307,0.000000,0.120000,0.000000,0.145467,0.011154,-0.000607,-0.031261,-0.043938,-0.002013,0.000273,0.013880,0
1790539146.0208,0.015786,-0.081228,-0.009115,-0.040250,0.015786,0.000000,0.120000,0.000000,0.175718,0.007893,-0.000605,-0.016403,-0.040614,-0.002025,0.002388,0.013915,0
1790539146.0347,0.010295,-0.073050,-0.009304,-0.035614,0.010295,0.000000,0.120000,0.000000,0.205887,0.005147,-0.000603,-0.013848,-0.036525,-0.002035,0.002946,0.013878,0
1790539146.0487,-0.004810,-0.059366,-0.041023,-0.026806,-0.004810,0.000000,0.120000,0.000000,0.236120,-0.002405,-0.000604,-0.038014,-0.029683,-0.002043,0.004920,0.013907,0
1790539146.0626,-0.014516,-0.045902,-0.032143,-0.020189,-0.014516,0.000000,0.120000,0.000000,0.266535,-0.007258,-0.000606,-0.024279,-0.022951,-0.002050,0.004812,0.013991,0
1790539146.0766,-0.023484,-0.031538,-0.034787,-0.012689,-0.023484,0.000000,0.120000,0.000000,0.296950,-0.011742,-0.000610,-0.022435,-0.015769,-0.002054,0.005133,0.013991,0
1790539146.0906,-0.020234,-0.024592,-0.002547,-0.011854,-0.020234,0.000000,0.120000,0.000000,0.327165,-0.010117,-0.000613,0.008184,-0.012296,-0.002057,0.002499,0.013899,0
1790539146.1045,-0.019470,-0.023595,-0.008448,-0.013503,-0.019470,0.000000,0.120000,0.000000,0.357698,-0.009735,-0.000617,0.001904,-0.011797,-0.002061,0.000355,0.014045,0
1790539146.1183,-0.021435,-0.029268,-0.016313,-0.018751,-0.021435,0.000000,0.120000,0.000000,0.387745,-0.010717,-0.000620,-0.004975,-0.014634,-0.002065,-0.002052,0.013821,0
1790539146.1323,-0.016686,-0.039628,0.002952,-0.025598,-0.016686,0.000000,0.120000,0.000000,0.418063,-0.008343,-0.000623,0.011918,-0.019814,-0.002070,-0.003714,0.013947,0
1790539146.1460,-0.020300,-0.050253,-0.019990,-0.031072,-0.020300,0.000000,0.120000,0.000000,0.447915,-0.010150,-0.000626,-0.009213,-0.025126,-0.002077,-0.003869,0.013732,0
1790539146.1602,-0.031468,-0.059936,-0.044343,-0.035520,-0.031468,0.000000,0.120000,0.000000,0.478284,-0.015734,-0.000632,-0.027978,-0.029968,-0.002086,-0.003466,0.013970,0
1790539146.1747,-0.042659,-0.072735,-0.048826,-0.042852,-0.042659,0.000000,0.120000,0.000000,0.509988,-0.021329,-0.000639,-0.026858,-0.036368,-0.002096,-0.004388,0.014584,0
1790539146.1884,-0.055509,-0.080101,-0.061090,-0.044834,-0.055509,0.000000,0.120000,0.000000,0.539902,-0.027755,-0.000648,-0.032687,-0.040050,-0.002107,-0.002676,0.013760,0
1790539146.2021,-0.062398,-0.086395,-0.049415,-0.047608,-0.062398,0.000000,0.120000,0.000000,0.569755,-0.031199,-0.000659,-0.017558,-0.043197,-0.002119,-0.002292,0.013732,0
1790539146.2161,-0.060049,-0.091374,-0.024828,-0.049595,-0.060049,0.000000,0.120000,0.000000,0.600232,-0.030024,-0.000669,0.005865,-0.045687,-0.002132,-0.001776,0.014019,0
1790539146.2300,-0.055827,-0.093208,-0.017933,-0.049410,-0.055827,0.000000,0.120000,0.000000,0.630373,-0.027913,-0.000678,0.010658,-0.046604,-0.002145,-0.000661,0.013865,0
1790539146.2439,-0.048759,-0.093380,-0.007336,-0.048909,-0.048759,0.000000,0.120000,0.000000,0.660702,-0.024380,-0.000686,0.017730,-0.046690,-0.002158,-0.000062,0.013951,0
1790539146.2579,-0.038942,-0.088151,0.004532,-0.044366,-0.038942,0.000000,0.120000,0.000000,0.690949,-0.019471,-0.000693,0.024696,-0.044075,-0.002170,0.001879,0.013913,0
1790539146.2717,-0.032820,-0.079410,-0.001636,-0.038731,-0.032820,0.000000,0.120000,0.000000,0.721057,-0.016410,-0.000698,0.015472,-0.039705,-0.002181,0.003155,0.013850,0
1790539146.2855,-0.029923,-0.069143,-0.008338,-0.033052,-0.029923,0.000000,0.120000,0.000000,0.751137,-0.014962,-0.000703,0.007326,-0.034571,-0.002191,0.003710,0.013837,0
1790539146.2993,-0.026737,-0.056452,-0.005996,-0.025827,-0.026737,0.000000,0.120000,0.000000,0.781143,-0.013368,-0.000707,0.008080,-0.028226,-0.002198,0.004597,0.013803,0
1790539146.3131,-0.020670,-0.039595,0.004370,-0.015882,-0.020670,0.000000,0.120000,0.000000,0.811088,-0.010335,-0.000711,0.015415,-0.019797,-0.002204,0.006119,0.013775,0
1790539146.3269,-0.011217,-0.020119,0.017644,-0.005213,-0.011217,0.000000,0.120000,0.000000,0.841099,-0.005609,-0.000713,0.023966,-0.010060,-0.002207,0.007054,0.013805,0
1790539146.3407,-0.007571,-0.005301,0.004757,0.000516,-0.007571,0.000000,0.120000,0.000000,0.871068,-0.003786,-0.000714,0.009257,-0.002651,-0.002207,0.005374,0.013786,0
1790539146.3545,-0.015098,-0.009980,-0.027351,-0.008893,-0.015098,0.000000,0.120000,0.000000,0.901073,-0.007549,-0.000716,-0.019086,-0.004990,-0.002209,-0.001695,0.013802,0
1790539146.3684,-0.014160,-0.025587,-0.005436,-0.020628,-0.014160,0.000000,0.120000,0.000000,0.931247,-0.007080,-0.000719,0.002363,-0.012794,-0.002212,-0.005622,0.013880,0
1790539146.3822,-0.012613,-0.029258,-0.003116,-0.018171,-0.012613,0.000000,0.120000,0.000000,0.961351,-0.006306,-0.000721,0.003911,-0.014629,-0.002216,-0.001325,0.013848,0
1790539146.3960,-0.010058,-0.036493,0.000719,-0.023086,-0.010058,0.000000,0.120000,0.000000,0.991397,-0.005029,-0.000723,0.006470,-0.018247,-0.002221,-0.002618,0.013821,0
1790539146.4102,0.005663,-0.049970,0.041571,-0.032045,0.005663,0.000000,0.120000,0.000000,0.021710,0.002832,-0.000722,0.039461,-0.024985,-0.002228,-0.004832,0.013944,0
1790539146.4243,0.019185,-0.061427,0.042340,-0.037001,0.019185,0.000000,0.120000,0.000000,0.052453,0.009593,-0.000718,0.033466,-0.030713,-0.002237,-0.004051,0.014142,0
1790539146.4383,0.027800,-0.069091,0.034502,-0.039501,0.027800,0.000000,0.120000,0.000000,0.083202,0.013900,-0.000714,0.021316,-0.034545,-0.002247,-0.002709,0.014144,0
1790539146.4524,0.041584,-0.077708,0.054286,-0.044166,0.041584,0.000000,0.120000,0.000000,0.113870,0.020792,-0.000707,0.034200,-0.038854,-0.002258,-0.003054,0.014107,0
1790539146.4664,0.036286,-0.086863,0.004221,-0.048965,0.036286,0.000000,0.120000,0.000000,0.144361,0.018143,-0.000701,-0.013222,-0.043432,-0.002270,-0.003264,0.014026,0
1790539146.4803,0.021968,-0.081859,-0.025868,-0.041406,0.021968,0.000000,0.120000,0.000000,0.174491,0.010984,-0.000697,-0.036155,-0.040930,-0.002281,0.001805,0.013860,0
1790539146.4943,0.013193,-0.066592,-0.016085,-0.030121,0.013193,0.000000,0.120000,0.000000,0.204857,0.006597,-0.000695,-0.021987,-0.033296,-0.002291,0.005465,0.013968,0
1790539146.5084,0.006138,-0.051265,-0.014997,-0.022539,0.006138,0.000000,0.120000,0.000000,0.235756,0.003069,-0.000694,-0.017373,-0.025632,-0.002298,0.005392,0.014214,0
1790539146.5223,-0.013048,-0.032234,-0.055764,-0.011541,-0.013048,0.000000,0.120000,0.000000,0.265828,-0.006524,-0.000696,-0.048545,-0.016117,-0.002302,0.006879,0.013833,0
1790539146.5361,-0.027280,-0.014424,-0.050486,-0.003055,-0.027280,0.000000,0.120000,0.000000,0.295786,-0.013640,-0.000700,-0.036146,-0.007212,-0.002304,0.006462,0.013781,0
1790539146.5500,-0.028907,-0.005672,-0.019235,-0.002008,-0.028907,0.000000,0.120000,0.000000,0.326151,-0.014453,-0.000705,-0.004076,-0.002836,-0.002305,0.003133,0.013968,0
1790539146.5639,-0.017124,-0.011475,0.020525,-0.010141,-0.017124,0.000000,0.120000,0.000000,0.356240,-0.008562,-0.000708,0.029795,-0.005738,-0.002307,-0.002096,0.013841,0
1790539146.5778,-0.020448,-0.015712,-0.019300,-0.011688,-0.020448,0.000000,0.120000,0.000000,0.386474,-0.010224,-0.000711,-0.008364,-0.007856,-0.002309,-0.001523,0.013908,0
1790539146.5917,-0.021717,-0.022627,-0.014751,-0.016100,-0.021717,0.000000,0.120000,0.000000,0.416848,-0.010858,-0.000715,-0.003178,-0.011314,-0.002312,-0.002475,0.013972,0
1790539146.6056,-0.020397,-0.035070,-0.007577,-0.024351,-0.020397,0.000000,0.120000,0.000000,0.446912,-0.010199,-0.000718,0.003340,-0.017535,-0.002317,-0.004499,0.013830,0
1790539146.6194,-0.029152,-0.042081,-0.037360,-0.025887,-0.029152,0.000000,0.120000,0.000000,0.477106,-0.014576,-0.000723,-0.022061,-0.021040,-0.002323,-0.002524,0.013889,0
1790539146.6335,-0.042417,-0.048403,-0.055026,-0.028784,-0.042417,0.000000,0.120000,0.000000,0.507610,-0.021208,-0.000730,-0.033088,-0.024201,-0.002330,-0.002253,0.014032,0
1790539146.6472,-0.050915,-0.057401,-0.047934,-0.034326,-0.050915,0.000000,0.120000,0.000000,0.537357,-0.025458,-0.000739,-0.021737,-0.028700,-0.002337,-0.003288,0.013684,0
1790539146.6612,-0.059361,-0.062484,-0.052032,-0.035445,-0.059361,0.000000,0.120000,0.000000,0.567105,-0.029681,-0.000749,-0.021602,-0.031242,-0.002346,-0.001857,0.013684,0
1790539146.6755,-0.059623,-0.063336,-0.031199,-0.034315,-0.059623,0.000000,0.120000,0.000000,0.598781,-0.029812,-0.000759,-0.000629,-0.031668,-0.002355,-0.000292,0.014571,0
1790539146.6893,-0.055087,-0.062904,-0.016887,-0.033661,-0.055087,0.000000,0.120000,0.000000,0.628988,-0.027544,-0.000768,0.011425,-0.031452,-0.002364,0.000155,0.013896,0
1790539146.7033,-0.048725,-0.062017,-0.009155,-0.033062,-0.048725,0.000000,0.120000,0.000000,0.659273,-0.024363,-0.000776,0.015984,-0.031008,-0.002373,0.000319,0.013931,0
1790539146.7172,-0.042169,-0.058136,-0.005436,-0.030059,-0.042169,0.000000,0.120000,0.000000,0.689632,-0.021085,-0.000783,0.016432,-0.029068,-0.002381,0.001390,0.013965,0
1790539146.7311,-0.034937,-0.052073,-0.000089,-0.026248,-0.034937,0.000000,0.120000,0.000000,0.719919,-0.017468,-0.000789,0.018168,-0.026036,-0.002388,0.002176,0.013932,0
1790539146.7450,-0.027172,-0.044206,0.005161,-0.021669,-0.027172,0.000000,0.120000,0.000000,0.750152,-0.013586,-0.000794,0.019541,-0.022103,-0.002394,0.002828,0.013907,0
1790539146.7589,-0.019817,-0.035515,0.007809,-0.017031,-0.019817,0.000000,0.120000,0.000000,0.780380,-0.009908,-0.000797,0.018514,-0.017757,-0.002399,0.003125,0.013905,0
1790539146.7727,-0.013558,-0.027366,0.008353,-0.013123,-0.013558,0.000000,0.120000,0.000000,0.810273,-0.006779,-0.000799,0.015931,-0.013683,-0.002403,0.002963,0.013751,0
1790539146.7866,-0.017043,-0.029030,-0.018098,-0.017520,-0.017043,0.000000,0.120000,0.000000,0.840500,-0.008522,-0.000802,-0.008774,-0.014515,-0.002407,-0.000598,0.013904,0
1790539146.8005,-0.014610,-0.040863,-0.001972,-0.027107,-0.014610,0.000000,0.120000,0.000000,0.870667,-0.007305,-0.000805,0.006138,-0.020431,-0.002412,-0.004264,0.013877,0
1790539146.8143,-0.011401,-0.050551,0.001590,-0.031187,-0.011401,0.000000,0.120000,0.000000,0.900824,-0.005700,-0.000806,0.008097,-0.025275,-0.002419,-0.003492,0.013872,0
1790539146.8282,-0.009162,-0.053469,0.000284,-0.030218,-0.009162,0.000000,0.120000,0.000000,0.930847,-0.004581,-0.000808,0.005673,-0.026735,-0.002427,-0.001057,0.013810,0
1790539146.8421,0.001069,-0.060667,0.025404,-0.035349,0.001069,0.000000,0.120000,0.000000,0.961163,0.000534,-0.000808,0.025678,-0.030333,-0.002435,-0.002581,0.013945,0
1790539146.8560,0.017644,-0.075720,0.049840,-0.045732,0.017644,0.000000,0.120000,0.000000,0.991318,0.008822,-0.000805,0.041823,-0.037860,-0.002446,-0.005426,0.013871,0
1790539146.8699,0.031597,-0.088872,0.050118,-0.051623,0.031597,0.000000,0.120000,0.000000,0.021547,0.015798,-0.000800,0.035120,-0.044436,-0.002458,-0.004729,0.013905,0
1790539146.8834,0.041675,-0.099632,0.046138,-0.056267,0.041675,0.000000,0.120000,0.000000,0.050934,0.020838,-0.000793,0.026093,-0.049816,-0.002472,-0.003980,0.013518,0
1790539146.8969,0.049257,-0.111730,0.043583,-0.062851,0.049257,0.000000,0.120000,0.000000,0.080159,0.024628,-0.000785,0.019739,-0.055865,-0.002487,-0.004500,0.013443,0
1790539146.9112,0.043603,-0.118443,0.006913,-0.064118,0.043603,0.000000,0.120000,0.000000,0.110643,0.021802,-0.000778,-0.014111,-0.059221,-0.002503,-0.002394,0.014023,0
1790539146.9258,0.031745,-0.116443,-0.012910,-0.060067,0.031745,0.000000,0.120000,0.000000,0.142855,0.015873,-0.000772,-0.028011,-0.058222,-0.002521,0.000675,0.014817,0
1790539146.9396,0.030518,-0.113327,0.011413,-0.058082,0.030518,0.000000,0.120000,0.000000,0.173161,0.015259,-0.000767,-0.003079,-0.056663,-0.002536,0.001118,0.013941,0
1790539146.9536,0.023630,-0.102791,-0.006326,-0.050149,0.023630,0.000000,0.120000,0.000000,0.203320,0.011815,-0.000763,-0.017379,-0.051395,-0.002551,0.003797,0.013873,0
1790539146.9688,0.006947,-0.086150,-0.036497,-0.040052,0.006947,0.000000,0.120000,0.000000,0.235695,0.003473,-0.000762,-0.039208,-0.043075,-0.002563,0.005587,0.014893,0
1790539146.9834,-0.004844,-0.066985,-0.031441,-0.029504,-0.004844,0.000000,0.120000,0.000000,0.267443,-0.002422,-0.000762,-0.028256,-0.033492,-0.002573,0.006561,0.014604,0
1790539146.9979,-0.018975,-0.048821,-0.044084,-0.020778,-0.018975,0.000000,0.120000,0.000000,0.299226,-0.009487,-0.000766,-0.033831,-0.024410,-0.002580,0.006212,0.014620,0
1790539147.0127,-0.030999,-0.032479,-0.044835,-0.013279,-0.030999,0.000000,0.120000,0.000000,0.331253,-0.015499,-0.000771,-0.028564,-0.016240,-0.002585,0.005546,0.014733,0
1790539147.0271,-0.019290,-0.024029,0.017531,-0.011722,-0.019290,0.000000,0.120000,0.000000,0.363126,-0.009645,-0.000775,0.027950,-0.012015,-0.002589,0.002882,0.014662,0
1790539147.0411,-0.011203,-0.026259,0.013704,-0.016513,-0.011203,0.000000,0.120000,0.000000,0.393768,-0.005601,-0.000777,0.020082,-0.013130,-0.002592,-0.000791,0.014095,0
1790539147.0549,-0.008517,-0.035592,0.001830,-0.023802,-0.008517,0.000000,0.120000,0.000000,0.423531,-0.004258,-0.000778,0.006866,-0.017796,-0.002597,-0.003408,0.013691,0
1790539147.0688,-0.011357,-0.046708,-0.013599,-0.029950,-0.011357,0.000000,0.120000,0.000000,0.453798,-0.005679,-0.000780,-0.007141,-0.023354,-0.002604,-0.003992,0.013923,0
1790539147.0826,-0.020242,-0.059722,-0.033329,-0.037165,-0.020242,0.000000,0.120000,0.000000,0.483944,-0.010121,-0.000783,-0.022425,-0.029861,-0.002612,-0.004692,0.013867,0
1790539147.0964,-0.036322,-0.074290,-0.059721,-0.045044,-0.036322,0.000000,0.120000,0.000000,0.513953,-0.018161,-0.000789,-0.040770,-0.037145,-0.002622,-0.005277,0.013804,0
1790539147.1100,-0.052481,-0.084394,-0.069089,-0.048587,-0.052481,0.000000,0.120000,0.000000,0.543190,-0.026240,-0.000798,-0.042051,-0.042197,-0.002634,-0.003756,0.013449,0
1790539147.1237,-0.062633,-0.089884,-0.057824,-0.049574,-0.062633,0.000000,0.120000,0.000000,0.573248,-0.031317,-0.000808,-0.025699,-0.044942,-0.002646,-0.001986,0.013827,0
1790539147.1376,-0.060602,-0.095691,-0.026005,-0.052594,-0.060602,0.000000,0.120000,0.000000,0.603463,-0.030301,-0.000818,0.005115,-0.047845,-0.002659,-0.002089,0.013899,0
1790539147.1515,-0.057132,-0.099400,-0.020626,-0.053712,-0.057132,0.000000,0.120000,0.000000,0.633582,-0.028566,-0.000828,0.008768,-0.049700,-0.002673,-0.001339,0.013855,0
1790539147.1657,-0.049881,-0.102852,-0.007688,-0.055344,-0.049881,0.000000,0.120000,0.000000,0.664078,-0.024941,-0.000836,0.018089,-0.051426,-0.002688,-0.001230,0.014028,0
1790539147.1799,-0.044058,-0.104726,-0.008669,-0.055718,-0.044058,0.000000,0.120000,0.000000,0.695274,-0.022029,-0.000844,0.014204,-0.052363,-0.002703,-0.000653,0.014350,0
1790539147.1939,-0.033921,-0.101455,0.007359,-0.052285,-0.033921,0.000000,0.120000,0.000000,0.725917,-0.016961,-0.000849,0.025169,-0.050728,-0.002717,0.001160,0.014096,0
1790539147.2078,-0.030159,-0.091400,-0.006411,-0.044794,-0.030159,0.000000,0.120000,0.000000,0.755976,-0.015080,-0.000854,0.009523,-0.045700,-0.002730,0.003636,0.013827,0
1790539147.2217,-0.023845,-0.076394,0.003049,-0.035563,-0.023845,0.000000,0.120000,0.000000,0.786324,-0.011923,-0.000858,0.015830,-0.038197,-0.002740,0.005375,0.013960,0
1790539147.2356,-0.017147,-0.057121,0.007424,-0.024378,-0.017147,0.000000,0.120000,0.000000,0.816553,-0.008574,-0.000861,0.016859,-0.028560,-0.002748,0.006930,0.013906,0
1790539147.2494,-0.011269,-0.034030,0.008392,-0.011412,-0.011269,0.000000,0.120000,0.000000,0.846591,-0.005635,-0.000863,0.014890,-0.017015,-0.002753,0.008356,0.013817,0
1790539147.2634,-0.011044,-0.017022,-0.005821,-0.005171,-0.011044,0.000000,0.120000,0.000000,0.876922,-0.005522,-0.000865,0.000566,-0.008511,-0.002755,0.006095,0.013952,0
1790539147.2773,-0.023068,-0.017801,-0.042510,-0.011937,-0.023068,0.000000,0.120000,0.000000,0.907309,-0.011534,-0.000869,-0.030107,-0.008901,-0.002758,-0.000279,0.013978,0
1790539147.2911,-0.019302,-0.031129,-0.000975,-0.023155,-0.019302,0.000000,0.120000,0.000000,0.937313,-0.009651,-0.000872,0.009548,-0.015564,-0.002762,-0.004828,0.013802,0
1790539147.3050,-0.023996,-0.032712,-0.024693,-0.019692,-0.023996,0.000000,0.120000,0.000000,0.967530,-0.011998,-0.000876,-0.011819,-0.016356,-0.002767,-0.000569,0.013900,0
1790539147.3189,-0.019988,-0.039079,-0.000791,-0.024600,-0.019988,0.000000,0.120000,0.000000,0.997777,-0.009994,-0.000879,0.010082,-0.019540,-0.002772,-0.002288,0.013913,0
1790539147.3327,-0.005295,-0.054669,0.033856,-0.035781,-0.005295,0.000000,0.120000,0.000000,0.027681,-0.002648,-0.000880,0.037383,-0.027335,-0.002780,-0.005667,0.013756,0
1790539147.3463,0.009953,-0.066632,0.043398,-0.040509,0.009953,0.000000,0.120000,0.000000,0.057201,0.004976,-0.000879,0.039301,-0.033316,-0.002789,-0.004405,0.013579,0
1790539147.3599,0.016713,-0.074611,0.024883,-0.043039,0.016713,0.000000,0.120000,0.000000,0.086759,0.008356,-0.000876,0.017402,-0.037306,-0.002799,-0.002934,0.013597,0
1790539147.3741,0.027043,-0.081742,0.038217,-0.046202,0.027043,0.000000,0.120000,0.000000,0.117500,0.013521,-0.000871,0.025567,-0.040871,-0.002810,-0.002521,0.014141,0
1790539147.3880,0.023800,-0.086212,0.002860,-0.047538,0.023800,0.000000,0.120000,0.000000,0.147685,0.011900,-0.000867,-0.008173,-0.043106,-0.002822,-0.001610,0.013885,0
1790539147.4022,0.012595,-0.081889,-0.022149,-0.042258,0.012595,0.000000,0.120000,0.000000,0.178596,0.006298,-0.000865,-0.027581,-0.040945,-0.002834,0.001520,0.014219,0
1790539147.4163,0.005992,-0.066473,-0.014357,-0.030581,0.005992,0.000000,0.120000,0.000000,0.209069,0.002996,-0.000864,-0.016488,-0.033237,-0.002843,0.005499,0.014017,0
1790539147.4306,-0.002098,-0.050372,-0.021957,-0.022338,-0.002098,0.000000,0.120000,0.000000,0.239780,-0.001049,-0.000865,-0.020044,-0.025186,-0.002850,0.005698,0.014127,0
1790539147.4452,-0.013504,-0.034822,-0.034629,-0.015006,-0.013504,0.000000,0.120000,0.000000,0.271910,-0.006752,-0.000867,-0.027010,-0.017411,-0.002855,0.005261,0.014780,0
1790539147.4592,-0.027230,-0.015286,-0.048605,-0.003563,-0.027230,0.000000,0.120000,0.000000,0.302519,-0.013615,-0.000872,-0.034118,-0.007643,-0.002858,0.006937,0.014080,0
1790539147.4732,-0.021433,-0.013419,0.002878,-0.008903,-0.021433,0.000000,0.120000,0.000000,0.332999,-0.010717,-0.000875,0.014470,-0.006709,-0.002859,0.000666,0.014021,0
1790539147.4872,-0.012681,-0.018772,0.014622,-0.014156,-0.012681,0.000000,0.120000,0.000000,0.363488,-0.006341,-0.000877,0.021840,-0.009386,-0.002862,-0.001908,0.014025,0
1790539147.5011,-0.019994,-0.027749,-0.029238,-0.019960,-0.019994,0.000000,0.120000,0.000000,0.393793,-0.009997,-0.000881,-0.018360,-0.013874,-0.002866,-0.003220,0.013940,0
1790539147.5151,-0.018711,-0.039073,-0.007016,-0.026472,-0.018711,0.000000,0.120000,0.000000,0.424084,-0.009355,-0.000884,0.003224,-0.019537,-0.002871,-0.004064,0.013934,0
1790539147.5290,-0.023093,-0.049520,-0.023419,-0.031379,-0.023093,0.000000,0.120000,0.000000,0.454437,-0.011547,-0.000888,-0.010985,-0.024760,-0.002878,-0.003741,0.013963,0
1790539147.5430,-0.037591,-0.054434,-0.056125,-0.031867,-0.037591,0.000000,0.120000,0.000000,0.484714,-0.018796,-0.000894,-0.036435,-0.027217,-0.002886,-0.001764,0.013927,0
1790539147.5569,-0.049595,-0.062762,-0.055918,-0.037270,-0.049595,0.000000,0.120000,0.000000,0.514937,-0.024797,-0.000902,-0.030218,-0.031381,-0.002895,-0.002995,0.013903,0
1790539147.5704,-0.059862,-0.069777,-0.057302,-0.040375,-0.059862,0.000000,0.120000,0.000000,0.544462,-0.029931,-0.000912,-0.026459,-0.034888,-0.002904,-0.002583,0.013581,0
1790539147.5840,-0.066325,-0.073195,-0.050768,-0.040772,-0.066325,0.000000,0.120000,0.000000,0.573937,-0.033162,-0.000923,-0.016683,-0.036598,-0.002914,-0.001261,0.013558,0
1790539147.5979,-0.066215,-0.075241,-0.033766,-0.041281,-0.066215,0.000000,0.120000,0.000000,0.604170,-0.033108,-0.000934,0.000275,-0.037621,-0.002925,-0.000736,0.013907,0
1790539147.6118,-0.059646,-0.076853,-0.014226,-0.041941,-0.059646,0.000000,0.120000,0.000000,0.634391,-0.029823,-0.000944,0.016540,-0.038426,-0.002935,-0.000580,0.013902,0
1790539147.6257,-0.052565,-0.075033,-0.009397,-0.039807,-0.052565,0.000000,0.120000,0.000000,0.664591,-0.026283,-0.000953,0.017838,-0.037517,-0.002946,0.000655,0.013892,0
1790539147.6396,-0.044660,-0.070282,-0.003397,-0.036389,-0.044660,0.000000,0.120000,0.000000,0.694827,-0.022330,-0.000960,0.019893,-0.035141,-0.002955,0.001708,0.013909,0
1790539147.6538,-0.034494,-0.059329,0.006964,-0.028753,-0.034494,0.000000,0.120000,0.000000,0.725550,-0.017247,-0.000966,0.025177,-0.029665,-0.002964,0.003875,0.014133,0
1790539147.6677,-0.026968,-0.048403,0.004369,-0.023268,-0.026968,0.000000,0.120000,0.000000,0.755970,-0.013484,-0.000970,0.018823,-0.024202,-0.002971,0.003904,0.013993,0
1790539147.6818,-0.020206,-0.039126,0.006007,-0.019191,-0.020206,0.000000,0.120000,0.000000,0.786089,-0.010103,-0.000974,0.017083,-0.019563,-0.002976,0.003348,0.013855,0
1790539147.6959,-0.017479,-0.032961,-0.003037,-0.017304,-0.017479,0.000000,0.120000,0.000000,0.817160,-0.008739,-0.000977,0.006679,-0.016480,-0.002981,0.002157,0.014293,0
1790539147.7098,-0.014217,-0.032595,0.000097,-0.019152,-0.014217,0.000000,0.120000,0.000000,0.847487,-0.007108,-0.000979,0.008184,-0.016298,-0.002985,0.000131,0.013950,0
1790539147.7237,-0.008522,-0.040626,0.009178,-0.026209,-0.008522,0.000000,0.120000,0.000000,0.877536,-0.004261,-0.000981,0.014419,-0.020313,-0.002991,-0.002905,0.013823,0
1790539147.7375,-0.011772,-0.049800,-0.015046,-0.031195,-0.011772,0.000000,0.120000,0.000000,0.907780,-0.005886,-0.000982,-0.008178,-0.024900,-0.002998,-0.003297,0.013912,0
1790539147.7515,-0.008264,-0.053130,0.003716,-0.030767,-0.008264,0.000000,0.120000,0.000000,0.938006,-0.004132,-0.000984,0.008831,-0.026565,-0.003005,-0.001197,0.013904,0
1790539147.7652,-0.000027,-0.058597,0.019893,-0.034293,-0.000027,0.000000,0.120000,0.000000,0.968007,-0.000013,-0.000984,0.020890,-0.029299,-0.003013,-0.001981,0.013801,0
1790539147.7792,0.012472,-0.067116,0.036716,-0.039644,0.012472,0.000000,0.120000,0.000000,0.998236,0.006236,-0.000982,0.031461,-0.033558,-0.003023,-0.003063,0.013905,0
1790539147.7931,0.025502,-0.079667,0.044492,-0.047370,0.025502,0.000000,0.120000,0.000000,0.028535,0.012751,-0.000978,0.032719,-0.039833,-0.003034,-0.004502,0.013938,0
1790539147.8067,0.035817,-0.089857,0.043495,-0.051722,0.035817,0.000000,0.120000,0.000000,0.058087,0.017908,-0.000972,0.026558,-0.044928,-0.003046,-0.003748,0.013594,0
1790539147.8203,0.038451,-0.102011,0.025084,-0.058562,0.038451,0.000000,0.120000,0.000000,0.087463,0.019226,-0.000965,0.006823,-0.051005,-0.003060,-0.004497,0.013513,0
1790539147.8341,0.032361,-0.106014,-0.000078,-0.057518,0.032361,0.000000,0.120000,0.000000,0.117751,0.016181,-0.000960,-0.015299,-0.053007,-0.003074,-0.001437,0.013932,0
1790539147.8481,0.028642,-0.103126,0.004044,-0.053618,0.028642,0.000000,0.120000,0.000000,0.148112,0.014321,-0.000955,-0.009321,-0.051563,-0.003089,0.001034,0.013966,0
1790539147.8620,0.024483,-0.096320,0.000803,-0.048810,0.024483,0.000000,0.120000,0.000000,0.178279,0.012242,-0.000951,-0.010488,-0.048160,-0.003102,0.002452,0.013877,0
1790539147.8761,0.015232,-0.085701,-0.016322,-0.042195,0.015232,0.000000,0.120000,0.000000,0.208897,0.007616,-0.000949,-0.022990,-0.042851,-0.003114,0.003770,0.014084,0
1790539147.8901,0.002933,-0.073971,-0.030162,-0.035930,0.002933,0.000000,0.120000,0.000000,0.239400,0.001466,-0.000948,-0.030680,-0.036986,-0.003125,0.004180,0.014031,0
1790539147.9040,-0.006905,-0.058784,-0.029207,-0.027054,-0.006905,0.000000,0.120000,0.000000,0.269576,-0.003453,-0.000949,-0.024805,-0.029392,-0.003133,0.005471,0.013881,0
1790539147.9183,-0.017482,-0.040254,-0.036107,-0.016655,-0.017482,0.000000,0.120000,0.000000,0.300044,-0.008741,-0.000952,-0.026414,-0.020127,-0.003138,0.006611,0.014015,0
1790539147.9324,-0.023752,-0.022868,-0.028157,-0.008505,-0.023752,0.000000,0.120000,0.000000,0.331171,-0.011876,-0.000956,-0.015325,-0.011434,-0.003142,0.006071,0.014318,0
1790539147.9463,-0.013159,-0.017431,0.018967,-0.009916,-0.013159,0.000000,0.120000,0.000000,0.361577,-0.006580,-0.000958,0.026506,-0.008715,-0.003144,0.001944,0.013987,0
1790539147.9602,-0.009213,-0.020066,0.004405,-0.014131,-0.009213,0.000000,0.120000,0.000000,0.391692,-0.004606,-0.000960,0.009971,-0.010033,-0.003147,-0.000951,0.013853,0
1790539147.9740,-0.008774,-0.029226,-0.004235,-0.021079,-0.008774,0.000000,0.120000,0.000000,0.421723,-0.004387,-0.000961,0.001113,-0.014613,-0.003151,-0.003315,0.013814,0
1790539147.9878,-0.009419,-0.034819,-0.007308,-0.022591,-0.009419,0.000000,0.120000,0.000000,0.451744,-0.004709,-0.000963,-0.001635,-0.017410,-0.003156,-0.002025,0.013810,0
1790539148.0018,-0.016649,-0.047082,-0.027414,-0.031095,-0.016649,0.000000,0.120000,0.000000,0.482097,-0.008325,-0.000966,-0.018124,-0.023541,-0.003162,-0.004391,0.013963,0
1790539148.0156,-0.031734,-0.060349,-0.054956,-0.038135,-0.031734,0.000000,0.120000,0.000000,0.512207,-0.015867,-0.000971,-0.038118,-0.030174,-0.003171,-0.004789,0.013851,0
1790539148.0291,-0.048791,-0.068135,-0.069734,-0.040140,-0.048791,0.000000,0.120000,0.000000,0.541464,-0.024395,-0.000979,-0.044359,-0.034068,-0.003180,-0.002893,0.013458,0
1790539148.0429,-0.056173,-0.073305,-0.048101,-0.041746,-0.056173,0.000000,0.120000,0.000000,0.570984,-0.028086,-0.000988,-0.019027,-0.036652,-0.003190,-0.001903,0.013579,0
1790539148.0573,-0.058857,-0.081206,-0.036857,-0.046509,-0.058857,0.000000,0.120000,0.000000,0.602742,-0.029428,-0.000998,-0.006431,-0.040603,-0.003202,-0.002704,0.014609,0
1790539148.0712,-0.055627,-0.085746,-0.020718,-0.047714,-0.055627,0.000000,0.120000,0.000000,0.633063,-0.027814,-0.001008,0.008104,-0.042873,-0.003214,-0.001627,0.013947,0
1790539148.0851,-0.049462,-0.084339,-0.010237,-0.044890,-0.049462,0.000000,0.120000,0.000000,0.663310,-0.024731,-0.001016,0.015510,-0.042170,-0.003225,0.000505,0.013913,0
1790539148.0990,-0.043378,-0.079827,-0.007473,-0.041535,-0.043378,0.000000,0.120000,0.000000,0.693682,-0.021689,-0.001023,0.015240,-0.039913,-0.003237,0.001615,0.013971,0
1790539148.1129,-0.035452,-0.072040,0.001288,-0.036453,-0.035452,0.000000,0.120000,0.000000,0.723770,-0.017726,-0.001029,0.020043,-0.036020,-0.003247,0.002813,0.013840,0
1790539148.1268,-0.027841,-0.064628,0.004188,-0.032906,-0.027841,0.000000,0.120000,0.000000,0.754022,-0.013921,-0.001034,0.019143,-0.032314,-0.003256,0.002663,0.013916,0
1790539148.1407,-0.021934,-0.053844,0.002871,-0.026306,-0.021934,0.000000,0.120000,0.000000,0.784238,-0.010967,-0.001037,0.014876,-0.026922,-0.003263,0.003879,0.013899,0
1790539148.1545,-0.015535,-0.038005,0.007498,-0.016505,-0.015535,0.000000,0.120000,0.000000,0.814098,-0.007767,-0.001040,0.016305,-0.019002,-0.003268,0.005766,0.013736,0
1790539148.1687,-0.009491,-0.020108,0.009332,-0.006929,-0.009491,0.000000,0.120000,0.000000,0.844512,-0.004746,-0.001042,0.015119,-0.010054,-0.003271,0.006396,0.013990,0
1790539148.1833,-0.016560,-0.017764,-0.026120,-0.011360,-0.016560,0.000000,0.120000,0.000000,0.876531,-0.008280,-0.001045,-0.016796,-0.008882,-0.003274,0.000796,0.014729,0
1790539148.1972,-0.016324,-0.026058,-0.008618,-0.019278,-0.016324,0.000000,0.120000,0.000000,0.906869,-0.008162,-0.001047,0.000591,-0.013029,-0.003277,-0.002972,0.013955,0
1790539148.2111,-0.014534,-0.026964,-0.003827,-0.017088,-0.014534,0.000000,0.120000,0.000000,0.937208,-0.007267,-0.001050,0.004490,-0.013482,-0.003281,-0.000325,0.013956,0
1790539148.2250,-0.011178,-0.032616,0.001808,-0.021627,-0.011178,0.000000,0.120000,0.000000,0.967425,-0.005589,-0.001052,0.008449,-0.016308,-0.003286,-0.002033,0.013900,0
1790539148.2388,-0.002022,-0.046013,0.021034,-0.031126,-0.002022,0.000000,0.120000,0.000000,0.997590,-0.001011,-0.001052,0.023096,-0.023007,-0.003292,-0.004828,0.013876,0
1790539148.2527,0.011007,-0.059401,0.037361,-0.037831,0.011007,0.000000,0.120000,0.000000,0.027715,0.005504,-0.001050,0.032907,-0.029700,-0.003300,-0.004830,0.013858,0
1790539148.2663,0.023300,-0.067586,0.042229,-0.040110,0.023300,0.000000,0.120000,0.000000,0.057292,0.011650,-0.001046,0.031625,-0.033793,-0.003309,-0.003008,0.013605,0
1790539148.2799,0.027528,-0.074707,0.023628,-0.043297,0.027528,0.000000,0.120000,0.000000,0.086787,0.013764,-0.001042,0.010906,-0.037353,-0.003320,-0.002624,0.013568,0
1790539148.2938,0.024825,-0.083511,0.004580,-0.048248,0.024825,0.000000,0.120000,0.000000,0.117055,0.012413,-0.001038,-0.006795,-0.041755,-0.003331,-0.003162,0.013923,0
1790539148.3077,0.015349,-0.084420,-0.017229,-0.045880,0.015349,0.000000,0.120000,0.000000,0.147262,0.007675,-0.001035,-0.023868,-0.042210,-0.003343,-0.000327,0.013895,0
1790539148.3215,0.006614,-0.076143,-0.019836,-0.038432,0.006614,0.000000,0.120000,0.000000,0.177325,0.003307,-0.001034,-0.022109,-0.038071,-0.003353,0.002992,0.013829,0
1790539148.3353,0.004240,-0.063982,-0.004931,-0.030950,0.004240,0.000000,0.120000,0.000000,0.207346,0.002120,-0.001033,-0.006018,-0.031991,-0.003362,0.004403,0.013809,0
1790539148.3493,-0.005371,-0.047635,-0.027847,-0.021324,-0.005371,0.000000,0.120000,0.000000,0.237654,-0.002686,-0.001034,-0.024127,-0.023818,-0.003369,0.005862,0.013942,0
1790539148.3632,-0.015087,-0.030944,-0.032989,-0.012855,-0.015087,0.000000,0.120000,0.000000,0.267941,-0.007544,-0.001037,-0.024409,-0.015472,-0.003373,0.005990,0.013932,0
1790539148.3772,-0.024099,-0.018137,-0.035767,-0.007841,-0.024099,0.000000,0.120000,0.000000,0.298179,-0.012050,-0.001041,-0.022676,-0.009069,-0.003376,0.004603,0.013910,0
1790539148.3911,-0.026545,-0.007556,-0.020462,-0.003357,-0.026545,0.000000,0.120000,0.000000,0.328460,-0.013272,-0.001045,-0.006144,-0.003778,-0.003377,0.003798,0.013929,0
1790539148.4050,-0.021205,-0.008557,0.001763,-0.008016,-0.021205,0.000000,0.120000,0.000000,0.358746,-0.010603,-0.001049,0.013414,-0.004279,-0.003378,-0.000359,0.013932,0
1790539148.4193,-0.028108,-0.014036,-0.032361,-0.012355,-0.028108,0.000000,0.120000,0.000000,0.389189,-0.014054,-0.001053,-0.017254,-0.007018,-0.003380,-0.001956,0.014004,0
1790539148.4338,-0.027744,-0.026134,-0.014061,-0.020570,-0.027744,0.000000,0.120000,0.000000,0.421114,-0.013872,-0.001058,0.000869,-0.013067,-0.003384,-0.004119,0.014686,0
1790539148.4479,-0.031307,-0.034907,-0.025541,-0.023945,-0.031307,0.000000,0.120000,0.000000,0.451844,-0.015654,-0.001064,-0.008823,-0.017453,-0.003389,-0.003103,0.014136,0
1790539148.4618,-0.041339,-0.044684,-0.046901,-0.029240,-0.041339,0.000000,0.120000,0.000000,0.482178,-0.020669,-0.001071,-0.025161,-0.022342,-0.003395,-0.003503,0.013954,0
1790539148.4757,-0.051314,-0.055595,-0.051903,-0.035133,-0.051314,0.000000,0.120000,0.000000,0.512335,-0.025657,-0.001079,-0.025167,-0.027798,-0.003403,-0.003933,0.013872,0
1790539148.4894,-0.064006,-0.062412,-0.065645,-0.037115,-0.064006,0.000000,0.120000,0.000000,0.542002,-0.032003,-0.001090,-0.032552,-0.031206,-0.003411,-0.002498,0.013647,0
1790539148.5030,-0.071558,-0.066537,-0.056260,-0.038201,-0.071558,0.000000,0.120000,0.000000,0.571650,-0.035779,-0.001101,-0.019380,-0.033269,-0.003420,-0.001512,0.013638,0
1790539148.5169,-0.071250,-0.071789,-0.035967,-0.041205,-0.071250,0.000000,0.120000,0.000000,0.602010,-0.035625,-0.001113,0.000771,-0.035894,-0.003430,-0.001880,0.013966,0
1790539148.5307,-0.068383,-0.074979,-0.028046,-0.042086,-0.068383,0.000000,0.120000,0.000000,0.632020,-0.034191,-0.001125,0.007269,-0.037490,-0.003441,-0.001156,0.013804,0
1790539148.5445,-0.060432,-0.075402,-0.011152,-0.041305,-0.060432,0.000000,0.120000,0.000000,0.661970,-0.030216,-0.001135,0.020198,-0.037701,-0.003451,-0.000153,0.013777,0
1790539148.5584,-0.053404,-0.071324,-0.010217,-0.037662,-0.053404,0.000000,0.120000,0.000000,0.692304,-0.026702,-0.001143,0.017628,-0.035662,-0.003461,0.001461,0.013954,0
1790539148.5721,-0.042844,-0.065668,0.004328,-0.034245,-0.042844,0.000000,0.120000,0.000000,0.722172,-0.021422,-0.001151,0.026901,-0.032834,-0.003470,0.002059,0.013739,0
1790539148.5859,-0.033794,-0.055849,0.005001,-0.027829,-0.033794,0.000000,0.120000,0.000000,0.752040,-0.016897,-0.001156,0.023054,-0.027925,-0.003478,0.003573,0.013739,0
1790539148.5999,-0.024365,-0.043109,0.010327,-0.020470,-0.024365,0.000000,0.120000,0.000000,0.782350,-0.012182,-0.001160,0.023670,-0.021555,-0.003484,0.004569,0.013943,0
1790539148.6136,-0.018502,-0.030297,0.004496,-0.013982,-0.018502,0.000000,0.120000,0.000000,0.812268,-0.009251,-0.001163,0.014910,-0.015149,-0.003488,0.004655,0.013762,0
1790539148.6273,-0.013259,-0.018841,0.005573,-0.008739,-0.013259,0.000000,0.120000,0.000000,0.842113,-0.006629,-0.001165,0.013367,-0.009421,-0.003490,0.004172,0.013729,0
1790539148.6414,-0.016011,-0.020051,-0.016056,-0.013951,-0.016011,0.000000,0.120000,0.000000,0.872537,-0.008005,-0.001168,-0.006883,-0.010025,-0.003493,-0.000432,0.013995,0
1790539148.6553,-0.015536,-0.029712,-0.007750,-0.021811,-0.015536,0.000000,0.120000,0.000000,0.902910,-0.007768,-0.001171,0.001189,-0.014856,-0.003497,-0.003457,0.013971,0
1790539148.6693,-0.019456,-0.034117,-0.020754,-0.022143,-0.019456,0.000000,0.120000,0.000000,0.933184,-0.009728,-0.001174,-0.009852,-0.017059,-0.003502,-0.001582,0.013926,0
1790539148.6837,-0.015494,-0.040836,0.000796,-0.026281,-0.015494,0.000000,0.120000,0.000000,0.964197,-0.007747,-0.001177,0.009720,-0.020418,-0.003508,-0.002355,0.014266,0
1790539148.6977,-0.005968,-0.055987,0.019527,-0.036892,-0.005968,0.000000,0.120000,0.000000,0.994794,-0.002984,-0.001178,0.023689,-0.027994,-0.003516,-0.005382,0.014075,0
1790539148.7114,0.011965,-0.071986,0.050080,-0.045289,0.011965,0.000000,0.120000,0.000000,0.024934,0.005983,-0.001176,0.045273,-0.035993,-0.003526,-0.005770,0.013864,0
1790539148.7250,0.027890,-0.083510,0.053859,-0.049540,0.027890,0.000000,0.120000,0.000000,0.054426,0.013945,-0.001171,0.041085,-0.041755,-0.003537,-0.004247,0.013566,0
1790539148.7385,0.034555,-0.095245,0.033333,-0.055504,0.034555,0.000000,0.120000,0.000000,0.083873,0.017277,-0.001165,0.017221,-0.047623,-0.003550,-0.004332,0.013546,0
1790539148.7524,0.023756,-0.103957,-0.016505,-0.058680,0.023756,0.000000,0.120000,0.000000,0.114058,0.011878,-0.001162,-0.027222,-0.051979,-0.003565,-0.003137,0.013885,0
1790539148.7663,0.013051,-0.102128,-0.021647,-0.053983,0.013051,0.000000,0.120000,0.000000,0.144210,0.006525,-0.001159,-0.027013,-0.051064,-0.003579,0.000659,0.013870,0
1790539148.7801,0.012159,-0.095438,0.002669,-0.048896,0.012159,0.000000,0.120000,0.000000,0.174315,0.006080,-0.001157,-0.002253,-0.047719,-0.003592,0.002415,0.013848,0
1790539148.7939,0.006075,-0.083537,-0.013554,-0.041059,0.006075,0.000000,0.120000,0.000000,0.204307,0.003038,-0.001156,-0.015435,-0.041768,-0.003603,0.004313,0.013796,0
1790539148.8079,-0.000983,-0.064468,-0.019447,-0.028977,-0.000983,0.000000,0.120000,0.000000,0.234479,-0.000491,-0.001156,-0.017799,-0.032234,-0.003612,0.006870,0.013879,0
1790539148.8217,-0.010144,-0.047667,-0.029359,-0.021393,-0.010144,0.000000,0.120000,0.000000,0.264617,-0.005072,-0.001158,-0.023128,-0.023834,-0.003619,0.006059,0.013864,0
1790539148.8355,-0.019940,-0.032467,-0.035962,-0.014353,-0.019940,0.000000,0.120000,0.000000,0.294634,-0.009970,-0.001161,-0.024830,-0.016234,-0.003623,0.005504,0.013808,0
1790539148.8495,-0.029231,-0.015050,-0.039061,-0.004917,-0.029231,0.000000,0.120000,0.000000,0.325003,-0.014616,-0.001166,-0.023279,-0.007525,-0.003626,0.006234,0.013970,0
1790539148.8634,-0.029791,-0.000240,-0.017472,0.001564,-0.029791,0.000000,0.120000,0.000000,0.355322,-0.014896,-0.001171,-0.001405,-0.000120,-0.003626,0.005310,0.013947,0
1790539148.8773,-0.022137,0.000757,0.007061,-0.002888,-0.022137,0.000000,0.120000,0.000000,0.385492,-0.011068,-0.001175,0.019304,0.000378,-0.003626,0.000359,0.013879,0
1790539148.8912,-0.020830,-0.001852,-0.008299,-0.005491,-0.020830,0.000000,0.120000,0.000000,0.415677,-0.010415,-0.001179,0.003294,-0.000926,-0.003626,-0.000939,0.013885,0
1790539148.9050,-0.019817,-0.004853,-0.008529,-0.007137,-0.019817,0.000000,0.120000,0.000000,0.445759,-0.009908,-0.001182,0.002561,-0.002426,-0.003626,-0.001084,0.013838,0
1790539148.9192,-0.020339,-0.009600,-0.012664,-0.010129,-0.020339,0.000000,0.120000,0.000000,0.476080,-0.010169,-0.001185,-0.001309,-0.004800,-0.003628,-0.001702,0.013947,0
1790539148.9337,-0.026866,-0.018747,-0.030265,-0.016136,-0.026866,0.000000,0.120000,0.000000,0.507828,-0.013433,-0.001190,-0.015643,-0.009374,-0.003631,-0.003132,0.014604,0
1790539148.9474,-0.038304,-0.024729,-0.049521,-0.018177,-0.038304,0.000000,0.120000,0.000000,0.537660,-0.019152,-0.001196,-0.029173,-0.012364,-0.003634,-0.002179,0.013723,0
1790539148.9610,-0.046393,-0.027680,-0.045240,-0.018564,-0.046393,0.000000,0.120000,0.000000,0.567195,-0.023197,-0.001204,-0.020839,-0.013840,-0.003638,-0.001086,0.013586,0
1790539148.9751,-0.048123,-0.029026,-0.029558,-0.018631,-0.048123,0.000000,0.120000,0.000000,0.597907,-0.024061,-0.001212,-0.004285,-0.014513,-0.003642,-0.000476,0.014128,0
1790539148.9890,-0.050266,-0.030749,-0.031724,-0.019637,-0.050266,0.000000,0.120000,0.000000,0.628275,-0.025133,-0.001220,-0.005371,-0.015374,-0.003646,-0.000617,0.013969,0
1790539149.0030,-0.049724,-0.030115,-0.024735,-0.018482,-0.049724,0.000000,0.120000,0.000000,0.658724,-0.024862,-0.001229,0.001356,-0.015058,-0.003650,0.000226,0.014007,0
1790539149.0169,-0.042834,-0.027908,-0.005284,-0.016814,-0.042834,0.000000,0.120000,0.000000,0.688906,-0.021417,-0.001236,0.017369,-0.013954,-0.003654,0.000795,0.013884,0
1790539149.0308,-0.036467,-0.020482,-0.003463,-0.011230,-0.036467,0.000000,0.120000,0.000000,0.719159,-0.018234,-0.001242,0.016013,-0.010241,-0.003657,0.002668,0.013917,0
1790539149.0459,-0.027756,-0.014842,0.005654,-0.009158,-0.027756,0.000000,0.120000,0.000000,0.751056,-0.013878,-0.001247,0.020779,-0.007421,-0.003659,0.001922,0.014672,0
1790539149.0605,-0.026599,-0.014020,-0.011798,-0.010392,-0.026599,0.000000,0.120000,0.000000,0.783034,-0.013300,-0.001252,0.002753,-0.007010,-0.003661,0.000279,0.014710,0
1790539149.0748,-0.022101,-0.014871,-0.001405,-0.011393,-0.022101,0.000000,0.120000,0.000000,0.814434,-0.011050,-0.001255,0.010901,-0.007435,-0.003663,-0.000295,0.014444,0
1790539149.0896,-0.020358,-0.017632,-0.007156,-0.013451,-0.020358,0.000000,0.120000,0.000000,0.845402,-0.010179,-0.001259,0.004282,-0.008816,-0.003666,-0.000969,0.014245,0
1790539149.1041,-0.015907,-0.024615,0.001084,-0.018285,-0.015907,0.000000,0.120000,0.000000,0.878289,-0.007953,-0.001262,0.010299,-0.012307,-0.003670,-0.002308,0.015128,0
1790539149.1182,-0.016259,-0.029771,-0.010273,-0.020397,-0.016259,0.000000,0.120000,0.000000,0.908785,-0.008130,-0.001264,-0.000879,-0.014886,-0.003674,-0.001838,0.014028,0
1790539149.1319,-0.015395,-0.034996,-0.006777,-0.023067,-0.015395,0.000000,0.120000,0.000000,0.938829,-0.007698,-0.001267,0.002188,-0.017498,-0.003679,-0.001890,0.013820,0
1790539149.1458,-0.006873,-0.044381,0.016772,-0.029254,-0.006873,0.000000,0.120000,0.000000,0.969023,-0.003436,-0.001268,0.021477,-0.022191,-0.003685,-0.003379,0.013889,0
1790539149.1598,0.000084,-0.052599,0.016237,-0.032939,0.000084,0.000000,0.120000,0.000000,0.999331,0.000042,-0.001268,0.017464,-0.026300,-0.003692,-0.002947,0.013942,0
1790539149.1740,0.010866,-0.058906,0.031071,-0.035402,0.010866,0.000000,0.120000,0.000000,0.029823,0.005433,-0.001266,0.026905,-0.029453,-0.003700,-0.002248,0.014026,0
1790539149.1878,0.016949,-0.064558,0.022445,-0.038010,0.016949,0.000000,0.120000,0.000000,0.060205,0.008474,-0.001264,0.015234,-0.032279,-0.003709,-0.002022,0.013976,0
1790539149.2013,0.023469,-0.074642,0.027245,-0.044746,0.023469,0.000000,0.120000,0.000000,0.089787,0.011735,-0.001260,0.016770,-0.037321,-0.003720,-0.003706,0.013608,0
1790539149.2152,0.014339,-0.080138,-0.017143,-0.045782,0.014339,0.000000,0.120000,0.000000,0.119919,0.007169,-0.001257,-0.023055,-0.040069,-0.003731,-0.001982,0.013861,0
1790539149.2291,0.006855,-0.076232,-0.016555,-0.040461,0.006855,0.000000,0.120000,0.000000,0.150325,0.003428,-0.001256,-0.018726,-0.038116,-0.003741,0.001396,0.013987,0
1790539149.2430,0.005054,-0.068632,-0.003284,-0.035320,0.005054,0.000000,0.120000,0.000000,0.180398,0.002527,-0.001255,-0.004556,-0.034316,-0.003751,0.002747,0.013834,0
1790539149.2568,0.001017,-0.056697,-0.010987,-0.027783,0.001017,0.000000,0.120000,0.000000,0.210397,0.000508,-0.001255,-0.010240,-0.028349,-0.003759,0.004324,0.013800,0
1790539149.2709,-0.013077,-0.040929,-0.042863,-0.018624,-0.013077,0.000000,0.120000,0.000000,0.240978,-0.006539,-0.001257,-0.035067,-0.020464,-0.003764,0.005605,0.014067,0
1790539149.2848,-0.023570,-0.027152,-0.039478,-0.012386,-0.023570,0.000000,0.120000,0.000000,0.271184,-0.011785,-0.001261,-0.026431,-0.013576,-0.003768,0.004958,0.013895,0
1790539149.2987,-0.035966,-0.011277,-0.050359,-0.003717,-0.035966,0.000000,0.120000,0.000000,0.301503,-0.017983,-0.001267,-0.031108,-0.005638,-0.003770,0.005691,0.013947,0
1790539149.3126,-0.033347,-0.008846,-0.011377,-0.007323,-0.033347,0.000000,0.120000,0.000000,0.331842,-0.016673,-0.001273,0.006569,-0.004423,-0.003771,0.000871,0.013956,0
1790539149.3264,-0.031987,-0.014287,-0.013821,-0.012889,-0.031987,0.000000,0.120000,0.000000,0.361829,-0.015993,-0.001278,0.003450,-0.007144,-0.003773,-0.001972,0.013794,0
1790539149.3402,-0.036044,-0.021038,-0.029604,-0.016743,-0.036044,0.000000,0.120000,0.000000,0.391800,-0.018022,-0.001284,-0.010298,-0.010519,-0.003776,-0.002448,0.013787,0
1790539149.3542,-0.025440,-0.033026,0.012604,-0.024592,-0.025440,0.000000,0.120000,0.000000,0.422115,-0.012720,-0.001288,0.026613,-0.016513,-0.003780,-0.004298,0.013945,0
1790539149.3681,-0.029261,-0.043440,-0.025529,-0.029247,-0.029261,0.000000,0.120000,0.000000,0.452376,-0.014630,-0.001293,-0.009606,-0.021720,-0.003787,-0.003741,0.013920,0
1790539149.3820,-0.041566,-0.058480,-0.053142,-0.038458,-0.041566,0.000000,0.120000,0.000000,0.482520,-0.020783,-0.001300,-0.031059,-0.029240,-0.003795,-0.005423,0.013866,0
1790539149.3960,-0.055472,-0.071299,-0.063685,-0.044016,-0.055472,0.000000,0.120000,0.000000,0.513064,-0.027736,-0.001310,-0.034640,-0.035650,-0.003805,-0.004562,0.014050,0
1790539149.4097,-0.070289,-0.079748,-0.074653,-0.046800,-0.070289,0.000000,0.120000,0.000000,0.542587,-0.035144,-0.001321,-0.038187,-0.039874,-0.003815,-0.003111,0.013580,0
1790539149.4238,-0.078032,-0.088086,-0.059776,-0.050859,-0.078032,0.000000,0.120000,0.000000,0.572915,-0.039016,-0.001334,-0.019426,-0.044043,-0.003828,-0.002988,0.013951,0
1790539149.4387,-0.072892,-0.093659,-0.025794,-0.052530,-0.072892,0.000000,0.120000,0.000000,0.605511,-0.036446,-0.001347,0.011999,-0.046829,-0.003842,-0.001858,0.014994,0
1790539149.4527,-0.068157,-0.094055,-0.023668,-0.051024,-0.068157,0.000000,0.120000,0.000000,0.636122,-0.034078,-0.001359,0.011769,-0.047028,-0.003855,-0.000141,0.014081,0
1790539149.4667,-0.062790,-0.093935,-0.019291,-0.050792,-0.062790,0.000000,0.120000,0.000000,0.666429,-0.031395,-0.001369,0.013474,-0.046967,-0.003868,0.000043,0.013941,0
1790539149.4807,-0.056893,-0.092672,-0.015169,-0.049769,-0.056893,0.000000,0.120000,0.000000,0.697040,-0.028447,-0.001379,0.014657,-0.046336,-0.003881,0.000448,0.014081,0
1790539149.4945,-0.045787,-0.084727,0.003815,-0.043386,-0.045787,0.000000,0.120000,0.000000,0.727118,-0.022894,-0.001386,0.028095,-0.042364,-0.003893,0.002871,0.013836,0
1790539149.5085,-0.042499,-0.070439,-0.014414,-0.034013,-0.042499,0.000000,0.120000,0.000000,0.757517,-0.021250,-0.001394,0.008229,-0.035219,-0.003903,0.005109,0.013983,0
1790539149.5224,-0.037476,-0.052779,-0.007474,-0.023941,-0.037476,0.000000,0.120000,0.000000,0.787702,-0.018738,-0.001400,0.012664,-0.026390,-0.003910,0.006359,0.013885,0
1790539149.5362,-0.028013,-0.034983,0.008396,-0.015010,-0.028013,0.000000,0.120000,0.000000,0.817942,-0.014007,-0.001404,0.023807,-0.017491,-0.003915,0.006397,0.013911,0
1790539149.5502,-0.020071,-0.013836,0.008541,-0.003234,-0.020071,0.000000,0.120000,0.000000,0.848182,-0.010035,-0.001408,0.019984,-0.006918,-0.003917,0.007601,0.013911,0
1790539149.5641,-0.016565,0.005323,-0.000864,0.005638,-0.016565,0.000000,0.120000,0.000000,0.878394,-0.008283,-0.001411,0.008829,0.002662,-0.003916,0.006893,0.013898,0
1790539149.5779,-0.029844,0.004608,-0.049831,-0.001870,-0.029844,0.000000,0.120000,0.000000,0.908560,-0.014922,-0.001416,-0.033494,0.002304,-0.003916,-0.000258,0.013876,0
1790539149.5917,-0.026987,-0.006071,-0.007650,-0.010830,-0.026987,0.000000,0.120000,0.000000,0.938487,-0.013493,-0.001420,0.007264,-0.003036,-0.003916,-0.003878,0.013767,0
1790539149.6054,-0.036487,-0.006568,-0.043865,-0.007382,-0.036487,0.000000,0.120000,0.000000,0.968361,-0.018243,-0.001426,-0.024196,-0.003284,-0.003917,-0.000181,0.013742,0
1790539149.6191,-0.038534,-0.013318,-0.025913,-0.013033,-0.038534,0.000000,0.120000,0.000000,0.998240,-0.019267,-0.001432,-0.005214,-0.006659,-0.003919,-0.002455,0.013744,0
1790539149.6331,-0.031550,-0.027188,0.000376,-0.022507,-0.031550,0.000000,0.120000,0.000000,0.028455,-0.015775,-0.001438,0.017588,-0.013594,-0.003923,-0.004990,0.013899,0
1790539149.6466,-0.020282,-0.040436,0.017561,-0.029041,-0.020282,0.000000,0.120000,0.000000,0.057872,-0.010141,-0.001441,0.029143,-0.020218,-0.003928,-0.004895,0.013532,0
1790539149.6602,-0.009409,-0.048459,0.021877,-0.031118,-0.009409,0.000000,0.120000,0.000000,0.087394,-0.004704,-0.001442,0.028024,-0.024229,-0.003935,-0.002954,0.013580,0
1790539149.6740,0.001696,-0.055931,0.027568,-0.034615,0.001696,0.000000,0.120000,0.000000,0.117397,0.000848,-0.001442,0.028162,-0.027965,-0.003943,-0.002707,0.013801,0
1790539149.6882,0.010271,-0.064747,0.024904,-0.039440,0.010271,0.000000,0.120000,0.000000,0.148158,0.005135,-0.001440,0.021209,-0.032373,-0.003952,-0.003115,0.014150,0
1790539149.7023,0.004067,-0.065524,-0.014806,-0.036999,0.004067,0.000000,0.120000,0.000000,0.178806,0.002034,-0.001440,-0.015400,-0.032762,-0.003961,-0.000276,0.014098,0
1790539149.7163,-0.009646,-0.052452,-0.040414,-0.025544,-0.009646,0.000000,0.120000,0.000000,0.209360,-0.004823,-0.001441,-0.034149,-0.026226,-0.003968,0.004650,0.014055,0
1790539149.7303,-0.014928,-0.034966,-0.022087,-0.015223,-0.014928,0.000000,0.120000,0.000000,0.239855,-0.007464,-0.001444,-0.013179,-0.017483,-0.003973,0.006233,0.014028,0
1790539149.7442,-0.026427,-0.020882,-0.043662,-0.009343,-0.026427,0.000000,0.120000,0.000000,0.270023,-0.013213,-0.001448,-0.029001,-0.010441,-0.003976,0.005074,0.013877,0
1790539149.7581,-0.029188,-0.011039,-0.022983,-0.005964,-0.029188,0.000000,0.120000,0.000000,0.300309,-0.014594,-0.001453,-0.006936,-0.005519,-0.003978,0.003533,0.013931,0
1790539149.7719,-0.020134,-0.017258,0.011448,-0.014863,-0.020134,0.000000,0.120000,0.000000,0.330295,-0.010067,-0.001457,0.022972,-0.008629,-0.003980,-0.002254,0.013793,0
1790539149.7859,-0.029276,-0.021178,-0.038982,-0.015974,-0.029276,0.000000,0.120000,0.000000,0.360690,-0.014638,-0.001461,-0.022882,-0.010589,-0.003983,-0.001402,0.013982,0
1790539149.7998,-0.029602,-0.029674,-0.017089,-0.021875,-0.029602,0.000000,0.120000,0.000000,0.390959,-0.014801,-0.001466,-0.000822,-0.014837,-0.003987,-0.003051,0.013924,0
1790539149.8136,-0.031094,-0.036027,-0.020804,-0.024310,-0.031094,0.000000,0.120000,0.000000,0.420931,-0.015547,-0.001472,-0.003786,-0.018014,-0.003992,-0.002304,0.013787,0
1790539149.8275,-0.033883,-0.042157,-0.025435,-0.027280,-0.033883,0.000000,0.120000,0.000000,0.451178,-0.016942,-0.001477,-0.007017,-0.021079,-0.003998,-0.002203,0.013914,0
1790539149.8415,-0.046255,-0.050450,-0.055614,-0.032199,-0.046255,0.000000,0.120000,0.000000,0.481542,-0.023127,-0.001485,-0.031002,-0.025225,-0.004005,-0.002969,0.013967,0
1790539149.8555,-0.056227,-0.064390,-0.054567,-0.041193,-0.056227,0.000000,0.120000,0.000000,0.511943,-0.028114,-0.001494,-0.024959,-0.032195,-0.004014,-0.004984,0.013984,0
1790539149.8691,-0.068167,-0.075838,-0.066379,-0.046161,-0.068167,0.000000,0.120000,0.000000,0.541446,-0.034083,-0.001505,-0.030790,-0.037919,-0.004024,-0.004218,0.013572,0
1790539149.8826,-0.073972,-0.079435,-0.053466,-0.045077,-0.073972,0.000000,0.120000,0.000000,0.570965,-0.036986,-0.001518,-0.014963,-0.039718,-0.004035,-0.001325,0.013579,0
1790539149.8964,-0.069667,-0.082635,-0.025416,-0.046526,-0.069667,0.000000,0.120000,0.000000,0.600890,-0.034833,-0.001529,0.010947,-0.041317,-0.004047,-0.001162,0.013765,0
1790539149.9103,-0.059620,-0.079790,-0.006115,-0.042931,-0.059620,0.000000,0.120000,0.000000,0.631184,-0.029810,-0.001539,0.025234,-0.039895,-0.004058,0.001021,0.013935,0
1790539149.9244,-0.054389,-0.073631,-0.015566,-0.038667,-0.054389,0.000000,0.120000,0.000000,0.661389,-0.027195,-0.001548,0.013176,-0.036815,-0.004068,0.002216,0.013894,0
1790539149.9388,-0.049622,-0.067485,-0.014790,-0.035689,-0.049622,0.000000,0.120000,0.000000,0.692721,-0.024811,-0.001557,0.011577,-0.033743,-0.004078,0.002132,0.014413,0
1790539149.9527,-0.035951,-0.054683,0.014611,-0.026858,-0.035951,0.000000,0.120000,0.000000,0.723181,-0.017975,-0.001563,0.034149,-0.027341,-0.004085,0.004569,0.014011,0
1790539149.9666,-0.031103,-0.040494,-0.004937,-0.019244,-0.031103,0.000000,0.120000,0.000000,0.753457,-0.015552,-0.001568,0.012183,-0.020247,-0.004091,0.005094,0.013927,0
1790539149.9805,-0.024393,-0.027134,0.003111,-0.012861,-0.024393,0.000000,0.120000,0.000000,0.783705,-0.012196,-0.001572,0.016879,-0.013567,-0.004095,0.004801,0.013914,0
1790539149.9943,-0.017241,-0.015227,0.007913,-0.007403,-0.017241,0.000000,0.120000,0.000000,0.813754,-0.008621,-0.001575,0.018108,-0.007613,-0.004097,0.004307,0.013822,0
1790539150.0081,-0.017767,-0.009897,-0.011791,-0.007123,-0.017767,0.000000,0.120000,0.000000,0.843862,-0.008884,-0.001578,-0.001329,-0.004949,-0.004098,0.001924,0.013850,0
1790539150.0222,-0.022307,-0.016155,-0.024090,-0.014415,-0.022307,0.000000,0.120000,0.000000,0.874277,-0.011153,-0.001582,-0.011355,-0.008078,-0.004100,-0.002237,0.013991,0
1790539150.0360,-0.023013,-0.025666,-0.014875,-0.020368,-0.023013,0.000000,0.120000,0.000000,0.904402,-0.011506,-0.001585,-0.001783,-0.012833,-0.004104,-0.003431,0.013858,0
1790539150.0501,-0.026389,-0.028074,-0.023249,-0.019008,-0.026389,0.000000,0.120000,0.000000,0.934755,-0.013195,-0.001590,-0.008465,-0.014037,-0.004108,-0.000863,0.013962,0
1790539150.0641,-0.020629,-0.035718,0.002467,-0.024696,-0.020629,0.000000,0.120000,0.000000,0.965245,-0.010314,-0.001593,0.014375,-0.017859,-0.004113,-0.002725,0.014025,0
1790539150.0780,-0.007149,-0.052533,0.028461,-0.036380,-0.007149,0.000000,0.120000,0.000000,0.995742,-0.003575,-0.001594,0.033630,-0.026267,-0.004120,-0.005993,0.014029,0
1790539150.0919,0.008139,-0.068480,0.040858,-0.044089,0.008139,0.000000,0.120000,0.000000,0.026048,0.004069,-0.001593,0.038382,-0.034240,-0.004130,-0.005719,0.013941,0
1790539150.1054,0.019125,-0.079244,0.036484,-0.047754,0.019125,0.000000,0.120000,0.000000,0.055366,0.009563,-0.001590,0.028512,-0.039622,-0.004141,-0.003991,0.013486,0
1790539150.1190,0.027186,-0.089980,0.032819,-0.053102,0.027186,0.000000,0.120000,0.000000,0.084839,0.013593,-0.001586,0.020812,-0.044990,-0.004153,-0.003959,0.013557,0
1790539150.1329,0.029455,-0.100841,0.018857,-0.058492,0.029455,0.000000,0.120000,0.000000,0.115073,0.014728,-0.001581,0.005710,-0.050420,-0.004167,-0.003905,0.013908,0
1790539150.1467,0.019222,-0.105073,-0.017915,-0.058251,0.019222,0.000000,0.120000,0.000000,0.145080,0.009611,-0.001577,-0.025948,-0.052537,-0.004181,-0.001533,0.013803,0
1790539150.1608,0.011229,-0.102279,-0.015935,-0.054338,0.011229,0.000000,0.120000,0.000000,0.175529,0.005614,-0.001576,-0.019973,-0.051140,-0.004196,0.000997,0.014007,0
1790539150.1746,0.007065,-0.096227,-0.008559,-0.050138,0.007065,0.000000,0.120000,0.000000,0.205652,0.003533,-0.001574,-0.010517,-0.048113,-0.004209,0.002184,0.013856,0
1790539150.1892,-0.000187,-0.080984,-0.019206,-0.039447,-0.000187,0.000000,0.120000,0.000000,0.237116,-0.000094,-0.001574,-0.017538,-0.040492,-0.004221,0.005266,0.014474,0
1790539150.2033,-0.008333,-0.058740,-0.025849,-0.025755,-0.008333,0.000000,0.120000,0.000000,0.267943,-0.004167,-0.001576,-0.020107,-0.029370,-0.004229,0.007843,0.014180,0
1790539150.2175,-0.020443,-0.037154,-0.041613,-0.015219,-0.020443,0.000000,0.120000,0.000000,0.298848,-0.010221,-0.001579,-0.029812,-0.018577,-0.004234,0.007592,0.014217,0
1790539150.2313,-0.033026,-0.018480,-0.049891,-0.006737,-0.033026,0.000000,0.120000,0.000000,0.328962,-0.016513,-0.001585,-0.031793,-0.009240,-0.004237,0.006740,0.013852,0
1790539150.2451,-0.028897,-0.015282,-0.005592,-0.010724,-0.028897,0.000000,0.120000,0.000000,0.359037,-0.014448,-0.001590,0.010446,-0.007641,-0.004239,0.001156,0.013834,0
1790539150.2592,-0.020450,-0.016557,0.009305,-0.012975,-0.020450,0.000000,0.120000,0.000000,0.389462,-0.010225,-0.001593,0.021123,-0.008278,-0.004241,-0.000455,0.013995,0
1790539150.2731,-0.018756,-0.016319,-0.006725,-0.012318,-0.018756,0.000000,0.120000,0.000000,0.419792,-0.009378,-0.001596,0.004249,-0.008160,-0.004244,0.000085,0.013952,0
1790539150.2869,-0.013343,-0.021194,0.005411,-0.016603,-0.013343,0.000000,0.120000,0.000000,0.449898,-0.006671,-0.001598,0.013681,-0.010597,-0.004246,-0.001760,0.013849,0
1790539150.3008,-0.015955,-0.031282,-0.016156,-0.023522,-0.015955,0.000000,0.120000,0.000000,0.480110,-0.007977,-0.001601,-0.006578,-0.015641,-0.004251,-0.003630,0.013897,0
1790539150.3146,-0.026290,-0.041777,-0.040869,-0.028934,-0.026290,0.000000,0.120000,0.000000,0.510216,-0.013145,-0.001605,-0.026119,-0.020889,-0.004257,-0.003789,0.013849,0
1790539150.3281,-0.040808,-0.051208,-0.059720,-0.033366,-0.040808,0.000000,0.120000,0.000000,0.539515,-0.020404,-0.001612,-0.037704,-0.025604,-0.004263,-0.003499,0.013477,0
1790539150.3417,-0.052975,-0.056292,-0.059545,-0.034293,-0.052975,0.000000,0.120000,0.000000,0.568963,-0.026488,-0.001621,-0.031437,-0.028146,-0.004271,-0.001877,0.013546,0
1790539150.3556,-0.058592,-0.061009,-0.045059,-0.036480,-0.058592,0.000000,0.120000,0.000000,0.599204,-0.029296,-0.001630,-0.014132,-0.030505,-0.004280,-0.001696,0.013911,0
1790539150.3696,-0.064038,-0.064894,-0.047315,-0.038127,-0.064038,0.000000,0.120000,0.000000,0.629549,-0.032019,-0.001641,-0.013655,-0.032447,-0.004289,-0.001392,0.013959,0
1790539150.3835,-0.062723,-0.069751,-0.029714,-0.040914,-0.062723,0.000000,0.120000,0.000000,0.659883,-0.031361,-0.001652,0.003299,-0.034875,-0.004298,-0.001740,0.013953,0
1790539150.3973,-0.054357,-0.067781,-0.007645,-0.037486,-0.054357,0.000000,0.120000,0.000000,0.689917,-0.027178,-0.001661,0.021194,-0.033891,-0.004308,0.000713,0.013816,0
1790539150.4114,-0.044518,-0.060776,0.000760,-0.032193,-0.044518,0.000000,0.120000,0.000000,0.720241,-0.022259,-0.001668,0.024687,-0.030388,-0.004316,0.002511,0.013949,0
1790539150.4256,-0.036331,-0.050808,0.000442,-0.026200,-0.036331,0.000000,0.120000,0.000000,0.750954,-0.018166,-0.001674,0.020282,-0.025404,-0.004323,0.003528,0.014128,0
1790539150.4400,-0.025727,-0.037274,0.011120,-0.018287,-0.025727,0.000000,0.120000,0.000000,0.782396,-0.012863,-0.001679,0.025662,-0.018637,-0.004329,0.004679,0.014463,0
1790539150.4540,-0.013143,-0.023210,0.023078,-0.010934,-0.013143,0.000000,0.120000,0.000000,0.812956,-0.006571,-0.001681,0.031330,-0.011605,-0.004332,0.005002,0.014057,0
1790539150.4680,-0.008789,-0.016288,0.004756,-0.010018,-0.008789,0.000000,0.120000,0.000000,0.843537,-0.004394,-0.001682,0.010833,-0.008144,-0.004334,0.002460,0.014067,0
1790539150.4819,-0.011954,-0.017377,-0.015627,-0.013417,-0.011954,0.000000,0.120000,0.000000,0.873773,-0.005977,-0.001684,-0.007966,-0.008689,-0.004337,-0.000391,0.013908,0
1790539150.4958,-0.006249,-0.024213,0.009563,-0.018907,-0.006249,0.000000,0.120000,0.000000,0.903974,-0.003125,-0.001685,0.014373,-0.012106,-0.004340,-0.002460,0.013893,0
1790539150.5096,-0.008510,-0.030840,-0.011671,-0.022164,-0.008510,0.000000,0.120000,0.000000,0.933996,-0.004255,-0.001687,-0.005730,-0.015420,-0.004344,-0.002399,0.013810,0
1790539150.5234,-0.007176,-0.037277,-0.001904,-0.025314,-0.007176,0.000000,0.120000,0.000000,0.964084,-0.003588,-0.001688,0.003373,-0.018638,-0.004350,-0.002326,0.013840,0
1790539150.5373,-0.003270,-0.049023,0.006553,-0.033112,-0.003270,0.000000,0.120000,0.000000,0.994170,-0.001635,-0.001689,0.009877,-0.024512,-0.004356,-0.004244,0.013839,0
1790539150.5512,0.008799,-0.061516,0.033088,-0.039615,0.008799,0.000000,0.120000,0.000000,0.024402,0.004399,-0.001687,0.030375,-0.030758,-0.004365,-0.004492,0.013907,0
1790539150.5647,0.017099,-0.071298,0.028328,-0.043637,0.017099,0.000000,0.120000,0.000000,0.053827,0.008550,-0.001684,0.021463,-0.035649,-0.004375,-0.003613,0.013535,0
1790539150.5783,0.025892,-0.078246,0.033971,-0.046071,0.025892,0.000000,0.120000,0.000000,0.083293,0.012946,-0.001680,0.022705,-0.039123,-0.004385,-0.002563,0.013554,0
1790539150.5921,0.027174,-0.086731,0.015148,-0.050822,0.027174,0.000000,0.120000,0.000000,0.113437,0.013587,-0.001676,0.003237,-0.043365,-0.004397,-0.003059,0.013866,0
1790539150.6061,0.013874,-0.089704,-0.028252,-0.050332,0.013874,0.000000,0.120000,0.000000,0.143632,0.006937,-0.001673,-0.033516,-0.044852,-0.004410,-0.001070,0.013890,0
1790539150.6200,0.007823,-0.080686,-0.012970,-0.041526,0.007823,0.000000,0.120000,0.000000,0.173901,0.003912,-0.001672,-0.015209,-0.040343,-0.004421,0.003238,0.013924,0
1790539150.6340,0.007386,-0.068642,0.000927,-0.034437,0.007386,0.000000,0.120000,0.000000,0.204241,0.003693,-0.001671,-0.001096,-0.034321,-0.004430,0.004315,0.013956,0
1790539150.6479,-0.001558,-0.050809,-0.024834,-0.023466,-0.001558,0.000000,0.120000,0.000000,0.234645,-0.000779,-0.001671,-0.022384,-0.025404,-0.004438,0.006376,0.013986,0
1790539150.6619,-0.015438,-0.032534,-0.044257,-0.014151,-0.015438,0.000000,0.120000,0.000000,0.264935,-0.007719,-0.001674,-0.034865,-0.016267,-0.004442,0.006558,0.013933,0
1790539150.6760,-0.026240,-0.014022,-0.041914,-0.004817,-0.026240,0.000000,0.120000,0.000000,0.295247,-0.013120,-0.001678,-0.027116,-0.007011,-0.004444,0.006638,0.013943,0
1790539150.6904,-0.032037,0.001051,-0.031664,0.001268,-0.032037,0.000000,0.120000,0.000000,0.326837,-0.016018,-0.001684,-0.013962,0.000525,-0.004444,0.005186,0.014532,0
1790539150.7045,-0.022267,-0.006268,0.011353,-0.010166,-0.022267,0.000000,0.120000,0.000000,0.357589,-0.011133,-0.001687,0.024174,-0.003134,-0.004445,-0.002587,0.014146,0
1790539150.7184,-0.030162,-0.008636,-0.036676,-0.009617,-0.030162,0.000000,0.120000,0.000000,0.387771,-0.015081,-0.001692,-0.019903,-0.004318,-0.004446,-0.000853,0.013884,0
1790539150.7324,-0.022240,-0.014307,0.007020,-0.013630,-0.022240,0.000000,0.120000,0.000000,0.418154,-0.011120,-0.001696,0.019837,-0.007153,-0.004448,-0.002029,0.013976,0
1790539150.7462,-0.016006,-0.024781,0.006020,-0.020615,-0.016006,0.000000,0.120000,0.000000,0.448324,-0.008003,-0.001699,0.015722,-0.012390,-0.004451,-0.003774,0.013878,0
1790539150.7603,-0.021593,-0.033334,-0.026694,-0.024228,-0.021593,0.000000,0.120000,0.000000,0.478267,-0.010796,-0.001702,-0.014196,-0.016667,-0.004456,-0.003105,0.013774,0
1790539150.7742,-0.035219,-0.043319,-0.052949,-0.029642,-0.035219,0.000000,0.120000,0.000000,0.509095,-0.017609,-0.001708,-0.033631,-0.021659,-0.004462,-0.003521,0.014181,0
1790539150.7879,-0.045765,-0.051523,-0.051536,-0.033225,-0.045765,0.000000,0.120000,0.000000,0.538883,-0.022882,-0.001716,-0.026937,-0.025762,-0.004469,-0.002994,0.013702,0
1790539150.8015,-0.056347,-0.054614,-0.057042,-0.032916,-0.056347,0.000000,0.120000,0.000000,0.568547,-0.028174,-0.001725,-0.027143,-0.027307,-0.004477,-0.001132,0.013645,0
1790539150.8153,-0.056356,-0.056292,-0.029934,-0.033237,-0.056356,0.000000,0.120000,0.000000,0.598586,-0.028178,-0.001734,-0.000021,-0.028146,-0.004484,-0.000607,0.013818,0
1790539150.8292,-0.050015,-0.054402,-0.010789,-0.031013,-0.050015,0.000000,0.120000,0.000000,0.628811,-0.025008,-0.001743,0.015961,-0.027201,-0.004492,0.000680,0.013904,0
1790539150.8434,-0.041906,-0.050496,-0.002412,-0.028351,-0.041906,0.000000,0.120000,0.000000,0.659218,-0.020953,-0.001750,0.020291,-0.025248,-0.004499,0.001396,0.013987,0
1790539150.8569,-0.035860,-0.045106,-0.004160,-0.025081,-0.035860,0.000000,0.120000,0.000000,0.688849,-0.017930,-0.001756,0.015525,-0.022553,-0.004505,0.001977,0.013631,0
1790539150.8709,-0.026975,-0.036593,0.006945,-0.019770,-0.026975,0.000000,0.120000,0.000000,0.719313,-0.013487,-0.001760,0.022192,-0.018297,-0.004510,0.003037,0.014013,0
1790539150.8848,-0.020294,-0.028704,0.004915,-0.016028,-0.020294,0.000000,0.120000,0.000000,0.749524,-0.010147,-0.001764,0.016825,-0.014352,-0.004514,0.002838,0.013897,0
1790539150.8986,-0.013666,-0.020166,0.008116,-0.011524,-0.013666,0.000000,0.120000,0.000000,0.779698,-0.006833,-0.001766,0.016715,-0.010083,-0.004517,0.003076,0.013880,0
1790539150.9124,-0.012854,-0.018613,-0.006137,-0.013264,-0.012854,0.000000,0.120000,0.000000,0.809711,-0.006427,-0.001768,0.002058,-0.009307,-0.004520,0.000562,0.013806,0
1790539150.9265,-0.011715,-0.026412,-0.004767,-0.020527,-0.011715,0.000000,0.120000,0.000000,0.840011,-0.005857,-0.001770,0.002860,-0.013206,-0.004523,-0.002798,0.013938,0
1790539150.9412,-0.010148,-0.040209,-0.003122,-0.029317,-0.010148,0.000000,0.120000,0.000000,0.872034,-0.005074,-0.001772,0.003723,-0.020105,-0.004529,-0.004683,0.014731,0
1790539150.9553,-0.011697,-0.047115,-0.011482,-0.030551,-0.011697,0.000000,0.120000,0.000000,0.902578,-0.005849,-0.001774,-0.003860,-0.023557,-0.004536,-0.002457,0.014050,0
1790539150.9692,-0.008626,-0.050680,0.001610,-0.031160,-0.008626,0.000000,0.120000,0.000000,0.932932,-0.004313,-0.001775,0.007698,-0.025340,-0.004543,-0.001277,0.013963,0
1790539150.9823,0.001392,-0.059873,0.025233,-0.037937,0.001392,0.000000,0.120000,0.000000,0.961899,0.000696,-0.001775,0.026312,-0.029937,-0.004551,-0.003450,0.013325,0
1790539150.9954,0.011703,-0.066511,0.031652,-0.040351,0.011703,0.000000,0.120000,0.000000,0.990352,0.005851,-0.001773,0.027574,-0.033256,-0.004560,-0.002536,0.013088,0
1790539151.0086,0.024579,-0.073848,0.044756,-0.044280,0.024579,0.000000,0.120000,0.000000,0.018969,0.012290,-0.001769,0.034236,-0.036924,-0.004569,-0.002787,0.013164,0
1790539151.0222,0.031521,-0.081354,0.032069,-0.048049,0.031521,0.000000,0.120000,0.000000,0.048194,0.015760,-0.001764,0.018073,-0.040677,-0.004580,-0.002792,0.013443,0
1790539151.0358,0.037107,-0.093273,0.031260,-0.055639,0.037107,0.000000,0.120000,0.000000,0.077579,0.018554,-0.001758,0.014465,-0.046637,-0.004593,-0.004409,0.013517,0
1790539151.0498,0.029069,-0.100247,-0.007131,-0.057199,0.029069,0.000000,0.120000,0.000000,0.108296,0.014534,-0.001753,-0.019912,-0.050124,-0.004607,-0.002468,0.014129,0
1790539151.0638,0.017988,-0.099367,-0.020474,-0.053990,0.017988,0.000000,0.120000,0.000000,0.138713,0.008994,-0.001750,-0.027718,-0.049683,-0.004621,0.000315,0.013992,0
1790539151.0777,0.014635,-0.096133,-0.002902,-0.051533,0.014635,0.000000,0.120000,0.000000,0.168827,0.007317,-0.001748,-0.008472,-0.048066,-0.004634,0.001167,0.013853,0
1790539151.0916,0.009973,-0.087295,-0.008453,-0.045127,0.009973,0.000000,0.120000,0.000000,0.199159,0.004987,-0.001746,-0.011694,-0.043648,-0.004647,0.003167,0.013953,0
1790539151.1055,-0.000426,-0.075290,-0.028199,-0.037975,-0.000426,0.000000,0.120000,0.000000,0.229314,-0.000213,-0.001746,-0.026239,-0.037645,-0.004657,0.004327,0.013871,0
1790539151.1203,-0.006652,-0.059190,-0.020332,-0.028623,-0.006652,0.000000,0.120000,0.000000,0.260358,-0.003326,-0.001747,-0.015259,-0.029595,-0.004665,0.005637,0.014280,0
1790539151.1358,-0.015166,-0.038897,-0.028477,-0.017602,-0.015166,0.000000,0.120000,0.000000,0.294198,-0.007583,-0.001750,-0.019144,-0.019448,-0.004671,0.006518,0.015567,0
1790539151.1502,-0.025982,-0.019258,-0.040726,-0.007564,-0.025982,0.000000,0.120000,0.000000,0.325875,-0.012991,-0.001755,-0.025980,-0.009629,-0.004674,0.006739,0.014571,0
1790539151.1646,-0.020171,-0.009364,0.002427,-0.005887,-0.020171,0.000000,0.120000,0.000000,0.356860,-0.010086,-0.001758,0.014270,-0.004682,-0.004676,0.003470,0.014253,0
1790539151.1794,-0.012743,-0.014395,0.009250,-0.013557,-0.012743,0.000000,0.120000,0.000000,0.389375,-0.006371,-0.001760,0.017382,-0.007198,-0.004678,-0.001682,0.014957,0
1790539151.1934,-0.013367,-0.018955,-0.009984,-0.015763,-0.013367,0.000000,0.120000,0.000000,0.420259,-0.006683,-0.001763,-0.001537,-0.009477,-0.004680,-0.001605,0.014207,0
1790539151.2072,-0.011664,-0.020982,-0.003291,-0.015906,-0.011664,0.000000,0.120000,0.000000,0.450359,-0.005832,-0.001765,0.004305,-0.010491,-0.004683,-0.000732,0.013846,0
1790539151.2212,-0.017358,-0.027067,-0.024660,-0.020390,-0.017358,0.000000,0.120000,0.000000,0.480842,-0.008679,-0.001768,-0.014213,-0.013533,-0.004687,-0.002170,0.014022,0
1790539151.2350,-0.028322,-0.036050,-0.043633,-0.025959,-0.028322,0.000000,0.120000,0.000000,0.510960,-0.014161,-0.001772,-0.027700,-0.018025,-0.004692,-0.003242,0.013854,0
1790539151.2486,-0.043461,-0.043655,-0.062481,-0.029323,-0.043461,0.000000,0.120000,0.000000,0.540515,-0.021730,-0.001779,-0.038972,-0.021828,-0.004698,-0.002797,0.013596,0
1790539151.2623,-0.052911,-0.048973,-0.052479,-0.031139,-0.052911,0.000000,0.120000,0.000000,0.570183,-0.026455,-0.001788,-0.024236,-0.024486,-0.004705,-0.001948,0.013647,0
1790539151.2764,-0.057126,-0.055185,-0.040855,-0.034515,-0.057126,0.000000,0.120000,0.000000,0.600743,-0.028563,-0.001798,-0.010494,-0.027593,-0.004713,-0.002210,0.014058,0
1790539151.2904,-0.059137,-0.060014,-0.036389,-0.036447,-0.059137,0.000000,0.120000,0.000000,0.631265,-0.029568,-0.001808,-0.005013,-0.030007,-0.004721,-0.001720,0.014040,0
1790539151.3042,-0.050150,-0.060663,-0.004107,-0.035296,-0.050150,0.000000,0.120000,0.000000,0.661274,-0.025075,-0.001816,0.022784,-0.030331,-0.004729,-0.000235,0.013804,0
1790539151.3181,-0.042001,-0.055587,-0.002319,-0.030706,-0.042001,0.000000,0.120000,0.000000,0.691514,-0.021001,-0.001823,0.020504,-0.027794,-0.004737,0.001824,0.013910,0
1790539151.3319,-0.036441,-0.048038,-0.006033,-0.026044,-0.036441,0.000000,0.120000,0.000000,0.721696,-0.018221,-0.001829,0.014017,-0.024019,-0.004744,0.002719,0.013884,0
1790539151.3458,-0.027694,-0.039763,0.006381,-0.021649,-0.027694,0.000000,0.120000,0.000000,0.751863,-0.013847,-0.001834,0.022061,-0.019882,-0.004749,0.002982,0.013877,0
1790539151.3599,-0.022166,-0.032462,0.000977,-0.018363,-0.022166,0.000000,0.120000,0.000000,0.782133,-0.011083,-0.001837,0.013897,-0.016231,-0.004754,0.002622,0.013924,0
1790539151.3738,-0.014293,-0.023092,0.010753,-0.012947,-0.014293,0.000000,0.120000,0.000000,0.812480,-0.007146,-0.001840,0.019739,-0.011546,-0.004757,0.003356,0.013960,0
1790539151.3877,-0.011458,-0.013410,-0.000470,-0.007999,-0.011458,0.000000,0.120000,0.000000,0.842850,-0.005729,-0.001842,0.007101,-0.006705,-0.004759,0.003465,0.013970,0
1790539151.4017,-0.011588,-0.010130,-0.007960,-0.008654,-0.011588,0.000000,0.120000,0.000000,0.873287,-0.005794,-0.001844,-0.000323,-0.005065,-0.004760,0.001171,0.014001,0
1790539151.4157,-0.006170,-0.014774,0.008628,-0.013809,-0.006170,0.000000,0.120000,0.000000,0.903693,-0.003085,-0.001845,0.013558,-0.007387,-0.004762,-0.001660,0.013986,0
1790539151.4300,-0.000162,-0.020403,0.013050,-0.016971,-0.000162,0.000000,0.120000,0.000000,0.934214,-0.000081,-0.001845,0.014976,-0.010201,-0.004765,-0.002005,0.014040,0
1790539151.4443,-0.000962,-0.030916,-0.004268,-0.023874,-0.000962,0.000000,0.120000,0.000000,0.965557,-0.000481,-0.001845,-0.001942,-0.015458,-0.004770,-0.003646,0.014418,0
1790539151.4583,0.009865,-0.042482,0.029888,-0.030106,0.009865,0.000000,0.120000,0.000000,0.996298,0.004932,-0.001843,0.026799,-0.021241,-0.004776,-0.004089,0.014141,0
1790539151.4722,0.016559,-0.055021,0.023256,-0.036794,0.016559,0.000000,0.120000,0.000000,0.026586,0.008280,-0.001840,0.016817,-0.027511,-0.004783,-0.004500,0.013933,0
1790539151.4858,0.022869,-0.065429,0.025846,-0.041335,0.022869,0.000000,0.120000,0.000000,0.056133,0.011434,-0.001837,0.016248,-0.032714,-0.004792,-0.003829,0.013591,0
1790539151.4994,0.031892,-0.073166,0.037344,-0.044231,0.031892,0.000000,0.120000,0.000000,0.085689,0.015946,-0.001831,0.023229,-0.036583,-0.004802,-0.002846,0.013596,0
1790539151.5133,0.032905,-0.084799,0.017175,-0.051393,0.032905,0.000000,0.120000,0.000000,0.115937,0.016453,-0.001826,0.002548,-0.042399,-0.004814,-0.004180,0.013914,0
1790539151.5271,0.023486,-0.088530,-0.013867,-0.050437,0.023486,0.000000,0.120000,0.000000,0.146066,0.011743,-0.001822,-0.023788,-0.044265,-0.004826,-0.001346,0.013859,0
1790539151.5410,0.017416,-0.078799,-0.008421,-0.040730,0.017416,0.000000,0.120000,0.000000,0.176232,0.008708,-0.001819,-0.015310,-0.039400,-0.004837,0.003506,0.013876,0
1790539151.5549,0.013145,-0.064251,-0.006023,-0.031726,0.013145,0.000000,0.120000,0.000000,0.206382,0.006572,-0.001817,-0.010778,-0.032125,-0.004846,0.005245,0.013869,0
1790539151.5688,0.004187,-0.047429,-0.022358,-0.022494,0.004187,0.000000,0.120000,0.000000,0.236492,0.002094,-0.001816,-0.022635,-0.023714,-0.004853,0.006073,0.013851,0
1790539151.5827,-0.010160,-0.033390,-0.043029,-0.016502,-0.010160,0.000000,0.120000,0.000000,0.266706,-0.005080,-0.001818,-0.036131,-0.016695,-0.004857,0.005051,0.013898,0
1790539151.5966,-0.019655,-0.019223,-0.035511,-0.009385,-0.019655,0.000000,0.120000,0.000000,0.296981,-0.009827,-0.001821,-0.023863,-0.009611,-0.004860,0.005086,0.013927,0
1790539151.6104,-0.023058,-0.014553,-0.021937,-0.010457,-0.023058,0.000000,0.120000,0.000000,0.327155,-0.011529,-0.001825,-0.008582,-0.007277,-0.004862,0.001682,0.013880,0
1790539151.6243,-0.018901,-0.021141,-0.000787,-0.017810,-0.018901,0.000000,0.120000,0.000000,0.357304,-0.009451,-0.001828,0.010492,-0.010570,-0.004865,-0.002375,0.013869,0
1790539151.6381,-0.020730,-0.025153,-0.016832,-0.018897,-0.020730,0.000000,0.120000,0.000000,0.387324,-0.010365,-0.001832,-0.004635,-0.012576,-0.004868,-0.001453,0.013809,0
1790539151.6521,-0.011591,-0.033476,0.015335,-0.024599,-0.011591,0.000000,0.120000,0.000000,0.417603,-0.005796,-0.001834,0.022964,-0.016738,-0.004873,-0.002988,0.013929,0
1790539151.6659,-0.007404,-0.046395,0.005061,-0.032749,-0.007404,0.000000,0.120000,0.000000,0.447662,-0.003702,-0.001835,0.010598,-0.023197,-0.004879,-0.004672,0.013827,0
1790539151.6800,-0.018789,-0.057869,-0.039916,-0.037952,-0.018789,0.000000,0.120000,0.000000,0.477861,-0.009394,-0.001838,-0.028683,-0.028934,-0.004888,-0.004130,0.013892,0
1790539151.6943,-0.032360,-0.071289,-0.050935,-0.045192,-0.032360,0.000000,0.120000,0.000000,0.509235,-0.016180,-0.001844,-0.032912,-0.035645,-0.004898,-0.004650,0.014432,0
1790539151.7078,-0.047756,-0.078079,-0.065366,-0.046445,-0.047756,0.000000,0.120000,0.000000,0.538790,-0.023878,-0.001851,-0.039636,-0.039039,-0.004908,-0.002497,0.013596,0
1790539151.7214,-0.058732,-0.081589,-0.059552,-0.047008,-0.058732,0.000000,0.120000,0.000000,0.568274,-0.029366,-0.001861,-0.028325,-0.040795,-0.004919,-0.001294,0.013562,0
1790539151.7353,-0.058067,-0.084185,-0.029231,-0.047956,-0.058067,0.000000,0.120000,0.000000,0.598543,-0.029033,-0.001871,0.001673,-0.042093,-0.004931,-0.000932,0.013924,0
1790539151.7492,-0.057838,-0.085344,-0.030224,-0.048032,-0.057838,0.000000,0.120000,0.000000,0.628740,-0.028919,-0.001880,0.000575,-0.042672,-0.004943,-0.000417,0.013891,0
1790539151.7630,-0.051398,-0.087213,-0.011312,-0.049237,-0.051398,0.000000,0.120000,0.000000,0.658848,-0.025699,-0.001889,0.016276,-0.043607,-0.004955,-0.000675,0.013849,0
1790539151.7771,-0.043704,-0.086154,-0.004502,-0.047666,-0.043704,0.000000,0.120000,0.000000,0.689264,-0.021852,-0.001896,0.019246,-0.043077,-0.004967,0.000379,0.013991,0
1790539151.7911,-0.036246,-0.082325,-0.001357,-0.044772,-0.036246,0.000000,0.120000,0.000000,0.719658,-0.018123,-0.001902,0.018668,-0.041162,-0.004979,0.001369,0.013982,0
1790539151.8051,-0.028247,-0.075324,0.003855,-0.040166,-0.028247,0.000000,0.120000,0.000000,0.750268,-0.014123,-0.001907,0.019885,-0.037662,-0.004989,0.002486,0.014081,0
1790539151.8191,-0.021844,-0.064442,0.003159,-0.033337,-0.021844,0.000000,0.120000,0.000000,0.780730,-0.010922,-0.001911,0.015992,-0.032221,-0.004998,0.003883,0.014013,0
1790539151.8331,-0.013940,-0.049244,0.010996,-0.024166,-0.013940,0.000000,0.120000,0.000000,0.810982,-0.006970,-0.001913,0.019879,-0.024622,-0.005005,0.005461,0.013916,0
1790539151.8471,-0.003471,-0.031921,0.022541,-0.014779,-0.003471,0.000000,0.120000,0.000000,0.841396,-0.001736,-0.001914,0.026190,-0.015961,-0.005010,0.006191,0.013990,0
1790539151.8611,-0.003388,-0.019489,-0.003402,-0.010336,-0.003388,0.000000,0.120000,0.000000,0.871966,-0.001694,-0.001914,0.000206,-0.009744,-0.005012,0.004420,0.014062,0
1790539151.8751,-0.009520,-0.023401,-0.022099,-0.018122,-0.009520,0.000000,0.120000,0.000000,0.902213,-0.004760,-0.001916,-0.015423,-0.011700,-0.005016,-0.001406,0.013913,0
1790539151.8890,-0.001642,-0.031854,0.017026,-0.023977,-0.001642,0.000000,0.120000,0.000000,0.932542,-0.000821,-0.001916,0.019763,-0.015927,-0.005020,-0.003030,0.013952,0
1790539151.9030,-0.002750,-0.034279,-0.006069,-0.023032,-0.002750,0.000000,0.120000,0.000000,0.962894,-0.001375,-0.001916,-0.002778,-0.017139,-0.005025,-0.000868,0.013962,0
1790539151.9168,0.004225,-0.045726,0.017746,-0.032008,0.004225,0.000000,0.120000,0.000000,0.993135,0.002113,-0.001916,0.017549,-0.022863,-0.005031,-0.004114,0.013911,0
1790539151.9312,0.018916,-0.060744,0.044060,-0.040745,0.018916,0.000000,0.120000,0.000000,0.023745,0.009458,-0.001913,0.036515,-0.030372,-0.005040,-0.005333,0.014081,0
1790539151.9450,0.031726,-0.075007,0.046069,-0.047661,0.031726,0.000000,0.120000,0.000000,0.054097,0.015863,-0.001907,0.032113,-0.037503,-0.005050,-0.005108,0.013962,0
1790539151.9585,0.037506,-0.083601,0.031687,-0.050013,0.037506,0.000000,0.120000,0.000000,0.083742,0.018753,-0.001901,0.014835,-0.041800,-0.005062,-0.003151,0.013637,0
1790539151.9725,0.048454,-0.094827,0.049793,-0.056510,0.048454,0.000000,0.120000,0.000000,0.114080,0.024227,-0.001893,0.027458,-0.047413,-0.005075,-0.004022,0.013956,0
1790539151.9865,0.043284,-0.102019,0.006853,-0.058662,0.043284,0.000000,0.120000,0.000000,0.144572,0.021642,-0.001886,-0.012903,-0.051009,-0.005089,-0.002564,0.014026,0
1790539152.0004,0.031748,-0.095664,-0.015006,-0.050652,0.031748,0.000000,0.120000,0.000000,0.174840,0.015874,-0.001880,-0.028999,-0.047832,-0.005103,0.002282,0.013923,0
1790539152.0143,0.031468,-0.083792,0.013154,-0.042740,0.031468,0.000000,0.120000,0.000000,0.205055,0.015734,-0.001875,-0.000705,-0.041896,-0.005114,0.004271,0.013899,0
1790539152.0282,0.026695,-0.065407,-0.000543,-0.031212,0.026695,0.000000,0.120000,0.000000,0.235267,0.013347,-0.001871,-0.012020,-0.032703,-0.005123,0.006615,0.013898,0
1790539152.0421,0.015578,-0.046922,-0.022084,-0.021938,0.015578,0.000000,0.120000,0.000000,0.265470,0.007789,-0.001868,-0.028005,-0.023461,-0.005130,0.006653,0.013893,0
1790539152.0559,0.006201,-0.029750,-0.022631,-0.013766,0.006201,0.000000,0.120000,0.000000,0.295367,0.003100,-0.001867,-0.023865,-0.014875,-0.005134,0.006243,0.013753,0
1790539152.0698,-0.009494,-0.016022,-0.046121,-0.008211,-0.009494,0.000000,0.120000,0.000000,0.325596,-0.004747,-0.001869,-0.039505,-0.008011,-0.005136,0.004936,0.013905,0
1790539152.0835,-0.001185,-0.012468,0.018603,-0.010085,-0.001185,0.000000,0.120000,0.000000,0.355608,-0.000593,-0.001869,0.021064,-0.006234,-0.005138,0.001287,0.013806,0
1790539152.0975,0.003381,-0.012062,0.011308,-0.011025,0.003381,0.000000,0.120000,0.000000,0.385860,0.001691,-0.001868,0.011485,-0.006031,-0.005140,0.000146,0.013916,0
1790539152.1113,0.001556,-0.012183,-0.005688,-0.011277,0.001556,0.000000,0.120000,0.000000,0.416064,0.000778,-0.001868,-0.004598,-0.006092,-0.005141,-0.000044,0.013894,0
1790539152.1251,0.012954,-0.021891,0.033677,-0.019626,0.012954,0.000000,0.120000,0.000000,0.445901,0.006477,-0.001866,0.029066,-0.010945,-0.005144,-0.003536,0.013725,0
1790539152.1389,0.009316,-0.034076,-0.006426,-0.026598,0.009316,0.000000,0.120000,0.000000,0.475928,0.004658,-0.001864,-0.009219,-0.017038,-0.005149,-0.004411,0.013812,0
1790539152.1527,-0.005187,-0.046673,-0.041044,-0.033032,-0.005187,0.000000,0.120000,0.000000,0.506090,-0.002594,-0.001865,-0.036585,-0.023337,-0.005155,-0.004540,0.013875,0
1790539152.1663,-0.022520,-0.058712,-0.058061,-0.038977,-0.022520,0.000000,0.120000,0.000000,0.535442,-0.011260,-0.001869,-0.044932,-0.029356,-0.005163,-0.004458,0.013502,0
1790539152.1799,-0.037156,-0.067750,-0.058178,-0.042376,-0.037156,0.000000,0.120000,0.000000,0.564961,-0.018578,-0.001875,-0.037725,-0.033875,-0.005173,-0.003328,0.013579,0
1790539152.1938,-0.046160,-0.072450,-0.047804,-0.043111,-0.046160,0.000000,0.120000,0.000000,0.594951,-0.023080,-0.001883,-0.022842,-0.036225,-0.005183,-0.001703,0.013795,0
1790539152.2077,-0.043456,-0.076862,-0.016851,-0.045202,-0.043456,0.000000,0.120000,0.000000,0.625344,-0.021728,-0.001890,0.006767,-0.038431,-0.005193,-0.001578,0.013981,0
1790539152.2215,-0.038348,-0.076765,-0.008204,-0.043552,-0.038348,0.000000,0.120000,0.000000,0.655551,-0.019174,-0.001896,0.012867,-0.038383,-0.005204,0.000035,0.013895,0
1790539152.2353,-0.030984,-0.073996,0.001263,-0.041210,-0.030984,0.000000,0.120000,0.000000,0.685583,-0.015492,-0.001901,0.018656,-0.036998,-0.005214,0.001002,0.013815,0
1790539152.2492,-0.021829,-0.068220,0.010222,-0.037257,-0.021829,0.000000,0.120000,0.000000,0.715816,-0.010914,-0.001905,0.023041,-0.034110,-0.005224,0.002076,0.013907,0
1790539152.2634,-0.008494,-0.057630,0.026880,-0.030299,-0.008494,0.000000,0.120000,0.000000,0.746531,-0.004247,-0.001907,0.033033,-0.028815,-0.005232,0.003748,0.014129,0
1790539152.2773,-0.002671,-0.039785,0.011343,-0.018744,-0.002671,0.000000,0.120000,0.000000,0.776906,-0.001336,-0.001907,0.014586,-0.019892,-0.005237,0.006386,0.013972,0
1790539152.2911,0.008796,-0.020833,0.031588,-0.008788,0.008796,0.000000,0.120000,0.000000,0.806893,0.004398,-0.001905,0.029096,-0.010417,-0.005240,0.006869,0.013794,0
1790539152.3050,0.010819,-0.010154,0.008594,-0.006481,0.010819,0.000000,0.120000,0.000000,0.837140,0.005409,-0.001904,0.005088,-0.005077,-0.005242,0.003838,0.013914,0
1790539152.3189,0.002527,-0.012214,-0.021542,-0.012092,0.002527,0.000000,0.120000,0.000000,0.867323,0.001264,-0.001903,-0.020902,-0.006107,-0.005243,-0.000742,0.013884,0
1790539152.3327,0.007476,-0.014451,0.014417,-0.013283,0.007476,0.000000,0.120000,0.000000,0.897254,0.003738,-0.001902,0.012581,-0.007226,-0.005245,-0.000812,0.013768,0
1790539152.3464,0.003640,-0.022243,-0.009822,-0.019196,0.003640,0.000000,0.120000,0.000000,0.927217,0.001820,-0.001901,-0.009741,-0.011122,-0.005248,-0.002827,0.013783,0
1790539152.3603,0.005271,-0.029044,0.004869,-0.022238,0.005271,0.000000,0.120000,0.000000,0.957231,0.002635,-0.001901,0.004134,-0.014522,-0.005252,-0.002463,0.013806,0
1790539152.3742,0.013444,-0.043016,0.025405,-0.031792,0.013444,0.000000,0.120000,0.000000,0.987446,0.006722,-0.001898,0.020582,-0.021508,-0.005258,-0.005026,0.013899,0
1790539152.3882,0.031721,-0.063623,0.059919,-0.044480,0.031721,0.000000,0.120000,0.000000,0.017710,0.015861,-0.001893,0.045951,-0.031811,-0.005267,-0.007401,0.013921,0
1790539152.4018,0.045246,-0.076045,0.055393,-0.047847,0.045246,0.000000,0.120000,0.000000,0.047404,0.022623,-0.001886,0.034655,-0.038023,-0.005278,-0.004547,0.013659,0
1790539152.4153,0.056700,-0.085746,0.056159,-0.051754,0.056700,0.000000,0.119784,0.000000,0.076763,0.028350,-0.001876,0.029685,-0.042873,-0.005289,-0.003592,0.013505,0
1790539152.4291,0.054469,-0.096146,0.019742,-0.057121,0.054469,0.000000,0.119114,0.000000,0.106943,0.027235,-0.001867,-0.005625,-0.048073,-0.005303,-0.003745,0.013883,0
1790539152.4433,0.039960,-0.095643,-0.018176,-0.052958,0.039960,0.000000,0.117983,0.000000,0.137360,0.019980,-0.001861,-0.036295,-0.047822,-0.005316,0.000179,0.013992,0
1790539152.4576,0.032160,-0.087750,-0.004858,-0.046445,0.032160,0.000000,0.116365,0.000000,0.168460,0.016080,-0.001855,-0.019083,-0.043875,-0.005328,0.002759,0.014306,0
1790539152.4717,0.027863,-0.077859,0.001448,-0.040772,0.027863,0.000000,0.114317,0.000000,0.199206,0.013932,-0.001850,-0.010633,-0.038930,-0.005339,0.003497,0.014143,0
1790539152.4854,0.015498,-0.061788,-0.025461,-0.030419,0.015498,0.000000,0.111906,0.000000,0.229205,0.007749,-0.001848,-0.031362,-0.030894,-0.005348,0.005823,0.013800,0
1790539152.4994,0.009932,-0.041555,-0.010834,-0.018885,0.009932,0.000000,0.109070,0.000000,0.259555,0.004966,-0.001846,-0.013954,-0.020778,-0.005354,0.007246,0.013961,0
1790539152.5132,-0.000211,-0.023635,-0.027578,-0.010707,-0.000211,0.000000,0.105882,0.000000,0.289669,-0.000105,-0.001846,-0.025626,-0.011818,-0.005357,0.006468,0.013853,0
1790539152.5271,-0.008314,-0.006128,-0.026431,-0.002117,-0.008314,0.000000,0.102340,0.000000,0.319851,-0.004157,-0.001848,-0.020427,-0.003064,-0.005358,0.006305,0.013884,0
1790539152.5410,-0.001321,-0.001234,0.015111,-0.004213,-0.001321,0.000000,0.098473,0.000000,0.350049,-0.000660,-0.001848,0.017619,-0.000617,-0.005358,0.001762,0.013891,0
1790539152.5549,-0.000713,-0.004827,-0.000674,-0.009065,-0.000713,0.000000,0.094312,0.000000,0.380249,-0.000357,-0.001848,0.001531,-0.002413,-0.005359,-0.001293,0.013892,0
1790539152.5687,-0.000228,-0.013278,-0.000736,-0.015049,-0.000228,0.000000,0.089903,0.000000,0.410372,-0.000114,-0.001848,0.001226,-0.006639,-0.005361,-0.003050,0.013856,0
1790539152.5825,0.003647,-0.023729,0.009772,-0.021003,0.003647,0.000000,0.085270,0.000000,0.440471,0.001824,-0.001847,0.009796,-0.011865,-0.005364,-0.003774,0.013846,0
1790539152.5963,-0.000328,-0.029212,-0.012108,-0.021963,-0.000328,0.000000,0.080469,0.000000,0.470432,-0.000164,-0.001847,-0.010096,-0.014606,-0.005368,-0.001989,0.013782,0
1790539152.6102,-0.008930,-0.040536,-0.028054,-0.029730,-0.008930,0.000000,0.075490,0.000000,0.500536,-0.004465,-0.001849,-0.021740,-0.020268,-0.005374,-0.004089,0.013848,0
1790539152.6237,-0.025758,-0.051764,-0.058341,-0.035419,-0.025758,0.000000,0.070521,0.000000,0.529897,-0.012879,-0.001853,-0.043609,-0.025882,-0.005381,-0.004157,0.013506,0
1790539152.6372,-0.042622,-0.057120,-0.066929,-0.035934,-0.042622,0.000000,0.065483,0.000000,0.559220,-0.021311,-0.001860,-0.043758,-0.028560,-0.005388,-0.001986,0.013489,0
1790539152.6507,-0.049237,-0.062471,-0.043598,-0.038609,-0.049237,0.000000,0.060389,0.000000,0.588637,-0.024619,-0.001868,-0.017111,-0.031235,-0.005397,-0.001977,0.013531,0
1790539152.6646,-0.047803,-0.065072,-0.022139,-0.038885,-0.047803,0.000000,0.055193,0.000000,0.618630,-0.023902,-0.001876,0.003639,-0.032536,-0.005406,-0.000943,0.013797,0
1790539152.6784,-0.040932,-0.064336,-0.004996,-0.037317,-0.040932,0.000000,0.050010,0.000000,0.648757,-0.020466,-0.001883,0.017353,-0.032168,-0.005415,0.000266,0.013858,0
1790539152.6922,-0.030072,-0.060220,0.010576,-0.034044,-0.030072,0.000000,0.044917,0.000000,0.678803,-0.015036,-0.001888,0.027500,-0.030110,-0.005423,0.001489,0.013821,0
1790539152.7067,-0.022481,-0.054180,0.005469,-0.030406,-0.022481,0.000000,0.039772,0.000000,0.709858,-0.011240,-0.001892,0.018601,-0.027090,-0.005431,0.002114,0.014285,0
1790539152.7205,-0.012997,-0.046298,0.015276,-0.025776,-0.012997,0.000000,0.034879,0.000000,0.740345,-0.006498,-0.001894,0.023668,-0.023149,-0.005437,0.002810,0.014024,0
1790539152.7344,-0.006851,-0.038056,0.010136,-0.021509,-0.006851,0.000000,0.030217,0.000000,0.770601,-0.003425,-0.001895,0.015456,-0.019028,-0.005442,0.002961,0.013918,0
1790539152.7482,-0.002680,-0.028363,0.007361,-0.016110,-0.002680,0.000000,0.025825,0.000000,0.800548,-0.001340,-0.001895,0.010597,-0.014182,-0.005446,0.003518,0.013776,0
1790539152.7622,0.004589,-0.018404,0.018652,-0.011078,0.004589,0.000000,0.021643,0.000000,0.830851,0.002295,-0.001895,0.018252,-0.009202,-0.005449,0.003573,0.013939,0
1790539152.7761,0.000147,-0.016642,-0.012960,-0.013141,0.000147,0.000000,0.017750,0.000000,0.861190,0.000074,-0.001894,-0.011139,-0.008321,-0.005451,0.000631,0.013956,0
1790539152.7899,0.002695,-0.023725,0.005918,-0.019885,0.002695,0.000000,0.014221,0.000000,0.891170,0.001347,-0.001894,0.006465,-0.011862,-0.005455,-0.002568,0.013791,0
1790539152.8037,0.009894,-0.030454,0.021290,-0.023121,0.009894,0.000000,0.011031,0.000000,0.921206,0.004947,-0.001892,0.018236,-0.015227,-0.005459,-0.002435,0.013817,0
1790539152.8176,0.013673,-0.038039,0.014483,-0.027218,0.013673,0.000000,0.008199,0.000000,0.951359,0.006836,-0.001890,0.009536,-0.019019,-0.005464,-0.002734,0.013870,0
1790539152.8314,0.022627,-0.053873,0.032133,-0.038145,0.022627,0.000000,0.005771,0.000000,0.981363,0.011313,-0.001886,0.022706,-0.026937,-0.005471,-0.005736,0.013802,0
1790539152.8453,0.038594,-0.067669,0.057568,-0.044271,0.038594,0.000000,0.003736,0.000000,0.011622,0.019297,-0.001880,0.040151,-0.033835,-0.005481,-0.004956,0.013919,0
1790539152.8589,0.050178,-0.079567,0.053071,-0.049656,0.050178,0.000000,0.002165,0.000000,0.041144,0.025089,-0.001872,0.029854,-0.039783,-0.005492,-0.004381,0.013580,0
1790539152.8725,0.056917,-0.088451,0.043988,-0.053005,0.056917,0.000000,0.001015,0.000000,0.070625,0.028458,-0.001862,0.017393,-0.044225,-0.005504,-0.003275,0.013561,0
1790539152.8864,0.062406,-0.099661,0.043125,-0.059367,0.062406,0.000000,0.000280,0.000000,0.100947,0.031203,-0.001852,0.013774,-0.049831,-0.005518,-0.004019,0.013948,0
1790539152.9003,0.053552,-0.106204,0.002665,-0.060985,0.053552,0.000000,0.000003,0.000000,0.131201,0.026776,-0.001843,-0.022268,-0.053102,-0.005532,-0.002351,0.013916,0
1790539152.9142,0.045271,-0.103389,-0.000056,-0.056228,0.045271,0.000000,0.000000,0.000000,0.161408,0.022636,-0.001836,-0.020857,-0.051694,-0.005547,0.001013,0.013896,0
