t,imu_roll,imu_pitch,pid_roll,pid_pitch,roll_meas,banked_roll,eff_lin,eff_ang,phase,p_roll,i_roll,d_roll,p_pitch,i_pitch,d_pitch,dt,ik_clamped
1790542267.4587,-0.016413,-0.010116,-0.006569,-0.004049,-0.016413,0.000000,0.000000,0.000000,0.000084,-0.006565,-0.000004,0.000000,-0.004046,-0.000003,0.000000,0.010000,0
1790542267.4730,-0.014584,-0.013540,-0.002285,-0.012082,-0.014584,0.000000,0.000282,0.000000,0.033623,-0.005833,-0.000010,0.003558,-0.005416,-0.000008,-0.006659,0.015428,0
1790542267.4866,-0.015318,-0.014922,-0.007742,-0.008996,-0.015318,0.000000,0.001006,0.000000,0.063535,-0.006127,-0.000015,-0.001600,-0.005969,-0.000013,-0.003014,0.013760,0
1790542267.5001,-0.012789,-0.019161,0.000444,-0.017034,-0.012789,0.000000,0.002155,0.000000,0.093100,-0.005115,-0.000019,0.005579,-0.007664,-0.000019,-0.009350,0.013600,0
1790542267.5140,-0.014996,-0.021199,-0.010780,-0.012897,-0.014996,0.000000,0.003769,0.000000,0.123368,-0.005999,-0.000025,-0.004757,-0.008479,-0.000027,-0.004390,0.013923,0
1790542267.5278,-0.015528,-0.021638,-0.007398,-0.009643,-0.015528,0.000000,0.005793,0.000000,0.153378,-0.006211,-0.000030,-0.001156,-0.008655,-0.000034,-0.000954,0.013805,0
1790542267.5421,-0.018005,-0.021208,-0.012587,-0.007598,-0.018005,0.000000,0.008242,0.000000,0.183581,-0.007202,-0.000036,-0.005349,-0.008483,-0.000042,0.000927,0.013893,0
1790542267.5565,-0.017686,-0.020011,-0.006461,-0.005592,-0.017686,0.000000,0.011237,0.000000,0.215288,-0.007074,-0.000043,0.000657,-0.008005,-0.000049,0.002462,0.014585,0
1790542267.5707,-0.017145,-0.015233,-0.005772,0.003878,-0.017145,0.000000,0.014570,0.000000,0.246371,-0.006858,-0.000049,0.001135,-0.006093,-0.000054,0.010026,0.014298,0
1790542267.5845,-0.018849,-0.011577,-0.011272,0.003201,-0.018849,0.000000,0.018162,0.000000,0.276587,-0.007540,-0.000055,-0.003677,-0.004631,-0.000058,0.007890,0.013899,0
1790542267.5984,-0.023010,-0.009131,-0.018257,0.001572,-0.023010,0.000000,0.022068,0.000000,0.306772,-0.009204,-0.000063,-0.008990,-0.003652,-0.000062,0.005286,0.013885,0
1790542267.6123,-0.027283,-0.010970,-0.020241,-0.008435,-0.027283,0.000000,0.026253,0.000000,0.336886,-0.010913,-0.000073,-0.009255,-0.004388,-0.000065,-0.003982,0.013853,0
1790542267.6261,-0.029881,-0.015330,-0.017649,-0.015625,-0.029881,0.000000,0.030703,0.000000,0.367069,-0.011952,-0.000083,-0.005613,-0.006132,-0.000071,-0.009422,0.013884,0
1790542267.6401,-0.019238,-0.016152,0.015168,-0.008309,-0.019238,0.000000,0.035386,0.000000,0.397308,-0.007695,-0.000090,0.022953,-0.006461,-0.000076,-0.001772,0.013910,0
1790542267.6540,-0.013055,-0.022303,0.007999,-0.022251,-0.013055,0.000000,0.040264,0.000000,0.427594,-0.005222,-0.000094,0.013315,-0.008921,-0.000084,-0.013246,0.013931,0
1790542267.6679,-0.012442,-0.030171,-0.003749,-0.029181,-0.012442,0.000000,0.045270,0.000000,0.457748,-0.004977,-0.000099,0.001326,-0.012068,-0.000095,-0.017018,0.013871,0
1790542267.6818,-0.015098,-0.035193,-0.011860,-0.024991,-0.015098,0.000000,0.050415,0.000000,0.488055,-0.006039,-0.000104,-0.005716,-0.014077,-0.000107,-0.010807,0.013941,0
1790542267.6957,-0.015376,-0.037365,-0.006859,-0.019753,-0.015376,0.000000,0.055619,0.000000,0.518277,-0.006150,-0.000109,-0.000599,-0.014946,-0.000120,-0.004688,0.013902,0
1790542267.7092,-0.014149,-0.033317,-0.003042,-0.004445,-0.014149,0.000000,0.060696,0.000000,0.547574,-0.005660,-0.000114,0.002731,-0.013327,-0.000131,0.009013,0.013477,0
1790542267.7228,-0.010374,-0.028070,0.004048,0.000189,-0.010374,0.000000,0.065820,0.000000,0.577179,-0.004150,-0.000118,0.008315,-0.011228,-0.000141,0.011557,0.013618,0
1790542267.7366,-0.003122,-0.020781,0.014395,0.007384,-0.003122,0.000000,0.070971,0.000000,0.607185,-0.001249,-0.000119,0.015762,-0.008312,-0.000148,0.015844,0.013803,0
1790542267.7504,-0.001962,-0.014816,0.001611,0.006853,-0.001962,0.000000,0.076052,0.000000,0.637265,-0.000785,-0.000119,0.002515,-0.005926,-0.000153,0.012932,0.013837,0
1790542267.7643,-0.002342,-0.009219,-0.001879,0.008269,-0.002342,0.000000,0.081020,0.000000,0.667399,-0.000937,-0.000120,-0.000822,-0.003688,-0.000156,0.012113,0.013862,0
1790542267.7781,-0.000828,-0.001128,0.002845,0.017010,-0.000828,0.000000,0.085800,0.000000,0.697351,-0.000331,-0.000120,0.003297,-0.000451,-0.000156,0.017618,0.013777,0
1790542267.7924,-0.003360,0.006757,-0.006906,0.019491,-0.003360,0.000000,0.090447,0.000000,0.727704,-0.001344,-0.000122,-0.005440,0.002703,-0.000154,0.016942,0.013963,0
1790542267.8065,-0.011018,0.002717,-0.020486,-0.007483,-0.011018,0.000000,0.094994,0.000000,0.759011,-0.004407,-0.000126,-0.015953,0.001087,-0.000153,-0.008417,0.014401,0
1790542267.8205,-0.009941,0.012238,-0.001790,0.025208,-0.009941,0.000000,0.099129,0.000000,0.789359,-0.003976,-0.000129,0.002315,0.004895,-0.000149,0.020462,0.013960,0
1790542267.8345,0.003753,0.017168,0.030683,0.017277,0.003753,0.000000,0.102978,0.000000,0.819829,0.001501,-0.000128,0.029309,0.006867,-0.000143,0.010552,0.014016,0
1790542267.8484,0.019927,0.013605,0.042571,-0.002345,0.019927,0.000000,0.106484,0.000000,0.850209,0.007971,-0.000121,0.034721,0.005442,-0.000138,-0.007649,0.013975,0
1790542267.8623,0.027223,0.015117,0.026488,0.009169,0.027223,0.000000,0.109623,0.000000,0.880497,0.010889,-0.000111,0.015710,0.006047,-0.000133,0.003255,0.013932,0
1790542267.8764,0.022044,0.013473,-0.002371,0.001741,0.022044,0.000000,0.112397,0.000000,0.910969,0.008818,-0.000104,-0.011085,0.005389,-0.000128,-0.003520,0.014017,0
1790542267.8903,0.022762,0.012213,0.010553,0.002056,0.022762,0.000000,0.114757,0.000000,0.941328,0.009105,-0.000096,0.001543,0.004885,-0.000124,-0.002705,0.013965,0
1790542267.9042,0.021334,0.008394,0.005371,-0.004987,0.021334,0.000000,0.116692,0.000000,0.971615,0.008534,-0.000088,-0.003075,0.003358,-0.000121,-0.008224,0.013932,0
1790542267.9182,0.018456,0.005549,0.001101,-0.004026,0.018456,0.000000,0.118192,0.000000,0.001894,0.007382,-0.000082,-0.006200,0.002220,-0.000119,-0.006127,0.013928,0
1790542267.9317,0.016122,0.004610,0.001223,-0.000347,0.016122,0.000000,0.119227,0.000000,0.031445,0.006449,-0.000076,-0.005150,0.001844,-0.000117,-0.002074,0.013593,0
1790542267.9452,0.010717,0.006043,-0.007839,0.005498,0.010717,0.000000,0.119826,0.000000,0.060692,0.004287,-0.000073,-0.012053,0.002417,-0.000115,0.003196,0.013454,0
1790542267.9588,0.009460,0.006931,0.000927,0.004627,0.009460,0.000000,0.120000,0.000000,0.090106,0.003784,-0.000069,-0.002788,0.002772,-0.000113,0.001968,0.013530,0
1790542267.9727,0.010789,0.006679,0.007112,0.002019,0.010789,0.000000,0.120000,0.000000,0.120404,0.004316,-0.000066,0.002862,0.002672,-0.000111,-0.000542,0.013937,0
1790542267.9865,0.009650,0.007263,0.001321,0.004067,0.009650,0.000000,0.120000,0.000000,0.150418,0.003860,-0.000062,-0.002476,0.002905,-0.000108,0.001270,0.013807,0
1790542268.0004,0.006311,0.011084,-0.004738,0.012573,0.006311,0.000000,0.120000,0.000000,0.180648,0.002524,-0.000060,-0.007203,0.004434,-0.000104,0.008243,0.013906,0
1790542268.0143,0.002083,0.017534,-0.008363,0.020852,0.002083,0.000000,0.120000,0.000000,0.210831,0.000833,-0.000059,-0.009136,0.007014,-0.000098,0.013937,0.013884,0
1790542268.0282,0.002790,0.018745,0.002588,0.010025,0.002790,0.000000,0.120000,0.000000,0.240969,0.001116,-0.000058,0.001530,0.007498,-0.000092,0.002619,0.013864,0
1790542268.0426,0.004220,0.012208,0.004651,-0.009011,0.004220,0.000000,0.120000,0.000000,0.271845,0.001688,-0.000057,0.003021,0.004883,-0.000087,-0.013807,0.014203,0
1790542268.0575,-0.004575,0.005892,-0.019560,-0.010419,-0.004575,0.000000,0.120000,0.000000,0.304303,-0.001830,-0.000059,-0.017672,0.002357,-0.000085,-0.012691,0.014931,0
1790542268.0732,-0.014803,-0.004863,-0.026552,-0.023660,-0.014803,0.000000,0.120000,0.000000,0.336737,-0.005921,-0.000064,-0.020566,-0.001945,-0.000087,-0.021628,0.014920,0
1790542268.0901,-0.016374,-0.015093,-0.009293,-0.023531,-0.016374,0.000000,0.120000,0.000000,0.375075,-0.006550,-0.000071,-0.002672,-0.006037,-0.000094,-0.017401,0.017636,0
1790542268.1043,-0.013974,-0.022333,-0.000598,-0.024322,-0.013974,0.000000,0.120000,0.000000,0.405964,-0.005589,-0.000076,0.005068,-0.008933,-0.000102,-0.015287,0.014209,0
1790542268.1190,-0.009637,-0.027239,0.005105,-0.021233,-0.009637,0.000000,0.120000,0.000000,0.437251,-0.003855,-0.000080,0.009039,-0.010895,-0.000111,-0.010226,0.014392,0
1790542268.1333,-0.013371,-0.034226,-0.013034,-0.028037,-0.013371,0.000000,0.120000,0.000000,0.469292,-0.005349,-0.000085,-0.007601,-0.013690,-0.000124,-0.014222,0.014739,0
1790542268.1470,-0.018004,-0.039064,-0.017391,-0.026310,-0.018004,0.000000,0.120000,0.000000,0.499209,-0.007201,-0.000091,-0.010098,-0.015626,-0.000137,-0.010547,0.013762,0
1790542268.1608,-0.024979,-0.042789,-0.025290,-0.025384,-0.024979,0.000000,0.120000,0.000000,0.529140,-0.009992,-0.000100,-0.015199,-0.017116,-0.000152,-0.008116,0.013768,0
1790542268.1745,-0.027824,-0.043733,-0.017452,-0.019721,-0.027824,0.000000,0.120000,0.000000,0.559004,-0.011130,-0.000109,-0.006213,-0.017493,-0.000167,-0.002060,0.013737,0
1790542268.1881,-0.028042,-0.043286,-0.011813,-0.016515,-0.028042,0.000000,0.120000,0.000000,0.588712,-0.011217,-0.000119,-0.000478,-0.017314,-0.000182,0.000981,0.013666,0
1790542268.2021,-0.023365,-0.043436,0.000592,-0.017894,-0.023365,0.000000,0.120000,0.000000,0.619017,-0.009346,-0.000127,0.010065,-0.017374,-0.000197,-0.000323,0.013940,0
1790542268.2160,-0.017792,-0.043393,0.004752,-0.017477,-0.017792,0.000000,0.120000,0.000000,0.649305,-0.007117,-0.000133,0.012001,-0.017357,-0.000212,0.000092,0.013932,0
1790542268.2300,-0.013318,-0.040545,0.004135,-0.010332,-0.013318,0.000000,0.120000,0.000000,0.679695,-0.005327,-0.000138,0.009600,-0.016218,-0.000226,0.006112,0.013979,0
1790542268.2439,-0.011415,-0.035979,-0.000616,-0.004816,-0.011415,0.000000,0.120000,0.000000,0.710035,-0.004566,-0.000142,0.004092,-0.014392,-0.000239,0.009814,0.013957,0
1790542268.2578,-0.004217,-0.025364,0.013682,0.012485,-0.004217,0.000000,0.120000,0.000000,0.740297,-0.001687,-0.000143,0.015512,-0.010145,-0.000248,0.022878,0.013920,0
1790542268.2718,0.001801,-0.013678,0.013518,0.019406,0.001801,0.000000,0.120000,0.000000,0.770623,0.000720,-0.000143,0.012940,-0.005471,-0.000253,0.025130,0.013950,0
1790542268.2857,0.007824,-0.001646,0.015958,0.024993,0.007824,0.000000,0.120000,0.000000,0.800915,0.003130,-0.000140,0.012968,-0.000658,-0.000253,0.025904,0.013935,0
1790542268.3001,-0.001360,-0.003090,-0.020032,-0.004531,-0.001360,0.000000,0.120000,0.000000,0.831874,-0.000544,-0.000140,-0.019348,-0.001236,-0.000254,-0.003041,0.014241,0
1790542268.3142,-0.001757,-0.009953,-0.001684,-0.018769,-0.001757,0.000000,0.120000,0.000000,0.862681,-0.000703,-0.000141,-0.000840,-0.003981,-0.000258,-0.014530,0.014172,0
1790542268.3281,-0.000743,-0.015769,0.001739,-0.019064,-0.000743,0.000000,0.120000,0.000000,0.893037,-0.000297,-0.000141,0.002178,-0.006307,-0.000263,-0.012494,0.013963,0
1790542268.3421,-0.005503,-0.024224,-0.012573,-0.028132,-0.005503,0.000000,0.120000,0.000000,0.923384,-0.002201,-0.000143,-0.010229,-0.009690,-0.000272,-0.018171,0.013960,0
1790542268.3560,-0.000053,-0.030239,0.011573,-0.025333,-0.000053,0.000000,0.120000,0.000000,0.953665,-0.000021,-0.000143,0.011737,-0.012096,-0.000282,-0.012955,0.013929,0
1790542268.3699,0.009466,-0.043284,0.024197,-0.045771,0.009466,0.000000,0.120000,0.000000,0.983876,0.003787,-0.000140,0.020550,-0.017314,-0.000297,-0.028160,0.013897,0
1790542268.3837,0.023015,-0.053710,0.038361,-0.044337,0.023015,0.000000,0.120000,0.000000,0.014047,0.009206,-0.000132,0.029287,-0.021484,-0.000316,-0.022537,0.013878,0
1790542268.3972,0.034955,-0.055574,0.040336,-0.026698,0.034955,0.000000,0.120000,0.000000,0.043459,0.013982,-0.000120,0.026474,-0.022230,-0.000335,-0.004134,0.013530,0
1790542268.4108,0.043015,-0.059556,0.034996,-0.033017,0.043015,0.000000,0.120000,0.000000,0.072834,0.017206,-0.000105,0.017896,-0.023822,-0.000355,-0.008840,0.013513,0
1790542268.4247,0.048260,-0.064175,0.030569,-0.036047,0.048260,0.000000,0.120000,0.000000,0.102962,0.019304,-0.000089,0.011354,-0.025670,-0.000377,-0.010000,0.013859,0
1790542268.4386,0.037649,-0.067978,-0.007895,-0.035791,0.037649,0.000000,0.120000,0.000000,0.133211,0.015060,-0.000076,-0.022879,-0.027191,-0.000401,-0.008199,0.013914,0
1790542268.4523,0.028970,-0.066491,-0.007375,-0.023782,0.028970,0.000000,0.120000,0.000000,0.163162,0.011588,-0.000066,-0.018897,-0.026596,-0.000424,0.003238,0.013777,0
1790542268.4662,0.025031,-0.062276,0.001465,-0.016268,0.025031,0.000000,0.120000,0.000000,0.193415,0.010013,-0.000057,-0.008491,-0.024910,-0.000445,0.009087,0.013916,0
1790542268.4801,0.020320,-0.054194,-0.002090,-0.004702,0.020320,0.000000,0.120000,0.000000,0.223635,0.008128,-0.000050,-0.010168,-0.021678,-0.000464,0.017440,0.013901,0
1790542268.4940,0.012009,-0.043184,-0.013327,0.006205,0.012009,0.000000,0.120000,0.000000,0.253607,0.004803,-0.000046,-0.018085,-0.017274,-0.000479,0.023958,0.013787,0
1790542268.5079,0.003772,-0.031769,-0.016288,0.011408,0.003772,0.000000,0.120000,0.000000,0.283865,0.001509,-0.000044,-0.017753,-0.012707,-0.000490,0.024605,0.013919,0
1790542268.5217,-0.005881,-0.021133,-0.023286,0.014062,-0.005881,0.000000,0.120000,0.000000,0.314007,-0.002352,-0.000047,-0.020887,-0.008453,-0.000497,0.023012,0.013865,0
1790542268.5354,-0.006928,-0.011129,-0.005108,0.016900,-0.006928,0.000000,0.120000,0.000000,0.343862,-0.002771,-0.000049,-0.002287,-0.004452,-0.000501,0.021853,0.013733,0
1790542268.5502,0.005568,-0.017830,0.028255,-0.021621,0.005568,0.000000,0.120000,0.000000,0.375118,0.002227,-0.000047,0.026075,-0.007132,-0.000508,-0.013982,0.014378,0
1790542268.5647,0.007510,-0.029693,0.006932,-0.036657,0.007510,0.000000,0.120000,0.000000,0.407008,0.003004,-0.000044,0.003972,-0.011877,-0.000519,-0.024261,0.014670,0
1790542268.5787,0.006425,-0.042167,0.000218,-0.043964,0.006425,0.000000,0.120000,0.000000,0.437632,0.002570,-0.000042,-0.002310,-0.016867,-0.000533,-0.026564,0.014087,0
1790542268.5926,0.003430,-0.053245,-0.005119,-0.045705,0.003430,0.000000,0.120000,0.000000,0.467918,0.001372,-0.000041,-0.006450,-0.021298,-0.000552,-0.023855,0.013932,0
1790542268.6065,-0.007568,-0.065901,-0.026741,-0.054174,-0.007568,0.000000,0.120000,0.000000,0.498220,-0.003027,-0.000043,-0.023670,-0.026360,-0.000575,-0.027239,0.013939,0
1790542268.6204,-0.027904,-0.076128,-0.055031,-0.053088,-0.027904,0.000000,0.120000,0.000000,0.528488,-0.011161,-0.000053,-0.043817,-0.030451,-0.000601,-0.022036,0.013923,0
1790542268.6340,-0.045848,-0.082925,-0.058042,-0.048814,-0.045848,0.000000,0.120000,0.000000,0.558015,-0.018339,-0.000069,-0.039634,-0.033170,-0.000630,-0.015015,0.013582,0
1790542268.6474,-0.054143,-0.087476,-0.040239,-0.045794,-0.054143,0.000000,0.120000,0.000000,0.587267,-0.021657,-0.000087,-0.018495,-0.034990,-0.000659,-0.010145,0.013456,0
1790542268.6613,-0.050605,-0.092877,-0.012723,-0.049477,-0.050605,0.000000,0.120000,0.000000,0.617538,-0.020242,-0.000104,0.007624,-0.037151,-0.000691,-0.011635,0.013925,0
1790542268.6752,-0.043629,-0.096121,-0.002495,-0.046184,-0.043629,0.000000,0.120000,0.000000,0.647715,-0.017452,-0.000120,0.015076,-0.038448,-0.000725,-0.007011,0.013881,0
1790542268.6890,-0.034346,-0.100032,0.006324,-0.049281,-0.034346,0.000000,0.120000,0.000000,0.677692,-0.013739,-0.000131,0.020194,-0.040013,-0.000759,-0.008509,0.013790,0
1790542268.7029,-0.027798,-0.101263,0.002855,-0.043954,-0.027798,0.000000,0.120000,0.000000,0.707946,-0.011119,-0.000141,0.014116,-0.040505,-0.000794,-0.002654,0.013917,0
1790542268.7168,-0.017735,-0.099338,0.014646,-0.036377,-0.017735,0.000000,0.120000,0.000000,0.737931,-0.007094,-0.000147,0.021887,-0.039735,-0.000829,0.004186,0.013793,0
1790542268.7309,-0.008494,-0.090468,0.016140,-0.018149,-0.008494,0.000000,0.120000,0.000000,0.768542,-0.003398,-0.000150,0.019688,-0.036187,-0.000860,0.018898,0.014081,0
1790542268.7448,-0.002312,-0.073401,0.012233,0.006491,-0.002312,0.000000,0.120000,0.000000,0.798839,-0.000925,-0.000151,0.013309,-0.029361,-0.000886,0.036738,0.013937,0
1790542268.7588,0.001851,-0.048135,0.009484,0.033826,0.001851,0.000000,0.120000,0.000000,0.829364,0.000740,-0.000150,0.008894,-0.019254,-0.000903,0.053983,0.014041,0
1790542268.7727,0.008298,-0.020000,0.017096,0.051859,0.008298,0.000000,0.120000,0.000000,0.859559,0.003319,-0.000147,0.013924,-0.008000,-0.000910,0.060768,0.013890,0
1790542268.7868,0.016509,0.009459,0.024082,0.066094,0.016509,0.000000,0.120000,0.000000,0.889950,0.006603,-0.000142,0.017620,0.003784,-0.000907,0.063217,0.013980,0
1790542268.8010,0.002342,0.007344,-0.029624,-0.002508,0.002342,0.000000,0.120000,0.000000,0.920321,0.000937,-0.000141,-0.030420,0.002938,-0.000904,-0.004541,0.013971,0
1790542268.8152,0.000187,-0.017206,-0.004531,-0.058636,0.000187,0.000000,0.120000,0.000000,0.951811,0.000075,-0.000141,-0.004465,-0.006882,-0.000910,-0.050843,0.014486,0
1790542268.8291,-0.008293,-0.027883,-0.021707,-0.035046,-0.008293,0.000000,0.120000,0.000000,0.982122,-0.003317,-0.000144,-0.018246,-0.011153,-0.000920,-0.022973,0.013943,0
1790542268.8430,-0.015714,-0.037107,-0.022450,-0.035684,-0.015714,0.000000,0.120000,0.000000,0.012339,-0.006286,-0.000149,-0.016015,-0.014843,-0.000933,-0.019908,0.013900,0
1790542268.8566,-0.005189,-0.051290,0.020965,-0.052719,-0.005189,0.000000,0.120000,0.000000,0.041935,-0.002076,-0.000151,0.023191,-0.020516,-0.000950,-0.031253,0.013614,0
1790542268.8701,0.013418,-0.062289,0.046413,-0.050237,0.013418,0.000000,0.120000,0.000000,0.071394,0.005367,-0.000146,0.041193,-0.024915,-0.000971,-0.024350,0.013551,0
1790542268.8840,0.016840,-0.063986,0.013979,-0.030251,0.016840,0.000000,0.120000,0.000000,0.101628,0.006736,-0.000141,0.007383,-0.025595,-0.000994,-0.003663,0.013907,0
1790542268.8979,0.031533,-0.069318,0.044170,-0.040243,0.031533,0.000000,0.120000,0.000000,0.131868,0.012613,-0.000130,0.031686,-0.027727,-0.001018,-0.011498,0.013911,0
1790542268.9118,0.046569,-0.075056,0.050984,-0.043457,0.046569,0.000000,0.120000,0.000000,0.162070,0.018628,-0.000113,0.032470,-0.030022,-0.001044,-0.012391,0.013893,0
1790542268.9257,0.039128,-0.072321,-0.000549,-0.024078,0.039128,0.000000,0.120000,0.000000,0.192210,0.015651,-0.000100,-0.016101,-0.028928,-0.001069,0.005919,0.013864,0
1790542268.9396,0.022718,-0.058556,-0.026510,0.005271,0.022718,0.000000,0.120000,0.000000,0.222351,0.009087,-0.000092,-0.035506,-0.023422,-0.001089,0.029782,0.013865,0
1790542268.9533,0.014937,-0.038476,-0.011066,0.027258,0.014937,0.000000,0.120000,0.000000,0.252284,0.005975,-0.000087,-0.016954,-0.015390,-0.001102,0.043750,0.013769,0
1790542268.9672,0.012653,-0.030765,0.000046,0.003232,0.012653,0.000000,0.120000,0.000000,0.282484,0.005061,-0.000082,-0.004932,-0.012306,-0.001113,0.016652,0.013892,0
1790542268.9812,0.000076,-0.014478,-0.027096,0.028113,0.000076,0.000000,0.120000,0.000000,0.312813,0.000031,-0.000082,-0.027045,-0.005791,-0.001118,0.035023,0.013951,0
1790542268.9953,0.001732,-0.010858,0.004153,0.002284,0.001732,0.000000,0.120000,0.000000,0.343287,0.000693,-0.000082,0.003543,-0.004343,-0.001122,0.007749,0.014018,0
1790542269.0093,0.006321,-0.013314,0.012236,-0.011690,0.006321,0.000000,0.120000,0.000000,0.373871,0.002528,-0.000080,0.009787,-0.005325,-0.001127,-0.005238,0.014068,0
1790542269.0231,0.008057,-0.018470,0.006918,-0.019724,0.008057,0.000000,0.120000,0.000000,0.403887,0.003223,-0.000077,0.003772,-0.007388,-0.001133,-0.011203,0.013808,0
1790542269.0369,0.010470,-0.026507,0.009349,-0.029178,0.010470,0.000000,0.120000,0.000000,0.433953,0.004188,-0.000073,0.005234,-0.010603,-0.001142,-0.017433,0.013830,0
1790542269.0512,0.008298,-0.039184,-0.001422,-0.044087,0.008298,0.000000,0.120000,0.000000,0.464285,0.003319,-0.000070,-0.004671,-0.015674,-0.001156,-0.027257,0.013952,0
1790542269.0654,-0.004699,-0.052733,-0.029088,-0.050560,-0.004699,0.000000,0.120000,0.000000,0.495518,-0.001879,-0.000072,-0.027137,-0.021093,-0.001175,-0.028292,0.014367,0
1790542269.0797,-0.019707,-0.063788,-0.039363,-0.049843,-0.019707,0.000000,0.120000,0.000000,0.526689,-0.007883,-0.000079,-0.031401,-0.025515,-0.001198,-0.023130,0.014338,0
1790542269.0933,-0.033673,-0.071687,-0.044303,-0.047286,-0.033673,0.000000,0.120000,0.000000,0.556315,-0.013469,-0.000090,-0.030744,-0.028675,-0.001222,-0.017389,0.013628,0
1790542269.1070,-0.042575,-0.075941,-0.036608,-0.040930,-0.042575,0.000000,0.120000,0.000000,0.586128,-0.017030,-0.000105,-0.019473,-0.030376,-0.001248,-0.009306,0.013714,0
1790542269.1210,-0.036964,-0.076605,-0.002912,-0.033337,-0.036964,0.000000,0.120000,0.000000,0.616642,-0.014786,-0.000118,0.011992,-0.030642,-0.001275,-0.001420,0.014037,0
1790542269.1350,-0.028773,-0.074180,0.005962,-0.025762,-0.028773,0.000000,0.120000,0.000000,0.646993,-0.011509,-0.000128,0.017599,-0.029672,-0.001301,0.005211,0.013961,0
1790542269.1489,-0.023060,-0.070705,0.002876,-0.022166,-0.023060,0.000000,0.120000,0.000000,0.677449,-0.009224,-0.000136,0.012236,-0.028282,-0.001326,0.007441,0.014009,0
1790542269.1628,-0.015954,-0.068749,0.008877,-0.024608,-0.015954,0.000000,0.120000,0.000000,0.707539,-0.006382,-0.000142,0.015401,-0.027499,-0.001349,0.004241,0.013842,0
1790542269.1768,-0.010182,-0.063018,0.008264,-0.014185,-0.010182,0.000000,0.120000,0.000000,0.737694,-0.004073,-0.000145,0.012482,-0.025207,-0.001371,0.012393,0.013871,0
1790542269.1909,-0.000970,-0.051952,0.018967,0.001252,-0.000970,0.000000,0.120000,0.000000,0.768506,-0.000388,-0.000146,0.019500,-0.020781,-0.001390,0.023423,0.014174,0
1790542269.2047,0.007564,-0.037227,0.021212,0.015335,0.007564,0.000000,0.120000,0.000000,0.798869,0.003026,-0.000143,0.018330,-0.014891,-0.001403,0.031629,0.013967,0
1790542269.2185,0.016661,-0.019774,0.026351,0.028716,0.016661,0.000000,0.120000,0.000000,0.828795,0.006664,-0.000137,0.019824,-0.007910,-0.001410,0.038035,0.013766,0
1790542269.2323,0.019632,-0.003924,0.014163,0.031375,0.019632,0.000000,0.120000,0.000000,0.858882,0.007853,-0.000130,0.006441,-0.001570,-0.001411,0.034355,0.013840,0
1790542269.2462,0.008976,-0.007311,-0.019605,-0.011670,0.008976,0.000000,0.120000,0.000000,0.889007,0.003591,-0.000127,-0.023068,-0.002924,-0.001413,-0.007332,0.013857,0
1790542269.2600,0.008956,-0.015522,0.003414,-0.025499,0.008956,0.000000,0.120000,0.000000,0.918972,0.003582,-0.000124,-0.000044,-0.006209,-0.001419,-0.017872,0.013784,0
1790542269.2739,0.008882,-0.021912,0.003272,-0.023995,0.008882,0.000000,0.120000,0.000000,0.949159,0.003553,-0.000121,-0.000160,-0.008765,-0.001426,-0.013804,0.013886,0
1790542269.2878,0.006523,-0.033818,-0.002589,-0.040605,0.006523,0.000000,0.120000,0.000000,0.979442,0.002609,-0.000119,-0.005080,-0.013527,-0.001438,-0.025640,0.013930,0
1790542269.3018,0.017022,-0.051475,0.029598,-0.060562,0.017022,0.000000,0.120000,0.000000,0.009341,0.006809,-0.000113,0.022902,-0.020590,-0.001456,-0.038516,0.013753,0
1790542269.3157,0.028378,-0.068557,0.035602,-0.065537,0.028378,0.000000,0.120000,0.000000,0.039750,0.011351,-0.000103,0.024354,-0.027423,-0.001480,-0.036634,0.013988,0
1790542269.3292,0.038142,-0.080314,0.036607,-0.059450,0.038142,0.000000,0.120000,0.000000,0.069450,0.015257,-0.000090,0.021440,-0.032126,-0.001507,-0.025817,0.013662,0
1790542269.3431,0.048493,-0.086847,0.041755,-0.050434,0.048493,0.000000,0.120000,0.000000,0.099543,0.019397,-0.000073,0.022431,-0.034739,-0.001537,-0.014158,0.013843,0
1790542269.3569,0.060509,-0.093301,0.050197,-0.052879,0.060509,0.000000,0.120000,0.000000,0.129632,0.024204,-0.000052,0.026046,-0.037320,-0.001570,-0.013989,0.013841,0
1790542269.3707,0.051659,-0.093152,0.001414,-0.038539,0.051659,0.000000,0.120000,0.000000,0.159670,0.020664,-0.000034,-0.019215,-0.037261,-0.001602,0.000323,0.013818,0
1790542269.3845,0.036326,-0.080701,-0.018872,-0.006804,0.036326,0.000000,0.120000,0.000000,0.189627,0.014531,-0.000022,-0.033380,-0.032281,-0.001630,0.027106,0.013780,0
1790542269.3984,0.038833,-0.064353,0.020948,0.007968,0.038833,0.000000,0.120000,0.000000,0.219777,0.015533,-0.000008,0.005423,-0.025741,-0.001652,0.035362,0.013869,0
1790542269.4122,0.038045,-0.050481,0.013519,0.008105,0.038045,0.000000,0.120000,0.000000,0.249969,0.015218,0.000005,-0.001704,-0.020192,-0.001669,0.029967,0.013888,0
1790542269.4260,0.026551,-0.027410,-0.014484,0.037776,0.026551,0.000000,0.120000,0.000000,0.279811,0.010620,0.000014,-0.025118,-0.010964,-0.001679,0.050419,0.013727,0
1790542269.4399,0.013447,-0.001200,-0.022814,0.054266,0.013447,0.000000,0.120000,0.000000,0.310106,0.005379,0.000019,-0.028211,-0.000480,-0.001679,0.056425,0.013935,0
1790542269.4538,-0.003180,0.014690,-0.037101,0.038461,-0.003180,0.000000,0.120000,0.000000,0.340355,-0.001272,0.000017,-0.035847,0.005876,-0.001674,0.034259,0.013915,0
1790542269.4676,0.002028,0.007688,0.012173,-0.013848,0.002028,0.000000,0.120000,0.000000,0.370296,0.000811,0.000018,0.011344,0.003075,-0.001671,-0.015252,0.013773,0
1790542269.4816,0.004758,0.007628,0.007803,0.001253,0.004758,0.000000,0.120000,0.000000,0.400570,0.001903,0.000020,0.005881,0.003051,-0.001669,-0.000129,0.013926,0
1790542269.4954,0.009655,0.005887,0.014440,-0.003063,0.009655,0.000000,0.120000,0.000000,0.430830,0.003862,0.000023,0.010555,0.002355,-0.001667,-0.003752,0.013920,0
1790542269.5092,0.020616,-0.002767,0.032141,-0.021617,0.020616,0.000000,0.120000,0.000000,0.460786,0.008246,0.000030,0.023865,-0.001107,-0.001668,-0.018843,0.013779,0
1790542269.5231,0.023292,-0.010885,0.015140,-0.023569,0.023292,0.000000,0.120000,0.000000,0.490960,0.009317,0.000038,0.005785,-0.004354,-0.001672,-0.017544,0.013880,0
1790542269.5370,0.014678,-0.021357,-0.012701,-0.032851,0.014678,0.000000,0.120000,0.000000,0.521142,0.005871,0.000043,-0.018615,-0.008543,-0.001679,-0.022629,0.013884,0
1790542269.5509,0.003453,-0.033065,-0.023403,-0.040814,0.003453,0.000000,0.120000,0.000000,0.550625,0.001381,0.000045,-0.024829,-0.013226,-0.001690,-0.025898,0.013562,0
1790542269.5652,-0.008382,-0.037570,-0.027803,-0.026055,-0.008382,0.000000,0.120000,0.000000,0.582139,-0.003353,0.000042,-0.024492,-0.015028,-0.001704,-0.009323,0.014496,0
1790542269.5792,-0.016528,-0.035254,-0.023924,-0.010885,-0.016528,0.000000,0.120000,0.000000,0.612763,-0.006611,0.000036,-0.017348,-0.014101,-0.001716,0.004933,0.014087,0
1790542269.5931,-0.017028,-0.030828,-0.007860,-0.004517,-0.017028,0.000000,0.120000,0.000000,0.643012,-0.006811,0.000030,-0.001078,-0.012331,-0.001727,0.009542,0.013915,0
1790542269.6070,-0.012150,-0.024616,0.005710,0.001847,-0.012150,0.000000,0.120000,0.000000,0.673179,-0.004860,0.000026,0.010545,-0.009847,-0.001735,0.013429,0.013877,0
1790542269.6208,-0.005853,-0.017030,0.011316,0.007871,-0.005853,0.000000,0.120000,0.000000,0.703301,-0.002341,0.000024,0.013634,-0.006812,-0.001741,0.016424,0.013856,0
1790542269.6347,-0.001750,-0.008357,0.008229,0.013738,-0.001750,0.000000,0.120000,0.000000,0.733351,-0.000700,0.000023,0.008906,-0.003343,-0.001744,0.018825,0.013823,0
1790542269.6484,0.004778,0.001089,0.016122,0.019219,0.004778,0.000000,0.120000,0.000000,0.763359,0.001911,0.000025,0.014186,0.000435,-0.001744,0.020528,0.013804,0
1790542269.6624,0.019387,0.017733,0.039110,0.041043,0.019387,0.000000,0.120000,0.000000,0.793777,0.007755,0.000031,0.031324,0.007093,-0.001738,0.035687,0.013992,0
1790542269.6763,0.014539,0.019607,-0.004612,0.010156,0.014539,0.000000,0.120000,0.000000,0.823994,0.005816,0.000036,-0.010464,0.007843,-0.001731,0.004044,0.013900,0
1790542269.6902,0.007270,0.004906,-0.012794,-0.031603,0.007270,0.000000,0.120000,0.000000,0.854109,0.002908,0.000039,-0.015741,0.001962,-0.001729,-0.031836,0.013853,0
1790542269.7041,0.019786,-0.007964,0.034923,-0.032644,0.019786,0.000000,0.120000,0.000000,0.884381,0.007914,0.000046,0.026963,-0.003185,-0.001732,-0.027726,0.013925,0
1790542269.7179,0.014604,-0.017437,-0.005321,-0.029211,0.014604,0.000000,0.120000,0.000000,0.914520,0.005841,0.000051,-0.011213,-0.006975,-0.001738,-0.020499,0.013864,0
1790542269.7318,0.015026,-0.026798,0.006982,-0.032774,0.015026,0.000000,0.120000,0.000000,0.944582,0.006010,0.000056,0.000916,-0.010719,-0.001747,-0.020308,0.013828,0
1790542269.7458,0.030558,-0.040669,0.045674,-0.047845,0.030558,0.000000,0.120000,0.000000,0.974924,0.012223,0.000067,0.033384,-0.016268,-0.001761,-0.029816,0.013958,0
1790542269.7597,0.042557,-0.053223,0.043023,-0.050186,0.042557,0.000000,0.120000,0.000000,0.005117,0.017023,0.000082,0.025919,-0.021289,-0.001780,-0.027117,0.013889,0
1790542269.7732,0.053169,-0.060846,0.044859,-0.043014,0.053169,0.000000,0.120000,0.000000,0.034578,0.021268,0.000100,0.023492,-0.024339,-0.001800,-0.016875,0.013552,0
1790542269.7869,0.059553,-0.065100,0.038017,-0.037244,0.059553,0.000000,0.120000,0.000000,0.064152,0.023821,0.000120,0.014077,-0.026040,-0.001823,-0.009382,0.013604,0
1790542269.8004,0.062693,-0.072120,0.032158,-0.046208,0.062693,0.000000,0.120000,0.000000,0.093661,0.025077,0.000141,0.006940,-0.028848,-0.001847,-0.015513,0.013574,0
1790542269.8147,0.055907,-0.074047,0.008206,-0.035559,0.055907,0.000000,0.120000,0.000000,0.124568,0.022363,0.000161,-0.014318,-0.029619,-0.001873,-0.004067,0.014218,0
1790542269.8287,0.046866,-0.069108,-0.000383,-0.018993,0.046866,0.000000,0.120000,0.000000,0.155107,0.018747,0.000177,-0.019307,-0.027643,-0.001898,0.010548,0.014048,0
1790542269.8424,0.044646,-0.064437,0.013235,-0.017560,0.044646,0.000000,0.120000,0.000000,0.185167,0.017859,0.000193,-0.004816,-0.025775,-0.001920,0.010135,0.013828,0
1790542269.8566,0.037560,-0.051478,0.000040,0.005246,0.037560,0.000000,0.120000,0.000000,0.215595,0.015024,0.000206,-0.015189,-0.020591,-0.001938,0.027775,0.013997,0
1790542269.8704,0.030280,-0.037749,-0.003355,0.012528,0.030280,0.000000,0.120000,0.000000,0.245866,0.012112,0.000217,-0.015683,-0.015099,-0.001951,0.029579,0.013925,0
1790542269.8844,0.022279,-0.020682,-0.008077,0.026483,0.022279,0.000000,0.120000,0.000000,0.276182,0.008912,0.000224,-0.017213,-0.008273,-0.001958,0.036715,0.013945,0
1790542269.8982,0.014560,-0.005295,-0.010605,0.029129,0.014560,0.000000,0.120000,0.000000,0.306402,0.005824,0.000229,-0.016658,-0.002118,-0.001960,0.033207,0.013901,0
1790542269.9121,0.008432,0.012392,-0.009610,0.041144,0.008432,0.000000,0.120000,0.000000,0.336643,0.003373,0.000232,-0.013215,0.004957,-0.001956,0.038143,0.013911,0
1790542269.9260,0.018721,0.011410,0.029999,0.000486,0.018721,0.000000,0.120000,0.000000,0.366773,0.007489,0.000239,0.022271,0.004564,-0.001952,-0.002126,0.013860,0
1790542269.9398,0.017872,-0.000846,0.005549,-0.028907,0.017872,0.000000,0.120000,0.000000,0.396804,0.007149,0.000245,-0.001845,-0.000338,-0.001952,-0.026616,0.013814,0
1790542269.9537,0.015237,-0.014709,0.000650,-0.037810,0.015237,0.000000,0.120000,0.000000,0.426973,0.006095,0.000250,-0.005695,-0.005884,-0.001957,-0.029969,0.013878,0
1790542269.9676,0.014495,-0.026823,0.004452,-0.038819,0.014495,0.000000,0.120000,0.000000,0.457217,0.005798,0.000255,-0.001601,-0.010729,-0.001967,-0.026123,0.013912,0
1790542269.9814,0.006593,-0.041732,-0.014237,-0.050994,0.006593,0.000000,0.120000,0.000000,0.487299,0.002637,0.000258,-0.017132,-0.016693,-0.001981,-0.032320,0.013838,0
1790542269.9954,-0.010758,-0.057454,-0.041429,-0.058854,-0.010758,0.000000,0.120000,0.000000,0.517571,-0.004303,0.000254,-0.037380,-0.022981,-0.002001,-0.033871,0.013925,0
1790542270.0089,-0.028146,-0.066450,-0.049520,-0.048527,-0.028146,0.000000,0.120000,0.000000,0.547022,-0.011258,0.000244,-0.038506,-0.026580,-0.002024,-0.019923,0.013547,0
1790542270.0224,-0.039145,-0.071720,-0.039791,-0.042410,-0.039145,0.000000,0.120000,0.000000,0.576464,-0.015658,0.000231,-0.024364,-0.028688,-0.002048,-0.011674,0.013543,0
1790542270.0364,-0.050735,-0.077568,-0.045100,-0.045726,-0.050735,0.000000,0.120000,0.000000,0.606676,-0.020294,0.000213,-0.025019,-0.031027,-0.002075,-0.012624,0.013897,0
1790542270.0502,-0.057384,-0.080861,-0.037170,-0.041582,-0.057384,0.000000,0.120000,0.000000,0.636769,-0.022954,0.000194,-0.014410,-0.032344,-0.002103,-0.007135,0.013843,0
1790542270.0643,-0.047270,-0.083611,0.003028,-0.041492,-0.047270,0.000000,0.120000,0.000000,0.667085,-0.018908,0.000177,0.021758,-0.033444,-0.002132,-0.005916,0.013946,0
1790542270.0786,-0.034820,-0.076637,0.012275,-0.018229,-0.034820,0.000000,0.120000,0.000000,0.698267,-0.013928,0.000165,0.026039,-0.030655,-0.002159,0.014586,0.014344,0
1790542270.0926,-0.027339,-0.067275,0.005218,-0.009070,-0.027339,0.000000,0.120000,0.000000,0.728760,-0.010936,0.000155,0.015999,-0.026910,-0.002183,0.020023,0.014027,0
1790542270.1064,-0.022147,-0.053444,0.002504,0.006297,-0.022147,0.000000,0.120000,0.000000,0.758953,-0.008859,0.000147,0.011215,-0.021378,-0.002202,0.029876,0.013889,0
1790542270.1203,-0.010228,-0.033782,0.021688,0.026564,-0.010228,0.000000,0.120000,0.000000,0.789274,-0.004091,0.000144,0.025636,-0.013513,-0.002213,0.042290,0.013948,0
1790542270.1343,0.004587,-0.011015,0.033994,0.042572,0.004587,0.000000,0.120000,0.000000,0.819456,0.001835,0.000145,0.032014,-0.004406,-0.002217,0.049195,0.013884,0
1790542270.1495,0.028823,0.009994,0.061965,0.045369,0.028823,0.000000,0.120000,0.000000,0.850892,0.011529,0.000156,0.050280,0.003998,-0.002214,0.043585,0.014461,0
1790542270.1644,0.025877,0.009189,0.004739,-0.000113,0.025877,0.000000,0.120000,0.000000,0.884156,0.010351,0.000166,-0.005778,0.003675,-0.002210,-0.001579,0.015301,0
1790542270.1789,0.013323,-0.008314,-0.020447,-0.041715,0.013323,0.000000,0.120000,0.000000,0.915709,0.005329,0.000170,-0.025947,-0.003326,-0.002213,-0.036176,0.014515,0
1790542270.1932,0.009130,-0.015553,-0.004987,-0.023657,0.009130,0.000000,0.120000,0.000000,0.946735,0.003652,0.000174,-0.008813,-0.006221,-0.002219,-0.015217,0.014272,0
1790542270.2082,0.003837,-0.025234,-0.008704,-0.031367,0.003837,0.000000,0.120000,0.000000,0.979883,0.001535,0.000175,-0.010414,-0.010093,-0.002228,-0.019046,0.015248,0
1790542270.2220,0.001292,-0.038488,-0.004800,-0.046233,0.001292,0.000000,0.120000,0.000000,0.010110,0.000517,0.000176,-0.005492,-0.015395,-0.002242,-0.028597,0.013905,0
1790542270.2355,0.009527,-0.054837,0.022348,-0.060642,0.009527,0.000000,0.120000,0.000000,0.039365,0.003811,0.000179,0.018359,-0.021935,-0.002260,-0.036447,0.013458,0
1790542270.2491,0.024281,-0.066166,0.042232,-0.053575,0.024281,0.000000,0.120000,0.000000,0.069127,0.009713,0.000187,0.032332,-0.026467,-0.002283,-0.024826,0.013690,0
1790542270.2630,0.037293,-0.075226,0.043041,-0.051842,0.037293,0.000000,0.120000,0.000000,0.099517,0.014917,0.000200,0.027923,-0.030091,-0.002309,-0.019443,0.013979,0
1790542270.2769,0.050167,-0.081452,0.048219,-0.048426,0.050167,0.000000,0.120000,0.000000,0.129574,0.020067,0.000218,0.027934,-0.032581,-0.002337,-0.013508,0.013826,0
1790542270.2909,0.041756,-0.082195,-0.001122,-0.036838,0.041756,0.000000,0.120000,0.000000,0.159956,0.016702,0.000232,-0.018056,-0.032878,-0.002366,-0.001594,0.013976,0
1790542270.3047,0.026922,-0.067639,-0.021001,0.001967,0.026922,0.000000,0.120000,0.000000,0.190176,0.010769,0.000241,-0.032011,-0.027056,-0.002389,0.031412,0.013901,0
1790542270.3189,0.015477,-0.051462,-0.018416,0.012139,0.015477,0.000000,0.120000,0.000000,0.220209,0.006191,0.000247,-0.024853,-0.020585,-0.002407,0.035130,0.013815,0
1790542270.3330,0.008618,-0.032697,-0.010658,0.023777,0.008618,0.000000,0.120000,0.000000,0.251369,0.003447,0.000250,-0.014356,-0.013079,-0.002419,0.039274,0.014334,0
1790542270.3470,-0.011667,-0.004916,-0.047784,0.054998,-0.011667,0.000000,0.120000,0.000000,0.281878,-0.004667,0.000246,-0.043363,-0.001966,-0.002421,0.059385,0.014034,0
1790542270.3608,-0.029143,0.018328,-0.049262,0.055246,-0.029143,0.000000,0.120000,0.000000,0.311999,-0.011657,0.000236,-0.037840,0.007331,-0.002414,0.050329,0.013856,0
1790542270.3747,-0.021088,0.004405,0.009241,-0.030808,-0.021088,0.000000,0.120000,0.000000,0.342109,-0.008435,0.000228,0.017448,0.001762,-0.002413,-0.030157,0.013851,0
1790542270.3885,-0.023098,-0.000736,-0.013367,-0.013826,-0.023098,0.000000,0.120000,0.000000,0.372265,-0.009239,0.000220,-0.004348,-0.000294,-0.002413,-0.011119,0.013872,0
1790542270.4023,-0.015955,-0.007850,0.009313,-0.020973,-0.015955,0.000000,0.120000,0.000000,0.402359,-0.006382,0.000215,0.015481,-0.003140,-0.002416,-0.015417,0.013843,0
1790542270.4162,-0.005256,-0.019392,0.021362,-0.035263,-0.005256,0.000000,0.120000,0.000000,0.432367,-0.002103,0.000213,0.023252,-0.007757,-0.002422,-0.025084,0.013803,0
1790542270.4300,-0.003511,-0.033365,0.002582,-0.046009,-0.003511,0.000000,0.120000,0.000000,0.462514,-0.001404,0.000212,0.003775,-0.013346,-0.002434,-0.030229,0.013868,0
1790542270.4440,-0.014664,-0.045085,-0.029797,-0.045847,-0.014664,0.000000,0.120000,0.000000,0.492649,-0.005866,0.000207,-0.024138,-0.018034,-0.002450,-0.025364,0.013862,0
1790542270.4583,-0.029833,-0.055039,-0.043604,-0.045398,-0.029833,0.000000,0.120000,0.000000,0.523693,-0.011933,0.000196,-0.031866,-0.022016,-0.002469,-0.020913,0.014280,0
1790542270.4719,-0.039988,-0.057328,-0.038127,-0.030450,-0.039988,0.000000,0.120000,0.000000,0.553374,-0.015995,0.000182,-0.022314,-0.022931,-0.002489,-0.005030,0.013653,0
1790542270.4855,-0.046806,-0.054998,-0.033514,-0.019395,-0.046806,0.000000,0.120000,0.000000,0.583100,-0.018723,0.000166,-0.014958,-0.021999,-0.002508,0.005112,0.013674,0
1790542270.4994,-0.049054,-0.051749,-0.024341,-0.016187,-0.049054,0.000000,0.120000,0.000000,0.613209,-0.019622,0.000149,-0.004869,-0.020700,-0.002526,0.007038,0.013850,0
1790542270.5133,-0.046687,-0.048439,-0.013444,-0.014792,-0.046687,0.000000,0.120000,0.000000,0.643497,-0.018675,0.000133,0.005098,-0.019376,-0.002542,0.007127,0.013932,0
1790542270.5271,-0.040629,-0.044588,-0.002944,-0.012010,-0.040629,0.000000,0.120000,0.000000,0.673455,-0.016251,0.000119,0.013189,-0.017835,-0.002558,0.008384,0.013781,0
1790542270.5410,-0.033748,-0.038875,0.001526,-0.005733,-0.033748,0.000000,0.120000,0.000000,0.703536,-0.013499,0.000108,0.014918,-0.015550,-0.002571,0.012388,0.013837,0
1790542270.5550,-0.027656,-0.032342,0.001979,-0.001638,-0.027656,0.000000,0.120000,0.000000,0.734227,-0.011063,0.000098,0.012944,-0.012937,-0.002583,0.013881,0.014118,0
1790542270.5693,-0.018137,-0.021405,0.013208,0.012252,-0.018137,0.000000,0.120000,0.000000,0.764705,-0.007255,0.000091,0.020371,-0.008562,-0.002590,0.023404,0.014020,0
1790542270.5840,-0.004848,-0.009476,0.025179,0.017881,-0.004848,0.000000,0.120000,0.000000,0.796767,-0.001939,0.000090,0.027029,-0.003790,-0.002594,0.024265,0.014749,0
1790542270.5980,0.002560,-0.000998,0.016880,0.015046,0.002560,0.000000,0.120000,0.000000,0.827416,0.001024,0.000091,0.015765,-0.000399,-0.002594,0.018039,0.014098,0
1790542270.6119,0.000828,-0.005228,-0.003310,-0.013799,0.000828,0.000000,0.120000,0.000000,0.857686,0.000331,0.000091,-0.003732,-0.002091,-0.002596,-0.009112,0.013924,0
1790542270.6258,0.002466,-0.013151,0.004615,-0.024969,0.002466,0.000000,0.120000,0.000000,0.887889,0.000986,0.000092,0.003537,-0.005260,-0.002600,-0.017109,0.013893,0
1790542270.6397,-0.001706,-0.020425,-0.009589,-0.026467,-0.001706,0.000000,0.120000,0.000000,0.918128,-0.000682,0.000091,-0.008998,-0.008170,-0.002607,-0.015689,0.013910,0
1790542270.6535,-0.002746,-0.026812,-0.003264,-0.027195,-0.002746,0.000000,0.120000,0.000000,0.948192,-0.001098,0.000090,-0.002256,-0.010725,-0.002617,-0.013854,0.013830,0
1790542270.6673,-0.000416,-0.041465,0.004953,-0.050846,-0.000416,0.000000,0.120000,0.000000,0.978407,-0.000166,0.000090,0.005030,-0.016586,-0.002631,-0.031629,0.013899,0
1790542270.6813,0.013350,-0.054973,0.035223,-0.053870,0.013350,0.000000,0.120000,0.000000,0.008546,0.005340,0.000095,0.029788,-0.021989,-0.002650,-0.029231,0.013864,0
1790542270.6948,0.025614,-0.064022,0.037373,-0.048219,0.025614,0.000000,0.120000,0.000000,0.038142,0.010246,0.000103,0.027024,-0.025609,-0.002672,-0.019939,0.013614,0
1790542270.7083,0.031608,-0.069456,0.026126,-0.042598,0.031608,0.000000,0.120000,0.000000,0.067382,0.012643,0.000114,0.013368,-0.027782,-0.002695,-0.012120,0.013451,0
1790542270.7222,0.043600,-0.078056,0.043393,-0.052466,0.043600,0.000000,0.120000,0.000000,0.097667,0.017440,0.000129,0.025824,-0.031222,-0.002723,-0.018521,0.013931,0
1790542270.7359,0.035286,-0.081080,-0.003908,-0.041790,0.035286,0.000000,0.120000,0.000000,0.127516,0.014114,0.000141,-0.018164,-0.032432,-0.002750,-0.006608,0.013731,0
1790542270.7496,0.023695,-0.073333,-0.015757,-0.015144,0.023695,0.000000,0.120000,0.000000,0.157298,0.009478,0.000149,-0.025384,-0.029333,-0.002775,0.016965,0.013700,0
1790542270.7634,0.021995,-0.060238,0.005259,0.001578,0.021995,0.000000,0.120000,0.000000,0.187298,0.008798,0.000157,-0.003696,-0.024095,-0.002796,0.028469,0.013800,0
1790542270.7771,0.020543,-0.046089,0.005211,0.009652,0.020543,0.000000,0.120000,0.000000,0.217160,0.008217,0.000164,-0.003170,-0.018436,-0.002812,0.030900,0.013737,0
1790542270.7912,0.005534,-0.023766,-0.030082,0.035954,0.005534,0.000000,0.120000,0.000000,0.247313,0.002214,0.000166,-0.032462,-0.009507,-0.002820,0.048281,0.013870,0
1790542270.8051,-0.001591,-0.004836,-0.015678,0.035644,-0.001591,0.000000,0.120000,0.000000,0.277872,-0.000636,0.000165,-0.015207,-0.001934,-0.002822,0.040400,0.014057,0
1790542270.8190,-0.015057,0.013782,-0.034954,0.042918,-0.015057,0.000000,0.120000,0.000000,0.308061,-0.006023,0.000160,-0.029091,0.005513,-0.002817,0.040222,0.013887,0
1790542270.8333,-0.013362,0.020997,-0.001600,0.020865,-0.013362,0.000000,0.120000,0.000000,0.338861,-0.005345,0.000155,0.003590,0.008399,-0.002810,0.015276,0.014168,0
1790542270.8472,-0.014421,0.012178,-0.007886,-0.016817,-0.014421,0.000000,0.120000,0.000000,0.369321,-0.005769,0.000150,-0.002268,0.004871,-0.002806,-0.018882,0.014011,0
1790542270.8610,-0.014579,0.006202,-0.006028,-0.013232,-0.014579,0.000000,0.120000,0.000000,0.399512,-0.005832,0.000145,-0.000342,0.002481,-0.002803,-0.012910,0.013888,0
1790542270.8749,-0.007563,-0.005619,0.012282,-0.030602,-0.007563,0.000000,0.120000,0.000000,0.429685,-0.003025,0.000143,0.015165,-0.002247,-0.002805,-0.025549,0.013880,0
1790542270.8888,-0.006666,-0.017819,-0.000580,-0.036404,-0.006666,0.000000,0.120000,0.000000,0.459751,-0.002667,0.000140,0.001946,-0.007128,-0.002811,-0.026465,0.013830,0
1790542270.9028,-0.013432,-0.030046,-0.019817,-0.041190,-0.013432,0.000000,0.120000,0.000000,0.490014,-0.005373,0.000136,-0.014580,-0.012018,-0.002822,-0.026350,0.013921,0
1790542270.9167,-0.025564,-0.039318,-0.036044,-0.038391,-0.025564,0.000000,0.120000,0.000000,0.520511,-0.010226,0.000127,-0.025945,-0.015727,-0.002836,-0.019828,0.014029,0
1790542270.9302,-0.041321,-0.044178,-0.051517,-0.031348,-0.041321,0.000000,0.120000,0.000000,0.549788,-0.016529,0.000113,-0.035101,-0.017671,-0.002851,-0.010826,0.013467,0
1790542270.9437,-0.049029,-0.045878,-0.036595,-0.024985,-0.049029,0.000000,0.120000,0.000000,0.579217,-0.019611,0.000096,-0.017080,-0.018351,-0.002866,-0.003768,0.013537,0
1790542270.9576,-0.053471,-0.047920,-0.030888,-0.026451,-0.053471,0.000000,0.120000,0.000000,0.609469,-0.021388,0.000078,-0.009577,-0.019168,-0.002883,-0.004401,0.013916,0
1790542270.9714,-0.057856,-0.049228,-0.032655,-0.025446,-0.057856,0.000000,0.120000,0.000000,0.639349,-0.023142,0.000058,-0.009570,-0.019691,-0.002900,-0.002855,0.013745,0
1790542270.9852,-0.053966,-0.051542,-0.013139,-0.028538,-0.053966,0.000000,0.120000,0.000000,0.669517,-0.021586,0.000039,0.008409,-0.020617,-0.002918,-0.005004,0.013877,0
1790542270.9991,-0.048681,-0.048610,-0.008046,-0.016051,-0.048681,0.000000,0.120000,0.000000,0.699740,-0.019472,0.000022,0.011404,-0.019444,-0.002934,0.006328,0.013903,0
1790542271.0130,-0.044087,-0.042323,-0.007650,-0.006224,-0.044087,0.000000,0.120000,0.000000,0.729768,-0.017635,0.000007,0.009978,-0.016929,-0.002949,0.013654,0.013813,0
1790542271.0268,-0.035766,-0.034345,0.003699,0.000569,-0.035766,0.000000,0.120000,0.000000,0.759899,-0.014306,-0.000006,0.018011,-0.013738,-0.002961,0.017268,0.013860,0
1790542271.0407,-0.025147,-0.022906,0.012875,0.012589,-0.025147,0.000000,0.120000,0.000000,0.790078,-0.010059,-0.000014,0.022948,-0.009162,-0.002969,0.024720,0.013882,0
1790542271.0545,-0.015193,-0.011472,0.015571,0.017329,-0.015193,0.000000,0.120000,0.000000,0.820038,-0.006077,-0.000019,0.021667,-0.004589,-0.002973,0.024890,0.013782,0
1790542271.0683,-0.017828,-0.009009,-0.012874,-0.001237,-0.017828,0.000000,0.120000,0.000000,0.850100,-0.007131,-0.000026,-0.005717,-0.003604,-0.002976,0.005343,0.013829,0
1790542271.0825,-0.018538,-0.011453,-0.008972,-0.012814,-0.018538,0.000000,0.120000,0.000000,0.880446,-0.007415,-0.000032,-0.001525,-0.004581,-0.002980,-0.005253,0.013959,0
1790542271.0968,-0.017134,-0.017487,-0.003959,-0.022587,-0.017134,0.000000,0.120000,0.000000,0.911662,-0.006854,-0.000038,0.002933,-0.006995,-0.002986,-0.012606,0.014359,0
1790542271.1108,-0.020032,-0.025332,-0.014244,-0.029876,-0.020032,0.000000,0.120000,0.000000,0.942214,-0.008013,-0.000045,-0.006186,-0.010133,-0.002995,-0.016748,0.014054,0
1790542271.1247,-0.016470,-0.036566,0.001001,-0.041730,-0.016470,0.000000,0.120000,0.000000,0.972619,-0.006588,-0.000051,0.007640,-0.014626,-0.003008,-0.024095,0.013987,0
1790542271.1387,-0.005109,-0.052840,0.022350,-0.059181,-0.005109,0.000000,0.120000,0.000000,0.002928,-0.002044,-0.000053,0.024446,-0.021136,-0.003026,-0.035019,0.013942,0
1790542271.1523,0.007980,-0.064215,0.031865,-0.053695,0.007980,0.000000,0.120000,0.000000,0.032647,0.003192,-0.000050,0.028724,-0.025686,-0.003048,-0.024960,0.013671,0
1790542271.1659,0.018105,-0.073020,0.029584,-0.051751,0.018105,0.000000,0.120000,0.000000,0.062143,0.007242,-0.000044,0.022386,-0.029208,-0.003073,-0.019470,0.013568,0
1790542271.1795,0.029079,-0.078571,0.035786,-0.046763,0.029079,0.000000,0.120000,0.000000,0.091732,0.011632,-0.000034,0.024189,-0.031428,-0.003100,-0.012235,0.013611,0
1790542271.1934,0.032823,-0.086521,0.021182,-0.054883,0.032823,0.000000,0.120000,0.000000,0.121971,0.013129,-0.000023,0.008075,-0.034608,-0.003130,-0.017145,0.013910,0
1790542271.2072,0.019853,-0.088357,-0.020116,-0.042473,0.019853,0.000000,0.120000,0.000000,0.152137,0.007941,-0.000016,-0.028042,-0.035343,-0.003161,-0.003970,0.013876,0
1790542271.2211,0.010505,-0.080761,-0.016059,-0.019039,0.010505,0.000000,0.120000,0.000000,0.182244,0.004202,-0.000012,-0.020249,-0.032304,-0.003189,0.016454,0.013849,0
1790542271.2351,0.004541,-0.068572,-0.011013,-0.004443,0.004541,0.000000,0.120000,0.000000,0.212587,0.001816,-0.000011,-0.012819,-0.027429,-0.003212,0.026198,0.013958,0
1790542271.2489,-0.005747,-0.053353,-0.024625,0.008434,-0.005747,0.000000,0.120000,0.000000,0.242658,-0.002299,-0.000013,-0.022313,-0.021341,-0.003231,0.033006,0.013833,0
1790542271.2627,-0.018430,-0.033816,-0.034837,0.025514,-0.018430,0.000000,0.120000,0.000000,0.272793,-0.007372,-0.000019,-0.027447,-0.013526,-0.003243,0.042282,0.013862,0
1790542271.2766,-0.028374,-0.018415,-0.032949,0.022791,-0.028374,0.000000,0.120000,0.000000,0.302859,-0.011350,-0.000029,-0.021571,-0.007366,-0.003249,0.033406,0.013830,0
1790542271.2905,-0.036677,-0.003166,-0.032647,0.028423,-0.036677,0.000000,0.120000,0.000000,0.333052,-0.014671,-0.000041,-0.017935,-0.001266,-0.003250,0.032939,0.013889,0
1790542271.3044,-0.024332,-0.007450,0.016860,-0.015478,-0.024332,0.000000,0.120000,0.000000,0.363271,-0.009733,-0.000050,0.026643,-0.002980,-0.003253,-0.009245,0.013901,0
1790542271.3183,-0.020957,-0.014162,-0.001163,-0.023395,-0.020957,0.000000,0.120000,0.000000,0.393519,-0.008383,-0.000057,0.007277,-0.005665,-0.003258,-0.014473,0.013914,0
1790542271.3320,-0.017736,-0.026128,-0.000118,-0.039865,-0.017736,0.000000,0.120000,0.000000,0.423364,-0.007094,-0.000063,0.007039,-0.010451,-0.003267,-0.026147,0.013729,0
1790542271.3466,-0.016603,-0.039987,-0.004355,-0.048088,-0.016603,0.000000,0.120000,0.000000,0.454735,-0.006641,-0.000069,0.002355,-0.015995,-0.003281,-0.028812,0.014431,0
1790542271.3608,-0.022614,-0.055594,-0.021813,-0.058488,-0.022614,0.000000,0.120000,0.000000,0.485627,-0.009045,-0.000077,-0.012690,-0.022238,-0.003301,-0.032950,0.014210,0
1790542271.3747,-0.033885,-0.071478,-0.037873,-0.066062,-0.033885,0.000000,0.120000,0.000000,0.515965,-0.013554,-0.000089,-0.024230,-0.028591,-0.003326,-0.034145,0.013956,0
1790542271.3884,-0.053259,-0.081721,-0.063870,-0.058491,-0.053259,0.000000,0.120000,0.000000,0.545723,-0.021303,-0.000107,-0.042459,-0.032688,-0.003354,-0.022449,0.013689,0
1790542271.4020,-0.067448,-0.089682,-0.058355,-0.056788,-0.067448,0.000000,0.120000,0.000000,0.575339,-0.026979,-0.000130,-0.031245,-0.035873,-0.003384,-0.017531,0.013624,0
1790542271.4159,-0.076950,-0.095624,-0.051333,-0.054421,-0.076950,0.000000,0.120000,0.000000,0.605722,-0.030780,-0.000157,-0.020396,-0.038249,-0.003418,-0.012753,0.013976,0
1790542271.4299,-0.076394,-0.097297,-0.029547,-0.045966,-0.076394,0.000000,0.120000,0.000000,0.636062,-0.030558,-0.000184,0.001195,-0.038919,-0.003452,-0.003596,0.013956,0
1790542271.4438,-0.068890,-0.096763,-0.011579,-0.041039,-0.068890,0.000000,0.120000,0.000000,0.666299,-0.027556,-0.000208,0.016184,-0.038705,-0.003485,0.001151,0.013909,0
1790542271.4577,-0.063351,-0.094498,-0.013646,-0.036442,-0.063351,0.000000,0.120000,0.000000,0.696594,-0.025340,-0.000230,0.011924,-0.037799,-0.003518,0.004875,0.013936,0
1790542271.4716,-0.059277,-0.092146,-0.015166,-0.035331,-0.059277,0.000000,0.120000,0.000000,0.726803,-0.023711,-0.000250,0.008795,-0.036859,-0.003550,0.005077,0.013896,0
1790542271.4855,-0.052328,-0.083763,-0.006164,-0.018944,-0.052328,0.000000,0.120000,0.000000,0.756943,-0.020931,-0.000269,0.015036,-0.033505,-0.003579,0.018140,0.013865,0
1790542271.4993,-0.039411,-0.069636,0.012077,-0.000701,-0.039411,0.000000,0.120000,0.000000,0.786897,-0.015764,-0.000282,0.028124,-0.027855,-0.003603,0.030757,0.013779,0
1790542271.5132,-0.032791,-0.049529,0.000811,0.019762,-0.032791,0.000000,0.120000,0.000000,0.817257,-0.013116,-0.000294,0.014221,-0.019811,-0.003620,0.043194,0.013966,0
1790542271.5271,-0.022581,-0.023696,0.012684,0.042603,-0.022581,0.000000,0.120000,0.000000,0.847499,-0.009032,-0.000302,0.022018,-0.009478,-0.003629,0.055710,0.013911,0
1790542271.5409,-0.010083,0.003594,0.022958,0.057409,-0.010083,0.000000,0.120000,0.000000,0.877361,-0.004033,-0.000305,0.027296,0.001438,-0.003627,0.059599,0.013736,0
1790542271.5548,-0.026948,0.001240,-0.047414,-0.008201,-0.026948,0.000000,0.120000,0.000000,0.907644,-0.010779,-0.000314,-0.036321,0.000496,-0.003627,-0.005070,0.013930,0
1790542271.5686,-0.031905,-0.019315,-0.023856,-0.056006,-0.031905,0.000000,0.120000,0.000000,0.937669,-0.012762,-0.000325,-0.010768,-0.007726,-0.003634,-0.044646,0.013812,0
1790542271.5829,-0.042287,-0.029015,-0.039470,-0.036009,-0.042287,0.000000,0.120000,0.000000,0.968145,-0.016915,-0.000340,-0.022215,-0.011606,-0.003644,-0.020759,0.014019,0
1790542271.5972,-0.053497,-0.044363,-0.045075,-0.053325,-0.053497,0.000000,0.120000,0.000000,0.999503,-0.021399,-0.000359,-0.023316,-0.017745,-0.003660,-0.031920,0.014424,0
1790542271.6113,-0.047254,-0.059084,-0.006024,-0.058567,-0.047254,0.000000,0.120000,0.000000,0.030223,-0.018902,-0.000376,0.013254,-0.023634,-0.003681,-0.031253,0.014131,0
1790542271.6250,-0.042335,-0.076171,-0.006595,-0.071446,-0.042335,0.000000,0.120000,0.000000,0.060121,-0.016934,-0.000391,0.010730,-0.030468,-0.003707,-0.037271,0.013753,0
1790542271.6387,-0.031252,-0.079867,0.011344,-0.043769,-0.031252,0.000000,0.120000,0.000000,0.089933,-0.012501,-0.000401,0.024247,-0.031947,-0.003734,-0.008087,0.013713,0
1790542271.6527,-0.017771,-0.083401,0.021649,-0.044770,-0.017771,0.000000,0.120000,0.000000,0.120078,-0.007108,-0.000408,0.029165,-0.033361,-0.003763,-0.007646,0.013867,0
1790542271.6666,-0.005278,-0.089009,0.024231,-0.051406,-0.005278,0.000000,0.120000,0.000000,0.150534,-0.002111,-0.000409,0.026752,-0.035604,-0.003794,-0.012008,0.014009,0
1790542271.6805,-0.010114,-0.081600,-0.014922,-0.020433,-0.010114,0.000000,0.120000,0.000000,0.180676,-0.004046,-0.000413,-0.010463,-0.032640,-0.003823,0.016030,0.013866,0
1790542271.6945,-0.017980,-0.062619,-0.024414,0.011654,-0.017980,0.000000,0.120000,0.000000,0.211207,-0.007192,-0.000419,-0.016803,-0.025048,-0.003845,0.040547,0.014044,0
1790542271.7083,-0.024188,-0.044605,-0.023578,0.017399,-0.024188,0.000000,0.120000,0.000000,0.241253,-0.009675,-0.000428,-0.013475,-0.017842,-0.003860,0.039101,0.013821,0
1790542271.7222,-0.030365,-0.024917,-0.025939,0.028732,-0.030365,0.000000,0.120000,0.000000,0.271417,-0.012146,-0.000438,-0.013355,-0.009967,-0.003869,0.042567,0.013876,0
1790542271.7360,-0.042463,-0.006933,-0.043614,0.032268,-0.042463,0.000000,0.120000,0.000000,0.301559,-0.016985,-0.000453,-0.026176,-0.002773,-0.003871,0.038912,0.013865,0
1790542271.7509,-0.035653,-0.006071,-0.000309,-0.004477,-0.035653,0.000000,0.120000,0.000000,0.332364,-0.014261,-0.000466,0.014417,-0.002428,-0.003873,0.001824,0.014170,0
1790542271.7649,-0.033827,0.000454,-0.010256,0.009713,-0.033827,0.000000,0.120000,0.000000,0.364109,-0.013531,-0.000478,0.003752,0.000182,-0.003873,0.013404,0.014603,0
1790542271.7789,-0.030813,-0.001606,-0.006393,-0.008905,-0.030813,0.000000,0.120000,0.000000,0.394716,-0.012325,-0.000489,0.006421,-0.000642,-0.003874,-0.004389,0.014079,0
1790542271.7930,-0.030241,-0.010447,-0.011376,-0.026926,-0.030241,0.000000,0.120000,0.000000,0.425273,-0.012097,-0.000499,0.001220,-0.004179,-0.003877,-0.018870,0.014056,0
1790542271.8070,-0.031067,-0.021463,-0.014703,-0.036033,-0.031067,0.000000,0.120000,0.000000,0.455760,-0.012427,-0.000510,-0.001766,-0.008585,-0.003885,-0.023564,0.014024,0
1790542271.8209,-0.039876,-0.030577,-0.035434,-0.035743,-0.039876,0.000000,0.120000,0.000000,0.486063,-0.015951,-0.000524,-0.018959,-0.012231,-0.003896,-0.019617,0.013939,0
1790542271.8350,-0.051896,-0.041713,-0.047241,-0.044628,-0.051896,0.000000,0.120000,0.000000,0.516283,-0.020759,-0.000542,-0.025940,-0.016685,-0.003910,-0.024033,0.013901,0
1790542271.8488,-0.061791,-0.053105,-0.046566,-0.049675,-0.061791,0.000000,0.120000,0.000000,0.546600,-0.024717,-0.000564,-0.021286,-0.021242,-0.003929,-0.024505,0.013946,0
1790542271.8624,-0.068133,-0.059319,-0.041726,-0.041285,-0.068133,0.000000,0.120000,0.000000,0.576382,-0.027253,-0.000587,-0.013886,-0.023728,-0.003949,-0.013609,0.013700,0
1790542271.8763,-0.069105,-0.059411,-0.030347,-0.027930,-0.069105,0.000000,0.120000,0.000000,0.606665,-0.027642,-0.000611,-0.002094,-0.023764,-0.003970,-0.000197,0.013930,0
1790542271.8902,-0.061057,-0.058091,-0.007684,-0.024377,-0.061057,0.000000,0.120000,0.000000,0.636877,-0.024423,-0.000632,0.017372,-0.023236,-0.003990,0.002849,0.013898,0
1790542271.9041,-0.055572,-0.050149,-0.011045,-0.006932,-0.055572,0.000000,0.120000,0.000000,0.667105,-0.022229,-0.000652,0.011836,-0.020060,-0.004007,0.017135,0.013905,0
1790542271.9180,-0.054310,-0.043494,-0.019667,-0.007036,-0.054310,0.000000,0.120000,0.000000,0.697277,-0.021724,-0.000670,0.002727,-0.017398,-0.004022,0.014384,0.013879,0
1790542271.9319,-0.051203,-0.035442,-0.014453,-0.000803,-0.051203,0.000000,0.120000,0.000000,0.727444,-0.020481,-0.000688,0.006716,-0.014177,-0.004035,0.017408,0.013877,0
1790542271.9459,-0.040895,-0.022451,0.005156,0.014977,-0.040895,0.000000,0.120000,0.000000,0.757703,-0.016358,-0.000702,0.022216,-0.008980,-0.004042,0.027999,0.013919,0
1790542271.9598,-0.029047,-0.010412,0.013151,0.017683,-0.029047,0.000000,0.120000,0.000000,0.788025,-0.011619,-0.000713,0.025482,-0.004165,-0.004046,0.025894,0.013948,0
1790542271.9737,-0.033510,-0.010412,-0.023781,-0.008215,-0.033510,0.000000,0.120000,0.000000,0.818178,-0.013404,-0.000724,-0.009652,-0.004165,-0.004050,-0.000001,0.013870,0
1790542271.9875,-0.029910,-0.021392,-0.004910,-0.036368,-0.029910,0.000000,0.120000,0.000000,0.848325,-0.011964,-0.000735,0.007789,-0.008557,-0.004057,-0.023754,0.013867,0
1790542272.0014,-0.026217,-0.032554,-0.003274,-0.041139,-0.026217,0.000000,0.120000,0.000000,0.878593,-0.010487,-0.000744,0.007957,-0.013021,-0.004068,-0.024049,0.013923,0
1790542272.0154,-0.031601,-0.039610,-0.024999,-0.035133,-0.031601,0.000000,0.120000,0.000000,0.908855,-0.012641,-0.000755,-0.011604,-0.015844,-0.004082,-0.015207,0.013921,0
1790542272.0294,-0.030816,-0.044275,-0.011396,-0.031874,-0.030816,0.000000,0.120000,0.000000,0.939080,-0.012326,-0.000765,0.001696,-0.017710,-0.004098,-0.010067,0.013903,0
1790542272.0434,-0.023960,-0.053546,0.004221,-0.045250,-0.023960,0.000000,0.120000,0.000000,0.969748,-0.009584,-0.000774,0.014579,-0.021418,-0.004116,-0.019715,0.014107,0
1790542272.0573,-0.012936,-0.058286,0.017776,-0.037656,-0.012936,0.000000,0.120000,0.000000,0.000044,-0.005175,-0.000778,0.023729,-0.023315,-0.004137,-0.010205,0.013936,0
1790542272.0708,-0.001849,-0.061945,0.023140,-0.037071,-0.001849,0.000000,0.120000,0.000000,0.029369,-0.000740,-0.000779,0.024658,-0.024778,-0.004158,-0.008136,0.013489,0
1790542272.0848,0.003204,-0.065103,0.011545,-0.037123,0.003204,0.000000,0.120000,0.000000,0.059219,0.001282,-0.000778,0.011041,-0.026041,-0.004180,-0.006901,0.013731,0
1790542272.0988,0.009009,-0.070493,0.015141,-0.043835,0.009009,0.000000,0.120000,0.000000,0.089967,0.003604,-0.000775,0.012312,-0.028197,-0.004205,-0.011432,0.014144,0
1790542272.1129,0.002943,-0.074256,-0.012431,-0.041893,0.002943,0.000000,0.120000,0.000000,0.120792,0.001177,-0.000774,-0.012834,-0.029702,-0.004231,-0.007959,0.014180,0
1790542272.1267,-0.007446,-0.071327,-0.026240,-0.026447,-0.007446,0.000000,0.120000,0.000000,0.150923,-0.002978,-0.000776,-0.022486,-0.028531,-0.004256,0.006339,0.013860,0
1790542272.1407,-0.011006,-0.065226,-0.012839,-0.017250,-0.011006,0.000000,0.120000,0.000000,0.181251,-0.004402,-0.000780,-0.007656,-0.026090,-0.004279,0.013119,0.013951,0
1790542272.1547,-0.013818,-0.055373,-0.012345,-0.005311,-0.013818,0.000000,0.120000,0.000000,0.211651,-0.005527,-0.000785,-0.006033,-0.022149,-0.004298,0.021137,0.013984,0
1790542272.1685,-0.025546,-0.040912,-0.036355,0.010573,-0.025546,0.000000,0.120000,0.000000,0.241831,-0.010218,-0.000794,-0.025343,-0.016365,-0.004312,0.031250,0.013883,0
1790542272.1824,-0.033664,-0.028136,-0.031882,0.012141,-0.033664,0.000000,0.120000,0.000000,0.271894,-0.013466,-0.000805,-0.017611,-0.011254,-0.004322,0.027717,0.013829,0
1790542272.1963,-0.043578,-0.013402,-0.039622,0.022070,-0.043578,0.000000,0.120000,0.000000,0.302152,-0.017431,-0.000821,-0.021370,-0.005361,-0.004327,0.031757,0.013919,0
1790542272.2101,-0.041189,-0.007733,-0.012129,0.004872,-0.041189,0.000000,0.120000,0.000000,0.332222,-0.016476,-0.000835,0.005182,-0.003093,-0.004329,0.012295,0.013832,0
1790542272.2245,-0.038380,-0.010589,-0.010083,-0.014787,-0.038380,0.000000,0.120000,0.000000,0.362171,-0.015352,-0.000848,0.006117,-0.004235,-0.004333,-0.006218,0.013776,0
1790542272.2400,-0.038202,-0.015231,-0.015806,-0.019222,-0.038202,0.000000,0.120000,0.000000,0.396614,-0.015281,-0.000863,0.000338,-0.006093,-0.004339,-0.008790,0.015844,0
1790542272.2548,-0.026403,-0.026063,0.012501,-0.036746,-0.026403,0.000000,0.120000,0.000000,0.428763,-0.010561,-0.000873,0.023935,-0.010425,-0.004349,-0.021972,0.014789,0
1790542272.2690,-0.031038,-0.036237,-0.022951,-0.040043,-0.031038,0.000000,0.120000,0.000000,0.460083,-0.012415,-0.000884,-0.009652,-0.014495,-0.004362,-0.021187,0.014407,0
1790542272.2836,-0.041356,-0.047669,-0.039013,-0.047348,-0.041356,0.000000,0.120000,0.000000,0.491278,-0.016542,-0.000899,-0.021572,-0.019068,-0.004379,-0.023901,0.014350,0
1790542272.2976,-0.055872,-0.057391,-0.054160,-0.048045,-0.055872,0.000000,0.120000,0.000000,0.521923,-0.022349,-0.000919,-0.030893,-0.022957,-0.004399,-0.020690,0.014097,0
1790542272.3111,-0.070228,-0.061815,-0.060659,-0.038893,-0.070228,0.000000,0.120000,0.000000,0.551526,-0.028091,-0.000943,-0.031626,-0.024726,-0.004420,-0.009747,0.013617,0
1790542272.3247,-0.077157,-0.067035,-0.047052,-0.042723,-0.077157,0.000000,0.120000,0.000000,0.581217,-0.030863,-0.000969,-0.015220,-0.026814,-0.004443,-0.011466,0.013658,0
1790542272.3390,-0.085455,-0.071428,-0.052852,-0.042395,-0.085455,0.000000,0.120000,0.000000,0.611840,-0.034182,-0.000999,-0.017671,-0.028571,-0.004468,-0.009356,0.014087,0
1790542272.3532,-0.085730,-0.073591,-0.035899,-0.038458,-0.085730,0.000000,0.120000,0.000000,0.642988,-0.034292,-0.001030,-0.000578,-0.029436,-0.004494,-0.004527,0.014328,0
1790542272.3671,-0.080124,-0.069221,-0.021084,-0.022837,-0.080124,0.000000,0.120000,0.000000,0.673399,-0.032050,-0.001058,0.012024,-0.027688,-0.004519,0.009370,0.013989,0
1790542272.3811,-0.074481,-0.060168,-0.018785,-0.009211,-0.074481,0.000000,0.120000,0.000000,0.703838,-0.029792,-0.001084,0.012091,-0.024067,-0.004540,0.019396,0.014002,0
1790542272.3950,-0.065205,-0.048634,-0.007222,0.000820,-0.065205,0.000000,0.120000,0.000000,0.734133,-0.026082,-0.001107,0.019967,-0.019454,-0.004557,0.024830,0.013936,0
1790542272.4091,-0.049444,-0.034693,0.012787,0.011353,-0.049444,0.000000,0.120000,0.000000,0.764645,-0.019777,-0.001124,0.033689,-0.013877,-0.004569,0.029799,0.014036,0
1790542272.4230,-0.036123,-0.018561,0.012922,0.022524,-0.036123,0.000000,0.120000,0.000000,0.795118,-0.014449,-0.001137,0.028508,-0.007424,-0.004575,0.034524,0.014018,0
1790542272.4370,-0.021157,-0.005514,0.022717,0.021395,-0.021157,0.000000,0.120000,0.000000,0.825315,-0.008463,-0.001144,0.032323,-0.002206,-0.004577,0.028178,0.013891,0
1790542272.4514,-0.023720,-0.005647,-0.016008,-0.007115,-0.023720,0.000000,0.120000,0.000000,0.856460,-0.009488,-0.001152,-0.005367,-0.002259,-0.004579,-0.000277,0.014327,0
1790542272.4653,-0.027405,-0.009013,-0.020003,-0.015384,-0.027405,0.000000,0.120000,0.000000,0.886966,-0.010962,-0.001162,-0.007879,-0.003605,-0.004582,-0.007196,0.014032,0
1790542272.4793,-0.023824,-0.015836,-0.002986,-0.025619,-0.023824,0.000000,0.120000,0.000000,0.917248,-0.009529,-0.001170,0.007714,-0.006335,-0.004588,-0.014696,0.013930,0
1790542272.4932,-0.024368,-0.025083,-0.012098,-0.034526,-0.024368,0.000000,0.120000,0.000000,0.947555,-0.009747,-0.001179,-0.001172,-0.010033,-0.004597,-0.019897,0.013941,0
1790542272.5072,-0.024385,-0.036268,-0.010976,-0.043043,-0.024385,0.000000,0.120000,0.000000,0.978043,-0.009754,-0.001187,-0.000035,-0.014507,-0.004609,-0.023926,0.014024,0
1790542272.5211,-0.015603,-0.049936,0.011440,-0.053978,-0.015603,0.000000,0.120000,0.000000,0.008388,-0.006241,-0.001193,0.018874,-0.019975,-0.004627,-0.029377,0.013958,0
1790542272.5347,-0.006015,-0.061330,0.017650,-0.054433,-0.006015,0.000000,0.120000,0.000000,0.037813,-0.002406,-0.001195,0.021250,-0.024532,-0.004648,-0.025253,0.013535,0
1790542272.5483,0.006747,-0.068202,0.029605,-0.047082,0.006747,0.000000,0.120000,0.000000,0.067433,0.002699,-0.001193,0.028099,-0.027281,-0.004671,-0.015131,0.013625,0
1790542272.5622,0.015081,-0.072632,0.022822,-0.043303,0.015081,0.000000,0.120000,0.000000,0.097670,0.006033,-0.001187,0.017977,-0.029053,-0.004696,-0.009554,0.013909,0
1790542272.5761,0.005874,-0.078426,-0.018702,-0.048597,0.005874,0.000000,0.120000,0.000000,0.127896,0.002350,-0.001185,-0.019867,-0.031371,-0.004723,-0.012503,0.013904,0
1790542272.5905,-0.012524,-0.069345,-0.045294,-0.013188,-0.012524,0.000000,0.120000,0.000000,0.158588,-0.005010,-0.001190,-0.039094,-0.027738,-0.004748,0.019297,0.014118,0
1790542272.6051,-0.017736,-0.056515,-0.018959,-0.001113,-0.017736,0.000000,0.120000,0.000000,0.190448,-0.007094,-0.001196,-0.010669,-0.022606,-0.004769,0.026262,0.014655,0
1790542272.6190,-0.023025,-0.044199,-0.021721,0.003863,-0.023025,0.000000,0.120000,0.000000,0.220957,-0.009210,-0.001204,-0.011306,-0.017680,-0.004784,0.026327,0.014035,0
1790542272.6330,-0.036944,-0.026570,-0.045739,0.022251,-0.036944,0.000000,0.120000,0.000000,0.251476,-0.014778,-0.001217,-0.029744,-0.010628,-0.004793,0.037672,0.014039,0
1790542272.6469,-0.044926,-0.009154,-0.036336,0.028925,-0.044926,0.000000,0.120000,0.000000,0.281861,-0.017971,-0.001233,-0.017133,-0.003661,-0.004797,0.037383,0.013977,0
1790542272.6609,-0.048457,0.004426,-0.028257,0.026298,-0.048457,0.000000,0.120000,0.000000,0.312064,-0.019383,-0.001250,-0.007624,0.001770,-0.004795,0.029323,0.013893,0
1790542272.6748,-0.035523,-0.003399,0.012390,-0.023012,-0.035523,0.000000,0.120000,0.000000,0.342341,-0.014209,-0.001262,0.027861,-0.001360,-0.004796,-0.016856,0.013928,0
1790542272.6889,-0.032059,-0.008922,-0.006677,-0.020199,-0.032059,0.000000,0.120000,0.000000,0.372782,-0.012824,-0.001273,0.007420,-0.003569,-0.004799,-0.011831,0.014003,0
1790542272.7027,-0.029182,-0.020152,-0.006753,-0.037079,-0.029182,0.000000,0.120000,0.000000,0.403031,-0.011673,-0.001283,0.006203,-0.008061,-0.004806,-0.024212,0.013915,0
1790542272.7167,-0.026199,-0.037260,-0.005363,-0.056487,-0.026199,0.000000,0.120000,0.000000,0.433381,-0.010480,-0.001293,0.006410,-0.014904,-0.004819,-0.036764,0.013961,0
1790542272.7305,-0.035590,-0.048887,-0.035868,-0.049559,-0.035590,0.000000,0.120000,0.000000,0.463509,-0.014236,-0.001305,-0.020327,-0.019555,-0.004836,-0.025168,0.013859,0
1790542272.7443,-0.047629,-0.060079,-0.046445,-0.053126,-0.047629,0.000000,0.120000,0.000000,0.493626,-0.019052,-0.001321,-0.026071,-0.024032,-0.004857,-0.024237,0.013854,0
1790542272.7581,-0.064260,-0.069740,-0.063393,-0.053890,-0.064260,0.000000,0.120000,0.000000,0.523467,-0.025704,-0.001343,-0.036345,-0.027896,-0.004881,-0.021113,0.013727,0
1790542272.7716,-0.081709,-0.074973,-0.072722,-0.046493,-0.081709,0.000000,0.120000,0.000000,0.552898,-0.032684,-0.001371,-0.038667,-0.029989,-0.004906,-0.011597,0.013538,0
1790542272.7852,-0.092360,-0.080029,-0.061896,-0.048123,-0.092360,0.000000,0.120000,0.000000,0.582394,-0.036944,-0.001402,-0.023549,-0.032011,-0.004934,-0.011178,0.013568,0
1790542272.7992,-0.098131,-0.084532,-0.053038,-0.048411,-0.098131,0.000000,0.120000,0.000000,0.612872,-0.039252,-0.001437,-0.012349,-0.033813,-0.004963,-0.009636,0.014020,0
1790542272.8131,-0.088231,-0.086772,-0.015411,-0.044533,-0.088231,0.000000,0.120000,0.000000,0.643112,-0.035293,-0.001468,0.021349,-0.034709,-0.004993,-0.004831,0.013911,0
1790542272.8270,-0.080595,-0.083771,-0.017247,-0.032051,-0.080595,0.000000,0.120000,0.000000,0.673321,-0.032238,-0.001496,0.016487,-0.033508,-0.005022,0.006479,0.013896,0
1790542272.8411,-0.073243,-0.081288,-0.014838,-0.032170,-0.073243,0.000000,0.120000,0.000000,0.703324,-0.029297,-0.001521,0.015980,-0.032515,-0.005050,0.005396,0.013801,0
1790542272.8553,-0.066921,-0.077603,-0.015123,-0.028430,-0.066921,0.000000,0.120000,0.000000,0.734585,-0.026768,-0.001545,0.013190,-0.031041,-0.005078,0.007689,0.014380,0
1790542272.8692,-0.057342,-0.068649,-0.003997,-0.013395,-0.057342,0.000000,0.120000,0.000000,0.765052,-0.022937,-0.001565,0.020505,-0.027459,-0.005102,0.019167,0.014015,0
1790542272.8831,-0.048637,-0.054898,-0.002126,0.002792,-0.048637,0.000000,0.120000,0.000000,0.795072,-0.019455,-0.001582,0.018911,-0.021959,-0.005121,0.029872,0.013809,0
1790542272.8970,-0.036662,-0.034606,0.009464,0.024615,-0.036662,0.000000,0.120000,0.000000,0.825431,-0.014665,-0.001595,0.025724,-0.013843,-0.005133,0.043591,0.013965,0
1790542272.9109,-0.025845,-0.011759,0.011378,0.039411,-0.025845,0.000000,0.120000,0.000000,0.855685,-0.010338,-0.001604,0.023320,-0.004704,-0.005138,0.049252,0.013917,0
1790542272.9248,-0.026699,0.001073,-0.014137,0.023001,-0.026699,0.000000,0.120000,0.000000,0.885888,-0.010680,-0.001613,-0.001845,0.000429,-0.005137,0.027709,0.013893,0
1790542272.9387,-0.035956,-0.005432,-0.035991,-0.021356,-0.035956,0.000000,0.120000,0.000000,0.916097,-0.014382,-0.001625,-0.019984,-0.002173,-0.005139,-0.014044,0.013896,0
1790542272.9526,-0.028161,-0.015529,0.003960,-0.033196,-0.028161,0.000000,0.120000,0.000000,0.946246,-0.011265,-0.001635,0.016860,-0.006211,-0.005144,-0.021840,0.013869,0
1790542272.9664,-0.037374,-0.024616,-0.036513,-0.034644,-0.037374,0.000000,0.120000,0.000000,0.976413,-0.014949,-0.001648,-0.019916,-0.009846,-0.005153,-0.019645,0.013877,0
1790542272.9803,-0.039189,-0.034715,-0.021268,-0.040922,-0.039189,0.000000,0.120000,0.000000,0.006528,-0.015676,-0.001662,-0.003931,-0.013886,-0.005165,-0.021871,0.013853,0
1790542272.9939,-0.027235,-0.050522,0.013889,-0.060371,-0.027235,0.000000,0.120000,0.000000,0.035998,-0.010894,-0.001671,0.026454,-0.020209,-0.005182,-0.034981,0.013556,0
1790542273.0074,-0.015655,-0.064179,0.017648,-0.061051,-0.015655,0.000000,0.120000,0.000000,0.065516,-0.006262,-0.001676,0.025586,-0.025672,-0.005204,-0.030175,0.013578,0
1790542273.0214,-0.003873,-0.070871,0.022147,-0.047990,-0.003873,0.000000,0.120000,0.000000,0.095797,-0.001549,-0.001678,0.025374,-0.028348,-0.005229,-0.014413,0.013929,0
1790542273.0353,0.008945,-0.075668,0.029472,-0.045839,0.008945,0.000000,0.120000,0.000000,0.126123,0.003578,-0.001674,0.027568,-0.030267,-0.005255,-0.010317,0.013950,0
1790542273.0491,0.019610,-0.079404,0.029360,-0.045164,0.019610,0.000000,0.120000,0.000000,0.156125,0.007844,-0.001668,0.023183,-0.031762,-0.005282,-0.008120,0.013801,0
1790542273.0630,0.005903,-0.076225,-0.028885,-0.028938,0.005903,0.000000,0.120000,0.000000,0.186346,0.002361,-0.001666,-0.029580,-0.030490,-0.005309,0.006861,0.013902,0
1790542273.0769,-0.005405,-0.059416,-0.028279,0.007248,-0.005405,0.000000,0.120000,0.000000,0.216508,-0.002162,-0.001667,-0.024449,-0.023766,-0.005330,0.036344,0.013875,0
1790542273.0910,-0.007132,-0.041259,-0.008264,0.017485,-0.007132,0.000000,0.120000,0.000000,0.246614,-0.002853,-0.001670,-0.003741,-0.016504,-0.005344,0.039332,0.013849,0
1790542273.1053,-0.019408,-0.019248,-0.034958,0.032704,-0.019408,0.000000,0.120000,0.000000,0.277989,-0.007763,-0.001677,-0.025518,-0.007699,-0.005351,0.045753,0.014432,0
1790542273.1194,-0.039943,0.005325,-0.061320,0.049016,-0.039943,0.000000,0.120000,0.000000,0.308670,-0.015977,-0.001691,-0.043652,0.002130,-0.005349,0.052234,0.014113,0
1790542273.1335,-0.043250,0.008270,-0.026045,0.004231,-0.043250,0.000000,0.120000,0.000000,0.339305,-0.017300,-0.001706,-0.007039,0.003308,-0.005346,0.006269,0.014092,0
1790542273.1474,-0.038551,-0.002107,-0.007099,-0.028363,-0.038551,0.000000,0.120000,0.000000,0.369827,-0.015420,-0.001720,0.010041,-0.000843,-0.005347,-0.022174,0.014040,0
1790542273.1614,-0.035205,-0.002598,-0.008630,-0.007439,-0.035205,0.000000,0.120000,0.000000,0.400196,-0.014082,-0.001732,0.007184,-0.001039,-0.005348,-0.001053,0.013970,0
1790542273.1752,-0.026775,-0.011170,0.005855,-0.028436,-0.026775,0.000000,0.120000,0.000000,0.430229,-0.010710,-0.001741,0.018307,-0.004468,-0.005351,-0.018616,0.013815,0
1790542273.1889,-0.020204,-0.025187,0.004501,-0.046003,-0.020204,0.000000,0.120000,0.000000,0.460134,-0.008082,-0.001748,0.014331,-0.010075,-0.005360,-0.030568,0.013756,0
1790542273.2029,-0.024723,-0.039338,-0.021387,-0.051611,-0.024723,0.000000,0.120000,0.000000,0.490390,-0.009889,-0.001757,-0.009741,-0.015735,-0.005374,-0.030502,0.013918,0
1790542273.2167,-0.034400,-0.056719,-0.036570,-0.065872,-0.034400,0.000000,0.120000,0.000000,0.520386,-0.013760,-0.001769,-0.021041,-0.022688,-0.005393,-0.037791,0.013798,0
1790542273.2302,-0.047759,-0.072397,-0.050463,-0.069088,-0.047759,0.000000,0.120000,0.000000,0.549843,-0.019103,-0.001785,-0.029575,-0.028959,-0.005418,-0.034711,0.013550,0
1790542273.2439,-0.061830,-0.076594,-0.057635,-0.045355,-0.061830,0.000000,0.120000,0.000000,0.579353,-0.024732,-0.001806,-0.031097,-0.030638,-0.005444,-0.009274,0.013575,0
1790542273.2580,-0.068525,-0.075047,-0.043426,-0.032211,-0.068525,0.000000,0.120000,0.000000,0.610133,-0.027410,-0.001830,-0.014186,-0.030019,-0.005470,0.003278,0.014158,0
1790542273.2718,-0.060472,-0.068097,-0.008545,-0.017635,-0.060472,0.000000,0.120000,0.000000,0.640153,-0.024189,-0.001851,0.017495,-0.027239,-0.005494,0.015098,0.013809,0
1790542273.2856,-0.053932,-0.056343,-0.009200,-0.002454,-0.053932,0.000000,0.120000,0.000000,0.670101,-0.021573,-0.001870,0.014243,-0.022537,-0.005513,0.025596,0.013776,0
1790542273.2993,-0.049073,-0.046041,-0.010977,-0.001600,-0.049073,0.000000,0.120000,0.000000,0.700166,-0.019629,-0.001887,0.010539,-0.018417,-0.005529,0.022346,0.013830,0
1790542273.3131,-0.044502,-0.037270,-0.009753,-0.001358,-0.044502,0.000000,0.120000,0.000000,0.730128,-0.017801,-0.001902,0.009950,-0.014908,-0.005542,0.019092,0.013782,0
1790542273.3269,-0.035575,-0.026077,0.003281,0.008374,-0.035575,0.000000,0.120000,0.000000,0.760099,-0.014230,-0.001914,0.019425,-0.010431,-0.005551,0.024356,0.013787,0
1790542273.3407,-0.025447,-0.011571,0.009947,0.021397,-0.025447,0.000000,0.120000,0.000000,0.790056,-0.010179,-0.001923,0.022049,-0.004628,-0.005555,0.031581,0.013780,0
1790542273.3553,-0.010714,0.005266,0.024332,0.031461,-0.010714,0.000000,0.120000,0.000000,0.821513,-0.004286,-0.001927,0.030545,0.002107,-0.005553,0.034908,0.014470,0
1790542273.3692,-0.012336,0.009640,-0.010350,0.007701,-0.012336,0.000000,0.120000,0.000000,0.851877,-0.004935,-0.001931,-0.003484,0.003856,-0.005550,0.009395,0.013967,0
1790542273.3830,-0.014521,-0.000979,-0.012482,-0.028966,-0.014521,0.000000,0.120000,0.000000,0.881956,-0.005809,-0.001936,-0.004737,-0.000392,-0.005550,-0.023025,0.013837,0
1790542273.3968,-0.007903,-0.013281,0.009316,-0.037661,-0.007903,0.000000,0.120000,0.000000,0.911900,-0.003161,-0.001939,0.014416,-0.005312,-0.005555,-0.026794,0.013774,0
1790542273.4105,-0.016220,-0.022903,-0.026592,-0.035731,-0.016220,0.000000,0.120000,0.000000,0.941771,-0.006488,-0.001944,-0.018160,-0.009161,-0.005563,-0.021008,0.013741,0
1790542273.4244,-0.018194,-0.037820,-0.013474,-0.052778,-0.018194,0.000000,0.120000,0.000000,0.972101,-0.007278,-0.001951,-0.004245,-0.015128,-0.005576,-0.032074,0.013952,0
1790542273.4387,-0.006116,-0.057518,0.021429,-0.070726,-0.006116,0.000000,0.120000,0.000000,0.002599,-0.002446,-0.001953,0.025829,-0.023007,-0.005596,-0.042123,0.014029,0
1790542273.4523,0.002561,-0.071628,0.018054,-0.065136,0.002561,0.000000,0.120000,0.000000,0.032414,0.001025,-0.001952,0.018981,-0.028651,-0.005621,-0.030864,0.013715,0
1790542273.4660,0.009066,-0.077448,0.015935,-0.049385,0.009066,0.000000,0.120000,0.000000,0.062166,0.003626,-0.001949,0.014258,-0.030979,-0.005647,-0.012758,0.013686,0
1790542273.4796,0.018430,-0.082313,0.025915,-0.049242,0.018430,0.000000,0.120000,0.000000,0.091979,0.007372,-0.001943,0.020486,-0.032925,-0.005675,-0.010641,0.013714,0
1790542273.4936,0.029166,-0.089094,0.032841,-0.055939,0.029166,0.000000,0.120000,0.000000,0.122281,0.011666,-0.001932,0.023107,-0.035638,-0.005706,-0.014596,0.013939,0
1790542273.5074,0.019993,-0.088430,-0.013817,-0.039670,0.019993,0.000000,0.120000,0.000000,0.152359,0.007997,-0.001926,-0.019889,-0.035372,-0.005737,0.001439,0.013836,0
1790542273.5213,0.001196,-0.074693,-0.041915,-0.006065,0.001196,0.000000,0.120000,0.000000,0.182652,0.000478,-0.001925,-0.040469,-0.029877,-0.005763,0.029575,0.013935,0
1790542273.5353,-0.000233,-0.059254,-0.005092,0.003712,-0.000233,0.000000,0.120000,0.000000,0.212981,-0.000093,-0.001925,-0.003073,-0.023702,-0.005784,0.033197,0.013952,0
1790542273.5493,-0.005311,-0.042209,-0.014908,0.013760,-0.005311,0.000000,0.120000,0.000000,0.243487,-0.002125,-0.001927,-0.010857,-0.016883,-0.005798,0.036442,0.014032,0
1790542273.5632,-0.021150,-0.017074,-0.044533,0.041542,-0.021150,0.000000,0.120000,0.000000,0.273744,-0.008460,-0.001934,-0.034139,-0.006830,-0.005804,0.054176,0.013918,0
1790542273.5771,-0.035292,0.006364,-0.046527,0.047228,-0.035292,0.000000,0.120000,0.000000,0.304021,-0.014117,-0.001947,-0.030463,0.002545,-0.005802,0.050485,0.013927,0
1790542273.5909,-0.045928,0.008727,-0.043524,0.002844,-0.045928,0.000000,0.120000,0.000000,0.333931,-0.018371,-0.001963,-0.023190,0.003491,-0.005799,0.005153,0.013758,0
1790542273.6052,-0.042972,-0.004211,-0.012842,-0.035171,-0.042972,0.000000,0.120000,0.000000,0.364407,-0.017189,-0.001978,0.006325,-0.001684,-0.005801,-0.027686,0.014019,0
1790542273.6196,-0.041193,-0.008051,-0.014811,-0.016922,-0.041193,0.000000,0.120000,0.000000,0.396117,-0.016477,-0.001993,0.003659,-0.003220,-0.005804,-0.007898,0.014587,0
1790542273.6336,-0.032497,-0.014101,0.003639,-0.024417,-0.032497,0.000000,0.120000,0.000000,0.426542,-0.012999,-0.002004,0.018642,-0.005640,-0.005808,-0.012968,0.013995,0
1790542273.6476,-0.028828,-0.027235,-0.005716,-0.044741,-0.028828,0.000000,0.120000,0.000000,0.457101,-0.011531,-0.002014,0.007829,-0.010894,-0.005818,-0.028029,0.014057,0
1790542273.6614,-0.033759,-0.043275,-0.026183,-0.057800,-0.033759,0.000000,0.120000,0.000000,0.487286,-0.013504,-0.002026,-0.010653,-0.017310,-0.005833,-0.034657,0.013885,0
1790542273.6752,-0.044287,-0.053442,-0.042690,-0.049377,-0.044287,0.000000,0.120000,0.000000,0.517225,-0.017715,-0.002041,-0.022934,-0.021377,-0.005851,-0.022149,0.013772,0
1790542273.6887,-0.054965,-0.059381,-0.047873,-0.042876,-0.054965,0.000000,0.120000,0.000000,0.546451,-0.021986,-0.002060,-0.023827,-0.023752,-0.005871,-0.013252,0.013444,0
1790542273.7023,-0.060976,-0.059321,-0.039701,-0.029489,-0.060976,0.000000,0.120000,0.000000,0.576083,-0.024390,-0.002080,-0.013230,-0.023729,-0.005892,0.000132,0.013631,0
1790542273.7162,-0.060776,-0.058806,-0.025978,-0.028318,-0.060776,0.000000,0.120000,0.000000,0.606152,-0.024311,-0.002101,0.000434,-0.023523,-0.005912,0.001117,0.013832,0
1790542273.7301,-0.063117,-0.058419,-0.032390,-0.028470,-0.063117,0.000000,0.120000,0.000000,0.636559,-0.025247,-0.002123,-0.005020,-0.023368,-0.005932,0.000830,0.013987,0
1790542273.7441,-0.059824,-0.058117,-0.019043,-0.028554,-0.059824,0.000000,0.120000,0.000000,0.667102,-0.023930,-0.002144,0.007031,-0.023247,-0.005953,0.000646,0.014050,0
1790542273.7580,-0.052314,-0.053816,-0.006769,-0.018152,-0.052314,0.000000,0.120000,0.000000,0.697115,-0.020925,-0.002162,0.016319,-0.021526,-0.005971,0.009346,0.013806,0
1790542273.7719,-0.046916,-0.045281,-0.009325,-0.005727,-0.046916,0.000000,0.120000,0.000000,0.727410,-0.018766,-0.002179,0.011620,-0.018112,-0.005987,0.018373,0.013936,0
1790542273.7860,-0.041940,-0.035860,-0.008300,-0.000142,-0.041940,0.000000,0.120000,0.000000,0.757824,-0.016776,-0.002193,0.010669,-0.014344,-0.006000,0.020201,0.013990,0
1790542273.8000,-0.028954,-0.020952,0.013847,0.017336,-0.028954,0.000000,0.120000,0.000000,0.788473,-0.011582,-0.002204,0.027632,-0.008381,-0.006007,0.031724,0.014099,0
1790542273.8138,-0.016057,-0.005498,0.019383,0.025359,-0.016057,0.000000,0.120000,0.000000,0.818498,-0.006423,-0.002209,0.028015,-0.002199,-0.006009,0.033567,0.013812,0
1790542273.8276,-0.011274,0.002740,0.003675,0.012999,-0.011274,0.000000,0.120000,0.000000,0.848494,-0.004510,-0.002213,0.010398,0.001096,-0.006008,0.017911,0.013798,0
1790542273.8415,-0.019486,-0.006317,-0.027839,-0.028195,-0.019486,0.000000,0.120000,0.000000,0.878542,-0.007795,-0.002220,-0.017825,-0.002527,-0.006010,-0.019658,0.013822,0
1790542273.8554,-0.012143,-0.016652,0.008695,-0.034880,-0.012143,0.000000,0.120000,0.000000,0.908899,-0.004857,-0.002224,0.015776,-0.006661,-0.006016,-0.022204,0.013964,0
1790542273.8695,-0.020493,-0.022900,-0.028270,-0.028536,-0.020493,0.000000,0.120000,0.000000,0.939421,-0.008197,-0.002231,-0.017841,-0.009160,-0.006024,-0.013351,0.014040,0
1790542273.8836,-0.016067,-0.031744,0.000808,-0.037655,-0.016067,0.000000,0.120000,0.000000,0.969900,-0.006427,-0.002237,0.009471,-0.012697,-0.006035,-0.018923,0.014020,0
1790542273.8976,-0.006000,-0.050065,0.016735,-0.064981,-0.006000,0.000000,0.120000,0.000000,0.000615,-0.002400,-0.002239,0.021374,-0.020026,-0.006053,-0.038902,0.014129,0
1790542273.9112,0.009638,-0.067890,0.036200,-0.072647,0.009638,0.000000,0.120000,0.000000,0.030109,0.003855,-0.002236,0.034580,-0.027156,-0.006076,-0.039415,0.013567,0
1790542273.9247,0.020158,-0.077302,0.029109,-0.057846,0.020158,0.000000,0.120000,0.000000,0.059586,0.008063,-0.002229,0.023275,-0.030921,-0.006102,-0.020823,0.013559,0
1790542273.9383,0.031287,-0.084705,0.034870,-0.056361,0.031287,0.000000,0.120000,0.000000,0.089121,0.012515,-0.002218,0.024574,-0.033882,-0.006131,-0.016348,0.013586,0
1790542273.9521,0.030349,-0.090867,0.007904,-0.055842,0.030349,0.000000,0.120000,0.000000,0.119262,0.012140,-0.002208,-0.002028,-0.036347,-0.006162,-0.013332,0.013865,0
1790542273.9660,0.011157,-0.089859,-0.039254,-0.039957,0.011157,0.000000,0.120000,0.000000,0.149413,0.004463,-0.002204,-0.041513,-0.035944,-0.006194,0.002180,0.013870,0
1790542273.9799,0.001198,-0.079197,-0.023304,-0.014796,0.001198,0.000000,0.120000,0.000000,0.179512,0.000479,-0.002204,-0.021580,-0.031679,-0.006221,0.023103,0.013845,0
1790542273.9938,-0.000708,-0.067523,-0.006604,-0.008036,-0.000708,0.000000,0.120000,0.000000,0.209704,-0.000283,-0.002204,-0.004117,-0.027009,-0.006244,0.025217,0.013888,0
1790542274.0076,-0.006596,-0.051132,-0.017563,0.008687,-0.006596,0.000000,0.120000,0.000000,0.239898,-0.002639,-0.002206,-0.012719,-0.020453,-0.006262,0.035402,0.013890,0
1790542274.0214,-0.017828,-0.029140,-0.033826,0.030012,-0.017828,0.000000,0.120000,0.000000,0.269816,-0.007131,-0.002212,-0.024483,-0.011656,-0.006272,0.047940,0.013762,0
1790542274.0354,-0.029777,-0.008766,-0.039793,0.033970,-0.029777,0.000000,0.120000,0.000000,0.300187,-0.011911,-0.002223,-0.025659,-0.003506,-0.006275,0.043751,0.013970,0
1790542274.0494,-0.040830,0.007477,-0.042266,0.031542,-0.040830,0.000000,0.120000,0.000000,0.330605,-0.016332,-0.002237,-0.023697,0.002991,-0.006273,0.034824,0.013993,0
1790542274.0632,-0.034158,0.006098,-0.001474,-0.006815,-0.034158,0.000000,0.120000,0.000000,0.360743,-0.013663,-0.002249,0.014438,0.002439,-0.006270,-0.002984,0.013863,0
1790542274.0771,-0.028916,-0.007549,-0.002506,-0.038765,-0.028916,0.000000,0.120000,0.000000,0.390941,-0.011566,-0.002259,0.011320,-0.003020,-0.006273,-0.029472,0.013891,0
1790542274.0911,-0.020871,-0.015178,0.006698,-0.028765,-0.020871,0.000000,0.120000,0.000000,0.421249,-0.008348,-0.002266,0.017313,-0.006071,-0.006278,-0.016415,0.013942,0
1790542274.1052,-0.018602,-0.027758,-0.004825,-0.044497,-0.018602,0.000000,0.120000,0.000000,0.451518,-0.007441,-0.002273,0.004888,-0.011103,-0.006288,-0.027106,0.013924,0
1790542274.1193,-0.021757,-0.040867,-0.017635,-0.050285,-0.021757,0.000000,0.120000,0.000000,0.482454,-0.008703,-0.002280,-0.006652,-0.016347,-0.006303,-0.027635,0.014230,0
1790542274.1335,-0.032673,-0.055231,-0.038457,-0.058807,-0.032673,0.000000,0.120000,0.000000,0.513277,-0.013069,-0.002292,-0.023096,-0.022093,-0.006322,-0.030393,0.014179,0
1790542274.1472,-0.051360,-0.069310,-0.063564,-0.064741,-0.051360,0.000000,0.120000,0.000000,0.543213,-0.020544,-0.002310,-0.040710,-0.027724,-0.006346,-0.030671,0.013770,0
1790542274.1609,-0.069901,-0.075593,-0.070805,-0.050336,-0.069901,0.000000,0.120000,0.000000,0.573063,-0.027961,-0.002334,-0.040510,-0.030237,-0.006372,-0.013727,0.013731,0
1790542274.1748,-0.081351,-0.080245,-0.059654,-0.048554,-0.081351,0.000000,0.120000,0.000000,0.603232,-0.032541,-0.002362,-0.024751,-0.032098,-0.006400,-0.010056,0.013878,0
1790542274.1888,-0.085295,-0.082946,-0.044945,-0.045385,-0.085295,0.000000,0.120000,0.000000,0.633721,-0.034118,-0.002392,-0.008435,-0.033178,-0.006429,-0.005778,0.014025,0
1790542274.2027,-0.077850,-0.082631,-0.017445,-0.038829,-0.077850,0.000000,0.120000,0.000000,0.663853,-0.031140,-0.002419,0.016113,-0.033052,-0.006458,0.000681,0.013861,0
1790542274.2166,-0.066812,-0.076247,-0.005377,-0.023223,-0.066812,0.000000,0.120000,0.000000,0.694112,-0.026725,-0.002442,0.023790,-0.030499,-0.006484,0.013760,0.013919,0
1790542274.2305,-0.063545,-0.068444,-0.020834,-0.017049,-0.063545,0.000000,0.120000,0.000000,0.724340,-0.025418,-0.002464,0.007048,-0.027377,-0.006508,0.016836,0.013905,0
1790542274.2444,-0.057439,-0.057784,-0.012283,-0.006642,-0.057439,0.000000,0.120000,0.000000,0.754564,-0.022975,-0.002484,0.013177,-0.023114,-0.006528,0.023000,0.013903,0
1790542274.2582,-0.042577,-0.045400,0.012772,0.002215,-0.042577,0.000000,0.120000,0.000000,0.784569,-0.017031,-0.002499,0.032302,-0.018160,-0.006544,0.026918,0.013803,0
1790542274.2721,-0.031106,-0.030283,0.009737,0.013867,-0.031106,0.000000,0.120000,0.000000,0.814872,-0.012442,-0.002509,0.024689,-0.012113,-0.006554,0.032534,0.013939,0
1790542274.2860,-0.018792,-0.010457,0.016641,0.032205,-0.018792,0.000000,0.120000,0.000000,0.844979,-0.007517,-0.002516,0.026674,-0.004183,-0.006558,0.042946,0.013849,0
1790542274.3000,-0.027198,0.001345,-0.031518,0.019412,-0.027198,0.000000,0.120000,0.000000,0.875247,-0.010879,-0.002525,-0.018114,0.000538,-0.006557,0.025431,0.013923,0
1790542274.3153,-0.023384,-0.004207,-0.004305,-0.019281,-0.023384,0.000000,0.120000,0.000000,0.908049,-0.009354,-0.002534,0.007583,-0.001683,-0.006559,-0.011040,0.015089,0
1790542274.3300,-0.015549,-0.012864,0.007435,-0.029602,-0.015549,0.000000,0.120000,0.000000,0.939603,-0.006220,-0.002540,0.016194,-0.005146,-0.006564,-0.017893,0.014515,0
1790542274.3444,-0.021432,-0.026146,-0.023167,-0.044233,-0.021432,0.000000,0.120000,0.000000,0.971449,-0.008573,-0.002548,-0.012047,-0.010458,-0.006573,-0.027201,0.014649,0
1790542274.3588,-0.010447,-0.039282,0.016545,-0.050135,-0.010447,0.000000,0.120000,0.000000,0.002227,-0.004179,-0.002551,0.023275,-0.015713,-0.006587,-0.027835,0.014158,0
1790542274.3738,-0.003030,-0.053577,0.010668,-0.055855,-0.003030,0.000000,0.120000,0.000000,0.035742,-0.001212,-0.002553,0.014432,-0.021431,-0.006608,-0.027816,0.015417,0
1790542274.3872,0.006442,-0.063442,0.021127,-0.053981,0.006442,0.000000,0.120000,0.000000,0.065019,0.002577,-0.002550,0.021101,-0.025377,-0.006629,-0.021975,0.013467,0
1790542274.4006,0.017283,-0.066951,0.028794,-0.041338,0.017283,0.000000,0.120000,0.000000,0.093964,0.006913,-0.002545,0.024426,-0.026780,-0.006651,-0.007906,0.013315,0
1790542274.4146,0.023981,-0.072649,0.021396,-0.047935,0.023981,0.000000,0.120000,0.000000,0.124426,0.009592,-0.002536,0.014340,-0.029060,-0.006677,-0.012199,0.014013,0
1790542274.4284,0.031251,-0.078800,0.025736,-0.051559,0.031251,0.000000,0.120000,0.000000,0.154511,0.012501,-0.002525,0.015761,-0.031520,-0.006704,-0.013335,0.013839,0
1790542274.4423,0.017148,-0.071867,-0.026047,-0.020537,0.017148,0.000000,0.120000,0.000000,0.184781,0.006859,-0.002519,-0.030386,-0.028747,-0.006729,0.014939,0.013924,0
1790542274.4562,0.005951,-0.056531,-0.024387,0.003852,0.005951,0.000000,0.120000,0.000000,0.214893,0.002380,-0.002517,-0.024250,-0.022613,-0.006749,0.033213,0.013852,0
1790542274.4701,-0.001915,-0.040737,-0.020181,0.010869,-0.001915,0.000000,0.120000,0.000000,0.245256,-0.000766,-0.002518,-0.016897,-0.016295,-0.006763,0.033927,0.013967,0
1790542274.4840,-0.013299,-0.025380,-0.032430,0.016247,-0.013299,0.000000,0.120000,0.000000,0.275449,-0.005319,-0.002523,-0.024588,-0.010152,-0.006772,0.033171,0.013889,0
1790542274.4979,-0.028744,-0.012331,-0.047438,0.016516,-0.028744,0.000000,0.120000,0.000000,0.305601,-0.011498,-0.002533,-0.033407,-0.004932,-0.006776,0.028224,0.013870,0
1790542274.5118,-0.037007,-0.005109,-0.035152,0.006740,-0.037007,0.000000,0.120000,0.000000,0.335868,-0.014803,-0.002546,-0.017804,-0.002044,-0.006778,0.015561,0.013923,0
1790542274.5257,-0.029291,-0.004979,0.002413,-0.008490,-0.029291,0.000000,0.120000,0.000000,0.366026,-0.011716,-0.002556,0.016685,-0.001992,-0.006779,0.000281,0.013873,0
1790542274.5396,-0.021533,-0.005779,0.005524,-0.010814,-0.021533,0.000000,0.120000,0.000000,0.396323,-0.008613,-0.002563,0.016700,-0.002312,-0.006781,-0.001721,0.013937,0
1790542274.5535,-0.016075,-0.010677,0.002784,-0.021629,-0.016075,0.000000,0.120000,0.000000,0.426535,-0.006430,-0.002569,0.011782,-0.004271,-0.006785,-0.010573,0.013897,0
1790542274.5674,-0.018495,-0.021351,-0.015196,-0.038360,-0.018495,0.000000,0.120000,0.000000,0.456767,-0.007398,-0.002575,-0.005222,-0.008540,-0.006793,-0.023027,0.013907,0
1790542274.5813,-0.026818,-0.037742,-0.031307,-0.057346,-0.026818,0.000000,0.120000,0.000000,0.486928,-0.010727,-0.002585,-0.017995,-0.015097,-0.006806,-0.035443,0.013874,0
1790542274.5951,-0.040704,-0.054243,-0.048943,-0.064245,-0.040704,0.000000,0.120000,0.000000,0.517051,-0.016281,-0.002599,-0.030063,-0.021697,-0.006825,-0.035723,0.013857,0
1790542274.6090,-0.060929,-0.065993,-0.071440,-0.059069,-0.060929,0.000000,0.120000,0.000000,0.546726,-0.024371,-0.002619,-0.044449,-0.026397,-0.006847,-0.025825,0.013650,0
1790542274.6228,-0.067939,-0.074157,-0.044897,-0.054096,-0.067939,0.000000,0.120000,0.000000,0.577047,-0.027175,-0.002643,-0.015078,-0.029663,-0.006873,-0.017560,0.013947,0
1790542274.6368,-0.071927,-0.080559,-0.039984,-0.052839,-0.071927,0.000000,0.120000,0.000000,0.607490,-0.028771,-0.002668,-0.008544,-0.032224,-0.006901,-0.013714,0.014004,0
1790542274.6507,-0.067747,-0.084375,-0.020812,-0.048876,-0.067747,0.000000,0.120000,0.000000,0.637859,-0.027099,-0.002692,0.008978,-0.033750,-0.006931,-0.008196,0.013969,0
1790542274.6646,-0.065225,-0.084816,-0.023359,-0.041837,-0.065225,0.000000,0.120000,0.000000,0.668050,-0.026090,-0.002715,0.005446,-0.033926,-0.006960,-0.000951,0.013888,0
1790542274.6784,-0.062115,-0.085777,-0.020860,-0.043378,-0.062115,0.000000,0.120000,0.000000,0.698224,-0.024846,-0.002736,0.006722,-0.034311,-0.006990,-0.002078,0.013880,0
1790542274.6923,-0.053361,-0.083035,-0.005144,-0.034296,-0.053361,0.000000,0.120000,0.000000,0.728346,-0.021344,-0.002755,0.018955,-0.033214,-0.007019,0.005937,0.013856,0
1790542274.7062,-0.045626,-0.075378,-0.004366,-0.020708,-0.045626,0.000000,0.120000,0.000000,0.758634,-0.018250,-0.002771,0.016655,-0.030151,-0.007045,0.016488,0.013932,0
1790542274.7200,-0.042926,-0.061349,-0.014078,-0.001059,-0.042926,0.000000,0.120000,0.000000,0.788585,-0.017171,-0.002785,0.005878,-0.024540,-0.007066,0.030546,0.013778,0
1790542274.7339,-0.036857,-0.040681,-0.004439,0.021261,-0.036857,0.000000,0.120000,0.000000,0.818798,-0.014743,-0.002798,0.013102,-0.016273,-0.007080,0.044614,0.013898,0
1790542274.7478,-0.024648,-0.013736,0.013725,0.045666,-0.024648,0.000000,0.120000,0.000000,0.848969,-0.009859,-0.002807,0.026391,-0.005494,-0.007085,0.058245,0.013879,0
1790542274.7615,-0.016883,0.012519,0.007407,0.055317,-0.016883,0.000000,0.120000,0.000000,0.878805,-0.006753,-0.002812,0.016973,0.005008,-0.007081,0.057390,0.013725,0
1790542274.7752,-0.035873,0.003726,-0.058532,-0.024738,-0.035873,0.000000,0.120000,0.000000,0.908752,-0.014349,-0.002825,-0.041358,0.001491,-0.007079,-0.019149,0.013775,0
1790542274.7892,-0.025729,-0.004403,0.008865,-0.026464,-0.025729,0.000000,0.120000,0.000000,0.938838,-0.010292,-0.002834,0.021990,-0.001761,-0.007081,-0.017622,0.013840,0
1790542274.8030,-0.029854,-0.015232,-0.023731,-0.036658,-0.029854,0.000000,0.120000,0.000000,0.968918,-0.011942,-0.002844,-0.008945,-0.006093,-0.007086,-0.023479,0.013837,0
1790542274.8169,-0.034643,-0.027361,-0.027030,-0.044170,-0.034643,0.000000,0.120000,0.000000,0.999191,-0.013857,-0.002856,-0.010317,-0.010945,-0.007096,-0.026130,0.013926,0
1790542274.8307,-0.026547,-0.047621,0.004139,-0.070259,-0.026547,0.000000,0.120000,0.000000,0.029153,-0.010619,-0.002865,0.017623,-0.019048,-0.007112,-0.044099,0.013782,0
1790542274.8443,-0.017814,-0.068836,0.009313,-0.081579,-0.017814,0.000000,0.120000,0.000000,0.058648,-0.007126,-0.002871,0.019310,-0.027534,-0.007135,-0.046910,0.013568,0
1790542274.8579,-0.003339,-0.079456,0.027688,-0.062345,-0.003339,0.000000,0.120000,0.000000,0.088245,-0.001336,-0.002872,0.031896,-0.031782,-0.007162,-0.023400,0.013615,0
1790542274.8723,0.010997,-0.086836,0.031637,-0.057426,0.010997,0.000000,0.120000,0.000000,0.119299,0.004399,-0.002869,0.030107,-0.034734,-0.007193,-0.015499,0.014285,0
1790542274.8865,0.026410,-0.093715,0.040486,-0.059343,0.026410,0.000000,0.120000,0.000000,0.149964,0.010564,-0.002859,0.032781,-0.037486,-0.007226,-0.014631,0.014106,0
1790542274.9006,0.027905,-0.096239,0.011461,-0.051073,0.027905,0.000000,0.120000,0.000000,0.180930,0.011162,-0.002849,0.003148,-0.038496,-0.007261,-0.005317,0.014245,0
1790542274.9145,0.016273,-0.083119,-0.021317,-0.012356,0.016273,0.000000,0.120000,0.000000,0.211295,0.006509,-0.002844,-0.024983,-0.033247,-0.007290,0.028181,0.013968,0
1790542274.9283,0.009703,-0.064069,-0.013199,0.008347,0.009703,0.000000,0.120000,0.000000,0.241387,0.003881,-0.002840,-0.014240,-0.025627,-0.007312,0.041287,0.013842,0
1790542274.9421,0.005811,-0.042515,-0.008964,0.022467,0.005811,0.000000,0.120000,0.000000,0.271422,0.002324,-0.002838,-0.008450,-0.017006,-0.007327,0.046800,0.013816,0
1790542274.9561,-0.004723,-0.020102,-0.027376,0.032813,-0.004723,0.000000,0.120000,0.000000,0.301757,-0.001889,-0.002840,-0.022647,-0.008041,-0.007334,0.048188,0.013954,0
1790542274.9699,-0.013054,0.001969,-0.026212,0.041529,-0.013054,0.000000,0.120000,0.000000,0.331699,-0.005221,-0.002844,-0.018146,0.000788,-0.007333,0.048074,0.013773,0
1790542274.9837,-0.030721,0.018054,-0.053624,0.034929,-0.030721,0.000000,0.120000,0.000000,0.361642,-0.012288,-0.002855,-0.038480,0.007222,-0.007327,0.035034,0.013774,0
1790542274.9975,-0.037502,0.009310,-0.032548,-0.022528,-0.037502,0.000000,0.120000,0.000000,0.391768,-0.015001,-0.002868,-0.014680,0.003724,-0.007323,-0.018929,0.013858,0
1790542275.0114,-0.040181,-0.000043,-0.024749,-0.027571,-0.040181,0.000000,0.120000,0.000000,0.421921,-0.016073,-0.002882,-0.005795,-0.000017,-0.007323,-0.020230,0.013870,0
1790542275.0253,-0.039662,-0.006601,-0.017639,-0.024117,-0.039662,0.000000,0.120000,0.000000,0.452144,-0.015865,-0.002896,0.001122,-0.002640,-0.007326,-0.014151,0.013902,0
1790542275.0392,-0.034022,-0.018946,-0.004366,-0.041508,-0.034022,0.000000,0.120000,0.000000,0.482415,-0.013609,-0.002907,0.012150,-0.007578,-0.007332,-0.026597,0.013925,0
1790542275.0530,-0.036842,-0.035589,-0.023774,-0.057675,-0.036842,0.000000,0.120000,0.000000,0.512485,-0.014737,-0.002920,-0.006116,-0.014236,-0.007345,-0.036095,0.013832,0
1790542275.0665,-0.048171,-0.050107,-0.047406,-0.059703,-0.048171,0.000000,0.120000,0.000000,0.541801,-0.019268,-0.002936,-0.025202,-0.020043,-0.007362,-0.032298,0.013485,0
1790542275.0800,-0.060848,-0.057081,-0.055489,-0.045720,-0.060848,0.000000,0.120000,0.000000,0.571127,-0.024339,-0.002957,-0.028193,-0.022832,-0.007381,-0.015507,0.013490,0
1790542275.0940,-0.070368,-0.060377,-0.051544,-0.038621,-0.070368,0.000000,0.120000,0.000000,0.601538,-0.028147,-0.002982,-0.020415,-0.024151,-0.007402,-0.007069,0.013989,0
1790542275.1078,-0.073650,-0.056896,-0.039606,-0.022608,-0.073650,0.000000,0.120000,0.000000,0.631517,-0.029460,-0.003007,-0.007140,-0.022758,-0.007422,0.007572,0.013790,0
1790542275.1220,-0.067481,-0.049250,-0.016723,-0.010654,-0.067481,0.000000,0.120000,0.000000,0.661766,-0.026992,-0.003030,0.013300,-0.019700,-0.007439,0.016485,0.013915,0
1790542275.1364,-0.055596,-0.037684,-0.000689,0.001415,-0.055596,0.000000,0.120000,0.000000,0.693274,-0.022238,-0.003051,0.024600,-0.015073,-0.007452,0.023941,0.014494,0
1790542275.1503,-0.052899,-0.025091,-0.018485,0.009321,-0.052899,0.000000,0.120000,0.000000,0.723898,-0.021160,-0.003069,0.005744,-0.010036,-0.007461,0.026819,0.014087,0
1790542275.1643,-0.045507,-0.016059,-0.005411,0.005509,-0.045507,0.000000,0.120000,0.000000,0.754261,-0.018203,-0.003085,0.015877,-0.006424,-0.007467,0.019399,0.013967,0
1790542275.1781,-0.032436,-0.000255,0.012153,0.026556,-0.032436,0.000000,0.120000,0.000000,0.784464,-0.012974,-0.003096,0.028224,-0.000102,-0.007467,0.034125,0.013893,0
1790542275.1920,-0.020285,0.012354,0.015153,0.024844,-0.020285,0.000000,0.120000,0.000000,0.814515,-0.008114,-0.003103,0.026370,0.004942,-0.007463,0.027365,0.013824,0
1790542275.2059,-0.020252,0.006373,-0.011140,-0.017746,-0.020252,0.000000,0.120000,0.000000,0.844907,-0.008101,-0.003110,0.000071,0.002549,-0.007460,-0.012835,0.013980,0
1790542275.2198,-0.017137,-0.000727,-0.003236,-0.023105,-0.017137,0.000000,0.120000,0.000000,0.875064,-0.006855,-0.003116,0.006735,-0.000291,-0.007461,-0.015354,0.013872,0
1790542275.2337,-0.010313,-0.009229,0.007549,-0.029588,-0.010313,0.000000,0.120000,0.000000,0.905147,-0.004125,-0.003120,0.014794,-0.003692,-0.007464,-0.018432,0.013838,0
1790542275.2476,-0.010106,-0.015821,-0.006721,-0.027971,-0.010106,0.000000,0.120000,0.000000,0.935481,-0.004043,-0.003124,0.000445,-0.006328,-0.007469,-0.014173,0.013954,0
1790542275.2615,-0.004330,-0.027837,0.007626,-0.044582,-0.004330,0.000000,0.120000,0.000000,0.965658,-0.001732,-0.003125,0.012483,-0.011135,-0.007479,-0.025968,0.013882,0
1790542275.2753,0.009099,-0.043544,0.029559,-0.058878,0.009099,0.000000,0.120000,0.000000,0.995817,0.003640,-0.003122,0.029041,-0.017418,-0.007494,-0.033966,0.013873,0
1790542275.2892,0.017245,-0.053216,0.021362,-0.049673,0.017245,0.000000,0.120000,0.000000,0.026035,0.006898,-0.003116,0.017580,-0.021286,-0.007513,-0.020874,0.013900,0
1790542275.3027,0.025001,-0.060976,0.024199,-0.049240,0.025001,0.000000,0.120000,0.000000,0.055261,0.010000,-0.003107,0.017306,-0.024391,-0.007533,-0.017317,0.013444,0
1790542275.3162,0.032801,-0.064730,0.027298,-0.041759,0.032801,0.000000,0.120000,0.000000,0.084712,0.013120,-0.003096,0.017274,-0.025892,-0.007555,-0.008312,0.013547,0
1790542275.3301,0.023293,-0.074725,-0.014305,-0.059057,0.023293,0.000000,0.120000,0.000000,0.114910,0.009317,-0.003088,-0.020534,-0.029890,-0.007581,-0.021586,0.013891,0
1790542275.3440,0.008937,-0.073780,-0.030687,-0.035066,0.008937,0.000000,0.120000,0.000000,0.144942,0.003575,-0.003085,-0.031176,-0.029512,-0.007606,0.002053,0.013815,0
1790542275.3579,0.003905,-0.068980,-0.012375,-0.024871,0.003905,0.000000,0.120000,0.000000,0.175181,0.001562,-0.003084,-0.010853,-0.027592,-0.007630,0.010351,0.013910,0
1790542275.3717,0.000795,-0.059356,-0.009500,-0.010552,0.000795,0.000000,0.120000,0.000000,0.205299,0.000318,-0.003084,-0.006734,-0.023742,-0.007651,0.020841,0.013854,0
1790542275.3859,-0.005811,-0.045197,-0.019541,0.004542,-0.005811,0.000000,0.120000,0.000000,0.235787,-0.002324,-0.003086,-0.014131,-0.018079,-0.007667,0.030287,0.014024,0
1790542275.3998,-0.016761,-0.031971,-0.033184,0.007783,-0.016761,0.000000,0.120000,0.000000,0.266320,-0.006704,-0.003091,-0.023388,-0.012789,-0.007678,0.028249,0.014045,0
1790542275.4137,-0.019062,-0.017012,-0.015684,0.017755,-0.019062,0.000000,0.120000,0.000000,0.296577,-0.007625,-0.003098,-0.004961,-0.006805,-0.007684,0.032244,0.013918,0
1790542275.4276,-0.026139,-0.000455,-0.028911,0.028047,-0.026139,0.000000,0.120000,0.000000,0.326645,-0.010455,-0.003107,-0.015348,-0.000182,-0.007684,0.035913,0.013831,0
1790542275.4415,-0.024067,0.009023,-0.008283,0.016332,-0.024067,0.000000,0.120000,0.000000,0.356939,-0.009627,-0.003116,0.004459,0.003609,-0.007681,0.020403,0.013936,0
1790542275.4554,-0.014931,0.000785,0.010567,-0.025095,-0.014931,0.000000,0.120000,0.000000,0.387246,-0.005972,-0.003121,0.019660,0.000314,-0.007681,-0.017728,0.013941,0
1790542275.4692,-0.018948,-0.013910,-0.019466,-0.045296,-0.018948,0.000000,0.120000,0.000000,0.417152,-0.007579,-0.003127,-0.008760,-0.005564,-0.007685,-0.032046,0.013757,0
1790542275.4829,-0.020304,-0.023439,-0.014201,-0.037762,-0.020304,0.000000,0.120000,0.000000,0.447182,-0.008122,-0.003134,-0.002945,-0.009375,-0.007694,-0.020693,0.013814,0
1790542275.4968,-0.023589,-0.033135,-0.019684,-0.041936,-0.023589,0.000000,0.120000,0.000000,0.477329,-0.009435,-0.003142,-0.007106,-0.013254,-0.007705,-0.020977,0.013868,0
1790542275.5106,-0.033185,-0.046673,-0.037338,-0.055887,-0.033185,0.000000,0.120000,0.000000,0.507262,-0.013274,-0.003154,-0.020910,-0.018669,-0.007721,-0.029496,0.013769,0
1790542275.5241,-0.049473,-0.058371,-0.059081,-0.057031,-0.049473,0.000000,0.120000,0.000000,0.536670,-0.019789,-0.003171,-0.036121,-0.023348,-0.007741,-0.025942,0.013528,0
1790542275.5377,-0.064811,-0.065831,-0.063158,-0.050653,-0.064811,0.000000,0.120000,0.000000,0.566054,-0.025924,-0.003193,-0.034041,-0.026332,-0.007763,-0.016557,0.013517,0
1790542275.5517,-0.070267,-0.069173,-0.043024,-0.042625,-0.070267,0.000000,0.120000,0.000000,0.596467,-0.028107,-0.003217,-0.011700,-0.027669,-0.007787,-0.007168,0.013990,0
1790542275.5656,-0.075565,-0.071520,-0.044860,-0.041464,-0.075565,0.000000,0.120000,0.000000,0.626802,-0.030226,-0.003243,-0.011391,-0.028608,-0.007812,-0.005044,0.013954,0
1790542275.5794,-0.074480,-0.069904,-0.030706,-0.032291,-0.074480,0.000000,0.120000,0.000000,0.656851,-0.029792,-0.003269,0.002355,-0.027962,-0.007836,0.003507,0.013823,0
1790542275.5933,-0.061407,-0.069442,0.000354,-0.034640,-0.061407,0.000000,0.120000,0.000000,0.687078,-0.024563,-0.003291,0.028207,-0.027777,-0.007861,0.000997,0.013904,0
1790542275.6072,-0.051210,-0.060578,-0.001785,-0.012983,-0.051210,0.000000,0.120000,0.000000,0.717295,-0.020484,-0.003308,0.022007,-0.024231,-0.007882,0.019130,0.013900,0
1790542275.6210,-0.046363,-0.049078,-0.011377,-0.002638,-0.046363,0.000000,0.120000,0.000000,0.747425,-0.018545,-0.003324,0.010492,-0.019631,-0.007899,0.024892,0.013860,0
1790542275.6357,-0.036171,-0.032878,0.003661,0.013061,-0.036171,0.000000,0.120000,0.000000,0.778388,-0.014468,-0.003337,0.021467,-0.013151,-0.007910,0.034122,0.014243,0
1790542275.6501,-0.026312,-0.016125,0.006346,0.019992,-0.026312,0.000000,0.120000,0.000000,0.810188,-0.010525,-0.003347,0.020218,-0.006450,-0.007916,0.034358,0.014628,0
1790542275.6641,-0.012515,0.000197,0.021061,0.026965,-0.012515,0.000000,0.120000,0.000000,0.840776,-0.005006,-0.003351,0.029418,0.000079,-0.007916,0.034802,0.014070,0
1790542275.6780,-0.014250,0.006863,-0.012807,0.009236,-0.014250,0.000000,0.120000,0.000000,0.870953,-0.005700,-0.003356,-0.003750,0.002745,-0.007914,0.014405,0.013881,0
1790542275.6919,-0.022000,0.006480,-0.028915,-0.006147,-0.022000,0.000000,0.120000,0.000000,0.901126,-0.008800,-0.003364,-0.016751,0.002592,-0.007912,-0.000827,0.013880,0
1790542275.7059,-0.025124,0.006240,-0.020069,-0.005924,-0.025124,0.000000,0.120000,0.000000,0.931777,-0.010050,-0.003373,-0.006647,0.002496,-0.007909,-0.000511,0.014099,0
1790542275.7197,-0.027239,0.003042,-0.018867,-0.013633,-0.027239,0.000000,0.120000,0.000000,0.961825,-0.010895,-0.003382,-0.004589,0.001217,-0.007908,-0.006942,0.013822,0
1790542275.7336,-0.035852,-0.004062,-0.036468,-0.024985,-0.035852,0.000000,0.120000,0.000000,0.991812,-0.014341,-0.003395,-0.018733,-0.001625,-0.007910,-0.015450,0.013794,0
1790542275.7475,-0.030902,-0.013635,-0.005161,-0.033876,-0.030902,0.000000,0.120000,0.000000,0.022254,-0.012361,-0.003405,0.010605,-0.005454,-0.007914,-0.020508,0.014004,0
1790542275.7610,-0.023060,-0.021642,0.004847,-0.034431,-0.023060,0.000000,0.120000,0.000000,0.051505,-0.009224,-0.003413,0.017484,-0.008657,-0.007922,-0.017852,0.013455,0
1790542275.7745,-0.016981,-0.024734,0.003267,-0.024678,-0.016981,0.000000,0.120000,0.000000,0.080919,-0.006792,-0.003419,0.013478,-0.009893,-0.007930,-0.006855,0.013530,0
1790542275.7887,-0.011951,-0.023646,0.002520,-0.015077,-0.011951,0.000000,0.120000,0.000000,0.111513,-0.004780,-0.003423,0.010724,-0.009458,-0.007938,0.002319,0.014074,0
1790542275.8025,-0.006516,-0.024708,0.005709,-0.020125,-0.006516,0.000000,0.120000,0.000000,0.141700,-0.002607,-0.003425,0.011740,-0.009883,-0.007947,-0.002295,0.013886,0
1790542275.8163,-0.002250,-0.027431,0.004944,-0.024845,-0.002250,0.000000,0.120000,0.000000,0.171717,-0.000900,-0.003426,0.009270,-0.010972,-0.007956,-0.005916,0.013808,0
1790542275.8302,-0.005016,-0.025263,-0.011399,-0.013397,-0.005016,0.000000,0.120000,0.000000,0.201964,-0.002006,-0.003428,-0.005965,-0.010105,-0.007965,0.004674,0.013914,0
1790542275.8440,-0.018507,-0.019105,-0.040091,-0.002261,-0.018507,0.000000,0.120000,0.000000,0.232040,-0.007403,-0.003434,-0.029254,-0.007642,-0.007972,0.013353,0.013835,0
1790542275.8578,-0.026602,-0.007678,-0.031700,0.013820,-0.026602,0.000000,0.120000,0.000000,0.262012,-0.010641,-0.003443,-0.017616,-0.003071,-0.007975,0.024866,0.013787,0
1790542275.8717,-0.035477,0.003471,-0.036769,0.017439,-0.035477,0.000000,0.120000,0.000000,0.292276,-0.014191,-0.003456,-0.019123,0.001388,-0.007973,0.024024,0.013922,0
1790542275.8856,-0.028188,0.004769,0.001084,-0.003246,-0.028188,0.000000,0.120000,0.000000,0.322316,-0.011275,-0.003465,0.015824,0.001907,-0.007972,0.002818,0.013819,0
1790542275.8999,-0.032095,0.004775,-0.024552,-0.006046,-0.032095,0.000000,0.120000,0.000000,0.353254,-0.012838,-0.003477,-0.008237,0.001910,-0.007970,0.000014,0.014231,0
1790542275.9140,-0.033146,-0.000218,-0.018977,-0.018656,-0.033146,0.000000,0.120000,0.000000,0.383981,-0.013258,-0.003489,-0.002230,-0.000087,-0.007970,-0.010599,0.014135,0
1790542275.9279,-0.029028,-0.008800,-0.006224,-0.030012,-0.029028,0.000000,0.120000,0.000000,0.414202,-0.011611,-0.003499,0.008886,-0.003520,-0.007973,-0.018519,0.013901,0
1790542275.9418,-0.027260,-0.019284,-0.010607,-0.038249,-0.027260,0.000000,0.120000,0.000000,0.444515,-0.010904,-0.003508,0.003805,-0.007714,-0.007980,-0.022556,0.013944,0
1790542275.9557,-0.035306,-0.031840,-0.035013,-0.047832,-0.035306,0.000000,0.120000,0.000000,0.474727,-0.014122,-0.003520,-0.017370,-0.012736,-0.007991,-0.027105,0.013897,0
1790542275.9694,-0.044234,-0.044480,-0.040591,-0.053211,-0.044234,0.000000,0.120000,0.000000,0.504799,-0.017694,-0.003536,-0.019362,-0.017792,-0.008006,-0.027412,0.013833,0
1790542275.9829,-0.058308,-0.053294,-0.058264,-0.048998,-0.058308,0.000000,0.120000,0.000000,0.534044,-0.023323,-0.003555,-0.031385,-0.021318,-0.008024,-0.019656,0.013453,0
1790542275.9964,-0.070076,-0.059106,-0.057707,-0.044574,-0.070076,0.000000,0.120000,0.000000,0.563452,-0.028030,-0.003579,-0.026097,-0.023642,-0.008044,-0.012888,0.013528,0
1790542276.0099,-0.077499,-0.065222,-0.051215,-0.047841,-0.077499,0.000000,0.120000,0.000000,0.592598,-0.031000,-0.003605,-0.016610,-0.026089,-0.008066,-0.013686,0.013407,0
1790542276.0236,-0.070596,-0.070926,-0.016857,-0.048864,-0.070596,0.000000,0.120000,0.000000,0.622591,-0.028238,-0.003629,0.015010,-0.028370,-0.008090,-0.012403,0.013797,0
1790542276.0375,-0.063644,-0.070544,-0.014029,-0.035504,-0.063644,0.000000,0.120000,0.000000,0.652655,-0.025458,-0.003651,0.015080,-0.028218,-0.008115,0.000828,0.013830,0
1790542276.0514,-0.059325,-0.069753,-0.017994,-0.034315,-0.059325,0.000000,0.120000,0.000000,0.682598,-0.023730,-0.003672,0.009407,-0.027901,-0.008139,0.001725,0.013774,0
1790542276.0653,-0.054069,-0.065996,-0.014044,-0.026503,-0.054069,0.000000,0.120000,0.000000,0.713002,-0.021628,-0.003691,0.011274,-0.026399,-0.008162,0.008057,0.013986,0
1790542276.0792,-0.041642,-0.053872,0.006390,-0.003628,-0.041642,0.000000,0.120000,0.000000,0.743296,-0.016657,-0.003705,0.026752,-0.021549,-0.008181,0.026102,0.013935,0
1790542276.0931,-0.035044,-0.035809,-0.003473,0.016529,-0.035044,0.000000,0.120000,0.000000,0.773466,-0.014018,-0.003717,0.014262,-0.014324,-0.008193,0.039046,0.013878,0
1790542276.1069,-0.024242,-0.016878,0.009950,0.026008,-0.024242,0.000000,0.120000,0.000000,0.803610,-0.009697,-0.003726,0.023372,-0.006751,-0.008199,0.040958,0.013866,0
1790542276.1209,-0.008602,0.002992,0.026546,0.035833,-0.008602,0.000000,0.120000,0.000000,0.833864,-0.003441,-0.003729,0.033715,0.001197,-0.008198,0.042834,0.013917,0
1790542276.1347,0.000507,0.017187,0.016294,0.029572,0.000507,0.000000,0.120000,0.000000,0.863835,0.000203,-0.003729,0.019820,0.006875,-0.008192,0.030889,0.013787,0
1790542276.1492,-0.006785,0.006392,-0.021886,-0.028493,-0.006785,0.000000,0.120000,0.000000,0.894632,-0.002714,-0.003731,-0.015441,0.002557,-0.008190,-0.022860,0.014167,0
1790542276.1638,-0.005055,-0.007010,-0.002266,-0.038030,-0.005055,0.000000,0.120000,0.000000,0.926965,-0.002022,-0.003733,0.003489,-0.002804,-0.008192,-0.027034,0.014873,0
1790542276.1778,-0.009332,-0.017275,-0.016626,-0.037086,-0.009332,0.000000,0.120000,0.000000,0.957427,-0.003733,-0.003736,-0.009157,-0.006910,-0.008198,-0.021977,0.014013,0
1790542276.1917,-0.014137,-0.035332,-0.019724,-0.061163,-0.014137,0.000000,0.120000,0.000000,0.987763,-0.005655,-0.003741,-0.010329,-0.014133,-0.008211,-0.038820,0.013954,0
1790542276.2056,0.000648,-0.055179,0.028323,-0.072996,0.000648,0.000000,0.120000,0.000000,0.018079,0.000259,-0.003741,0.031804,-0.022071,-0.008230,-0.042695,0.013945,0
1790542276.2191,0.011223,-0.070498,0.024157,-0.070357,0.011223,0.000000,0.120000,0.000000,0.047547,0.004489,-0.003737,0.023405,-0.028199,-0.008254,-0.033904,0.013556,0
1790542276.2328,0.022759,-0.075573,0.030923,-0.049748,0.022759,0.000000,0.120000,0.000000,0.076997,0.009104,-0.003729,0.025548,-0.030229,-0.008279,-0.011239,0.013547,0
1790542276.2468,0.035950,-0.078571,0.038767,-0.046124,0.035950,0.000000,0.120000,0.000000,0.107606,0.014380,-0.003717,0.028104,-0.031429,-0.008307,-0.006388,0.014080,0
1790542276.2606,0.049004,-0.085458,0.044193,-0.057444,0.049004,0.000000,0.120000,0.000000,0.137697,0.019601,-0.003700,0.028292,-0.034183,-0.008337,-0.014925,0.013842,0
1790542276.2745,0.037176,-0.083978,-0.014332,-0.038764,0.037176,0.000000,0.120000,0.000000,0.167929,0.014870,-0.003687,-0.025516,-0.033591,-0.008366,0.003193,0.013906,0
1790542276.2884,0.020008,-0.067910,-0.032828,-0.000784,0.020008,0.000000,0.120000,0.000000,0.198066,0.008003,-0.003680,-0.037151,-0.027164,-0.008389,0.034770,0.013863,0
1790542276.3023,0.012824,-0.052826,-0.013982,0.002875,0.012824,0.000000,0.120000,0.000000,0.228417,0.005130,-0.003675,-0.015436,-0.021130,-0.008408,0.032413,0.013961,0
1790542276.3162,0.004521,-0.033984,-0.019787,0.018655,0.004521,0.000000,0.120000,0.000000,0.258632,0.001808,-0.003674,-0.017922,-0.013594,-0.008420,0.040668,0.013899,0
1790542276.3301,-0.004275,-0.013315,-0.024395,0.030917,-0.004275,0.000000,0.120000,0.000000,0.288810,-0.001710,-0.003675,-0.019009,-0.005326,-0.008424,0.044668,0.013882,0
1790542276.3440,-0.008193,0.004684,-0.015457,0.032510,-0.008193,0.000000,0.120000,0.000000,0.318864,-0.003277,-0.003678,-0.008501,0.001874,-0.008423,0.039059,0.013825,0
1790542276.3579,-0.012080,0.011439,-0.016890,0.010710,-0.012080,0.000000,0.120000,0.000000,0.349131,-0.004832,-0.003682,-0.008375,0.004575,-0.008419,0.014553,0.013923,0
1790542276.3718,-0.003762,0.002045,0.012762,-0.027872,-0.003762,0.000000,0.120000,0.000000,0.379352,-0.001505,-0.003684,0.017950,0.000818,-0.008418,-0.020272,0.013902,0
1790542276.3865,-0.003344,-0.006812,-0.004126,-0.030146,-0.003344,0.000000,0.120000,0.000000,0.409752,-0.001338,-0.003685,0.000897,-0.002725,-0.008420,-0.019001,0.013984,0
1790542276.4022,0.003072,-0.017849,0.009819,-0.036680,0.003072,0.000000,0.120000,0.000000,0.443842,0.001229,-0.003684,0.012274,-0.007139,-0.008427,-0.021114,0.015682,0
1790542276.4166,0.001107,-0.028595,-0.007181,-0.041422,0.001107,0.000000,0.120000,0.000000,0.476369,0.000443,-0.003683,-0.003940,-0.011438,-0.008438,-0.021546,0.014962,0
1790542276.4310,-0.007077,-0.038165,-0.023797,-0.043927,-0.007077,0.000000,0.120000,0.000000,0.507255,-0.002831,-0.003686,-0.017280,-0.015266,-0.008452,-0.020209,0.014208,0
1790542276.4456,-0.022877,-0.045129,-0.044953,-0.040670,-0.022877,0.000000,0.120000,0.000000,0.539347,-0.009151,-0.003694,-0.032108,-0.018051,-0.008468,-0.014151,0.014762,0
1790542276.4593,-0.034808,-0.047922,-0.043998,-0.033826,-0.034808,0.000000,0.120000,0.000000,0.568856,-0.013923,-0.003706,-0.026369,-0.019169,-0.008485,-0.006173,0.013574,0
1790542276.4730,-0.042310,-0.048742,-0.036849,-0.029770,-0.042310,0.000000,0.120000,0.000000,0.599050,-0.016924,-0.003721,-0.016204,-0.019497,-0.008501,-0.001772,0.013889,0
1790542276.4870,-0.046324,-0.047028,-0.030845,-0.023665,-0.046324,0.000000,0.120000,0.000000,0.629566,-0.018530,-0.003737,-0.008578,-0.018811,-0.008518,0.003664,0.014037,0
1790542276.5009,-0.048877,-0.045811,-0.028785,-0.024247,-0.048877,0.000000,0.120000,0.000000,0.659950,-0.019551,-0.003754,-0.005480,-0.018324,-0.008534,0.002611,0.013977,0
1790542276.5148,-0.039988,-0.041715,-0.000587,-0.016397,-0.039988,0.000000,0.120000,0.000000,0.690179,-0.015995,-0.003768,0.019176,-0.016686,-0.008549,0.008838,0.013906,0
1790542276.5286,-0.024562,-0.035602,0.019911,-0.009523,-0.024562,0.000000,0.120000,0.000000,0.720200,-0.009825,-0.003776,0.033513,-0.014241,-0.008561,0.013279,0.013809,0
1790542276.5424,-0.012606,-0.026440,0.017082,0.000707,-0.012606,0.000000,0.120000,0.000000,0.750298,-0.005043,-0.003781,0.025905,-0.010576,-0.008570,0.019853,0.013845,0
1790542276.5562,-0.004270,-0.015991,0.012582,0.007681,-0.004270,0.000000,0.120000,0.000000,0.780381,-0.001708,-0.003782,0.018073,-0.006396,-0.008575,0.022653,0.013838,0
1790542276.5701,0.007357,-0.001797,0.024437,0.021560,0.007357,0.000000,0.120000,0.000000,0.810383,0.002943,-0.003780,0.025274,-0.000719,-0.008576,0.030854,0.013801,0
1790542276.5840,0.019096,0.012708,0.029186,0.027798,0.019096,0.000000,0.120000,0.000000,0.840618,0.007638,-0.003773,0.025321,0.005083,-0.008572,0.031286,0.013908,0
1790542276.5979,0.007581,0.007203,-0.025599,-0.017573,0.007581,0.000000,0.120000,0.000000,0.870824,0.003033,-0.003770,-0.024861,0.002881,-0.008569,-0.011885,0.013895,0
1790542276.6117,0.004367,-0.004881,-0.009012,-0.036804,0.004367,0.000000,0.120000,0.000000,0.900810,0.001747,-0.003769,-0.006990,-0.001952,-0.008571,-0.026281,0.013793,0
1790542276.6254,0.005278,-0.018623,0.000319,-0.045828,0.005278,0.000000,0.120000,0.000000,0.930883,0.002111,-0.003767,0.001975,-0.007449,-0.008577,-0.029802,0.013834,0
1790542276.6394,0.006918,-0.035688,0.002553,-0.059799,0.006918,0.000000,0.120000,0.000000,0.961017,0.002767,-0.003765,0.003550,-0.014275,-0.008590,-0.036934,0.013862,0
1790542276.6536,0.014832,-0.053722,0.019011,-0.068467,0.014832,0.000000,0.120000,0.000000,0.991669,0.005933,-0.003759,0.016838,-0.021489,-0.008609,-0.038370,0.014100,0
1790542276.6678,0.032477,-0.070741,0.046567,-0.072930,0.032477,0.000000,0.120000,0.000000,0.022501,0.012991,-0.003748,0.037324,-0.028296,-0.008634,-0.036000,0.014182,0
1790542276.6815,0.049261,-0.082032,0.052466,-0.066026,0.049261,0.000000,0.120000,0.000000,0.052495,0.019704,-0.003731,0.036492,-0.032813,-0.008662,-0.024551,0.013798,0
1790542276.6952,0.057793,-0.093783,0.038133,-0.071998,0.057793,0.000000,0.120000,0.000000,0.082208,0.023117,-0.003711,0.018727,-0.037513,-0.008694,-0.025791,0.013668,0
1790542276.7092,0.055376,-0.099364,0.013294,-0.060401,0.055376,0.000000,0.120000,0.000000,0.112730,0.022150,-0.003692,-0.005164,-0.039746,-0.008729,-0.011927,0.014040,0
1790542276.7231,0.045062,-0.096619,-0.007955,-0.041472,0.045062,0.000000,0.120000,0.000000,0.142888,0.018025,-0.003676,-0.022304,-0.038647,-0.008762,0.005938,0.013873,0
1790542276.7371,0.037821,-0.095369,-0.004017,-0.044271,0.037821,0.000000,0.120000,0.000000,0.173389,0.015128,-0.003663,-0.015483,-0.038148,-0.008796,0.002672,0.014031,0
1790542276.7511,0.030285,-0.089793,-0.007687,-0.032795,0.030285,0.000000,0.120000,0.000000,0.203823,0.012114,-0.003652,-0.016149,-0.035917,-0.008827,0.011949,0.013999,0
1790542276.7660,0.024697,-0.080369,-0.005166,-0.021778,0.024697,0.000000,0.120000,0.000000,0.235789,0.009879,-0.003643,-0.011401,-0.032148,-0.008857,0.019227,0.014704,0
1790542276.7802,0.023157,-0.064782,0.002403,-0.002143,0.023157,0.000000,0.120000,0.000000,0.266924,0.009263,-0.003635,-0.003225,-0.025913,-0.008880,0.032650,0.014322,0
1790542276.7944,0.022877,-0.045624,0.004933,0.013208,0.022877,0.000000,0.120000,0.000000,0.297885,0.009151,-0.003627,-0.000591,-0.018250,-0.008896,0.040354,0.014242,0
1790542276.8083,0.020487,-0.021749,-0.000575,0.033849,0.020487,0.000000,0.120000,0.000000,0.328147,0.008195,-0.003620,-0.005151,-0.008700,-0.008904,0.051453,0.013920,0
1790542276.8222,0.013961,0.001393,-0.012070,0.041443,0.013961,0.000000,0.120000,0.000000,0.358460,0.005584,-0.003615,-0.014040,0.000557,-0.008903,0.049790,0.013944,0
1790542276.8361,0.021920,0.011968,0.022335,0.018709,0.021920,0.000000,0.120000,0.000000,0.388681,0.008768,-0.003607,0.017174,0.004787,-0.008899,0.022821,0.013902,0
1790542276.8500,0.032272,0.001130,0.031716,-0.031899,0.032272,0.000000,0.120000,0.000000,0.418819,0.012909,-0.003596,0.022403,0.000452,-0.008899,-0.023453,0.013863,0
1790542276.8641,0.027708,-0.011305,-0.002312,-0.040145,0.027708,0.000000,0.120000,0.000000,0.449171,0.011083,-0.003586,-0.009808,-0.004522,-0.008903,-0.026720,0.013962,0
1790542276.8779,0.028159,-0.016714,0.008652,-0.027159,0.028159,0.000000,0.120000,0.000000,0.479676,0.011264,-0.003576,0.000965,-0.006686,-0.008909,-0.011564,0.014032,0
1790542276.8919,0.023316,-0.023243,-0.004705,-0.032321,0.023316,0.000000,0.120000,0.000000,0.509862,0.009326,-0.003568,-0.010463,-0.009297,-0.008917,-0.014107,0.013886,0
1790542276.9056,0.010685,-0.035132,-0.026984,-0.049047,0.010685,0.000000,0.120000,0.000000,0.539608,0.004274,-0.003565,-0.027694,-0.014053,-0.008929,-0.026066,0.013683,0
1790542276.9198,-0.001172,-0.043712,-0.029255,-0.044680,-0.001172,0.000000,0.120000,0.000000,0.570269,-0.000469,-0.003565,-0.025221,-0.017485,-0.008944,-0.018251,0.014104,0
1790542276.9338,-0.011705,-0.045934,-0.030656,-0.032061,-0.011705,0.000000,0.120000,0.000000,0.600927,-0.004682,-0.003569,-0.022405,-0.018374,-0.008960,-0.004727,0.014103,0
1790542276.9476,-0.016715,-0.042771,-0.021113,-0.019232,-0.016715,0.000000,0.120000,0.000000,0.631040,-0.006686,-0.003575,-0.010852,-0.017108,-0.008975,0.006852,0.013852,0
1790542276.9615,-0.020442,-0.039359,-0.019781,-0.017390,-0.020442,0.000000,0.120000,0.000000,0.661339,-0.008177,-0.003582,-0.008022,-0.015744,-0.008989,0.007343,0.013937,0
1790542276.9753,-0.027271,-0.034601,-0.029318,-0.012516,-0.027271,0.000000,0.120000,0.000000,0.691397,-0.010909,-0.003592,-0.014818,-0.013840,-0.009001,0.010325,0.013827,0
1790542276.9892,-0.020429,-0.030478,0.003033,-0.012283,-0.020429,0.000000,0.120000,0.000000,0.721542,-0.008172,-0.003599,0.014804,-0.012191,-0.009011,0.008919,0.013867,0
1790542277.0031,-0.011458,-0.021406,0.011178,0.002001,-0.011458,0.000000,0.120000,0.000000,0.751757,-0.004583,-0.003603,0.019363,-0.008562,-0.009019,0.019582,0.013899,0
1790542277.0169,-0.003870,-0.008411,0.011323,0.015829,-0.003870,0.000000,0.120000,0.000000,0.781795,-0.001548,-0.003604,0.016475,-0.003364,-0.009022,0.028215,0.013818,0
1790542277.0308,-0.003364,0.001510,-0.003854,0.013112,-0.003364,0.000000,0.120000,0.000000,0.811848,-0.001346,-0.003605,0.001097,0.000604,-0.009021,0.021529,0.013824,0
1790542277.0447,-0.003614,0.004249,-0.005587,-0.001448,-0.003614,0.000000,0.120000,0.000000,0.842265,-0.001446,-0.003606,-0.000535,0.001700,-0.009020,0.005872,0.013992,0
1790542277.0587,0.009024,0.002779,0.027345,-0.011086,0.009024,0.000000,0.120000,0.000000,0.872412,0.003610,-0.003603,0.027339,0.001112,-0.009019,-0.003179,0.013868,0
1790542277.0726,0.017240,-0.005816,0.020892,-0.029752,0.017240,0.000000,0.120000,0.000000,0.902869,0.006896,-0.003597,0.017593,-0.002326,-0.009021,-0.018405,0.014010,0
1790542277.0864,0.015319,-0.015272,-0.001627,-0.035633,0.015319,0.000000,0.120000,0.000000,0.932955,0.006128,-0.003592,-0.004163,-0.006109,-0.009026,-0.020498,0.013840,0
1790542277.1003,0.016038,-0.020166,0.004390,-0.027725,0.016038,0.000000,0.120000,0.000000,0.962992,0.006415,-0.003586,0.001561,-0.008066,-0.009033,-0.010625,0.013817,0
1790542277.1141,0.021089,-0.024363,0.015845,-0.027917,0.021089,0.000000,0.120000,0.000000,0.992970,0.008436,-0.003579,0.010989,-0.009745,-0.009041,-0.009131,0.013790,0
1790542277.1281,0.023011,-0.032768,0.009751,-0.040164,0.023011,0.000000,0.120000,0.000000,0.023417,0.009205,-0.003571,0.004117,-0.013107,-0.009053,-0.018004,0.014006,0
1790542277.1417,0.028621,-0.037340,0.020296,-0.034117,0.028621,0.000000,0.120000,0.000000,0.052897,0.011448,-0.003561,0.012409,-0.014936,-0.009066,-0.010115,0.013561,0
1790542277.1558,0.030540,-0.038229,0.012863,-0.026315,0.030540,0.000000,0.120000,0.000000,0.082708,0.012216,-0.003551,0.004198,-0.015292,-0.009079,-0.001944,0.013713,0
1790542277.1701,0.028597,-0.040996,0.003928,-0.031148,0.028597,0.000000,0.120000,0.000000,0.114620,0.011439,-0.003540,-0.003971,-0.016399,-0.009094,-0.005656,0.014680,0
1790542277.1841,0.030661,-0.039902,0.013148,-0.022729,0.030661,0.000000,0.120000,0.000000,0.145125,0.012264,-0.003530,0.004413,-0.015961,-0.009108,0.002339,0.014032,0
1790542277.1980,0.031820,-0.038033,0.011698,-0.020321,0.031820,0.000000,0.120000,0.000000,0.175503,0.012728,-0.003518,0.002489,-0.015213,-0.009121,0.004013,0.013974,0
1790542277.2120,0.023519,-0.032780,-0.011941,-0.010958,0.023519,0.000000,0.120000,0.000000,0.205853,0.009408,-0.003510,-0.017838,-0.013112,-0.009132,0.011287,0.013961,0
1790542277.2259,0.015299,-0.025943,-0.015145,-0.004746,0.015299,0.000000,0.120000,0.000000,0.236039,0.006120,-0.003505,-0.017760,-0.010377,-0.009141,0.014773,0.013885,0
1790542277.2399,0.007302,-0.014686,-0.017740,0.009132,0.007302,0.000000,0.120000,0.000000,0.266435,0.002921,-0.003502,-0.017159,-0.005874,-0.009147,0.024153,0.013982,0
1790542277.2537,0.006579,-0.005504,-0.002437,0.008570,0.006579,0.000000,0.120000,0.000000,0.296495,0.002631,-0.003500,-0.001569,-0.002202,-0.009148,0.019920,0.013828,0
1790542277.2675,0.010832,-0.005142,0.010042,-0.010423,0.010832,0.000000,0.120000,0.000000,0.326632,0.004333,-0.003496,0.009205,-0.002057,-0.009150,0.000784,0.013863,0
1790542277.2814,0.008144,-0.009738,-0.006061,-0.023007,0.008144,0.000000,0.120000,0.000000,0.356733,0.003257,-0.003494,-0.005825,-0.003895,-0.009154,-0.009958,0.013847,0
1790542277.2952,0.001578,-0.015960,-0.017116,-0.029052,0.001578,0.000000,0.120000,0.000000,0.386771,0.000631,-0.003493,-0.014254,-0.006384,-0.009159,-0.013508,0.013817,0
1790542277.3090,0.006421,-0.023696,0.009562,-0.035394,0.006421,0.000000,0.120000,0.000000,0.416896,0.002569,-0.003491,0.010484,-0.009478,-0.009167,-0.016748,0.013858,0
1790542277.3229,0.005653,-0.031295,-0.002888,-0.038121,0.005653,0.000000,0.120000,0.000000,0.447069,0.002261,-0.003489,-0.001660,-0.012518,-0.009178,-0.016425,0.013880,0
1790542277.3367,-0.003496,-0.039970,-0.024815,-0.044075,-0.003496,0.000000,0.120000,0.000000,0.477013,-0.001398,-0.003490,-0.019926,-0.015988,-0.009192,-0.018895,0.013774,0
1790542277.3505,-0.014139,-0.050371,-0.032181,-0.051864,-0.014139,0.000000,0.120000,0.000000,0.507152,-0.005656,-0.003495,-0.023031,-0.020148,-0.009209,-0.022506,0.013864,0
1790542277.3640,-0.030156,-0.057683,-0.051174,-0.048555,-0.030156,0.000000,0.120000,0.000000,0.536490,-0.012063,-0.003505,-0.035607,-0.023073,-0.009229,-0.016253,0.013495,0
1790542277.3775,-0.042587,-0.062322,-0.048348,-0.044552,-0.042587,0.000000,0.120000,0.000000,0.565658,-0.017035,-0.003519,-0.027793,-0.024929,-0.009250,-0.010373,0.013417,0
1790542277.3913,-0.051851,-0.067435,-0.044375,-0.047338,-0.051851,0.000000,0.120000,0.000000,0.595721,-0.020740,-0.003537,-0.020097,-0.026974,-0.009273,-0.011091,0.013829,0
1790542277.4051,-0.047241,-0.071253,-0.012448,-0.046082,-0.047241,0.000000,0.120000,0.000000,0.625781,-0.018896,-0.003554,0.010002,-0.028501,-0.009298,-0.008283,0.013828,0
1790542277.4196,-0.039302,-0.070770,-0.002572,-0.036615,-0.039302,0.000000,0.120000,0.000000,0.656753,-0.015721,-0.003568,0.016717,-0.028308,-0.009323,0.001016,0.014247,0
1790542277.4336,-0.036556,-0.069939,-0.012379,-0.035562,-0.036556,0.000000,0.120000,0.000000,0.687502,-0.014623,-0.003581,0.005824,-0.027976,-0.009348,0.001762,0.014144,0
1790542277.4476,-0.027431,-0.066763,0.004936,-0.029289,-0.027431,0.000000,0.120000,0.000000,0.718023,-0.010972,-0.003590,0.019499,-0.026705,-0.009371,0.006788,0.014040,0
1790542277.4616,-0.016087,-0.053856,0.014387,-0.003153,-0.016087,0.000000,0.120000,0.000000,0.748323,-0.006435,-0.003596,0.024417,-0.021542,-0.009390,0.027780,0.013938,0
1790542277.4754,-0.009571,-0.036102,0.006632,0.014470,-0.009571,0.000000,0.120000,0.000000,0.778544,-0.003829,-0.003599,0.014060,-0.014441,-0.009402,0.038313,0.013902,0
1790542277.4893,-0.003931,-0.016079,0.007003,0.027383,-0.003931,0.000000,0.120000,0.000000,0.808757,-0.001572,-0.003601,0.012176,-0.006431,-0.009408,0.043223,0.013898,0
1790542277.5032,0.003471,0.003690,0.013831,0.034913,0.003471,0.000000,0.120000,0.000000,0.838848,0.001389,-0.003599,0.016042,0.001476,-0.009407,0.042844,0.013842,0
1790542277.5170,0.003766,0.016719,-0.001454,0.025501,0.003766,0.000000,0.120000,0.000000,0.868966,0.001506,-0.003598,0.000638,0.006688,-0.009401,0.028214,0.013854,0
1790542277.5309,-0.002365,0.013797,-0.017820,-0.010204,-0.002365,0.000000,0.120000,0.000000,0.899088,-0.000946,-0.003599,-0.013275,0.005519,-0.009396,-0.006327,0.013856,0
1790542277.5447,0.004333,0.002620,0.012691,-0.032634,0.004333,0.000000,0.120000,0.000000,0.929102,0.001733,-0.003597,0.014555,0.001048,-0.009395,-0.024287,0.013807,0
1790542277.5586,-0.004202,-0.009272,-0.023651,-0.038705,-0.004202,0.000000,0.120000,0.000000,0.959402,-0.001681,-0.003599,-0.018372,-0.003709,-0.009398,-0.025597,0.013938,0
1790542277.5725,-0.002727,-0.020442,-0.001496,-0.041766,-0.002727,0.000000,0.120000,0.000000,0.989525,-0.001091,-0.003600,0.003194,-0.008177,-0.009406,-0.024183,0.013856,0
1790542277.5863,0.005561,-0.035546,0.016627,-0.056440,0.005561,0.000000,0.120000,0.000000,0.019553,0.002225,-0.003598,0.018001,-0.014218,-0.009418,-0.032803,0.013813,0
1790542277.5999,0.017603,-0.050437,0.030010,-0.062454,0.017603,0.000000,0.120000,0.000000,0.049122,0.007041,-0.003592,0.026560,-0.020175,-0.009435,-0.032844,0.013602,0
1790542277.6135,0.029115,-0.052258,0.033430,-0.034370,0.029115,0.000000,0.120000,0.000000,0.078720,0.011646,-0.003582,0.025366,-0.020903,-0.009453,-0.004013,0.013615,0
1790542277.6273,0.034595,-0.052974,0.022192,-0.032217,0.034595,0.000000,0.120000,0.000000,0.108691,0.013838,-0.003570,0.011924,-0.021189,-0.009471,-0.001556,0.013787,0
1790542277.6412,0.042108,-0.055340,0.029487,-0.036727,0.042108,0.000000,0.120000,0.000000,0.138940,0.016843,-0.003555,0.016199,-0.022136,-0.009490,-0.005101,0.013914,0
1790542277.6551,0.053493,-0.058113,0.042349,-0.038722,0.053493,0.000000,0.120000,0.000000,0.169261,0.021397,-0.003537,0.024488,-0.023245,-0.009511,-0.005966,0.013948,0
1790542277.6693,0.038414,-0.053542,-0.020569,-0.021121,0.038414,0.000000,0.120000,0.000000,0.199604,0.015365,-0.003523,-0.032411,-0.021417,-0.009529,0.009825,0.013958,0
1790542277.6838,0.029010,-0.039295,-0.011360,0.004207,0.029010,0.000000,0.120000,0.000000,0.231134,0.011604,-0.003513,-0.019451,-0.015718,-0.009543,0.029468,0.014504,0
1790542277.6982,0.017467,-0.024727,-0.020688,0.011062,0.017467,0.000000,0.120000,0.000000,0.262281,0.006987,-0.003507,-0.024169,-0.009891,-0.009552,0.030505,0.014328,0
1790542277.7129,0.001935,-0.010822,-0.034303,0.014380,0.001935,0.000000,0.120000,0.000000,0.294365,0.000774,-0.003506,-0.031572,-0.004329,-0.009556,0.028265,0.014759,0
1790542277.7266,-0.004767,0.000278,-0.019900,0.014546,-0.004767,0.000000,0.120000,0.000000,0.324538,-0.001907,-0.003507,-0.014486,0.000111,-0.009556,0.023991,0.013880,0
1790542277.7405,-0.001014,-0.003353,0.004208,-0.018756,-0.001014,0.000000,0.120000,0.000000,0.354669,-0.000406,-0.003508,0.008122,-0.001341,-0.009557,-0.007858,0.013860,0
1790542277.7543,-0.004349,-0.003910,-0.012457,-0.012328,-0.004349,0.000000,0.120000,0.000000,0.384839,-0.001740,-0.003509,-0.007208,-0.001564,-0.009559,-0.001205,0.013878,0
1790542277.7681,-0.007016,-0.012773,-0.012100,-0.033884,-0.007016,0.000000,0.120000,0.000000,0.414927,-0.002807,-0.003512,-0.005782,-0.005109,-0.009563,-0.019212,0.013840,0
1790542277.7821,-0.010973,-0.025287,-0.016468,-0.046771,-0.010973,0.000000,0.120000,0.000000,0.445060,-0.004389,-0.003516,-0.008563,-0.010115,-0.009572,-0.027084,0.013861,0
1790542277.7961,-0.020242,-0.039196,-0.031386,-0.054924,-0.020242,0.000000,0.120000,0.000000,0.475644,-0.008097,-0.003523,-0.019766,-0.015678,-0.009586,-0.029659,0.014068,0
1790542277.8100,-0.034324,-0.053692,-0.047546,-0.062253,-0.034324,0.000000,0.120000,0.000000,0.505972,-0.013730,-0.003535,-0.030281,-0.021477,-0.009604,-0.031171,0.013951,0
1790542277.8235,-0.046389,-0.067881,-0.048950,-0.068350,-0.046389,0.000000,0.120000,0.000000,0.535284,-0.018556,-0.003550,-0.026844,-0.027153,-0.009627,-0.031571,0.013484,0
1790542277.8371,-0.057291,-0.076200,-0.050623,-0.058553,-0.057291,0.000000,0.120000,0.000000,0.564740,-0.022916,-0.003570,-0.024137,-0.030480,-0.009653,-0.018419,0.013550,0
1790542277.8506,-0.056573,-0.079579,-0.024630,-0.048981,-0.056573,0.000000,0.120000,0.000000,0.594237,-0.022629,-0.003589,0.001588,-0.031832,-0.009680,-0.007469,0.013569,0
1790542277.8644,-0.046680,-0.075657,-0.000724,-0.031426,-0.046680,0.000000,0.120000,0.000000,0.624172,-0.018672,-0.003605,0.021553,-0.030263,-0.009706,0.008543,0.013770,0
1790542277.8782,-0.045315,-0.070942,-0.018782,-0.027868,-0.045315,0.000000,0.120000,0.000000,0.654205,-0.018126,-0.003621,0.002965,-0.028377,-0.009731,0.010240,0.013815,0
1790542277.8921,-0.038890,-0.064406,-0.005237,-0.021320,-0.038890,0.000000,0.120000,0.000000,0.684235,-0.015556,-0.003634,0.013953,-0.025762,-0.009753,0.014195,0.013814,0
1790542277.9060,-0.024242,-0.054266,0.018244,-0.009614,-0.024242,0.000000,0.120000,0.000000,0.714481,-0.009697,-0.003642,0.031583,-0.021706,-0.009772,0.021864,0.013913,0
1790542277.9199,-0.015694,-0.041838,0.008525,0.000301,-0.015694,0.000000,0.120000,0.000000,0.744698,-0.006278,-0.003648,0.018451,-0.016735,-0.009786,0.026823,0.013900,0
1790542277.9342,-0.009438,-0.028346,0.005795,0.007380,-0.009438,0.000000,0.120000,0.000000,0.775556,-0.003775,-0.003651,0.013221,-0.011339,-0.009796,0.028515,0.014194,0
1790542277.9482,-0.000360,-0.013340,0.015546,0.016835,-0.000360,0.000000,0.120000,0.000000,0.806167,-0.000144,-0.003651,0.019341,-0.005336,-0.009801,0.031972,0.014081,0
1790542277.9622,0.004604,0.000707,0.008839,0.020611,0.004604,0.000000,0.120000,0.000000,0.836573,0.001842,-0.003650,0.010647,0.000283,-0.009801,0.030129,0.013987,0
1790542277.9761,-0.000878,-0.002699,-0.015750,-0.018183,-0.000878,0.000000,0.120000,0.000000,0.867001,-0.000351,-0.003650,-0.011749,-0.001080,-0.009802,-0.007301,0.013997,0
1790542277.9901,0.001123,-0.013375,0.001109,-0.038147,0.001123,0.000000,0.120000,0.000000,0.897286,0.000449,-0.003650,0.004310,-0.005350,-0.009806,-0.022990,0.013931,0
1790542278.0040,-0.000428,-0.019471,-0.007151,-0.030685,-0.000428,0.000000,0.120000,0.000000,0.927671,-0.000171,-0.003650,-0.003330,-0.007788,-0.009813,-0.013084,0.013977,0
1790542278.0180,-0.000718,-0.032537,-0.004562,-0.050985,-0.000718,0.000000,0.120000,0.000000,0.957948,-0.000287,-0.003650,-0.000625,-0.013015,-0.009825,-0.028145,0.013928,0
1790542278.0319,0.014739,-0.049866,0.035654,-0.067234,0.014739,0.000000,0.120000,0.000000,0.988128,0.005896,-0.003645,0.033403,-0.019946,-0.009842,-0.037446,0.013883,0
1790542278.0459,0.022816,-0.066328,0.022694,-0.071465,0.022816,0.000000,0.120000,0.000000,0.018744,0.009126,-0.003637,0.017204,-0.026531,-0.009865,-0.035069,0.014083,0
1790542278.0595,0.033678,-0.072928,0.033824,-0.053630,0.033678,0.000000,0.119781,0.000000,0.048286,0.013471,-0.003626,0.023978,-0.029171,-0.009890,-0.014569,0.013590,0
1790542278.0730,0.041363,-0.077213,0.030056,-0.050349,0.041363,0.000000,0.119135,0.000000,0.077560,0.016545,-0.003612,0.017122,-0.030885,-0.009916,-0.009548,0.013466,0
1790542278.0868,0.051959,-0.085560,0.040138,-0.062247,0.051959,0.000000,0.118029,0.000000,0.107673,0.020784,-0.003594,0.022948,-0.034224,-0.009946,-0.018078,0.013852,0
1790542278.1008,0.048993,-0.087044,0.009619,-0.047996,0.048993,0.000000,0.116477,0.000000,0.137894,0.019597,-0.003577,-0.006402,-0.034818,-0.009976,-0.003202,0.013902,0
1790542278.1146,0.030079,-0.077189,-0.032554,-0.019505,0.030079,0.000000,0.114506,0.000000,0.167965,0.012032,-0.003566,-0.041019,-0.030876,-0.010003,0.021373,0.013833,0
1790542278.1285,0.026755,-0.063441,-0.000004,-0.005838,0.026755,0.000000,0.112100,0.000000,0.198294,0.010702,-0.003557,-0.007149,-0.025376,-0.010025,0.029563,0.013952,0
1790542278.1425,0.016516,-0.051958,-0.018936,-0.006161,0.016516,0.000000,0.109292,0.000000,0.228656,0.006607,-0.003551,-0.021992,-0.020783,-0.010043,0.024665,0.013967,0
1790542278.1563,0.003900,-0.037197,-0.029295,0.007011,0.003900,0.000000,0.106129,0.000000,0.258791,0.001560,-0.003550,-0.027305,-0.014879,-0.010056,0.031946,0.013862,0
1790542278.1708,-0.008202,-0.024087,-0.032493,0.008097,-0.008202,0.000000,0.102541,0.000000,0.289550,-0.003281,-0.003553,-0.025659,-0.009635,-0.010064,0.027796,0.014149,0
1790542278.1853,-0.019896,-0.009428,-0.035404,0.016102,-0.019896,0.000000,0.098460,0.000000,0.321480,-0.007959,-0.003560,-0.023885,-0.003771,-0.010068,0.029941,0.014688,0
1790542278.1992,-0.024663,0.004223,-0.023638,0.020848,-0.024663,0.000000,0.094262,0.000000,0.351945,-0.009865,-0.003569,-0.010204,0.001689,-0.010066,0.029225,0.014014,0
1790542278.2131,-0.015953,0.003443,0.008883,-0.010377,-0.015953,0.000000,0.089844,0.000000,0.382099,-0.006381,-0.003574,0.018838,0.001377,-0.010065,-0.001689,0.013871,0
1790542278.2270,-0.003549,-0.003879,0.021743,-0.027401,-0.003549,0.000000,0.085184,0.000000,0.412354,-0.001420,-0.003575,0.026738,-0.001552,-0.010066,-0.015783,0.013917,0
1790542278.2409,0.001524,-0.017315,0.007942,-0.045886,0.001524,0.000000,0.080319,0.000000,0.442687,0.000610,-0.003575,0.010907,-0.006926,-0.010072,-0.028888,0.013953,0
1790542278.2548,-0.001203,-0.031394,-0.009961,-0.053123,-0.001203,0.000000,0.075334,0.000000,0.472808,-0.000481,-0.003575,-0.005905,-0.012557,-0.010083,-0.030482,0.013856,0
1790542278.2687,-0.008101,-0.044418,-0.021714,-0.055990,-0.008101,0.000000,0.070218,0.000000,0.503010,-0.003240,-0.003578,-0.014895,-0.017767,-0.010099,-0.028124,0.013893,0
1790542278.2822,-0.021814,-0.056113,-0.042588,-0.058385,-0.021814,0.000000,0.065140,0.000000,0.532548,-0.008725,-0.003585,-0.030277,-0.022445,-0.010118,-0.025822,0.013587,0
1790542278.2958,-0.040701,-0.064740,-0.061745,-0.055160,-0.040701,0.000000,0.060044,0.000000,0.561970,-0.016280,-0.003599,-0.041865,-0.025896,-0.010140,-0.019124,0.013534,0
1790542278.3093,-0.055053,-0.072488,-0.057355,-0.056281,-0.055053,0.000000,0.054932,0.000000,0.591483,-0.022021,-0.003618,-0.031715,-0.028995,-0.010164,-0.017122,0.013576,0
1790542278.3232,-0.059218,-0.077025,-0.036326,-0.050804,-0.059218,0.000000,0.049743,0.000000,0.621660,-0.023687,-0.003638,-0.009001,-0.030810,-0.010191,-0.009804,0.013882,0
1790542278.3371,-0.058067,-0.077735,-0.024398,-0.042847,-0.058067,0.000000,0.044634,0.000000,0.651831,-0.023227,-0.003659,0.002488,-0.031094,-0.010218,-0.001535,0.013879,0
1790542278.3510,-0.053105,-0.076529,-0.014212,-0.038254,-0.053105,0.000000,0.039632,0.000000,0.682056,-0.021242,-0.003677,0.010707,-0.030612,-0.010245,0.002602,0.013904,0
1790542278.3649,-0.048731,-0.075395,-0.013737,-0.037978,-0.048731,0.000000,0.034792,0.000000,0.712243,-0.019492,-0.003694,0.009449,-0.030158,-0.010271,0.002451,0.013886,0
1790542278.3788,-0.036990,-0.071030,0.006892,-0.029267,-0.036990,0.000000,0.030148,0.000000,0.742396,-0.014796,-0.003707,0.025395,-0.028412,-0.010295,0.009440,0.013871,0
1790542278.3927,-0.027951,-0.061546,0.004662,-0.014412,-0.027951,0.000000,0.025733,0.000000,0.772535,-0.011180,-0.003716,0.019559,-0.024618,-0.010317,0.020523,0.013864,0
1790542278.4065,-0.021259,-0.045684,0.002245,0.005699,-0.021259,0.000000,0.021576,0.000000,0.802689,-0.008504,-0.003724,0.014473,-0.018274,-0.010333,0.034306,0.013871,0
1790542278.4204,-0.012024,-0.022361,0.011446,0.031183,-0.012024,0.000000,0.017713,0.000000,0.832828,-0.004810,-0.003728,0.019984,-0.008945,-0.010340,0.050468,0.013864,0
1790542278.4348,-0.002299,0.006918,0.015803,0.054007,-0.002299,0.000000,0.014073,0.000000,0.863838,-0.000920,-0.003729,0.020452,0.002767,-0.010338,0.061578,0.014265,0
1790542278.4489,-0.016396,0.014082,-0.040113,0.010455,-0.016396,0.000000,0.010819,0.000000,0.894668,-0.006558,-0.003735,-0.029820,0.005633,-0.010333,0.015155,0.014182,0
1790542278.4635,0.000076,0.003432,0.031749,-0.031881,0.000076,0.000000,0.008001,0.000000,0.924969,0.000030,-0.003735,0.035453,0.001373,-0.010332,-0.022922,0.013938,0
1790542278.4787,-0.008841,-0.007355,-0.024284,-0.033854,-0.008841,0.000000,0.005302,0.000000,0.959159,-0.003536,-0.003738,-0.017009,-0.002942,-0.010335,-0.020577,0.015728,0
1790542278.4933,-0.016837,-0.020586,-0.027120,-0.046113,-0.016837,0.000000,0.003296,0.000000,0.990495,-0.006735,-0.003744,-0.016641,-0.008235,-0.010342,-0.027537,0.014415,0
1790542278.5078,-0.008933,-0.033499,0.008937,-0.050314,-0.008933,0.000000,0.001739,0.000000,0.022203,-0.003573,-0.003747,0.016257,-0.013400,-0.010354,-0.026560,0.014586,0
1790542278.5222,-0.002168,-0.051390,0.009767,-0.068966,-0.002168,0.000000,0.000698,0.000000,0.052877,-0.000867,-0.003748,0.014382,-0.020556,-0.010372,-0.038038,0.014110,0
1790542278.5360,0.009716,-0.061819,0.024949,-0.056893,0.009716,0.000000,0.000117,0.000000,0.084120,0.003886,-0.003745,0.024807,-0.024728,-0.010395,-0.021771,0.014372,0
1790542278.5498,0.020353,-0.063690,0.027630,-0.039978,0.020353,0.000000,0.000000,0.000000,0.113989,0.008141,-0.003738,0.023226,-0.025476,-0.010416,-0.004086,0.013740,0
