t,imu_roll,imu_pitch,pid_roll,pid_pitch,roll_meas,banked_roll,eff_lin,eff_ang,phase,p_roll,i_roll,d_roll,p_pitch,i_pitch,d_pitch,dt,ik_clamped
1790542146.7881,-0.026070,-0.020019,-0.007834,-0.006016,-0.026070,0.000000,0.000000,0.000000,0.000088,-0.007821,-0.000013,0.000000,-0.006006,-0.000010,0.000000,0.010000,0
1790542146.8024,-0.031432,-0.031171,-0.018077,-0.027292,-0.031432,0.000000,0.000287,0.000000,0.033935,-0.009430,-0.000038,-0.008610,-0.009351,-0.000034,-0.017906,0.015570,0
1790542146.8161,-0.036677,-0.034830,-0.020592,-0.017153,-0.036677,0.000000,0.001016,0.000000,0.063856,-0.011003,-0.000063,-0.009526,-0.010449,-0.000058,-0.006646,0.013764,0
1790542146.8297,-0.035373,-0.036501,-0.008312,-0.014092,-0.035373,0.000000,0.002175,0.000000,0.093541,-0.010612,-0.000087,0.002386,-0.010950,-0.000083,-0.003058,0.013655,0
1790542146.8437,-0.035800,-0.036035,-0.011617,-0.010084,-0.035800,0.000000,0.003800,0.000000,0.123891,-0.010740,-0.000112,-0.000765,-0.010810,-0.000108,0.000835,0.013961,0
1790542146.8576,-0.034349,-0.035766,-0.007830,-0.010380,-0.034349,0.000000,0.005849,0.000000,0.154123,-0.010305,-0.000136,0.002610,-0.010730,-0.000133,0.000483,0.013907,0
1790542146.8719,-0.035491,-0.034650,-0.012841,-0.008568,-0.035491,0.000000,0.008338,0.000000,0.184674,-0.010647,-0.000161,-0.002032,-0.010395,-0.000158,0.001985,0.014054,0
1790542146.8861,-0.038980,-0.032344,-0.017942,-0.005879,-0.038980,0.000000,0.011306,0.000000,0.215970,-0.011694,-0.000189,-0.006059,-0.009703,-0.000181,0.004005,0.014396,0
1790542146.9003,-0.041106,-0.029486,-0.016308,-0.003995,-0.041106,0.000000,0.014609,0.000000,0.246713,-0.012332,-0.000218,-0.003758,-0.008846,-0.000202,0.005053,0.014142,0
1790542146.9142,-0.042636,-0.024513,-0.015780,0.001339,-0.042636,0.000000,0.018218,0.000000,0.277043,-0.012791,-0.000248,-0.002741,-0.007354,-0.000219,0.008912,0.013952,0
1790542146.9282,-0.044403,-0.020045,-0.016750,0.001716,-0.044403,0.000000,0.022171,0.000000,0.307538,-0.013321,-0.000279,-0.003150,-0.006013,-0.000233,0.007962,0.014028,0
1790542146.9421,-0.049244,-0.018445,-0.023759,-0.002914,-0.049244,0.000000,0.026394,0.000000,0.337872,-0.014773,-0.000313,-0.008673,-0.005534,-0.000246,0.002866,0.013953,0
1790542146.9560,-0.046869,-0.023691,-0.010154,-0.016761,-0.046869,0.000000,0.030878,0.000000,0.368228,-0.014061,-0.000346,0.004252,-0.007107,-0.000262,-0.009391,0.013964,0
1790542146.9700,-0.037004,-0.024165,0.006269,-0.008382,-0.037004,0.000000,0.035565,0.000000,0.398445,-0.011101,-0.000372,0.017742,-0.007250,-0.000279,-0.000853,0.013900,0
1790542146.9839,-0.030693,-0.024571,0.001720,-0.008395,-0.030693,0.000000,0.040452,0.000000,0.428745,-0.009208,-0.000393,0.011321,-0.007371,-0.000296,-0.000728,0.013938,0
1790542146.9977,-0.028652,-0.030456,-0.005307,-0.020129,-0.028652,0.000000,0.045431,0.000000,0.458709,-0.008596,-0.000413,0.003702,-0.009137,-0.000317,-0.010675,0.013783,0
1790542147.0116,-0.026338,-0.035524,-0.004176,-0.020099,-0.026338,0.000000,0.050573,0.000000,0.488977,-0.007901,-0.000431,0.004156,-0.010657,-0.000342,-0.009100,0.013923,0
1790542147.0255,-0.023000,-0.039633,-0.001362,-0.019625,-0.023000,0.000000,0.055793,0.000000,0.519289,-0.006900,-0.000447,0.005985,-0.011890,-0.000370,-0.007366,0.013943,0
1790542147.0390,-0.022458,-0.038854,-0.006193,-0.010606,-0.022458,0.000000,0.060868,0.000000,0.548568,-0.006737,-0.000462,0.001006,-0.011656,-0.000396,0.001446,0.013469,0
1790542147.0526,-0.018638,-0.033558,0.000977,-0.000723,-0.018638,0.000000,0.065970,0.000000,0.578047,-0.005591,-0.000475,0.007043,-0.010067,-0.000418,0.009763,0.013560,0
1790542147.0665,-0.014742,-0.027911,0.002092,0.001337,-0.014742,0.000000,0.071160,0.000000,0.608295,-0.004423,-0.000485,0.006999,-0.008373,-0.000438,0.010148,0.013914,0
1790542147.0804,-0.013730,-0.022063,-0.002802,0.003401,-0.013730,0.000000,0.076281,0.000000,0.638641,-0.004119,-0.000495,0.001812,-0.006619,-0.000453,0.010473,0.013959,0
1790542147.0944,-0.011645,-0.015374,-0.000252,0.006938,-0.011645,0.000000,0.081263,0.000000,0.668901,-0.003494,-0.000503,0.003745,-0.004612,-0.000464,0.012014,0.013920,0
1790542147.1084,-0.009958,-0.007162,-0.000482,0.012053,-0.009958,0.000000,0.086107,0.000000,0.699321,-0.002987,-0.000510,0.003015,-0.002149,-0.000469,0.014670,0.013993,0
1790542147.1225,-0.013960,-0.007380,-0.011902,-0.003080,-0.013960,0.000000,0.090723,0.000000,0.729556,-0.004188,-0.000519,-0.007195,-0.002214,-0.000474,-0.000392,0.013908,0
1790542147.1371,-0.021674,-0.006160,-0.020172,-0.000248,-0.021674,0.000000,0.095340,0.000000,0.761474,-0.006502,-0.000535,-0.013135,-0.001848,-0.000479,0.002078,0.014682,0
1790542147.1507,-0.008856,-0.000360,0.020086,0.009948,-0.008856,0.000000,0.099395,0.000000,0.791392,-0.002657,-0.000541,0.023285,-0.000108,-0.000479,0.010535,0.013762,0
1790542147.1638,-0.013725,0.004180,-0.013900,0.009388,-0.013725,0.000000,0.103005,0.000000,0.820054,-0.004118,-0.000550,-0.009232,0.001254,-0.000476,0.008610,0.013185,0
1790542147.1769,-0.004078,0.009475,0.016607,0.012461,-0.004078,0.000000,0.106304,0.000000,0.848575,-0.001223,-0.000553,0.018384,0.002842,-0.000470,0.010088,0.013120,0
1790542147.1906,0.000743,0.014634,0.008581,0.013466,0.000743,0.000000,0.109375,0.000000,0.877977,0.000223,-0.000553,0.008910,0.004390,-0.000460,0.009536,0.013525,0
1790542147.2045,0.005283,0.011912,0.009185,-0.001764,0.005283,0.000000,0.112166,0.000000,0.908259,0.001585,-0.000549,0.008149,0.003573,-0.000452,-0.004885,0.013930,0
1790542147.2185,0.000987,0.013070,-0.007926,0.005548,0.000987,0.000000,0.114568,0.000000,0.938683,0.000296,-0.000548,-0.007674,0.003921,-0.000443,0.002070,0.013995,0
1790542147.2325,-0.006707,0.012573,-0.016314,0.002450,-0.006707,0.000000,0.116547,0.000000,0.969097,-0.002012,-0.000553,-0.013749,0.003772,-0.000434,-0.000888,0.013991,0
1790542147.2465,-0.014288,0.013043,-0.018437,0.004330,-0.014288,0.000000,0.118086,0.000000,0.999418,-0.004286,-0.000563,-0.013588,0.003913,-0.000425,0.000842,0.013947,0
1790542147.2604,-0.016597,0.015167,-0.009684,0.007935,-0.016597,0.000000,0.119181,0.000000,0.029801,-0.004979,-0.000575,-0.004131,0.004550,-0.000414,0.003799,0.013976,0
1790542147.2740,-0.021435,0.016796,-0.015893,0.007624,-0.021435,0.000000,0.119809,0.000000,0.059431,-0.006430,-0.000589,-0.008873,0.005039,-0.000403,0.002988,0.013630,0
1790542147.2876,-0.026134,0.017725,-0.017115,0.006641,-0.026134,0.000000,0.120000,0.000000,0.088898,-0.007840,-0.000607,-0.008668,0.005318,-0.000391,0.001714,0.013555,0
1790542147.3017,-0.028191,0.016781,-0.012733,0.002981,-0.028191,0.000000,0.120000,0.000000,0.119528,-0.008457,-0.000627,-0.003649,0.005034,-0.000379,-0.001675,0.014090,0
1790542147.3159,-0.029331,0.018318,-0.011459,0.007841,-0.029331,0.000000,0.120000,0.000000,0.150326,-0.008799,-0.000647,-0.002012,0.005495,-0.000366,0.002712,0.014167,0
1790542147.3297,-0.029993,0.020238,-0.010862,0.009185,-0.029993,0.000000,0.120000,0.000000,0.180449,-0.008998,-0.000668,-0.001195,0.006071,-0.000352,0.003465,0.013857,0
1790542147.3436,-0.022322,0.014320,0.006447,-0.006713,-0.022322,0.000000,0.120000,0.000000,0.210602,-0.006697,-0.000684,0.013827,0.004296,-0.000342,-0.010667,0.013870,0
1790542147.3575,-0.023822,0.009701,-0.010533,-0.005695,-0.023822,0.000000,0.120000,0.000000,0.240953,-0.007147,-0.000700,-0.002686,0.002910,-0.000335,-0.008270,0.013961,0
1790542147.3718,-0.025603,-0.000998,-0.011585,-0.019768,-0.025603,0.000000,0.120000,0.000000,0.271345,-0.007681,-0.000718,-0.003185,-0.000299,-0.000336,-0.019133,0.013980,0
1790542147.3860,-0.026692,-0.015069,-0.010632,-0.029272,-0.026692,0.000000,0.120000,0.000000,0.302680,-0.008007,-0.000737,-0.001887,-0.004521,-0.000347,-0.024405,0.014414,0
1790542147.4000,-0.036087,-0.019443,-0.028337,-0.013991,-0.036087,0.000000,0.120000,0.000000,0.333170,-0.010826,-0.000763,-0.016748,-0.005833,-0.000360,-0.007797,0.014025,0
1790542147.4138,-0.038332,-0.021237,-0.016333,-0.009978,-0.038332,0.000000,0.120000,0.000000,0.363343,-0.011500,-0.000789,-0.004044,-0.006371,-0.000375,-0.003231,0.013880,0
1790542147.4278,-0.039482,-0.026900,-0.014725,-0.018630,-0.039482,0.000000,0.120000,0.000000,0.393616,-0.011845,-0.000817,-0.002064,-0.008070,-0.000394,-0.010166,0.013925,0
1790542147.4417,-0.033557,-0.028507,-0.000236,-0.011860,-0.033557,0.000000,0.120000,0.000000,0.423792,-0.010067,-0.000840,0.010671,-0.008552,-0.000414,-0.002895,0.013881,0
1790542147.4558,-0.035114,-0.031610,-0.014161,-0.015423,-0.035114,0.000000,0.120000,0.000000,0.454431,-0.010534,-0.000865,-0.002762,-0.009483,-0.000436,-0.005504,0.014094,0
1790542147.4700,-0.036731,-0.037128,-0.014800,-0.021459,-0.036731,0.000000,0.120000,0.000000,0.484853,-0.011019,-0.000891,-0.002890,-0.011139,-0.000462,-0.009858,0.013994,0
1790542147.4853,-0.039687,-0.044743,-0.017650,-0.026342,-0.039687,0.000000,0.120000,0.000000,0.518163,-0.011906,-0.000921,-0.004823,-0.013423,-0.000496,-0.012424,0.015323,0
1790542147.4994,-0.041087,-0.049597,-0.015756,-0.024011,-0.041087,0.000000,0.120000,0.000000,0.548836,-0.012326,-0.000950,-0.002480,-0.014879,-0.000531,-0.008600,0.014110,0
1790542147.5133,-0.041011,-0.050565,-0.013148,-0.017457,-0.041011,0.000000,0.120000,0.000000,0.579400,-0.012303,-0.000979,0.000134,-0.015169,-0.000567,-0.001721,0.014059,0
1790542147.5280,-0.041065,-0.049751,-0.013422,-0.014110,-0.041065,0.000000,0.120000,0.000000,0.610570,-0.012320,-0.001008,-0.000094,-0.014925,-0.000602,0.001418,0.014338,0
1790542147.5423,-0.040572,-0.049012,-0.012367,-0.014080,-0.040572,0.000000,0.120000,0.000000,0.642394,-0.012172,-0.001038,0.000842,-0.014704,-0.000638,0.001262,0.014639,0
1790542147.5563,-0.036338,-0.044132,-0.004391,-0.005178,-0.036338,0.000000,0.120000,0.000000,0.672773,-0.010902,-0.001063,0.007574,-0.013240,-0.000669,0.008730,0.013974,0
1790542147.5702,-0.032116,-0.041155,-0.003182,-0.007728,-0.032116,0.000000,0.120000,0.000000,0.703215,-0.009635,-0.001086,0.007538,-0.012346,-0.000698,0.005316,0.014003,0
1790542147.5844,-0.024133,-0.033985,0.005755,0.001744,-0.024133,0.000000,0.120000,0.000000,0.733989,-0.007240,-0.001103,0.014098,-0.010196,-0.000722,0.012662,0.014156,0
1790542147.5983,-0.020536,-0.026610,-0.000826,0.004506,-0.020536,0.000000,0.120000,0.000000,0.764288,-0.006161,-0.001117,0.006452,-0.007983,-0.000740,0.013230,0.013937,0
1790542147.6122,-0.017642,-0.017068,-0.001218,0.011285,-0.017642,0.000000,0.120000,0.000000,0.794511,-0.005293,-0.001130,0.005204,-0.005120,-0.000752,0.017158,0.013903,0
1790542147.6267,-0.023645,-0.017847,-0.018799,-0.007488,-0.023645,0.000000,0.120000,0.000000,0.825404,-0.007093,-0.001146,-0.010559,-0.005354,-0.000765,-0.001369,0.014211,0
1790542147.6408,-0.027745,-0.019935,-0.016654,-0.010409,-0.027745,0.000000,0.120000,0.000000,0.856514,-0.008324,-0.001166,-0.007164,-0.005981,-0.000779,-0.003649,0.014311,0
1790542147.6548,-0.017177,-0.026516,0.012490,-0.020473,-0.017177,0.000000,0.120000,0.000000,0.887030,-0.005153,-0.001178,0.018822,-0.007955,-0.000798,-0.011720,0.014037,0
1790542147.6688,-0.015885,-0.032617,-0.003659,-0.021445,-0.015885,0.000000,0.120000,0.000000,0.917620,-0.004765,-0.001189,0.002296,-0.009785,-0.000821,-0.010839,0.014071,0
1790542147.6827,-0.014173,-0.039276,-0.002368,-0.024626,-0.014173,0.000000,0.120000,0.000000,0.947789,-0.004252,-0.001199,0.003083,-0.011783,-0.000848,-0.011995,0.013878,0
1790542147.6968,-0.000835,-0.047276,0.022337,-0.029332,-0.000835,0.000000,0.120000,0.000000,0.978263,-0.000251,-0.001200,0.023787,-0.014183,-0.000881,-0.014268,0.014018,0
1790542147.7108,0.006762,-0.054988,0.014342,-0.031128,0.006762,0.000000,0.120000,0.000000,0.008827,0.002029,-0.001195,0.013508,-0.016496,-0.000920,-0.013712,0.014060,0
1790542147.7245,0.012624,-0.056930,0.013282,-0.021576,0.012624,0.000000,0.120000,0.000000,0.038653,0.003787,-0.001186,0.010682,-0.017079,-0.000959,-0.003539,0.013720,0
1790542147.7382,0.016656,-0.058080,0.011210,-0.020530,0.016656,0.000000,0.120000,0.000000,0.068316,0.004997,-0.001175,0.007388,-0.017424,-0.000998,-0.002107,0.013645,0
1790542147.7524,0.018458,-0.060798,0.007550,-0.024072,0.018458,0.000000,0.120000,0.000000,0.099155,0.005537,-0.001162,0.003175,-0.018239,-0.001042,-0.004791,0.014186,0
1790542147.7663,0.016557,-0.063274,0.000416,-0.024498,0.016557,0.000000,0.120000,0.000000,0.129527,0.004967,-0.001150,-0.003400,-0.018982,-0.001086,-0.004430,0.013971,0
1790542147.7803,-0.000183,-0.059071,-0.030992,-0.011370,-0.000183,0.000000,0.120000,0.000000,0.160071,-0.000055,-0.001151,-0.029786,-0.017721,-0.001127,0.007479,0.014050,0
1790542147.7943,-0.007015,-0.050929,-0.015467,-0.001895,-0.007015,0.000000,0.120000,0.000000,0.190486,-0.002104,-0.001155,-0.012207,-0.015279,-0.001163,0.014547,0.013991,0
1790542147.8082,-0.012361,-0.040459,-0.014510,0.005545,-0.012361,0.000000,0.120000,0.000000,0.220638,-0.003708,-0.001164,-0.009638,-0.012138,-0.001191,0.018874,0.013870,0
1790542147.8221,-0.016669,-0.030048,-0.013902,0.008443,-0.016669,0.000000,0.120000,0.000000,0.250945,-0.005001,-0.001176,-0.007725,-0.009014,-0.001212,0.018669,0.013941,0
1790542147.8363,-0.025773,-0.019980,-0.025023,0.010581,-0.025773,0.000000,0.120000,0.000000,0.281681,-0.007732,-0.001194,-0.016097,-0.005994,-0.001226,0.017801,0.014139,0
1790542147.8503,-0.024525,-0.016858,-0.006348,-0.000743,-0.024525,0.000000,0.120000,0.000000,0.312247,-0.007357,-0.001211,0.002220,-0.005057,-0.001238,0.005552,0.014060,0
1790542147.8642,-0.020518,-0.021672,-0.000155,-0.016435,-0.020518,0.000000,0.120000,0.000000,0.342385,-0.006155,-0.001225,0.007226,-0.006501,-0.001253,-0.008681,0.013863,0
1790542147.8786,-0.025181,-0.028055,-0.017072,-0.021015,-0.025181,0.000000,0.120000,0.000000,0.373013,-0.007554,-0.001243,-0.008275,-0.008416,-0.001273,-0.011326,0.014089,0
1790542147.8931,-0.024441,-0.039990,-0.007330,-0.033666,-0.024441,0.000000,0.120000,0.000000,0.404862,-0.007332,-0.001261,0.001263,-0.011997,-0.001302,-0.020367,0.014651,0
1790542147.9072,-0.024611,-0.050627,-0.008962,-0.035237,-0.024611,0.000000,0.120000,0.000000,0.435757,-0.007383,-0.001278,-0.000300,-0.015188,-0.001338,-0.018711,0.014211,0
1790542147.9213,-0.041566,-0.058781,-0.043933,-0.033517,-0.041566,0.000000,0.120000,0.000000,0.466313,-0.012470,-0.001308,-0.030156,-0.017634,-0.001379,-0.014504,0.014056,0
1790542147.9353,-0.054077,-0.068940,-0.039792,-0.040154,-0.054077,0.000000,0.120000,0.000000,0.496910,-0.016223,-0.001346,-0.022223,-0.020682,-0.001428,-0.018044,0.014075,0
1790542147.9493,-0.069012,-0.076787,-0.048666,-0.038477,-0.069012,0.000000,0.120000,0.000000,0.527460,-0.020704,-0.001394,-0.026568,-0.023036,-0.001482,-0.013959,0.014053,0
1790542147.9630,-0.078576,-0.082130,-0.042606,-0.036000,-0.078576,0.000000,0.120000,0.000000,0.557019,-0.023573,-0.001448,-0.017585,-0.024639,-0.001538,-0.009824,0.013597,0
1790542147.9765,-0.081561,-0.086544,-0.031451,-0.035664,-0.081561,0.000000,0.120000,0.000000,0.586624,-0.024468,-0.001503,-0.005480,-0.025963,-0.001596,-0.008104,0.013619,0
1790542147.9905,-0.078542,-0.089988,-0.019718,-0.034818,-0.078542,0.000000,0.120000,0.000000,0.616999,-0.023563,-0.001558,0.005403,-0.026996,-0.001659,-0.006162,0.013973,0
1790542148.0043,-0.073071,-0.090259,-0.013633,-0.029290,-0.073071,0.000000,0.120000,0.000000,0.647043,-0.021921,-0.001609,0.009897,-0.027078,-0.001722,-0.000490,0.013820,0
1790542148.0181,-0.069363,-0.089109,-0.015738,-0.026429,-0.069363,0.000000,0.120000,0.000000,0.677001,-0.020809,-0.001656,0.006727,-0.026733,-0.001783,0.002087,0.013781,0
1790542148.0321,-0.064063,-0.086291,-0.011450,-0.022697,-0.064063,0.000000,0.120000,0.000000,0.707417,-0.019219,-0.001701,0.009470,-0.025887,-0.001844,0.005034,0.013991,0
1790542148.0461,-0.054844,-0.078458,-0.001676,-0.011401,-0.054844,0.000000,0.120000,0.000000,0.737751,-0.016453,-0.001739,0.016516,-0.023537,-0.001898,0.014035,0.013954,0
1790542148.0601,-0.052471,-0.067410,-0.013296,-0.002514,-0.052471,0.000000,0.120000,0.000000,0.768300,-0.015741,-0.001776,0.004222,-0.020223,-0.001946,0.019655,0.014052,0
1790542148.0741,-0.044936,-0.052679,-0.001804,0.008575,-0.044936,0.000000,0.120000,0.000000,0.798670,-0.013481,-0.001808,0.013485,-0.015804,-0.001982,0.026361,0.013970,0
1790542148.0880,-0.037095,-0.035589,0.001098,0.017959,-0.037095,0.000000,0.120000,0.000000,0.828981,-0.011128,-0.001834,0.014059,-0.010677,-0.002007,0.030643,0.013943,0
1790542148.1021,-0.033242,-0.022761,-0.004962,0.014017,-0.033242,0.000000,0.120000,0.000000,0.859468,-0.009973,-0.001857,0.006868,-0.006828,-0.002023,0.022868,0.014024,0
1790542148.1161,-0.039478,-0.026031,-0.024847,-0.015680,-0.039478,0.000000,0.120000,0.000000,0.889949,-0.011844,-0.001884,-0.011119,-0.007809,-0.002041,-0.005829,0.014021,0
1790542148.1304,-0.031071,-0.036002,0.003812,-0.030704,-0.031071,0.000000,0.120000,0.000000,0.920333,-0.009321,-0.001906,0.015039,-0.010801,-0.002067,-0.017836,0.013977,0
1790542148.1444,-0.027635,-0.042260,-0.004208,-0.025717,-0.027635,0.000000,0.120000,0.000000,0.951414,-0.008290,-0.001926,0.006008,-0.012678,-0.002097,-0.010942,0.014297,0
1790542148.1584,-0.026698,-0.053237,-0.008281,-0.037717,-0.026698,0.000000,0.120000,0.000000,0.981833,-0.008009,-0.001945,0.001673,-0.015971,-0.002134,-0.019612,0.013993,0
1790542148.1722,-0.011988,-0.068829,0.020891,-0.050856,-0.011988,0.000000,0.120000,0.000000,0.012069,-0.003596,-0.001953,0.026441,-0.020649,-0.002182,-0.028026,0.013909,0
1790542148.1859,0.000591,-0.082842,0.021274,-0.052767,0.000591,0.000000,0.120000,0.000000,0.041731,0.000177,-0.001953,0.023049,-0.024853,-0.002238,-0.025676,0.013644,0
1790542148.1994,0.011211,-0.091287,0.021043,-0.045291,0.011211,0.000000,0.120000,0.000000,0.071142,0.003363,-0.001945,0.019624,-0.027386,-0.002300,-0.015605,0.013529,0
1790542148.2133,0.024346,-0.099754,0.028959,-0.047500,0.024346,0.000000,0.120000,0.000000,0.101411,0.007304,-0.001928,0.023583,-0.029926,-0.002370,-0.015204,0.013924,0
1790542148.2273,0.021939,-0.113556,0.000371,-0.061157,0.021939,0.000000,0.120000,0.000000,0.131851,0.006582,-0.001913,-0.004298,-0.034067,-0.002449,-0.024641,0.014003,0
1790542148.2412,0.009380,-0.113804,-0.021579,-0.037115,0.009380,0.000000,0.120000,0.000000,0.162203,0.002814,-0.001906,-0.022487,-0.034141,-0.002529,-0.000445,0.013962,0
1790542148.2551,-0.001484,-0.100359,-0.021965,-0.008433,-0.001484,0.000000,0.120000,0.000000,0.192309,-0.000445,-0.001907,-0.019613,-0.030108,-0.002598,0.024272,0.013849,0
1790542148.2690,-0.000436,-0.084011,-0.000155,0.001504,-0.000436,0.000000,0.120000,0.000000,0.222567,-0.000131,-0.001907,0.001883,-0.025203,-0.002657,0.029364,0.013919,0
1790542148.2830,-0.004771,-0.065844,-0.011178,0.010383,-0.004771,0.000000,0.120000,0.000000,0.252633,-0.001431,-0.001911,-0.007836,-0.019753,-0.002702,0.032839,0.013830,0
1790542148.2973,-0.014201,-0.045366,-0.022740,0.019615,-0.014201,0.000000,0.120000,0.000000,0.283584,-0.004260,-0.001921,-0.016558,-0.013610,-0.002734,0.035959,0.014237,0
1790542148.3112,-0.017058,-0.027504,-0.012112,0.020640,-0.017058,0.000000,0.120000,0.000000,0.314259,-0.005117,-0.001933,-0.005062,-0.008251,-0.002754,0.031645,0.014111,0
1790542148.3252,-0.012003,-0.023974,0.003538,-0.003621,-0.012003,0.000000,0.120000,0.000000,0.344512,-0.003601,-0.001941,0.009081,-0.007192,-0.002770,0.006342,0.013916,0
1790542148.3390,-0.008612,-0.026834,0.001580,-0.015992,-0.008612,0.000000,0.120000,0.000000,0.374676,-0.002584,-0.001947,0.006111,-0.008050,-0.002789,-0.005153,0.013875,0
1790542148.3529,-0.008333,-0.029900,-0.003949,-0.017324,-0.008333,0.000000,0.120000,0.000000,0.404737,-0.002500,-0.001953,0.000504,-0.008970,-0.002810,-0.005544,0.013828,0
1790542148.3668,-0.004727,-0.036847,0.003082,-0.026327,-0.004727,0.000000,0.120000,0.000000,0.435090,-0.001418,-0.001956,0.006457,-0.011054,-0.002835,-0.012437,0.013963,0
1790542148.3811,-0.009387,-0.046442,-0.013094,-0.033926,-0.009387,0.000000,0.120000,0.000000,0.465543,-0.002816,-0.001963,-0.008315,-0.013933,-0.002868,-0.017125,0.014009,0
1790542148.3955,-0.017015,-0.054888,-0.020170,-0.033867,-0.017015,0.000000,0.120000,0.000000,0.497213,-0.005104,-0.001975,-0.013091,-0.016466,-0.002908,-0.014493,0.014568,0
1790542148.4094,-0.028804,-0.063146,-0.031709,-0.036655,-0.028804,0.000000,0.120000,0.000000,0.527620,-0.008641,-0.001995,-0.021072,-0.018944,-0.002952,-0.014760,0.013987,0
1790542148.4231,-0.038792,-0.067174,-0.031882,-0.030501,-0.038792,0.000000,0.120000,0.000000,0.557407,-0.011638,-0.002022,-0.018223,-0.020152,-0.002998,-0.007351,0.013702,0
1790542148.4369,-0.045889,-0.066582,-0.028750,-0.021939,-0.045889,0.000000,0.120000,0.000000,0.587237,-0.013767,-0.002053,-0.012930,-0.019975,-0.003044,0.001080,0.013722,0
1790542148.4509,-0.050035,-0.066455,-0.024468,-0.022801,-0.050035,0.000000,0.120000,0.000000,0.617821,-0.015011,-0.002089,-0.007369,-0.019936,-0.003091,0.000226,0.014068,0
1790542148.4647,-0.054288,-0.068933,-0.026102,-0.028298,-0.054288,0.000000,0.120000,0.000000,0.647878,-0.016286,-0.002126,-0.007689,-0.020680,-0.003138,-0.004480,0.013827,0
1790542148.4787,-0.052162,-0.066339,-0.014018,-0.018458,-0.052162,0.000000,0.120000,0.000000,0.678335,-0.015649,-0.002163,0.003793,-0.019902,-0.003185,0.004629,0.014010,0
1790542148.4927,-0.040002,-0.063553,0.007680,-0.017285,-0.040002,0.000000,0.120000,0.000000,0.708551,-0.012001,-0.002191,0.021871,-0.019066,-0.003229,0.005010,0.013900,0
1790542148.5067,-0.027558,-0.056367,0.011673,-0.007387,-0.027558,0.000000,0.120000,0.000000,0.739085,-0.008267,-0.002210,0.022150,-0.016910,-0.003268,0.012791,0.014046,0
1790542148.5207,-0.021154,-0.046837,0.002835,-0.000379,-0.021154,0.000000,0.120000,0.000000,0.769599,-0.006346,-0.002225,0.011406,-0.014051,-0.003301,0.016974,0.014036,0
1790542148.5345,-0.013910,-0.035134,0.006688,0.007291,-0.013910,0.000000,0.120000,0.000000,0.799662,-0.004173,-0.002234,0.013096,-0.010540,-0.003326,0.021156,0.013829,0
1790542148.5484,-0.002363,-0.023826,0.017883,0.009906,-0.002363,0.000000,0.120000,0.000000,0.829793,-0.000709,-0.002236,0.020827,-0.007148,-0.003342,0.020396,0.013860,0
1790542148.5624,-0.009946,-0.026406,-0.018739,-0.015880,-0.009946,0.000000,0.120000,0.000000,0.860295,-0.002984,-0.002243,-0.013512,-0.007922,-0.003361,-0.004598,0.014031,0
1790542148.5762,-0.014756,-0.033063,-0.015401,-0.025373,-0.014756,0.000000,0.120000,0.000000,0.890268,-0.004427,-0.002253,-0.008721,-0.009919,-0.003383,-0.012071,0.013787,0
1790542148.5900,-0.010440,-0.039302,0.002428,-0.026506,-0.010440,0.000000,0.120000,0.000000,0.920259,-0.003132,-0.002260,0.007820,-0.011791,-0.003411,-0.011305,0.013796,0
1790542148.6040,-0.006591,-0.047887,0.002648,-0.033177,-0.006591,0.000000,0.120000,0.000000,0.950623,-0.001977,-0.002265,0.006890,-0.014366,-0.003444,-0.015367,0.013968,0
1790542148.6179,0.000449,-0.059653,0.010563,-0.042595,0.000449,0.000000,0.120000,0.000000,0.980765,0.000135,-0.002265,0.012693,-0.017896,-0.003485,-0.021214,0.013865,0
1790542148.6321,0.013009,-0.073978,0.024223,-0.051479,0.013009,0.000000,0.120000,0.000000,0.011001,0.003903,-0.002256,0.022576,-0.022193,-0.003537,-0.025749,0.013908,0
1790542148.6459,0.028888,-0.084627,0.034595,-0.047873,0.028888,0.000000,0.120000,0.000000,0.041643,0.008666,-0.002235,0.028164,-0.025388,-0.003596,-0.018889,0.014095,0
1790542148.6596,0.038366,-0.093254,0.026628,-0.047409,0.038366,0.000000,0.120000,0.000000,0.071370,0.011510,-0.002209,0.017327,-0.027976,-0.003660,-0.015773,0.013674,0
1790542148.6736,0.037370,-0.102465,0.007254,-0.050890,0.037370,0.000000,0.120000,0.000000,0.101859,0.011211,-0.002183,-0.001774,-0.030740,-0.003732,-0.016418,0.014025,0
1790542148.6875,0.027868,-0.105029,-0.010796,-0.039899,0.027868,0.000000,0.120000,0.000000,0.132252,0.008360,-0.002163,-0.016993,-0.031509,-0.003805,-0.004585,0.013981,0
1790542148.7017,0.018594,-0.101790,-0.013035,-0.028663,0.018594,0.000000,0.120000,0.000000,0.162865,0.005578,-0.002150,-0.016463,-0.030537,-0.003877,0.005751,0.014082,0
1790542148.7157,0.011894,-0.095528,-0.010483,-0.021473,0.011894,0.000000,0.120000,0.000000,0.193444,0.003568,-0.002142,-0.011909,-0.028658,-0.003944,0.011130,0.014066,0
1790542148.7296,0.011092,-0.084801,-0.000248,-0.010148,0.011092,0.000000,0.120000,0.000000,0.223658,0.003328,-0.002134,-0.001442,-0.025440,-0.004003,0.019296,0.013898,0
1790542148.7436,0.007485,-0.069279,-0.006347,0.002976,0.007485,0.000000,0.120000,0.000000,0.253990,0.002245,-0.002129,-0.006463,-0.020784,-0.004052,0.027811,0.013953,0
1790542148.7577,0.006377,-0.050460,-0.002171,0.014058,0.006377,0.000000,0.120000,0.000000,0.284718,0.001913,-0.002124,-0.001960,-0.015138,-0.004087,0.033283,0.014135,0
1790542148.7715,0.000380,-0.032064,-0.012819,0.019430,0.000380,0.000000,0.120000,0.000000,0.314870,0.000114,-0.002124,-0.010809,-0.009619,-0.004109,0.033159,0.013870,0
1790542148.7854,-0.002043,-0.021807,-0.007116,0.007868,-0.002043,0.000000,0.120000,0.000000,0.344946,-0.000613,-0.002126,-0.004378,-0.006542,-0.004125,0.018534,0.013835,0
1790542148.7993,-0.007764,-0.027693,-0.014705,-0.022991,-0.007764,0.000000,0.120000,0.000000,0.375297,-0.002329,-0.002131,-0.010245,-0.008308,-0.004144,-0.010540,0.013961,0
1790542148.8131,-0.015778,-0.033373,-0.021368,-0.024452,-0.015778,0.000000,0.120000,0.000000,0.405348,-0.004733,-0.002142,-0.014493,-0.010012,-0.004167,-0.010273,0.013824,0
1790542148.8269,-0.014850,-0.035679,-0.004927,-0.019070,-0.014850,0.000000,0.120000,0.000000,0.435365,-0.004455,-0.002152,0.001680,-0.010704,-0.004192,-0.004175,0.013808,0
1790542148.8409,-0.013636,-0.041604,-0.004080,-0.027311,-0.013636,0.000000,0.120000,0.000000,0.465716,-0.004091,-0.002162,0.002173,-0.012481,-0.004221,-0.010609,0.013962,0
1790542148.8547,-0.027893,-0.050041,-0.036416,-0.034576,-0.027893,0.000000,0.120000,0.000000,0.495672,-0.008368,-0.002181,-0.025867,-0.015012,-0.004255,-0.015309,0.013779,0
1790542148.8684,-0.042777,-0.063119,-0.042093,-0.047003,-0.042777,0.000000,0.120000,0.000000,0.525575,-0.012833,-0.002210,-0.027049,-0.018936,-0.004299,-0.023768,0.013756,0
1790542148.8825,-0.055570,-0.073167,-0.042122,-0.044523,-0.055570,0.000000,0.120000,0.000000,0.555541,-0.016671,-0.002249,-0.023203,-0.021950,-0.004349,-0.018224,0.013784,0
1790542148.8967,-0.065624,-0.076491,-0.039671,-0.033199,-0.065624,0.000000,0.120000,0.000000,0.586433,-0.019687,-0.002295,-0.017689,-0.022947,-0.004403,-0.005848,0.014210,0
1790542148.9107,-0.073043,-0.079156,-0.037306,-0.032893,-0.073043,0.000000,0.120000,0.000000,0.617339,-0.021913,-0.002347,-0.013046,-0.023747,-0.004460,-0.004687,0.014217,0
1790542148.9248,-0.069593,-0.083035,-0.017146,-0.036319,-0.069593,0.000000,0.120000,0.000000,0.647934,-0.020878,-0.002396,0.006128,-0.024911,-0.004518,-0.006890,0.014074,0
1790542148.9388,-0.059508,-0.080259,-0.002277,-0.023692,-0.059508,0.000000,0.120000,0.000000,0.678360,-0.017853,-0.002438,0.018014,-0.024078,-0.004574,0.004960,0.013996,0
1790542148.9527,-0.053015,-0.072998,-0.006762,-0.013533,-0.053015,0.000000,0.120000,0.000000,0.708735,-0.015905,-0.002475,0.011618,-0.021899,-0.004625,0.012991,0.013973,0
1790542148.9666,-0.047495,-0.061699,-0.006847,-0.002896,-0.047495,0.000000,0.120000,0.000000,0.739013,-0.014248,-0.002508,0.009909,-0.018510,-0.004668,0.020281,0.013928,0
1790542148.9805,-0.036535,-0.047746,0.006335,0.006218,-0.036535,0.000000,0.120000,0.000000,0.769054,-0.010960,-0.002533,0.019828,-0.014324,-0.004701,0.025243,0.013819,0
1790542148.9944,-0.021825,-0.033677,0.017170,0.010293,-0.021825,0.000000,0.120000,0.000000,0.799490,-0.006548,-0.002548,0.026266,-0.010103,-0.004725,0.025121,0.014001,0
1790542149.0085,-0.005463,-0.020276,0.024920,0.013022,-0.005463,0.000000,0.120000,0.000000,0.830036,-0.001639,-0.002552,0.029111,-0.006083,-0.004739,0.023843,0.014051,0
1790542149.0224,-0.015449,-0.018126,-0.025200,-0.006313,-0.015449,0.000000,0.120000,0.000000,0.860185,-0.004635,-0.002563,-0.018002,-0.005438,-0.004752,0.003876,0.013868,0
1790542149.0362,-0.024473,-0.025594,-0.026188,-0.025909,-0.024473,0.000000,0.120000,0.000000,0.890334,-0.007342,-0.002580,-0.016266,-0.007678,-0.004769,-0.013462,0.013869,0
1790542149.0501,-0.019590,-0.034628,0.000348,-0.031496,-0.019590,0.000000,0.120000,0.000000,0.920429,-0.005877,-0.002593,0.008819,-0.010388,-0.004793,-0.016314,0.013844,0
1790542149.0640,-0.025062,-0.043674,-0.019950,-0.034158,-0.025062,0.000000,0.120000,0.000000,0.950717,-0.007519,-0.002611,-0.009820,-0.013102,-0.004824,-0.016232,0.013932,0
1790542149.0778,-0.021750,-0.055059,-0.003169,-0.041938,-0.021750,0.000000,0.120000,0.000000,0.980812,-0.006525,-0.002626,0.005982,-0.016518,-0.004862,-0.020559,0.013844,0
1790542149.0917,-0.007225,-0.071595,0.021377,-0.056191,-0.007225,0.000000,0.120000,0.000000,0.010969,-0.002168,-0.002631,0.026176,-0.021479,-0.004911,-0.029801,0.013872,0
1790542149.1053,0.010067,-0.088927,0.032165,-0.063494,0.010067,0.000000,0.120000,0.000000,0.040550,0.003020,-0.002624,0.031769,-0.026678,-0.004972,-0.031844,0.013607,0
1790542149.1191,0.023006,-0.099074,0.027898,-0.053273,0.023006,0.000000,0.120000,0.000000,0.070342,0.006902,-0.002608,0.023604,-0.029722,-0.005040,-0.018511,0.013704,0
1790542149.1330,0.029485,-0.105757,0.017890,-0.048838,0.029485,0.000000,0.120000,0.000000,0.100615,0.008846,-0.002588,0.011632,-0.031727,-0.005113,-0.011998,0.013926,0
1790542149.1475,0.018109,-0.109634,-0.016917,-0.044821,0.018109,0.000000,0.120000,0.000000,0.131879,0.005433,-0.002575,-0.019775,-0.032890,-0.005192,-0.006739,0.014382,0
1790542149.1616,0.005094,-0.099579,-0.023970,-0.017425,0.005094,0.000000,0.120000,0.000000,0.162731,0.001528,-0.002571,-0.022927,-0.029874,-0.005263,0.017711,0.014192,0
1790542149.1754,0.002318,-0.088741,-0.006879,-0.012412,0.002318,0.000000,0.120000,0.000000,0.192885,0.000695,-0.002570,-0.005004,-0.026622,-0.005325,0.019535,0.013870,0
1790542149.1894,-0.003313,-0.077126,-0.013635,-0.007744,-0.003313,0.000000,0.120000,0.000000,0.223275,-0.000994,-0.002572,-0.010069,-0.023138,-0.005378,0.020772,0.013979,0
1790542149.2032,-0.010267,-0.057558,-0.018217,0.012648,-0.010267,0.000000,0.120000,0.000000,0.253373,-0.003080,-0.002579,-0.012558,-0.017267,-0.005418,0.035333,0.013845,0
1790542149.2172,-0.016788,-0.036196,-0.019280,0.021870,-0.016788,0.000000,0.120000,0.000000,0.283787,-0.005036,-0.002591,-0.011652,-0.010859,-0.005444,0.038172,0.013991,0
1790542149.2311,-0.028855,-0.018159,-0.033023,0.021616,-0.028855,0.000000,0.120000,0.000000,0.313930,-0.008656,-0.002611,-0.021756,-0.005448,-0.005456,0.032520,0.013866,0
1790542149.2450,-0.025980,-0.017029,-0.005236,-0.008537,-0.025980,0.000000,0.120000,0.000000,0.344052,-0.007794,-0.002629,0.005187,-0.005109,-0.005468,0.002039,0.013856,0
1790542149.2589,-0.020678,-0.024765,0.000658,-0.026783,-0.020678,0.000000,0.120000,0.000000,0.374366,-0.006203,-0.002643,0.009505,-0.007429,-0.005485,-0.013869,0.013945,0
1790542149.2728,-0.021112,-0.030712,-0.009771,-0.025391,-0.021112,0.000000,0.120000,0.000000,0.404660,-0.006334,-0.002658,-0.000779,-0.009214,-0.005507,-0.010671,0.013935,0
1790542149.2868,-0.018112,-0.041218,-0.002724,-0.036741,-0.018112,0.000000,0.120000,0.000000,0.434965,-0.005434,-0.002671,0.005380,-0.012365,-0.005535,-0.018840,0.013940,0
1790542149.3007,-0.020771,-0.052457,-0.013686,-0.041477,-0.020771,0.000000,0.120000,0.000000,0.465253,-0.006231,-0.002685,-0.004770,-0.015737,-0.005572,-0.020167,0.013932,0
1790542149.3147,-0.032770,-0.064734,-0.033991,-0.046987,-0.032770,0.000000,0.120000,0.000000,0.495651,-0.009831,-0.002708,-0.021452,-0.019420,-0.005617,-0.021949,0.013983,0
1790542149.3286,-0.046506,-0.078289,-0.041376,-0.053514,-0.046506,0.000000,0.120000,0.000000,0.525896,-0.013952,-0.002740,-0.024684,-0.023487,-0.005672,-0.024356,0.013913,0
1790542149.3422,-0.066371,-0.085104,-0.059217,-0.043792,-0.066371,0.000000,0.120000,0.000000,0.555457,-0.019911,-0.002785,-0.036520,-0.025531,-0.005729,-0.012531,0.013598,0
1790542149.3558,-0.077299,-0.089680,-0.046155,-0.041121,-0.077299,0.000000,0.120000,0.000000,0.584967,-0.023190,-0.002838,-0.020127,-0.026904,-0.005790,-0.008427,0.013575,0
1790542149.3696,-0.084359,-0.093262,-0.040910,-0.040281,-0.084359,0.000000,0.120000,0.000000,0.615162,-0.025308,-0.002896,-0.012706,-0.027979,-0.005855,-0.006447,0.013890,0
1790542149.3839,-0.083646,-0.091127,-0.026781,-0.029458,-0.083646,0.000000,0.120000,0.000000,0.645701,-0.025094,-0.002955,0.001268,-0.027338,-0.005919,0.003799,0.014048,0
1790542149.3983,-0.075334,-0.088827,-0.011309,-0.028676,-0.075334,0.000000,0.120000,0.000000,0.677293,-0.022600,-0.003010,0.014301,-0.026648,-0.005984,0.003956,0.014532,0
1790542149.4123,-0.067575,-0.082119,-0.009448,-0.018674,-0.067575,0.000000,0.120000,0.000000,0.707669,-0.020272,-0.003057,0.013882,-0.024636,-0.006041,0.012002,0.013973,0
1790542149.4263,-0.058318,-0.075773,-0.004186,-0.017578,-0.058318,0.000000,0.120000,0.000000,0.738329,-0.017495,-0.003098,0.016408,-0.022732,-0.006094,0.011249,0.014104,0
1790542149.4404,-0.049166,-0.063873,-0.001598,-0.004128,-0.049166,0.000000,0.120000,0.000000,0.768874,-0.014750,-0.003133,0.016284,-0.019162,-0.006139,0.021173,0.014050,0
1790542149.4543,-0.038710,-0.046878,0.003899,0.010113,-0.038710,0.000000,0.120000,0.000000,0.799310,-0.011613,-0.003160,0.018671,-0.014063,-0.006172,0.030348,0.014000,0
1790542149.4682,-0.027954,-0.028452,0.007865,0.018560,-0.027954,0.000000,0.120000,0.000000,0.829392,-0.008386,-0.003179,0.019431,-0.008536,-0.006192,0.033288,0.013838,0
1790542149.4821,-0.019749,-0.011612,0.005598,0.020520,-0.019749,0.000000,0.120000,0.000000,0.859695,-0.005925,-0.003193,0.014716,-0.003484,-0.006200,0.030203,0.013939,0
1790542149.4961,-0.032132,-0.015550,-0.035046,-0.017933,-0.032132,0.000000,0.120000,0.000000,0.890022,-0.009640,-0.003215,-0.022191,-0.004665,-0.006211,-0.007057,0.013950,0
1790542149.5101,-0.023048,-0.019853,0.006037,-0.019846,-0.023048,0.000000,0.120000,0.000000,0.920528,-0.006915,-0.003232,0.016183,-0.005956,-0.006225,-0.007666,0.014033,0
1790542149.5241,-0.025336,-0.023113,-0.014939,-0.019001,-0.025336,0.000000,0.120000,0.000000,0.950942,-0.007601,-0.003249,-0.004089,-0.006934,-0.006241,-0.005826,0.013990,0
1790542149.5380,-0.025940,-0.032830,-0.012139,-0.033655,-0.025940,0.000000,0.120000,0.000000,0.981044,-0.007782,-0.003267,-0.001090,-0.009849,-0.006264,-0.017542,0.013847,0
1790542149.5527,-0.013078,-0.048635,0.015419,-0.048684,-0.013078,0.000000,0.120000,0.000000,0.011948,-0.003923,-0.003277,0.022619,-0.014590,-0.006298,-0.027795,0.014216,0
1790542149.5673,-0.001200,-0.064985,0.016331,-0.053330,-0.001200,0.000000,0.120000,0.000000,0.044275,-0.000360,-0.003277,0.019969,-0.019496,-0.006347,-0.027488,0.014870,0
1790542149.5818,0.012903,-0.076091,0.024929,-0.048386,0.012903,0.000000,0.120000,0.000000,0.075782,0.003871,-0.003268,0.024327,-0.022827,-0.006402,-0.019157,0.014493,0
1790542149.5960,0.024435,-0.084984,0.024100,-0.047395,0.024435,0.000000,0.120000,0.000000,0.107090,0.007331,-0.003251,0.020020,-0.025495,-0.006463,-0.015437,0.014402,0
1790542149.6105,0.029941,-0.094888,0.015447,-0.052436,0.029941,0.000000,0.120000,0.000000,0.137957,0.008982,-0.003229,0.009694,-0.028466,-0.006530,-0.017439,0.014199,0
1790542149.6248,0.011375,-0.090373,-0.032007,-0.025876,0.011375,0.000000,0.120000,0.000000,0.169296,0.003412,-0.003221,-0.032198,-0.027112,-0.006595,0.007831,0.014416,0
1790542149.6389,-0.001195,-0.076223,-0.026056,-0.004214,-0.001195,0.000000,0.120000,0.000000,0.199691,-0.000359,-0.003222,-0.022476,-0.022867,-0.006649,0.025301,0.013982,0
1790542149.6532,-0.004485,-0.061678,-0.010206,-0.000285,-0.004485,0.000000,0.120000,0.000000,0.231421,-0.001346,-0.003225,-0.005636,-0.018503,-0.006694,0.024912,0.014596,0
1790542149.6672,-0.012637,-0.044640,-0.021554,0.010251,-0.012637,0.000000,0.120000,0.000000,0.261913,-0.003791,-0.003234,-0.014529,-0.013392,-0.006725,0.030368,0.014026,0
1790542149.6811,-0.021486,-0.025877,-0.025617,0.019254,-0.021486,0.000000,0.120000,0.000000,0.292118,-0.006446,-0.003249,-0.015922,-0.007763,-0.006743,0.033760,0.013895,0
1790542149.6951,-0.039115,-0.011965,-0.046391,0.014424,-0.039115,0.000000,0.120000,0.000000,0.322650,-0.011735,-0.003276,-0.031380,-0.003589,-0.006751,0.024765,0.014045,0
1790542149.7091,-0.036297,-0.014356,-0.009151,-0.015344,-0.036297,0.000000,0.120000,0.000000,0.353041,-0.010889,-0.003302,0.005040,-0.004307,-0.006761,-0.004276,0.013980,0
1790542149.7230,-0.028202,-0.021545,0.002721,-0.026121,-0.028202,0.000000,0.120000,0.000000,0.383376,-0.008461,-0.003321,0.014503,-0.006464,-0.006776,-0.012881,0.013954,0
1790542149.7369,-0.027206,-0.024931,-0.009701,-0.020390,-0.027206,0.000000,0.120000,0.000000,0.413449,-0.008162,-0.003340,0.001801,-0.007479,-0.006794,-0.006118,0.013834,0
1790542149.7510,-0.021149,-0.033931,0.001066,-0.032995,-0.021149,0.000000,0.120000,0.000000,0.444026,-0.006345,-0.003355,0.010765,-0.010179,-0.006818,-0.015998,0.014066,0
1790542149.7650,-0.020218,-0.046738,-0.007777,-0.043694,-0.020218,0.000000,0.120000,0.000000,0.474524,-0.006066,-0.003369,0.001658,-0.014022,-0.006850,-0.022822,0.014029,0
1790542149.7789,-0.029964,-0.058698,-0.029871,-0.045965,-0.029964,0.000000,0.120000,0.000000,0.504805,-0.008989,-0.003390,-0.017492,-0.017609,-0.006891,-0.021465,0.013929,0
1790542149.7925,-0.041308,-0.068696,-0.036666,-0.045930,-0.041308,0.000000,0.120000,0.000000,0.534365,-0.012392,-0.003418,-0.020856,-0.020609,-0.006938,-0.018383,0.013598,0
1790542149.8060,-0.053754,-0.075600,-0.042559,-0.042414,-0.053754,0.000000,0.120000,0.000000,0.563804,-0.016126,-0.003455,-0.022978,-0.022680,-0.006989,-0.012745,0.013542,0
1790542149.8197,-0.062452,-0.076868,-0.038186,-0.032427,-0.062452,0.000000,0.120000,0.000000,0.593436,-0.018736,-0.003497,-0.015953,-0.023060,-0.007041,-0.002325,0.013631,0
1790542149.8335,-0.064647,-0.075653,-0.026883,-0.027606,-0.064647,0.000000,0.120000,0.000000,0.623664,-0.019394,-0.003542,-0.003947,-0.022696,-0.007094,0.002184,0.013905,0
1790542149.8478,-0.056723,-0.074261,-0.006595,-0.026963,-0.056723,0.000000,0.120000,0.000000,0.654418,-0.017017,-0.003582,0.014004,-0.022278,-0.007147,0.002461,0.014147,0
1790542149.8619,-0.049552,-0.069451,-0.005781,-0.019511,-0.049552,0.000000,0.120000,0.000000,0.685101,-0.014866,-0.003617,0.012702,-0.020835,-0.007196,0.008519,0.014114,0
1790542149.8758,-0.047013,-0.065240,-0.013209,-0.019275,-0.047013,0.000000,0.120000,0.000000,0.715457,-0.014104,-0.003650,0.004545,-0.019572,-0.007241,0.007538,0.013964,0
1790542149.8901,-0.038252,-0.057868,0.000242,-0.011688,-0.038252,0.000000,0.120000,0.000000,0.746386,-0.011476,-0.003677,0.015395,-0.017360,-0.007282,0.012955,0.014228,0
1790542149.9043,-0.027972,-0.045921,0.006001,-0.000067,-0.027972,0.000000,0.120000,0.000000,0.777270,-0.008392,-0.003697,0.018089,-0.013776,-0.007315,0.021024,0.014206,0
1790542149.9187,-0.019722,-0.034003,0.004876,0.003411,-0.019722,0.000000,0.120000,0.000000,0.808187,-0.005916,-0.003711,0.014504,-0.010201,-0.007339,0.020951,0.014222,0
1790542149.9328,-0.019053,-0.028732,-0.008267,-0.006735,-0.019053,0.000000,0.120000,0.000000,0.839172,-0.005716,-0.003725,0.001173,-0.008620,-0.007360,0.009245,0.014253,0
1790542149.9468,-0.020824,-0.029116,-0.013154,-0.016802,-0.020824,0.000000,0.120000,0.000000,0.869569,-0.006247,-0.003739,-0.003167,-0.008735,-0.007380,-0.000687,0.013983,0
1790542149.9608,-0.020264,-0.034852,-0.008842,-0.028007,-0.020264,0.000000,0.120000,0.000000,0.900293,-0.006079,-0.003754,0.000991,-0.010456,-0.007405,-0.010147,0.014133,0
1790542149.9747,-0.020605,-0.037296,-0.010564,-0.023017,-0.020605,0.000000,0.120000,0.000000,0.930489,-0.006181,-0.003768,-0.000614,-0.011189,-0.007430,-0.004397,0.013890,0
1790542149.9886,-0.021493,-0.045795,-0.011825,-0.036448,-0.021493,0.000000,0.120000,0.000000,0.960782,-0.006448,-0.003783,-0.001594,-0.013738,-0.007462,-0.015247,0.013935,0
1790542150.0026,-0.009003,-0.059254,0.015928,-0.049436,-0.009003,0.000000,0.120000,0.000000,0.991064,-0.002701,-0.003789,0.022418,-0.017776,-0.007504,-0.024156,0.013929,0
1790542150.0164,0.000198,-0.069816,0.012857,-0.047538,0.000198,0.000000,0.120000,0.000000,0.021211,0.000059,-0.003789,0.016587,-0.020945,-0.007552,-0.019041,0.013868,0
1790542150.0301,0.010559,-0.075859,0.018377,-0.041437,0.010559,0.000000,0.120000,0.000000,0.050861,0.003168,-0.003782,0.018991,-0.022758,-0.007604,-0.011076,0.013639,0
1790542150.0436,0.018728,-0.081429,0.016868,-0.042331,0.018728,0.000000,0.120000,0.000000,0.080419,0.005618,-0.003769,0.015019,-0.024429,-0.007659,-0.010243,0.013597,0
1790542150.0575,0.017015,-0.085711,-0.001750,-0.041176,0.017015,0.000000,0.120000,0.000000,0.110468,0.005105,-0.003757,-0.003098,-0.025713,-0.007718,-0.007744,0.013823,0
1790542150.0713,0.006974,-0.088782,-0.019736,-0.039942,0.006974,0.000000,0.120000,0.000000,0.140658,0.002092,-0.003753,-0.018076,-0.026635,-0.007780,-0.005527,0.013887,0
1790542150.0852,0.000988,-0.081043,-0.014226,-0.018227,0.000988,0.000000,0.120000,0.000000,0.170867,0.000296,-0.003752,-0.010770,-0.024313,-0.007836,0.013922,0.013896,0
1790542150.0991,-0.000840,-0.071072,-0.007309,-0.011182,-0.000840,0.000000,0.120000,0.000000,0.200932,-0.000252,-0.003752,-0.003305,-0.021322,-0.007885,0.018025,0.013830,0
1790542150.1134,-0.006583,-0.055234,-0.015820,0.003329,-0.006583,0.000000,0.120000,0.000000,0.231867,-0.001975,-0.003757,-0.010088,-0.016570,-0.007925,0.027824,0.014230,0
1790542150.1273,-0.014639,-0.035749,-0.022595,0.016242,-0.014639,0.000000,0.120000,0.000000,0.262195,-0.004392,-0.003767,-0.014436,-0.010725,-0.007950,0.034917,0.013951,0
1790542150.1413,-0.028264,-0.021590,-0.036644,0.010891,-0.028264,0.000000,0.120000,0.000000,0.292571,-0.008479,-0.003787,-0.024378,-0.006477,-0.007965,0.025333,0.013973,0
1790542150.1552,-0.035303,-0.012224,-0.027041,0.005177,-0.035303,0.000000,0.120000,0.000000,0.322841,-0.010591,-0.003812,-0.012638,-0.003667,-0.007973,0.016817,0.013924,0
1790542150.1695,-0.031178,-0.019832,-0.005887,-0.027404,-0.031178,0.000000,0.120000,0.000000,0.353545,-0.009353,-0.003834,0.007301,-0.005950,-0.007987,-0.013467,0.014124,0
1790542150.1837,-0.027962,-0.022332,-0.006603,-0.019086,-0.027962,0.000000,0.120000,0.000000,0.384544,-0.008388,-0.003854,0.005639,-0.006700,-0.008003,-0.004383,0.014260,0
1790542150.1978,-0.027461,-0.026394,-0.011226,-0.023124,-0.027461,0.000000,0.120000,0.000000,0.415273,-0.008238,-0.003873,0.000885,-0.007918,-0.008022,-0.007184,0.014135,0
1790542150.2118,-0.023328,-0.035137,-0.003481,-0.034254,-0.023328,0.000000,0.120000,0.000000,0.445603,-0.006998,-0.003889,0.007406,-0.010541,-0.008046,-0.015666,0.013952,0
1790542150.2257,-0.032556,-0.047165,-0.030204,-0.043768,-0.032556,0.000000,0.120000,0.000000,0.475951,-0.009767,-0.003912,-0.016525,-0.014149,-0.008079,-0.021540,0.013960,0
1790542150.2398,-0.043799,-0.060190,-0.037037,-0.049297,-0.043799,0.000000,0.120000,0.000000,0.506571,-0.013140,-0.003943,-0.019955,-0.018057,-0.008122,-0.023119,0.014085,0
1790542150.2533,-0.061601,-0.067400,-0.055239,-0.041660,-0.061601,0.000000,0.120000,0.000000,0.536093,-0.018480,-0.003985,-0.032774,-0.020220,-0.008167,-0.013273,0.013580,0
1790542150.2670,-0.072657,-0.070343,-0.046135,-0.034724,-0.072657,0.000000,0.120000,0.000000,0.565685,-0.021797,-0.004034,-0.020303,-0.021103,-0.008215,-0.005405,0.013613,0
1790542150.2809,-0.079686,-0.073717,-0.040612,-0.036437,-0.079686,0.000000,0.120000,0.000000,0.595964,-0.023906,-0.004090,-0.012616,-0.022115,-0.008267,-0.006056,0.013928,0
1790542150.2948,-0.082559,-0.076092,-0.034069,-0.035409,-0.082559,0.000000,0.120000,0.000000,0.626262,-0.024768,-0.004147,-0.005154,-0.022828,-0.008320,-0.004261,0.013937,0
1790542150.3088,-0.073395,-0.075913,-0.009884,-0.030827,-0.073395,0.000000,0.120000,0.000000,0.656753,-0.022019,-0.004199,0.016333,-0.022774,-0.008373,0.000320,0.014026,0
1790542150.3229,-0.066167,-0.069936,-0.011179,-0.018723,-0.066167,0.000000,0.120000,0.000000,0.687169,-0.019850,-0.004245,0.012916,-0.020981,-0.008422,0.010680,0.013992,0
1790542150.3370,-0.060251,-0.061493,-0.011887,-0.011964,-0.060251,0.000000,0.120000,0.000000,0.717863,-0.018075,-0.004287,0.010476,-0.018448,-0.008465,0.014949,0.014119,0
1790542150.3509,-0.053873,-0.048192,-0.009046,0.000906,-0.053873,0.000000,0.120000,0.000000,0.748158,-0.016162,-0.004325,0.011441,-0.014458,-0.008499,0.023862,0.013936,0
1790542150.3647,-0.038426,-0.031428,0.011947,0.012249,-0.038426,0.000000,0.120000,0.000000,0.778328,-0.011528,-0.004352,0.027826,-0.009428,-0.008521,0.030198,0.013878,0
1790542150.3786,-0.023185,-0.016732,0.016155,0.012944,-0.023185,0.000000,0.120000,0.000000,0.808473,-0.006955,-0.004368,0.027478,-0.005019,-0.008532,0.026496,0.013867,0
1790542150.3930,-0.025856,-0.018251,-0.016856,-0.016702,-0.025856,0.000000,0.120000,0.000000,0.839274,-0.007757,-0.004386,-0.004713,-0.005475,-0.008545,-0.002681,0.014169,0
1790542150.4074,-0.033113,-0.027955,-0.026839,-0.033662,-0.033113,0.000000,0.120000,0.000000,0.870836,-0.009934,-0.004410,-0.012495,-0.008387,-0.008566,-0.016710,0.014519,0
1790542150.4212,-0.025765,-0.035010,0.001008,-0.031733,-0.025765,0.000000,0.120000,0.000000,0.901170,-0.007729,-0.004428,0.013165,-0.010503,-0.008590,-0.012640,0.013953,0
1790542150.4352,-0.029411,-0.044316,-0.019791,-0.038554,-0.029411,0.000000,0.120000,0.000000,0.931566,-0.008823,-0.004449,-0.006519,-0.013295,-0.008621,-0.016638,0.013982,0
1790542150.4491,-0.028444,-0.053476,-0.011274,-0.041079,-0.028444,0.000000,0.120000,0.000000,0.961966,-0.008533,-0.004469,0.001728,-0.016043,-0.008658,-0.016377,0.013984,0
1790542150.4631,-0.019281,-0.061834,0.006232,-0.042298,-0.019281,0.000000,0.120000,0.000000,0.992152,-0.005784,-0.004482,0.016498,-0.018550,-0.008701,-0.015047,0.013885,0
1790542150.4769,-0.005561,-0.070613,0.018509,-0.045716,-0.005561,0.000000,0.120000,0.000000,0.022384,-0.001668,-0.004486,0.024663,-0.021184,-0.008750,-0.015782,0.013907,0
1790542150.4905,0.006309,-0.078825,0.019390,-0.047656,0.006309,0.000000,0.120000,0.000000,0.051737,0.001893,-0.004482,0.021979,-0.023648,-0.008804,-0.015205,0.013503,0
1790542150.5041,0.014916,-0.084517,0.015765,-0.044640,0.014916,0.000000,0.120000,0.000000,0.081415,0.004475,-0.004471,0.015762,-0.025355,-0.008861,-0.010424,0.013652,0
1790542150.5181,0.013942,-0.088347,-0.002022,-0.042278,0.013942,0.000000,0.120000,0.000000,0.111800,0.004183,-0.004462,-0.001743,-0.026504,-0.008923,-0.006851,0.013977,0
1790542150.5320,0.007784,-0.085754,-0.013254,-0.030020,0.007784,0.000000,0.120000,0.000000,0.141863,0.002335,-0.004456,-0.011133,-0.025726,-0.008982,0.004688,0.013829,0
1790542150.5460,0.001745,-0.079939,-0.014665,-0.022685,0.001745,0.000000,0.120000,0.000000,0.172441,0.000523,-0.004455,-0.010733,-0.023982,-0.009038,0.010335,0.014066,0
1790542150.5600,-0.000909,-0.073537,-0.009478,-0.019693,-0.000909,0.000000,0.120000,0.000000,0.202807,-0.000273,-0.004456,-0.004750,-0.022061,-0.009090,0.011458,0.013968,0
1790542150.5738,-0.004728,-0.060903,-0.012786,-0.004547,-0.004728,0.000000,0.120000,0.000000,0.232849,-0.001418,-0.004459,-0.006908,-0.018271,-0.009132,0.022856,0.013819,0
1790542150.5876,-0.012134,-0.045037,-0.021446,0.005900,-0.012134,0.000000,0.120000,0.000000,0.263025,-0.003640,-0.004467,-0.013339,-0.013511,-0.009163,0.028574,0.013881,0
1790542150.6015,-0.020786,-0.029931,-0.026283,0.009011,-0.020786,0.000000,0.120000,0.000000,0.293237,-0.006236,-0.004482,-0.015565,-0.008979,-0.009184,0.027174,0.013897,0
1790542150.6153,-0.027057,-0.016732,-0.023995,0.009736,-0.027057,0.000000,0.120000,0.000000,0.323188,-0.008117,-0.004500,-0.011378,-0.005020,-0.009196,0.023951,0.013777,0
1790542150.6292,-0.017208,-0.013845,0.008070,-0.008158,-0.017208,0.000000,0.120000,0.000000,0.353353,-0.005162,-0.004512,0.017745,-0.004154,-0.009205,0.005200,0.013876,0
1790542150.6431,-0.020332,-0.019170,-0.016257,-0.024569,-0.020332,0.000000,0.120000,0.000000,0.383502,-0.006099,-0.004526,-0.005631,-0.005751,-0.009218,-0.009599,0.013869,0
1790542150.6574,-0.021515,-0.030107,-0.013071,-0.037435,-0.021515,0.000000,0.120000,0.000000,0.414520,-0.006455,-0.004542,-0.002074,-0.009032,-0.009240,-0.019163,0.014268,0
1790542150.6715,-0.016338,-0.039373,-0.000278,-0.037503,-0.016338,0.000000,0.120000,0.000000,0.445183,-0.004901,-0.004553,0.009177,-0.011812,-0.009268,-0.016423,0.014105,0
1790542150.6854,-0.023976,-0.047100,-0.025500,-0.037328,-0.023976,0.000000,0.120000,0.000000,0.475402,-0.007193,-0.004570,-0.013737,-0.014130,-0.009300,-0.013897,0.013901,0
1790542150.6994,-0.035147,-0.058971,-0.035091,-0.048236,-0.035147,0.000000,0.120000,0.000000,0.505830,-0.010544,-0.004595,-0.019952,-0.017691,-0.009342,-0.021203,0.013997,0
1790542150.7131,-0.051669,-0.067677,-0.050305,-0.045589,-0.051669,0.000000,0.120000,0.000000,0.535590,-0.015501,-0.004630,-0.030174,-0.020303,-0.009388,-0.015898,0.013690,0
1790542150.7268,-0.064012,-0.071135,-0.046462,-0.037105,-0.064012,0.000000,0.120000,0.000000,0.565292,-0.019204,-0.004674,-0.022585,-0.021340,-0.009437,-0.006328,0.013663,0
1790542150.7408,-0.068652,-0.075273,-0.033607,-0.039463,-0.068652,0.000000,0.120000,0.000000,0.595713,-0.020596,-0.004722,-0.008289,-0.022582,-0.009489,-0.007392,0.013994,0
1790542150.7547,-0.075136,-0.077593,-0.038952,-0.036985,-0.075136,0.000000,0.120000,0.000000,0.625995,-0.022541,-0.004774,-0.011637,-0.023278,-0.009543,-0.004164,0.013930,0
1790542150.7687,-0.074500,-0.078753,-0.026043,-0.035294,-0.074500,0.000000,0.120000,0.000000,0.656478,-0.022350,-0.004826,0.001133,-0.023626,-0.009599,-0.002070,0.014022,0
1790542150.7826,-0.065436,-0.075331,-0.008226,-0.026104,-0.065436,0.000000,0.120000,0.000000,0.686747,-0.019631,-0.004872,0.016276,-0.022599,-0.009651,0.006146,0.013924,0
1790542150.7964,-0.057062,-0.069299,-0.006917,-0.019602,-0.057062,0.000000,0.120000,0.000000,0.716860,-0.017118,-0.004911,0.015113,-0.020790,-0.009699,0.010886,0.013852,0
1790542150.8104,-0.051244,-0.060312,-0.009920,-0.011770,-0.051244,0.000000,0.120000,0.000000,0.747261,-0.015373,-0.004947,0.010400,-0.018094,-0.009741,0.016065,0.013985,0
1790542150.8243,-0.041671,-0.046221,-0.000301,0.001644,-0.041671,0.000000,0.120000,0.000000,0.777550,-0.012501,-0.004976,0.017176,-0.013866,-0.009773,0.025284,0.013933,0
1790542150.8381,-0.029762,-0.030539,0.007679,0.009491,-0.029762,0.000000,0.120000,0.000000,0.807510,-0.008928,-0.004997,0.021604,-0.009162,-0.009794,0.028447,0.013782,0
1790542150.8521,-0.019378,-0.014489,0.007777,0.014599,-0.019378,0.000000,0.120000,0.000000,0.837849,-0.005813,-0.005010,0.018601,-0.004347,-0.009804,0.028750,0.013956,0
1790542150.8660,-0.019543,-0.005501,-0.011183,0.004641,-0.019543,0.000000,0.120000,0.000000,0.868191,-0.005863,-0.005024,-0.000296,-0.001650,-0.009808,0.016100,0.013957,0
1790542150.8800,-0.028159,-0.005917,-0.028960,-0.012334,-0.028159,0.000000,0.120000,0.000000,0.898459,-0.008448,-0.005043,-0.015469,-0.001775,-0.009812,-0.000746,0.013924,0
1790542150.8943,-0.030205,-0.008571,-0.017788,-0.017140,-0.030205,0.000000,0.120000,0.000000,0.928819,-0.009061,-0.005065,-0.003662,-0.002571,-0.009818,-0.004751,0.013965,0
1790542150.9088,-0.026783,-0.013241,-0.007296,-0.021750,-0.026783,0.000000,0.120000,0.000000,0.960748,-0.008035,-0.005084,0.005823,-0.003972,-0.009828,-0.007949,0.014687,0
1790542150.9227,-0.028414,-0.022389,-0.016527,-0.032821,-0.028414,0.000000,0.120000,0.000000,0.991324,-0.008524,-0.005104,-0.002899,-0.006717,-0.009844,-0.016260,0.014065,0
1790542150.9367,-0.018819,-0.034526,0.006459,-0.042009,-0.018819,0.000000,0.120000,0.000000,0.021605,-0.005646,-0.005117,0.017222,-0.010358,-0.009868,-0.021783,0.013929,0
1790542150.9503,-0.007049,-0.044257,0.014230,-0.040924,-0.007049,0.000000,0.120000,0.000000,0.051402,-0.002115,-0.005122,0.021467,-0.013277,-0.009898,-0.017749,0.013707,0
1790542150.9640,0.001124,-0.049671,0.010262,-0.034801,0.001124,0.000000,0.120000,0.000000,0.080923,0.000337,-0.005121,0.015046,-0.014901,-0.009932,-0.009968,0.013579,0
1790542150.9780,0.006750,-0.051772,0.006914,-0.029237,0.006750,0.000000,0.120000,0.000000,0.111480,0.002025,-0.005117,0.010006,-0.015532,-0.009968,-0.003736,0.014056,0
1790542150.9920,0.013903,-0.054248,0.011794,-0.030688,0.013903,0.000000,0.120000,0.000000,0.142018,0.004171,-0.005107,0.012730,-0.016275,-0.010006,-0.004407,0.014048,0
1790542151.0059,0.007202,-0.059210,-0.015028,-0.036759,0.007202,0.000000,0.120000,0.000000,0.172151,0.002160,-0.005102,-0.012086,-0.017763,-0.010048,-0.008949,0.013861,0
1790542151.0197,-0.002459,-0.051028,-0.023335,-0.010575,-0.002459,0.000000,0.120000,0.000000,0.202163,-0.000738,-0.005104,-0.017494,-0.015308,-0.010083,0.014816,0.013806,0
1790542151.0337,-0.006222,-0.036581,-0.013685,0.004680,-0.006222,0.000000,0.120000,0.000000,0.232639,-0.001867,-0.005108,-0.006711,-0.010974,-0.010108,0.025763,0.014019,0
1790542151.0476,-0.014043,-0.023639,-0.023421,0.006102,-0.014043,0.000000,0.120000,0.000000,0.262803,-0.004213,-0.005118,-0.014091,-0.007092,-0.010125,0.023319,0.013876,0
1790542151.0615,-0.026295,-0.007544,-0.034994,0.016465,-0.026295,0.000000,0.120000,0.000000,0.293114,-0.007889,-0.005136,-0.021969,-0.002263,-0.010130,0.028859,0.013943,0
1790542151.0755,-0.024617,-0.006772,-0.009525,-0.010781,-0.024617,0.000000,0.120000,0.000000,0.323388,-0.007385,-0.005153,0.003013,-0.002032,-0.010135,0.001386,0.013926,0
1790542151.0894,-0.022935,-0.013990,-0.009023,-0.027330,-0.022935,0.000000,0.120000,0.000000,0.353587,-0.006880,-0.005169,0.003027,-0.004197,-0.010144,-0.012989,0.013892,0
1790542151.1033,-0.028236,-0.020371,-0.023106,-0.027643,-0.028236,0.000000,0.120000,0.000000,0.384082,-0.008471,-0.005189,-0.009447,-0.006111,-0.010159,-0.011373,0.014028,0
1790542151.1173,-0.033800,-0.032562,-0.025366,-0.041891,-0.033800,0.000000,0.120000,0.000000,0.414280,-0.010140,-0.005212,-0.010014,-0.009769,-0.010181,-0.021941,0.013891,0
1790542151.1311,-0.037338,-0.047539,-0.022839,-0.051563,-0.037338,0.000000,0.120000,0.000000,0.444329,-0.011201,-0.005238,-0.006399,-0.014262,-0.010214,-0.027087,0.013823,0
1790542151.1452,-0.053766,-0.063647,-0.051123,-0.058490,-0.053766,0.000000,0.120000,0.000000,0.474374,-0.016130,-0.005275,-0.029717,-0.019094,-0.010258,-0.029137,0.013821,0
1790542151.1593,-0.069953,-0.080078,-0.054508,-0.062962,-0.069953,0.000000,0.120000,0.000000,0.505574,-0.020986,-0.005326,-0.028196,-0.024024,-0.010316,-0.028623,0.014352,0
1790542151.1729,-0.084019,-0.091411,-0.056385,-0.058584,-0.084019,0.000000,0.120000,0.000000,0.535208,-0.025206,-0.005383,-0.025796,-0.027423,-0.010378,-0.020783,0.013632,0
1790542151.1866,-0.091671,-0.096813,-0.046933,-0.049362,-0.091671,0.000000,0.120000,0.000000,0.564942,-0.027501,-0.005446,-0.013986,-0.029044,-0.010444,-0.009874,0.013678,0
1790542151.2001,-0.087622,-0.098432,-0.024356,-0.043016,-0.087622,0.000000,0.120000,0.000000,0.594535,-0.026287,-0.005505,0.007436,-0.029530,-0.010511,-0.002975,0.013613,0
1790542151.2141,-0.083273,-0.095801,-0.022726,-0.034586,-0.083273,0.000000,0.120000,0.000000,0.624765,-0.024982,-0.005563,0.007819,-0.028740,-0.010578,0.004732,0.013906,0
1790542151.2280,-0.080081,-0.096346,-0.023910,-0.040528,-0.080081,0.000000,0.120000,0.000000,0.655025,-0.024024,-0.005619,0.005733,-0.028904,-0.010645,-0.000980,0.013920,0
1790542151.2418,-0.071548,-0.096077,-0.011669,-0.039046,-0.071548,0.000000,0.120000,0.000000,0.685014,-0.021464,-0.005668,0.015464,-0.028823,-0.010711,0.000488,0.013795,0
1790542151.2558,-0.063689,-0.093070,-0.010790,-0.033330,-0.063689,0.000000,0.120000,0.000000,0.715459,-0.019107,-0.005713,0.014029,-0.027921,-0.010776,0.005367,0.014005,0
1790542151.2698,-0.058850,-0.086488,-0.014740,-0.024993,-0.058850,0.000000,0.120000,0.000000,0.745797,-0.017655,-0.005754,0.008669,-0.025946,-0.010837,0.011791,0.013956,0
1790542151.2837,-0.054022,-0.074585,-0.013345,-0.011930,-0.054022,0.000000,0.120000,0.000000,0.776119,-0.016207,-0.005791,0.008653,-0.022376,-0.010889,0.021335,0.013948,0
1790542151.2975,-0.049457,-0.059684,-0.012385,-0.001822,-0.049457,0.000000,0.120000,0.000000,0.806099,-0.014837,-0.005826,0.008277,-0.017905,-0.010930,0.027013,0.013791,0
1790542151.3114,-0.040659,-0.038339,-0.002242,0.015901,-0.040659,0.000000,0.120000,0.000000,0.836340,-0.012198,-0.005854,0.015809,-0.011502,-0.010956,0.038359,0.013911,0
1790542151.3257,-0.028880,-0.015220,0.006579,0.025913,-0.028880,0.000000,0.120000,0.000000,0.866656,-0.008664,-0.005874,0.021117,-0.004566,-0.010967,0.041446,0.013945,0
1790542151.3401,-0.029057,0.001611,-0.014915,0.018332,-0.029057,0.000000,0.120000,0.000000,0.898402,-0.008717,-0.005895,-0.000303,0.000483,-0.010966,0.028815,0.014603,0
1790542151.3541,-0.046043,-0.008838,-0.049921,-0.032190,-0.046043,0.000000,0.120000,0.000000,0.928991,-0.013813,-0.005928,-0.030180,-0.002651,-0.010972,-0.018566,0.014071,0
1790542151.3681,-0.030510,-0.015494,0.012502,-0.027458,-0.030510,0.000000,0.120000,0.000000,0.959574,-0.009153,-0.005949,0.027604,-0.004648,-0.010983,-0.011827,0.014068,0
1790542151.3820,-0.040531,-0.020826,-0.036164,-0.026838,-0.040531,0.000000,0.120000,0.000000,0.989784,-0.012159,-0.005977,-0.018028,-0.006248,-0.010998,-0.009593,0.013896,0
1790542151.3963,-0.041797,-0.032347,-0.020817,-0.041387,-0.041797,0.000000,0.120000,0.000000,0.020087,-0.012539,-0.006006,-0.002272,-0.009704,-0.011020,-0.020663,0.013939,0
1790542151.4105,-0.029123,-0.050939,0.007128,-0.058454,-0.029123,0.000000,0.120000,0.000000,0.051550,-0.008737,-0.006027,0.021892,-0.015282,-0.011057,-0.032115,0.014473,0
1790542151.4242,-0.014939,-0.065907,0.015232,-0.058048,-0.014939,0.000000,0.120000,0.000000,0.081485,-0.004482,-0.006038,0.025751,-0.019772,-0.011102,-0.027174,0.013770,0
1790542151.4384,-0.003239,-0.074805,0.013662,-0.049319,-0.003239,0.000000,0.120000,0.000000,0.112244,-0.000972,-0.006040,0.020673,-0.022441,-0.011155,-0.015722,0.014149,0
1790542151.4522,0.011793,-0.082516,0.024494,-0.049812,0.011793,0.000000,0.120000,0.000000,0.142513,0.003538,-0.006032,0.026988,-0.024755,-0.011213,-0.013844,0.013924,0
1790542151.4661,0.003371,-0.083489,-0.020205,-0.038072,0.003371,0.000000,0.120000,0.000000,0.172653,0.001011,-0.006029,-0.015187,-0.025047,-0.011271,-0.001755,0.013864,0
1790542151.4800,-0.007343,-0.070669,-0.027434,-0.009552,-0.007343,0.000000,0.120000,0.000000,0.202986,-0.002203,-0.006035,-0.019196,-0.021201,-0.011320,0.022969,0.013953,0
1790542151.4939,-0.015128,-0.053635,-0.024682,0.003404,-0.015128,0.000000,0.120000,0.000000,0.232994,-0.004538,-0.006045,-0.014099,-0.016091,-0.011357,0.030851,0.013803,0
1790542151.5080,-0.021481,-0.036368,-0.023784,0.008366,-0.021481,0.000000,0.120000,0.000000,0.263604,-0.006444,-0.006060,-0.011280,-0.010910,-0.011382,0.030659,0.014081,0
1790542151.5220,-0.037252,-0.024214,-0.045225,0.002885,-0.037252,0.000000,0.120000,0.000000,0.294256,-0.011176,-0.006086,-0.027963,-0.007264,-0.011400,0.021549,0.014100,0
1790542151.5360,-0.035483,-0.020046,-0.013574,-0.009929,-0.035483,0.000000,0.120000,0.000000,0.324467,-0.010645,-0.006111,0.003182,-0.006014,-0.011413,0.007498,0.013897,0
1790542151.5500,-0.038137,-0.022252,-0.022321,-0.022046,-0.038137,0.000000,0.120000,0.000000,0.354885,-0.011441,-0.006138,-0.004742,-0.006676,-0.011429,-0.003942,0.013992,0
1790542151.5639,-0.034512,-0.027260,-0.010035,-0.028579,-0.034512,0.000000,0.120000,0.000000,0.385286,-0.010354,-0.006162,0.006481,-0.008178,-0.011448,-0.008952,0.013984,0
1790542151.5778,-0.034097,-0.032600,-0.015668,-0.030869,-0.034097,0.000000,0.120000,0.000000,0.415463,-0.010229,-0.006186,0.000747,-0.009780,-0.011471,-0.009618,0.013881,0
1790542151.5918,-0.033388,-0.042880,-0.014958,-0.042746,-0.033388,0.000000,0.120000,0.000000,0.445857,-0.010016,-0.006209,0.001268,-0.012864,-0.011501,-0.018381,0.013981,0
1790542151.6057,-0.043155,-0.050556,-0.036709,-0.040475,-0.043155,0.000000,0.120000,0.000000,0.476147,-0.012946,-0.006239,-0.017524,-0.015167,-0.011536,-0.013772,0.013933,0
1790542151.6196,-0.053823,-0.057995,-0.041604,-0.042350,-0.053823,0.000000,0.120000,0.000000,0.506373,-0.016147,-0.006276,-0.019181,-0.017398,-0.011576,-0.013376,0.013904,0
1790542151.6340,-0.065272,-0.063771,-0.046631,-0.041209,-0.065272,0.000000,0.120000,0.000000,0.536393,-0.019582,-0.006321,-0.020728,-0.019131,-0.011620,-0.010458,0.013809,0
1790542151.6501,-0.069426,-0.065612,-0.034067,-0.034396,-0.069426,0.000000,0.120000,0.000000,0.569278,-0.020828,-0.006374,-0.006865,-0.019684,-0.011670,-0.003042,0.015127,0
1790542151.6645,-0.075098,-0.064791,-0.038045,-0.029843,-0.075098,0.000000,0.120000,0.000000,0.603222,-0.022530,-0.006433,-0.009082,-0.019437,-0.011720,0.001315,0.015615,0
1790542151.6788,-0.074604,-0.061978,-0.027995,-0.025402,-0.074604,0.000000,0.120000,0.000000,0.634071,-0.022381,-0.006486,0.000872,-0.018593,-0.011764,0.004956,0.014190,0
1790542151.6941,-0.068455,-0.057769,-0.017167,-0.022359,-0.068455,0.000000,0.120000,0.000000,0.667800,-0.020536,-0.006539,0.009908,-0.017331,-0.011809,0.006781,0.015516,0
1790542151.7081,-0.060147,-0.053695,-0.009806,-0.020687,-0.060147,0.000000,0.120000,0.000000,0.698268,-0.018044,-0.006581,0.014819,-0.016108,-0.011847,0.007268,0.014015,0
1790542151.7217,-0.048205,-0.047528,0.000612,-0.014939,-0.048205,0.000000,0.120000,0.000000,0.728194,-0.014462,-0.006614,0.021687,-0.014258,-0.011880,0.011199,0.013766,0
1790542151.7357,-0.039077,-0.037344,-0.002034,-0.004890,-0.039077,0.000000,0.120000,0.000000,0.758572,-0.011723,-0.006641,0.016331,-0.011203,-0.011906,0.018219,0.013974,0
1790542151.7497,-0.027460,-0.023565,0.005878,0.005653,-0.027460,0.000000,0.120000,0.000000,0.788960,-0.008238,-0.006660,0.020777,-0.007069,-0.011922,0.024644,0.013978,0
1790542151.7637,-0.022520,-0.014985,-0.004650,-0.001176,-0.022520,0.000000,0.120000,0.000000,0.819529,-0.006756,-0.006676,0.008783,-0.004496,-0.011933,0.015253,0.014062,0
1790542151.7776,-0.030703,-0.020801,-0.030643,-0.028660,-0.030703,0.000000,0.120000,0.000000,0.849711,-0.009211,-0.006698,-0.014735,-0.006240,-0.011947,-0.010473,0.013883,0
1790542151.7915,-0.027975,-0.031261,-0.010218,-0.040101,-0.027975,0.000000,0.120000,0.000000,0.880022,-0.008392,-0.006717,0.004891,-0.009378,-0.011969,-0.018754,0.013943,0
1790542151.8053,-0.021598,-0.042271,-0.001644,-0.044652,-0.021598,0.000000,0.120000,0.000000,0.909981,-0.006479,-0.006732,0.011567,-0.012681,-0.011998,-0.019973,0.013781,0
1790542151.8192,-0.021228,-0.047839,-0.012452,-0.036364,-0.021228,0.000000,0.120000,0.000000,0.940303,-0.006369,-0.006747,0.000663,-0.014352,-0.012031,-0.009981,0.013948,0
1790542151.8331,-0.015400,-0.051340,-0.000859,-0.033787,-0.015400,0.000000,0.120000,0.000000,0.970420,-0.004620,-0.006757,0.010518,-0.015402,-0.012067,-0.006318,0.013854,0
1790542151.8470,-0.004051,-0.059367,0.012383,-0.044318,-0.004051,0.000000,0.120000,0.000000,0.000716,-0.001215,-0.006760,0.020358,-0.017810,-0.012108,-0.014400,0.013936,0
1790542151.8607,0.010562,-0.067283,0.023280,-0.046891,0.010562,0.000000,0.120000,0.000000,0.030280,0.003169,-0.006753,0.026865,-0.020185,-0.012154,-0.014552,0.013599,0
1790542151.8743,0.016256,-0.073235,0.008496,-0.045005,0.016256,0.000000,0.120000,0.000000,0.060147,0.004877,-0.006742,0.010361,-0.021970,-0.012204,-0.010830,0.013739,0
1790542151.8879,0.019722,-0.077350,0.005577,-0.043049,0.019722,0.000000,0.120000,0.000000,0.089628,0.005917,-0.006729,0.006389,-0.023205,-0.012257,-0.007587,0.013561,0
1790542151.9022,0.009829,-0.078248,-0.021324,-0.037379,0.009829,0.000000,0.120000,0.000000,0.120263,0.002949,-0.006722,-0.017551,-0.023474,-0.012312,-0.001593,0.014092,0
1790542151.9166,0.003331,-0.072479,-0.016899,-0.024182,0.003331,0.000000,0.120000,0.000000,0.151850,0.000999,-0.006719,-0.011180,-0.021744,-0.012365,0.009926,0.014530,0
1790542151.9306,-0.003659,-0.062326,-0.020314,-0.012958,-0.003659,0.000000,0.120000,0.000000,0.182255,-0.001098,-0.006722,-0.012494,-0.018698,-0.012408,0.018148,0.013987,0
1790542151.9447,-0.010118,-0.049201,-0.021245,-0.003874,-0.010118,0.000000,0.120000,0.000000,0.212833,-0.003035,-0.006729,-0.011481,-0.014760,-0.012443,0.023329,0.014066,0
1790542151.9585,-0.011968,-0.036302,-0.013652,-0.000173,-0.011968,0.000000,0.120000,0.000000,0.243066,-0.003590,-0.006737,-0.003325,-0.010891,-0.012468,0.023186,0.013907,0
1790542151.9723,-0.015759,-0.027428,-0.018313,-0.004711,-0.015759,0.000000,0.120000,0.000000,0.273201,-0.004728,-0.006748,-0.006837,-0.008228,-0.012487,0.016004,0.013862,0
1790542151.9864,-0.020316,-0.016556,-0.021019,0.002008,-0.020316,0.000000,0.120000,0.000000,0.303545,-0.006095,-0.006762,-0.008162,-0.004967,-0.012499,0.019474,0.013958,0
1790542152.0002,-0.013759,-0.013998,0.000869,-0.012116,-0.013759,0.000000,0.120000,0.000000,0.333826,-0.004128,-0.006772,0.011769,-0.004199,-0.012508,0.004591,0.013929,0
1790542152.0140,-0.015917,-0.021255,-0.015461,-0.032028,-0.015917,0.000000,0.120000,0.000000,0.363872,-0.004775,-0.006783,-0.003903,-0.006377,-0.012523,-0.013128,0.013821,0
1790542152.0279,-0.017605,-0.030986,-0.015131,-0.039444,-0.017605,0.000000,0.120000,0.000000,0.393913,-0.005281,-0.006795,-0.003054,-0.009296,-0.012544,-0.017604,0.013819,0
1790542152.0419,-0.011169,-0.038704,0.001312,-0.037932,-0.011169,0.000000,0.120000,0.000000,0.424421,-0.003351,-0.006803,0.011466,-0.011611,-0.012572,-0.013749,0.014033,0
1790542152.0558,-0.019521,-0.047652,-0.027715,-0.043017,-0.019521,0.000000,0.120000,0.000000,0.454596,-0.005856,-0.006816,-0.015042,-0.014296,-0.012605,-0.016116,0.013881,0
1790542152.0698,-0.032143,-0.060592,-0.039102,-0.054014,-0.032143,0.000000,0.120000,0.000000,0.484924,-0.009643,-0.006839,-0.022620,-0.018178,-0.012647,-0.023189,0.013951,0
1790542152.0836,-0.050014,-0.070122,-0.053936,-0.050828,-0.050014,0.000000,0.120000,0.000000,0.515218,-0.015004,-0.006874,-0.032059,-0.021037,-0.012696,-0.017095,0.013936,0
1790542152.0972,-0.070535,-0.076719,-0.066146,-0.048000,-0.070535,0.000000,0.120000,0.000000,0.544519,-0.021161,-0.006921,-0.038064,-0.023016,-0.012748,-0.012236,0.013478,0
1790542152.1109,-0.081490,-0.084247,-0.051401,-0.051806,-0.081490,0.000000,0.120000,0.000000,0.574324,-0.024447,-0.006977,-0.019977,-0.025274,-0.012805,-0.013727,0.013710,0
1790542152.1250,-0.080059,-0.093022,-0.028512,-0.056343,-0.080059,0.000000,0.120000,0.000000,0.604964,-0.024018,-0.007034,0.002539,-0.027907,-0.012871,-0.015565,0.014095,0
1790542152.1389,-0.073715,-0.096027,-0.017741,-0.047172,-0.073715,0.000000,0.120000,0.000000,0.635056,-0.022114,-0.007085,0.011458,-0.028808,-0.012937,-0.005427,0.013842,0
1790542152.1529,-0.066674,-0.097947,-0.014506,-0.045834,-0.066674,0.000000,0.120000,0.000000,0.665363,-0.020002,-0.007131,0.012627,-0.029384,-0.013006,-0.003444,0.013941,0
1790542152.1673,-0.061609,-0.096599,-0.016898,-0.039723,-0.061609,0.000000,0.120000,0.000000,0.696785,-0.018483,-0.007176,0.008760,-0.028980,-0.013075,0.002332,0.014454,0
1790542152.1813,-0.056296,-0.089362,-0.014625,-0.027033,-0.056296,0.000000,0.120000,0.000000,0.727245,-0.016889,-0.007215,0.009479,-0.026809,-0.013138,0.012913,0.014012,0
1790542152.1951,-0.051542,-0.076927,-0.014158,-0.013892,-0.051542,0.000000,0.120000,0.000000,0.757446,-0.015462,-0.007251,0.008556,-0.023078,-0.013191,0.022377,0.013892,0
1790542152.2090,-0.047838,-0.063729,-0.014952,-0.008541,-0.047838,0.000000,0.120000,0.000000,0.787568,-0.014351,-0.007284,0.006683,-0.019119,-0.013236,0.023813,0.013856,0
1790542152.2229,-0.039331,-0.047427,-0.003832,0.001781,-0.039331,0.000000,0.120000,0.000000,0.817827,-0.011799,-0.007311,0.015278,-0.014228,-0.013269,0.029278,0.013919,0
1790542152.2368,-0.030271,-0.026427,-0.000063,0.016684,-0.030271,0.000000,0.120000,0.000000,0.847943,-0.009081,-0.007332,0.016351,-0.007928,-0.013287,0.037899,0.013853,0
1790542152.2508,-0.017400,-0.005613,0.010341,0.022068,-0.017400,0.000000,0.120000,0.000000,0.878481,-0.005220,-0.007344,0.022906,-0.001684,-0.013291,0.037042,0.014047,0
1790542152.2646,-0.034356,-0.009653,-0.048310,-0.023492,-0.034356,0.000000,0.120000,0.000000,0.908562,-0.010307,-0.007368,-0.030635,-0.002896,-0.013298,-0.007299,0.013837,0
1790542152.2784,-0.042916,-0.027903,-0.035789,-0.054772,-0.042916,0.000000,0.120000,0.000000,0.938543,-0.012875,-0.007398,-0.015516,-0.008371,-0.013317,-0.033084,0.013791,0
1790542152.2924,-0.036258,-0.032222,-0.006404,-0.030723,-0.036258,0.000000,0.120000,0.000000,0.968957,-0.010877,-0.007423,0.011897,-0.009667,-0.013339,-0.007717,0.013990,0
1790542152.3063,-0.042197,-0.041218,-0.030833,-0.041974,-0.042197,0.000000,0.120000,0.000000,0.999062,-0.012659,-0.007452,-0.010721,-0.012365,-0.013368,-0.016240,0.013848,0
1790542152.3203,-0.032423,-0.057785,0.000155,-0.060165,-0.032423,0.000000,0.120000,0.000000,0.029665,-0.009727,-0.007475,0.017357,-0.017336,-0.013409,-0.029421,0.014078,0
1790542152.3339,-0.017737,-0.074032,0.014255,-0.065608,-0.017737,0.000000,0.120000,0.000000,0.059157,-0.005321,-0.007487,0.027064,-0.022210,-0.013459,-0.029940,0.013566,0
1790542152.3475,-0.005224,-0.084147,0.013889,-0.057310,-0.005224,0.000000,0.120000,0.000000,0.088793,-0.001567,-0.007491,0.022947,-0.025244,-0.013516,-0.018550,0.013633,0
1790542152.3615,0.009326,-0.094602,0.021354,-0.060672,0.009326,0.000000,0.120000,0.000000,0.119160,0.002798,-0.007484,0.026040,-0.028380,-0.013582,-0.018710,0.013969,0
1790542152.3753,0.006134,-0.102123,-0.011379,-0.057812,0.006134,0.000000,0.120000,0.000000,0.149390,0.001840,-0.007480,-0.005739,-0.030637,-0.013653,-0.013522,0.013906,0
1790542152.3892,-0.005104,-0.093170,-0.029286,-0.025517,-0.005104,0.000000,0.120000,0.000000,0.179518,-0.001531,-0.007484,-0.020271,-0.027951,-0.013718,0.016152,0.013859,0
1790542152.4037,-0.014130,-0.077482,-0.027710,-0.009247,-0.014130,0.000000,0.120000,0.000000,0.210220,-0.004239,-0.007494,-0.015978,-0.023245,-0.013772,0.027770,0.014123,0
1790542152.4181,-0.016391,-0.061062,-0.016302,-0.003972,-0.016391,0.000000,0.120000,0.000000,0.241905,-0.004917,-0.007506,-0.003879,-0.018319,-0.013817,0.028164,0.014575,0
1790542152.4323,-0.021303,-0.042774,-0.022548,0.005476,-0.021303,0.000000,0.120000,0.000000,0.272815,-0.006391,-0.007521,-0.008637,-0.012832,-0.013847,0.032155,0.014219,0
1790542152.4462,-0.027500,-0.021508,-0.026874,0.017723,-0.027500,0.000000,0.120000,0.000000,0.303200,-0.008250,-0.007540,-0.011084,-0.006452,-0.013862,0.038038,0.013977,0
1790542152.4601,-0.025919,-0.002300,-0.012487,0.020036,-0.025919,0.000000,0.120000,0.000000,0.333379,-0.007776,-0.007558,0.002847,-0.000690,-0.013864,0.034590,0.013882,0
1790542152.4739,-0.015730,0.000492,0.006051,-0.008690,-0.015730,0.000000,0.120000,0.000000,0.363577,-0.004719,-0.007569,0.018338,0.000148,-0.013864,0.005026,0.013891,0
1790542152.4878,-0.009136,0.002646,0.001586,-0.009181,-0.009136,0.000000,0.120000,0.000000,0.393686,-0.002741,-0.007575,0.011902,0.000794,-0.013862,0.003887,0.013850,0
1790542152.5018,-0.007938,0.000665,-0.007809,-0.017222,-0.007938,0.000000,0.120000,0.000000,0.423922,-0.002381,-0.007581,0.002154,0.000200,-0.013861,-0.003560,0.013908,0
1790542152.5157,-0.004950,-0.006390,-0.003732,-0.028382,-0.004950,0.000000,0.120000,0.000000,0.454355,-0.001485,-0.007584,0.005337,-0.001917,-0.013866,-0.012600,0.013999,0
1790542152.5296,-0.008513,-0.013246,-0.016558,-0.030192,-0.008513,0.000000,0.120000,0.000000,0.484545,-0.002554,-0.007590,-0.006414,-0.003974,-0.013875,-0.012343,0.013888,0
1790542152.5434,-0.018777,-0.018801,-0.031806,-0.029577,-0.018777,0.000000,0.120000,0.000000,0.514586,-0.005633,-0.007603,-0.018570,-0.005640,-0.013888,-0.010049,0.013819,0
1790542152.5569,-0.027271,-0.021563,-0.031576,-0.025502,-0.027271,0.000000,0.120000,0.000000,0.543852,-0.008181,-0.007621,-0.015774,-0.006469,-0.013903,-0.005130,0.013463,0
1790542152.5705,-0.029965,-0.021556,-0.021555,-0.020370,-0.029965,0.000000,0.120000,0.000000,0.573582,-0.008989,-0.007642,-0.004923,-0.006467,-0.013917,0.000014,0.013675,0
1790542152.5843,-0.032942,-0.018075,-0.022931,-0.013061,-0.032942,0.000000,0.120000,0.000000,0.603646,-0.009883,-0.007665,-0.005383,-0.005423,-0.013930,0.006291,0.013829,0
1790542152.5981,-0.032976,-0.014510,-0.017641,-0.011826,-0.032976,0.000000,0.120000,0.000000,0.633611,-0.009893,-0.007687,-0.000061,-0.004353,-0.013940,0.006467,0.013784,0
1790542152.6119,-0.029913,-0.008737,-0.011126,-0.006094,-0.029913,0.000000,0.120000,0.000000,0.663568,-0.008974,-0.007708,0.005556,-0.002621,-0.013946,0.010473,0.013780,0
1790542152.6258,-0.027785,-0.001770,-0.012231,-0.001935,-0.027785,0.000000,0.120000,0.000000,0.693756,-0.008336,-0.007727,0.003832,-0.000531,-0.013947,0.012543,0.013886,0
1790542152.6396,-0.021690,0.002351,-0.003246,-0.005802,-0.021690,0.000000,0.120000,0.000000,0.723860,-0.006507,-0.007742,0.011003,0.000705,-0.013945,0.007439,0.013848,0
1790542152.6534,-0.019186,0.006994,-0.008966,-0.003415,-0.019186,0.000000,0.120000,0.000000,0.753805,-0.005756,-0.007755,0.004546,0.002098,-0.013941,0.008427,0.013775,0
1790542152.6679,-0.020407,-0.000245,-0.016024,-0.026644,-0.020407,0.000000,0.120000,0.000000,0.784957,-0.006122,-0.007770,-0.002131,-0.000074,-0.013941,-0.012630,0.014330,0
1790542152.6820,-0.019132,-0.006130,-0.011287,-0.026100,-0.019132,0.000000,0.120000,0.000000,0.815959,-0.005740,-0.007784,0.002236,-0.001839,-0.013945,-0.010316,0.014261,0
1790542152.6961,-0.014025,-0.013782,-0.002867,-0.031775,-0.014025,0.000000,0.120000,0.000000,0.846343,-0.004208,-0.007794,0.009134,-0.004134,-0.013955,-0.013686,0.013977,0
1790542152.7100,-0.005647,-0.024455,0.005469,-0.040366,-0.005647,0.000000,0.120000,0.000000,0.876781,-0.001694,-0.007797,0.014960,-0.007336,-0.013972,-0.019058,0.014001,0
1790542152.7240,-0.002157,-0.029697,-0.002234,-0.032236,-0.002157,0.000000,0.120000,0.000000,0.907305,-0.000647,-0.007799,0.006212,-0.008909,-0.013993,-0.009334,0.014041,0
1790542152.7379,0.000527,-0.029227,-0.002801,-0.021933,0.000527,0.000000,0.120000,0.000000,0.937449,0.000158,-0.007799,0.004840,-0.008768,-0.014013,0.000848,0.013866,0
1790542152.7519,0.008430,-0.031973,0.008875,-0.028541,0.008430,0.000000,0.120000,0.000000,0.967825,0.002529,-0.007793,0.014139,-0.009592,-0.014035,-0.004914,0.013973,0
1790542152.7659,0.015320,-0.038805,0.009119,-0.037904,0.015320,0.000000,0.120000,0.000000,0.998260,0.004596,-0.007782,0.012305,-0.011642,-0.014062,-0.012200,0.014000,0
1790542152.7797,0.018914,-0.039434,0.004403,-0.027057,0.018914,0.000000,0.120000,0.000000,0.028314,0.005674,-0.007769,0.006498,-0.011830,-0.014090,-0.001137,0.013825,0
1790542152.7933,0.020557,-0.040052,0.001447,-0.027273,0.020557,0.000000,0.120000,0.000000,0.057753,0.006167,-0.007755,0.003035,-0.012016,-0.014117,-0.001141,0.013542,0
1790542152.8068,0.020476,-0.042842,-0.001748,-0.032133,0.020476,0.000000,0.120000,0.000000,0.087286,0.006143,-0.007741,-0.000150,-0.012853,-0.014146,-0.005134,0.013585,0
1790542152.8208,0.021352,-0.045668,0.000250,-0.032944,0.021352,0.000000,0.120000,0.000000,0.117606,0.006406,-0.007726,0.001571,-0.013700,-0.014178,-0.005066,0.013947,0
1790542152.8347,0.011865,-0.044441,-0.021188,-0.025339,0.011865,0.000000,0.120000,0.000000,0.147884,0.003559,-0.007718,-0.017030,-0.013332,-0.014209,0.002202,0.013928,0
1790542152.8487,0.002129,-0.038165,-0.024498,-0.014456,0.002129,0.000000,0.120000,0.000000,0.178257,0.000639,-0.007716,-0.017420,-0.011450,-0.014235,0.011229,0.013972,0
1790542152.8624,-0.005051,-0.027487,-0.022273,-0.003109,-0.005051,0.000000,0.120000,0.000000,0.208187,-0.001515,-0.007720,-0.013038,-0.008246,-0.014254,0.019391,0.013767,0
1790542152.8764,-0.009205,-0.016222,-0.017923,0.001027,-0.009205,0.000000,0.120000,0.000000,0.238556,-0.002762,-0.007726,-0.007435,-0.004866,-0.014266,0.020160,0.013970,0
1790542152.8903,-0.015631,-0.004350,-0.023972,0.005756,-0.015631,0.000000,0.120000,0.000000,0.268804,-0.004689,-0.007737,-0.011546,-0.001305,-0.014269,0.021329,0.013914,0
1790542152.9047,-0.012005,-0.001783,-0.004909,-0.010247,-0.012005,0.000000,0.120000,0.000000,0.299415,-0.003601,-0.007746,0.006438,-0.000535,-0.014270,0.004558,0.014081,0
1790542152.9191,-0.010022,-0.008259,-0.007347,-0.027899,-0.010022,0.000000,0.120000,0.000000,0.330994,-0.003007,-0.007753,0.003412,-0.002478,-0.014276,-0.011146,0.014526,0
1790542152.9331,-0.014918,-0.020249,-0.020976,-0.041760,-0.014918,0.000000,0.120000,0.000000,0.361449,-0.004475,-0.007763,-0.008737,-0.006075,-0.014290,-0.021395,0.014009,0
1790542152.9471,-0.015197,-0.033871,-0.012827,-0.048558,-0.015197,0.000000,0.120000,0.000000,0.392192,-0.004559,-0.007774,-0.000493,-0.010161,-0.014314,-0.024082,0.014142,0
1790542152.9611,-0.013532,-0.043679,-0.008864,-0.044994,-0.013532,0.000000,0.120000,0.000000,0.422571,-0.004060,-0.007784,0.002980,-0.013104,-0.014345,-0.017546,0.013974,0
1790542152.9750,-0.026986,-0.052115,-0.039994,-0.045124,-0.026986,0.000000,0.120000,0.000000,0.452918,-0.008096,-0.007802,-0.024095,-0.015635,-0.014381,-0.015109,0.013960,0
1790542152.9889,-0.041915,-0.062786,-0.047383,-0.052542,-0.041915,0.000000,0.120000,0.000000,0.482993,-0.012574,-0.007831,-0.026977,-0.018836,-0.014424,-0.019282,0.013834,0
1790542153.0028,-0.059898,-0.069188,-0.058046,-0.046694,-0.059898,0.000000,0.120000,0.000000,0.513342,-0.017969,-0.007873,-0.032203,-0.020756,-0.014473,-0.011465,0.013961,0
1790542153.0164,-0.071625,-0.074573,-0.050921,-0.046774,-0.071625,0.000000,0.120000,0.000000,0.542970,-0.021487,-0.007922,-0.021512,-0.022372,-0.014524,-0.009878,0.013629,0
1790542153.0300,-0.075591,-0.077716,-0.037973,-0.043694,-0.075591,0.000000,0.120000,0.000000,0.572403,-0.022677,-0.007973,-0.007323,-0.023315,-0.014576,-0.005803,0.013539,0
1790542153.0439,-0.073770,-0.082146,-0.026878,-0.047254,-0.073770,0.000000,0.120000,0.000000,0.602583,-0.022131,-0.008024,0.003278,-0.024644,-0.014633,-0.007977,0.013883,0
1790542153.0578,-0.067644,-0.084679,-0.017365,-0.044644,-0.067644,0.000000,0.120000,0.000000,0.632853,-0.020293,-0.008072,0.011000,-0.025404,-0.014692,-0.004548,0.013924,0
1790542153.0716,-0.059546,-0.085875,-0.011330,-0.042676,-0.059546,0.000000,0.120000,0.000000,0.662904,-0.017864,-0.008113,0.014646,-0.025762,-0.014751,-0.002162,0.013823,0
1790542153.0855,-0.054838,-0.086077,-0.016144,-0.040997,-0.054838,0.000000,0.120000,0.000000,0.693147,-0.016452,-0.008151,0.008459,-0.025823,-0.014811,-0.000363,0.013912,0
1790542153.0995,-0.044396,-0.078934,-0.002823,-0.025770,-0.044396,0.000000,0.120000,0.000000,0.723529,-0.013319,-0.008182,0.018678,-0.023680,-0.014866,0.012777,0.013976,0
1790542153.1135,-0.039215,-0.067005,-0.010724,-0.013720,-0.039215,0.000000,0.120000,0.000000,0.753972,-0.011765,-0.008209,0.009250,-0.020102,-0.014913,0.021295,0.014004,0
1790542153.1275,-0.034021,-0.049573,-0.009166,0.001308,-0.034021,0.000000,0.120000,0.000000,0.784409,-0.010206,-0.008233,0.009274,-0.014872,-0.014948,0.031128,0.014001,0
1790542153.1415,-0.023587,-0.030761,0.003318,0.009413,-0.023587,0.000000,0.120000,0.000000,0.814826,-0.007076,-0.008250,0.018644,-0.009228,-0.014970,0.033612,0.013992,0
1790542153.1556,-0.012650,-0.012118,0.007611,0.014909,-0.012650,0.000000,0.120000,0.000000,0.845052,-0.003795,-0.008258,0.019664,-0.003635,-0.014978,0.033522,0.013904,0
1790542153.1698,-0.005222,0.004338,0.003141,0.015058,-0.005222,0.000000,0.120000,0.000000,0.876178,-0.001567,-0.008262,0.012970,0.001301,-0.014975,0.028732,0.014318,0
1790542153.1839,-0.016514,-0.001446,-0.033168,-0.025624,-0.016514,0.000000,0.120000,0.000000,0.906954,-0.004954,-0.008274,-0.019940,-0.000434,-0.014976,-0.010214,0.014157,0
1790542153.1979,-0.022840,-0.008404,-0.026493,-0.029986,-0.022840,0.000000,0.120000,0.000000,0.937245,-0.006852,-0.008290,-0.011352,-0.002521,-0.014982,-0.012483,0.013934,0
1790542153.2117,-0.030322,-0.008922,-0.030866,-0.018597,-0.030322,0.000000,0.120000,0.000000,0.967454,-0.009096,-0.008311,-0.013459,-0.002677,-0.014988,-0.000932,0.013896,0
1790542153.2257,-0.036945,-0.012453,-0.031265,-0.025049,-0.036945,0.000000,0.120000,0.000000,0.997842,-0.011083,-0.008337,-0.011845,-0.003736,-0.014997,-0.006316,0.013978,0
1790542153.2397,-0.025957,-0.025084,0.003488,-0.045104,-0.025957,0.000000,0.120000,0.000000,0.028263,-0.007787,-0.008355,0.019630,-0.007525,-0.015014,-0.022564,0.013994,0
1790542153.2533,-0.012698,-0.037160,0.012098,-0.048295,-0.012698,0.000000,0.120000,0.000000,0.057952,-0.003809,-0.008364,0.024271,-0.011148,-0.015040,-0.022108,0.013657,0
1790542153.2670,-0.006644,-0.044730,0.000748,-0.042381,-0.006644,0.000000,0.120000,0.000000,0.087565,-0.001993,-0.008368,0.011110,-0.013419,-0.015070,-0.013892,0.013622,0
1790542153.2809,0.002104,-0.051248,0.007948,-0.042165,0.002104,0.000000,0.120000,0.000000,0.117879,0.000631,-0.008367,0.015684,-0.015374,-0.015106,-0.011685,0.013945,0
1790542153.2948,0.012797,-0.058050,0.014707,-0.044792,0.012797,0.000000,0.120000,0.000000,0.148106,0.003839,-0.008358,0.019226,-0.017415,-0.015146,-0.012231,0.013904,0
1790542153.3088,0.004252,-0.059239,-0.022384,-0.035089,0.004252,0.000000,0.120000,0.000000,0.178449,0.001276,-0.008355,-0.015305,-0.017772,-0.015188,-0.002130,0.013958,0
1790542153.3226,-0.008992,-0.048626,-0.034903,-0.010701,-0.008992,0.000000,0.120000,0.000000,0.208635,-0.002697,-0.008361,-0.023844,-0.014588,-0.015221,0.019108,0.013886,0
1790542153.3367,-0.019240,-0.032068,-0.032430,0.004675,-0.019240,0.000000,0.120000,0.000000,0.239100,-0.005772,-0.008374,-0.018283,-0.009620,-0.015244,0.029539,0.014014,0
1790542153.3507,-0.026554,-0.014841,-0.029401,0.011013,-0.026554,0.000000,0.120000,0.000000,0.269577,-0.007966,-0.008393,-0.013041,-0.004452,-0.015254,0.030720,0.014019,0
1790542153.3647,-0.032098,0.005453,-0.027951,0.022648,-0.032098,0.000000,0.120000,0.000000,0.299993,-0.009629,-0.008416,-0.009907,0.001636,-0.015250,0.036262,0.013991,0
1790542153.3786,-0.024427,0.007786,-0.001987,-0.008722,-0.024427,0.000000,0.120000,0.000000,0.330260,-0.007328,-0.008433,0.013774,0.002336,-0.015245,0.004188,0.013923,0
1790542153.3925,-0.021979,0.006059,-0.010644,-0.016525,-0.021979,0.000000,0.120000,0.000000,0.360515,-0.006594,-0.008448,0.004397,0.001818,-0.015241,-0.003102,0.013917,0
1790542153.4068,-0.018949,-0.001514,-0.008747,-0.029187,-0.018949,0.000000,0.120000,0.000000,0.391023,-0.005685,-0.008461,0.005398,-0.000454,-0.015242,-0.013491,0.014034,0
1790542153.4212,-0.018267,-0.011573,-0.012781,-0.036026,-0.018267,0.000000,0.120000,0.000000,0.422617,-0.005480,-0.008474,0.001173,-0.003472,-0.015250,-0.017304,0.014533,0
1790542153.4353,-0.023930,-0.021930,-0.025725,-0.040231,-0.023930,0.000000,0.120000,0.000000,0.453228,-0.007179,-0.008491,-0.010055,-0.006579,-0.015266,-0.018387,0.014081,0
1790542153.4492,-0.037593,-0.033036,-0.044165,-0.045009,-0.037593,0.000000,0.120000,0.000000,0.483698,-0.011278,-0.008518,-0.024370,-0.009911,-0.015289,-0.019810,0.014016,0
1790542153.4631,-0.050362,-0.043931,-0.046569,-0.048043,-0.050362,0.000000,0.120000,0.000000,0.513994,-0.015109,-0.008553,-0.022907,-0.013179,-0.015319,-0.019544,0.013936,0
1790542153.4767,-0.063262,-0.050916,-0.051370,-0.043515,-0.063262,0.000000,0.120000,0.000000,0.543455,-0.018978,-0.008596,-0.023796,-0.015275,-0.015354,-0.012886,0.013552,0
1790542153.4903,-0.068598,-0.054567,-0.039013,-0.038460,-0.068598,0.000000,0.120000,0.000000,0.573076,-0.020579,-0.008642,-0.009791,-0.016370,-0.015391,-0.006699,0.013626,0
1790542153.5043,-0.068409,-0.055810,-0.028876,-0.034392,-0.068409,0.000000,0.120000,0.000000,0.603518,-0.020523,-0.008690,0.000337,-0.016743,-0.015430,-0.002219,0.014004,0
1790542153.5182,-0.066739,-0.057576,-0.025752,-0.035920,-0.066739,0.000000,0.120000,0.000000,0.633713,-0.020022,-0.008737,0.003006,-0.017273,-0.015470,-0.003177,0.013890,0
1790542153.5322,-0.059763,-0.056782,-0.014231,-0.031125,-0.059763,0.000000,0.120000,0.000000,0.664103,-0.017929,-0.008778,0.012476,-0.017035,-0.015510,0.001420,0.013979,0
1790542153.5461,-0.057104,-0.052568,-0.021188,-0.023770,-0.057104,0.000000,0.120000,0.000000,0.694447,-0.017131,-0.008818,0.004761,-0.015770,-0.015547,0.007547,0.013958,0
1790542153.5600,-0.051846,-0.047147,-0.014921,-0.019943,-0.051846,0.000000,0.120000,0.000000,0.724569,-0.015554,-0.008854,0.009487,-0.014144,-0.015579,0.009780,0.013856,0
1790542153.5739,-0.039732,-0.036056,0.000981,-0.006477,-0.039732,0.000000,0.120000,0.000000,0.754794,-0.011920,-0.008882,0.021783,-0.010817,-0.015604,0.019944,0.013904,0
1790542153.5878,-0.030942,-0.022723,-0.002383,0.001533,-0.030942,0.000000,0.120000,0.000000,0.785023,-0.009283,-0.008903,0.015803,-0.006817,-0.015620,0.023970,0.013905,0
1790542153.6016,-0.020624,-0.007048,0.003605,0.010685,-0.020624,0.000000,0.120000,0.000000,0.814994,-0.006187,-0.008917,0.018710,-0.002114,-0.015625,0.028425,0.013787,0
1790542153.6155,-0.017718,0.002327,-0.009029,0.001901,-0.017718,0.000000,0.120000,0.000000,0.845277,-0.005315,-0.008930,0.005216,0.000698,-0.015623,0.016826,0.013930,0
1790542153.6293,-0.021804,0.001088,-0.022866,-0.017535,-0.021804,0.000000,0.120000,0.000000,0.875367,-0.006541,-0.008945,-0.007380,0.000326,-0.015623,-0.002239,0.013841,0
1790542153.6433,-0.014697,-0.006418,-0.000634,-0.030997,-0.014697,0.000000,0.120000,0.000000,0.905705,-0.004409,-0.008955,0.012730,-0.001925,-0.015627,-0.013445,0.013956,0
1790542153.6576,-0.016725,-0.010508,-0.017642,-0.026166,-0.016725,0.000000,0.120000,0.000000,0.935829,-0.005017,-0.008967,-0.003658,-0.003152,-0.015634,-0.007379,0.013857,0
1790542153.6718,-0.018890,-0.019448,-0.018369,-0.036848,-0.018890,0.000000,0.120000,0.000000,0.967451,-0.005667,-0.008980,-0.003721,-0.005834,-0.015648,-0.015365,0.014546,0
1790542153.6858,-0.011173,-0.027833,0.001449,-0.039001,-0.011173,0.000000,0.120000,0.000000,0.997865,-0.003352,-0.008988,0.013789,-0.008350,-0.015668,-0.014983,0.013990,0
1790542153.6997,-0.003184,-0.037428,0.004353,-0.044096,-0.003184,0.000000,0.120000,0.000000,0.028231,-0.000955,-0.008990,0.014299,-0.011229,-0.015694,-0.017174,0.013968,0
1790542153.7140,0.007584,-0.043171,0.012817,-0.039090,0.007584,0.000000,0.120000,0.000000,0.058198,0.002275,-0.008985,0.019527,-0.012951,-0.015724,-0.010415,0.013785,0
1790542153.7289,0.016427,-0.049435,0.010598,-0.040962,0.016427,0.000000,0.120000,0.000000,0.091024,0.004928,-0.008973,0.014642,-0.014830,-0.015761,-0.010370,0.015100,0
1790542153.7433,0.024219,-0.057270,0.011707,-0.046457,0.024219,0.000000,0.120000,0.000000,0.122632,0.007266,-0.008955,0.013397,-0.017181,-0.015803,-0.013473,0.014540,0
1790542153.7573,0.016031,-0.059477,-0.018585,-0.037582,0.016031,0.000000,0.120000,0.000000,0.153427,0.004809,-0.008944,-0.014450,-0.017843,-0.015845,-0.003894,0.014165,0
1790542153.7720,0.003906,-0.047768,-0.028912,-0.009792,0.003906,0.000000,0.120000,0.000000,0.184595,0.001172,-0.008941,-0.021143,-0.014330,-0.015879,0.020417,0.014337,0
1790542153.7860,-0.000817,-0.032440,-0.017454,0.001199,-0.000817,0.000000,0.120000,0.000000,0.215640,-0.000245,-0.008942,-0.008268,-0.009732,-0.015902,0.026833,0.014281,0
1790542153.7996,-0.009086,-0.018762,-0.026733,0.003364,-0.009086,0.000000,0.120000,0.000000,0.245484,-0.002726,-0.008948,-0.015059,-0.005629,-0.015915,0.024908,0.013728,0
1790542153.8136,-0.018708,-0.005133,-0.031842,0.007005,-0.018708,0.000000,0.120000,0.000000,0.275764,-0.005612,-0.008961,-0.017269,-0.001540,-0.015919,0.024463,0.013929,0
1790542153.8274,-0.024465,0.006189,-0.026703,0.006365,-0.024465,0.000000,0.120000,0.000000,0.305892,-0.007340,-0.008978,-0.010386,0.001857,-0.015914,0.020422,0.013859,0
1790542153.8414,-0.020067,0.002764,-0.007179,-0.021184,-0.020067,0.000000,0.120000,0.000000,0.336407,-0.006020,-0.008992,0.007833,0.000829,-0.015913,-0.006100,0.014037,0
1790542153.8554,-0.009769,-0.002559,0.006472,-0.026194,-0.009769,0.000000,0.120000,0.000000,0.366820,-0.002931,-0.008999,0.018402,-0.000768,-0.015914,-0.009512,0.013990,0
1790542153.8692,-0.011163,-0.010328,-0.014881,-0.033101,-0.011163,0.000000,0.120000,0.000000,0.396804,-0.003349,-0.009006,-0.002526,-0.003098,-0.015921,-0.014081,0.013793,0
1790542153.8831,-0.011743,-0.022121,-0.013580,-0.043781,-0.011743,0.000000,0.120000,0.000000,0.427026,-0.003523,-0.009015,-0.001043,-0.006636,-0.015937,-0.021208,0.013902,0
1790542153.8970,-0.022137,-0.035730,-0.034319,-0.051095,-0.022137,0.000000,0.120000,0.000000,0.457319,-0.006641,-0.009030,-0.018647,-0.010719,-0.015962,-0.024415,0.013935,0
1790542153.9114,-0.041649,-0.044867,-0.056302,-0.045724,-0.041649,0.000000,0.120000,0.000000,0.487838,-0.012495,-0.009059,-0.034747,-0.013460,-0.015993,-0.016271,0.014039,0
1790542153.9261,-0.057181,-0.053929,-0.052350,-0.047438,-0.057181,0.000000,0.120000,0.000000,0.520187,-0.017154,-0.009102,-0.026094,-0.016179,-0.016033,-0.015226,0.014880,0
1790542153.9399,-0.069258,-0.060074,-0.051658,-0.045154,-0.069258,0.000000,0.120000,0.000000,0.550391,-0.020777,-0.009150,-0.021731,-0.018022,-0.016075,-0.011057,0.013894,0
1790542153.9535,-0.073154,-0.063774,-0.038308,-0.042052,-0.073154,0.000000,0.120000,0.000000,0.579953,-0.021946,-0.009200,-0.007162,-0.019132,-0.016118,-0.006802,0.013599,0
1790542153.9676,-0.073872,-0.065894,-0.032691,-0.039703,-0.073872,0.000000,0.120000,0.000000,0.610525,-0.022162,-0.009252,-0.001278,-0.019768,-0.016165,-0.003770,0.014063,0
1790542153.9815,-0.070224,-0.067909,-0.023813,-0.040205,-0.070224,0.000000,0.120000,0.000000,0.640770,-0.021067,-0.009301,0.006555,-0.020373,-0.016212,-0.003620,0.013913,0
1790542153.9955,-0.064361,-0.067696,-0.018204,-0.036188,-0.064361,0.000000,0.120000,0.000000,0.671261,-0.019308,-0.009346,0.010450,-0.020309,-0.016259,0.000380,0.014026,0
1790542154.0093,-0.060052,-0.066495,-0.019657,-0.034095,-0.060052,0.000000,0.120000,0.000000,0.701492,-0.018016,-0.009387,0.007747,-0.019948,-0.016306,0.002159,0.013906,0
1790542154.0233,-0.055941,-0.062613,-0.018812,-0.028150,-0.055941,0.000000,0.120000,0.000000,0.731700,-0.016782,-0.009426,0.007397,-0.018784,-0.016349,0.006983,0.013896,0
1790542154.0371,-0.046774,-0.054364,-0.006913,-0.017779,-0.046774,0.000000,0.120000,0.000000,0.761754,-0.014032,-0.009459,0.016578,-0.016309,-0.016387,0.014917,0.013825,0
1790542154.0511,-0.039877,-0.040974,-0.009127,-0.004782,-0.039877,0.000000,0.120000,0.000000,0.792170,-0.011963,-0.009486,0.012323,-0.012292,-0.016415,0.023925,0.013991,0
1790542154.0650,-0.027497,-0.022497,0.004378,0.009852,-0.027497,0.000000,0.120000,0.000000,0.822570,-0.008249,-0.009506,0.022132,-0.006749,-0.016431,0.033032,0.013984,0
1790542154.0789,-0.015754,-0.005418,0.007039,0.012894,-0.015754,0.000000,0.120000,0.000000,0.852558,-0.004726,-0.009517,0.021281,-0.001625,-0.016435,0.030954,0.013794,0
1790542154.0929,-0.019895,-0.007398,-0.022903,-0.022201,-0.019895,0.000000,0.120000,0.000000,0.882955,-0.005969,-0.009530,-0.007404,-0.002219,-0.016440,-0.003541,0.013983,0
1790542154.1069,-0.013420,-0.015114,-0.001985,-0.034784,-0.013420,0.000000,0.120000,0.000000,0.913345,-0.004026,-0.009540,0.011581,-0.004534,-0.016451,-0.013799,0.013979,0
1790542154.1208,-0.012124,-0.019893,-0.010856,-0.031025,-0.012124,0.000000,0.120000,0.000000,0.943565,-0.003637,-0.009548,0.002329,-0.005968,-0.016464,-0.008593,0.013901,0
1790542154.1347,-0.012805,-0.028133,-0.014618,-0.039675,-0.012805,0.000000,0.120000,0.000000,0.973925,-0.003842,-0.009557,-0.001219,-0.008440,-0.016484,-0.014751,0.013965,0
1790542154.1486,-0.004456,-0.040277,0.004157,-0.050493,-0.004456,0.000000,0.120000,0.000000,0.004067,-0.001337,-0.009560,0.015054,-0.012083,-0.016512,-0.021897,0.013865,0
1790542154.1624,0.006814,-0.053993,0.013221,-0.057978,0.006814,0.000000,0.120000,0.000000,0.033609,0.002044,-0.009556,0.020733,-0.016198,-0.016549,-0.025232,0.013589,0
1790542154.1765,0.016292,-0.062901,0.011994,-0.051113,0.016292,0.000000,0.120000,0.000000,0.064546,0.004888,-0.009544,0.016650,-0.018870,-0.016593,-0.015649,0.014231,0
1790542154.1901,0.025798,-0.066044,0.015571,-0.042191,0.025798,0.000000,0.120000,0.000000,0.094310,0.007739,-0.009526,0.017358,-0.019813,-0.016639,-0.005739,0.013692,0
1790542154.2040,0.035698,-0.073954,0.019017,-0.053108,0.035698,0.000000,0.120000,0.000000,0.124520,0.010709,-0.009502,0.017810,-0.022186,-0.016690,-0.014231,0.013896,0
1790542154.2180,0.026073,-0.080141,-0.018850,-0.051837,0.026073,0.000000,0.120000,0.000000,0.154953,0.007822,-0.009483,-0.017189,-0.024042,-0.016746,-0.011048,0.013999,0
1790542154.2318,0.012481,-0.068597,-0.030201,-0.016590,0.012481,0.000000,0.120000,0.000000,0.185139,0.003744,-0.009475,-0.024470,-0.020579,-0.016794,0.020783,0.013886,0
1790542154.2457,0.005403,-0.051075,-0.020658,-0.000444,0.005403,0.000000,0.120000,0.000000,0.215173,0.001621,-0.009471,-0.012808,-0.015323,-0.016829,0.031707,0.013815,0
1790542154.2595,-0.000717,-0.033199,-0.020694,0.005337,-0.000717,0.000000,0.120000,0.000000,0.245393,-0.000215,-0.009471,-0.011007,-0.009960,-0.016852,0.032149,0.013901,0
1790542154.2734,-0.008691,-0.016488,-0.026447,0.008288,-0.008691,0.000000,0.120000,0.000000,0.275567,-0.002607,-0.009478,-0.014362,-0.004947,-0.016864,0.030098,0.013880,0
1790542154.2872,-0.016912,-0.001753,-0.029466,0.009323,-0.016912,0.000000,0.120000,0.000000,0.305546,-0.005074,-0.009489,-0.014903,-0.000526,-0.016865,0.026713,0.013791,0
1790542154.3015,-0.029173,0.009393,-0.039875,0.005608,-0.029173,0.000000,0.120000,0.000000,0.336377,-0.008752,-0.009510,-0.021614,0.002818,-0.016858,0.019648,0.014182,0
1790542154.3154,-0.024642,0.004893,-0.008782,-0.023469,-0.024642,0.000000,0.120000,0.000000,0.366637,-0.007393,-0.009527,0.008138,0.001468,-0.016855,-0.008082,0.013920,0
1790542154.3293,-0.021117,0.001314,-0.009573,-0.022861,-0.021117,0.000000,0.120000,0.000000,0.397027,-0.006335,-0.009542,0.006304,0.000394,-0.016854,-0.006401,0.013979,0
1790542154.3433,-0.020177,-0.005962,-0.013928,-0.031664,-0.020177,0.000000,0.120000,0.000000,0.427402,-0.006053,-0.009556,0.001681,-0.001788,-0.016858,-0.013018,0.013973,0
1790542154.3572,-0.017560,-0.019197,-0.010152,-0.046318,-0.017560,0.000000,0.120000,0.000000,0.457770,-0.005268,-0.009568,0.004684,-0.005759,-0.016871,-0.023687,0.013969,0
1790542154.3711,-0.029692,-0.029805,-0.040427,-0.045008,-0.029692,0.000000,0.120000,0.000000,0.487834,-0.008908,-0.009589,-0.021931,-0.008941,-0.016892,-0.019175,0.013829,0
1790542154.3850,-0.043819,-0.042387,-0.048063,-0.052170,-0.043819,0.000000,0.120000,0.000000,0.518183,-0.013146,-0.009619,-0.025298,-0.012716,-0.016922,-0.022533,0.013960,0
1790542154.3986,-0.059432,-0.050708,-0.056234,-0.047487,-0.059432,0.000000,0.120000,0.000000,0.547704,-0.017830,-0.009660,-0.028745,-0.015212,-0.016956,-0.015319,0.013580,0
1790542154.4126,-0.065213,-0.056241,-0.039839,-0.043985,-0.065213,0.000000,0.120000,0.000000,0.577424,-0.019564,-0.009704,-0.010571,-0.016872,-0.016994,-0.010118,0.013671,0
1790542154.4270,-0.071612,-0.059040,-0.042254,-0.039567,-0.071612,0.000000,0.120000,0.000000,0.608996,-0.021484,-0.009756,-0.011015,-0.017712,-0.017037,-0.004818,0.014523,0
1790542154.4409,-0.070602,-0.059809,-0.029191,-0.036390,-0.070602,0.000000,0.120000,0.000000,0.639566,-0.021181,-0.009806,0.001795,-0.017943,-0.017079,-0.001368,0.014062,0
1790542154.4548,-0.069049,-0.057918,-0.027780,-0.031099,-0.069049,0.000000,0.120000,0.000000,0.669832,-0.020715,-0.009854,0.002789,-0.017375,-0.017120,0.003396,0.013922,0
1790542154.4687,-0.066564,-0.050823,-0.025388,-0.019607,-0.066564,0.000000,0.120000,0.000000,0.699969,-0.019969,-0.009900,0.004481,-0.015247,-0.017155,0.012795,0.013863,0
1790542154.4827,-0.059366,-0.042276,-0.014935,-0.014649,-0.059366,0.000000,0.120000,0.000000,0.730491,-0.017810,-0.009942,0.012817,-0.012683,-0.017185,0.015218,0.014040,0
1790542154.4965,-0.045110,-0.030015,0.002287,-0.004026,-0.045110,0.000000,0.120000,0.000000,0.760529,-0.013533,-0.009973,0.025793,-0.009005,-0.017205,0.022184,0.013817,0
1790542154.5105,-0.038476,-0.015312,-0.009651,0.004544,-0.038476,0.000000,0.120000,0.000000,0.790851,-0.011543,-0.010000,0.011892,-0.004594,-0.017216,0.026354,0.013948,0
1790542154.5244,-0.027901,-0.000597,0.000671,0.009130,-0.027901,0.000000,0.120000,0.000000,0.821001,-0.008370,-0.010019,0.019061,-0.000179,-0.017216,0.026525,0.013869,0
1790542154.5382,-0.030496,0.003472,-0.023868,-0.008838,-0.030496,0.000000,0.120000,0.000000,0.851145,-0.009149,-0.010040,-0.004679,0.001041,-0.017214,0.007335,0.013866,0
1790542154.5520,-0.035244,-0.000882,-0.029219,-0.025347,-0.035244,0.000000,0.120000,0.000000,0.881217,-0.010573,-0.010065,-0.008581,-0.000265,-0.017215,-0.007868,0.013833,0
1790542154.5661,-0.027761,-0.006039,-0.005102,-0.028202,-0.027761,0.000000,0.120000,0.000000,0.911776,-0.008328,-0.010084,0.013310,-0.001812,-0.017219,-0.009172,0.014057,0
1790542154.5799,-0.028504,-0.008774,-0.019998,-0.024800,-0.028504,0.000000,0.120000,0.000000,0.941854,-0.008551,-0.010104,-0.001343,-0.002632,-0.017225,-0.004943,0.013836,0
1790542154.5937,-0.028908,-0.014302,-0.019530,-0.031556,-0.028908,0.000000,0.120000,0.000000,0.971807,-0.008672,-0.010124,-0.000733,-0.004291,-0.017235,-0.010030,0.013778,0
1790542154.6076,-0.015933,-0.027104,0.008488,-0.048474,-0.015933,0.000000,0.120000,0.000000,0.001939,-0.004780,-0.010135,0.023402,-0.008131,-0.017254,-0.023089,0.013861,0
1790542154.6212,-0.003971,-0.041670,0.010609,-0.056497,-0.003971,0.000000,0.120000,0.000000,0.031574,-0.001191,-0.010137,0.021938,-0.012501,-0.017282,-0.026714,0.013632,0
1790542154.6348,0.007569,-0.048124,0.013319,-0.043597,0.007569,0.000000,0.120000,0.000000,0.061184,0.002271,-0.010132,0.021181,-0.014437,-0.017315,-0.011845,0.013621,0
1790542154.6483,0.015275,-0.050661,0.008695,-0.037234,0.015275,0.000000,0.120000,0.000000,0.090605,0.004582,-0.010122,0.014235,-0.015198,-0.017349,-0.004686,0.013534,0
1790542154.6624,0.018906,-0.056357,0.002042,-0.044459,0.018906,0.000000,0.120000,0.000000,0.121067,0.005672,-0.010109,0.006479,-0.016907,-0.017389,-0.010163,0.014013,0
1790542154.6768,0.012326,-0.060704,-0.017877,-0.043222,0.012326,0.000000,0.120000,0.000000,0.152233,0.003698,-0.010100,-0.011475,-0.018211,-0.017432,-0.007579,0.014336,0
1790542154.6908,0.002948,-0.054776,-0.025963,-0.023315,0.002948,0.000000,0.120000,0.000000,0.182661,0.000884,-0.010098,-0.016750,-0.016433,-0.017470,0.010588,0.013997,0
1790542154.7047,-0.004339,-0.042355,-0.024494,-0.007893,-0.004339,0.000000,0.120000,0.000000,0.212912,-0.001302,-0.010101,-0.013092,-0.012707,-0.017500,0.022314,0.013916,0
1790542154.7189,-0.010052,-0.028646,-0.023222,-0.001880,-0.010052,0.000000,0.120000,0.000000,0.243657,-0.003016,-0.010108,-0.010099,-0.008594,-0.017520,0.024234,0.014143,0
1790542154.7328,-0.017528,-0.013845,-0.028757,0.004806,-0.017528,0.000000,0.120000,0.000000,0.274025,-0.005258,-0.010120,-0.013379,-0.004153,-0.017530,0.026489,0.013969,0
1790542154.7469,-0.023033,-0.002586,-0.026806,0.001654,-0.023033,0.000000,0.120000,0.000000,0.304680,-0.006910,-0.010136,-0.009760,-0.000776,-0.017532,0.019961,0.014101,0
1790542154.7610,-0.028166,0.007122,-0.027696,0.001801,-0.028166,0.000000,0.120000,0.000000,0.335372,-0.008450,-0.010156,-0.009090,0.002137,-0.017527,0.017191,0.014119,0
1790542154.7747,-0.021633,0.005559,-0.004808,-0.018691,-0.021633,0.000000,0.120000,0.000000,0.365324,-0.006490,-0.010171,0.011853,0.001668,-0.017523,-0.002836,0.013778,0
1790542154.7886,-0.021310,0.001215,-0.015998,-0.024975,-0.021310,0.000000,0.120000,0.000000,0.395532,-0.006393,-0.010186,0.000581,0.000364,-0.017522,-0.007817,0.013895,0
1790542154.8026,-0.026026,-0.007913,-0.026460,-0.036253,-0.026026,0.000000,0.120000,0.000000,0.425870,-0.007808,-0.010204,-0.008448,-0.002374,-0.017527,-0.016351,0.013956,0
1790542154.8164,-0.034801,-0.018892,-0.036562,-0.043095,-0.034801,0.000000,0.120000,0.000000,0.455873,-0.010440,-0.010228,-0.015893,-0.005668,-0.017540,-0.019887,0.013802,0
1790542154.8303,-0.046057,-0.032728,-0.044307,-0.052248,-0.046057,0.000000,0.120000,0.000000,0.486113,-0.013817,-0.010260,-0.020230,-0.009818,-0.017563,-0.024866,0.013910,0
1790542154.8445,-0.060672,-0.044546,-0.054466,-0.051951,-0.060672,0.000000,0.120000,0.000000,0.516710,-0.018202,-0.010303,-0.025961,-0.013364,-0.017595,-0.020992,0.014075,0
1790542154.8581,-0.078374,-0.052728,-0.066127,-0.048360,-0.078374,0.000000,0.120000,0.000000,0.546533,-0.023512,-0.010357,-0.032258,-0.015818,-0.017631,-0.014910,0.013719,0
1790542154.8719,-0.085612,-0.060491,-0.049266,-0.049942,-0.085612,0.000000,0.120000,0.000000,0.576407,-0.025683,-0.010416,-0.013167,-0.018147,-0.017672,-0.014123,0.013742,0
1790542154.8859,-0.092437,-0.065557,-0.050332,-0.046380,-0.092437,0.000000,0.120000,0.000000,0.607014,-0.027731,-0.010481,-0.012120,-0.019667,-0.017718,-0.008995,0.014079,0
1790542154.8998,-0.086635,-0.071058,-0.026086,-0.048988,-0.086635,0.000000,0.120000,0.000000,0.637204,-0.025991,-0.010541,0.010445,-0.021317,-0.017768,-0.009903,0.013887,0
1790542154.9142,-0.078715,-0.069644,-0.020186,-0.036207,-0.078715,0.000000,0.120000,0.000000,0.667898,-0.023614,-0.010596,0.014024,-0.020893,-0.017817,0.002503,0.014119,0
1790542154.9288,-0.071800,-0.063194,-0.020441,-0.025864,-0.071800,0.000000,0.120000,0.000000,0.699889,-0.021540,-0.010649,0.011748,-0.018958,-0.017863,0.010958,0.014716,0
1790542154.9428,-0.066534,-0.053358,-0.021315,-0.016458,-0.066534,0.000000,0.120000,0.000000,0.730522,-0.019960,-0.010696,0.009342,-0.016007,-0.017901,0.017451,0.014091,0
1790542154.9568,-0.058930,-0.038153,-0.014794,-0.002136,-0.058930,0.000000,0.120000,0.000000,0.760859,-0.017679,-0.010737,0.013622,-0.011446,-0.017928,0.027238,0.013955,0
1790542154.9708,-0.049390,-0.023280,-0.008677,0.001439,-0.049390,0.000000,0.120000,0.000000,0.791516,-0.014817,-0.010772,0.016913,-0.006984,-0.017944,0.026367,0.014102,0
1790542154.9847,-0.036473,-0.009739,0.001538,0.003529,-0.036473,0.000000,0.120000,0.000000,0.821675,-0.010942,-0.010797,0.023277,-0.002922,-0.017951,0.024402,0.013873,0
1790542154.9985,-0.022698,0.002425,0.007275,0.004763,-0.022698,0.000000,0.120000,0.000000,0.851745,-0.006809,-0.010813,0.024898,0.000727,-0.017949,0.021985,0.013832,0
1790542155.0124,-0.030044,0.002161,-0.033088,-0.017775,-0.030044,0.000000,0.120000,0.000000,0.881896,-0.009013,-0.010834,-0.013241,0.000648,-0.017948,-0.000476,0.013870,0
1790542155.0263,-0.030583,-0.004764,-0.020996,-0.031802,-0.030583,0.000000,0.120000,0.000000,0.912192,-0.009175,-0.010855,-0.000966,-0.001429,-0.017951,-0.012422,0.013936,0
1790542155.0401,-0.026676,-0.011046,-0.011818,-0.032623,-0.026676,0.000000,0.120000,0.000000,0.942275,-0.008003,-0.010874,0.007058,-0.003314,-0.017959,-0.011350,0.013838,0
1790542155.0539,-0.027653,-0.013565,-0.020958,-0.026598,-0.027653,0.000000,0.120000,0.000000,0.972297,-0.008296,-0.010893,-0.001769,-0.004070,-0.017968,-0.004561,0.013810,0
1790542155.0677,-0.025609,-0.020926,-0.014896,-0.037572,-0.025609,0.000000,0.120000,0.000000,0.002348,-0.007683,-0.010910,0.003697,-0.006278,-0.017982,-0.013312,0.013824,0
1790542155.0812,-0.011282,-0.034759,0.012206,-0.054028,-0.011282,0.000000,0.120000,0.000000,0.031721,-0.003385,-0.010918,0.026509,-0.010428,-0.018006,-0.025594,0.013511,0
1790542155.0950,0.004094,-0.047451,0.018493,-0.055535,0.004094,0.000000,0.120000,0.000000,0.061376,0.001228,-0.010915,0.028180,-0.014235,-0.018038,-0.023261,0.013641,0
1790542155.1086,0.015487,-0.051750,0.014560,-0.041455,0.015487,0.000000,0.120000,0.000000,0.091117,0.004646,-0.010905,0.020819,-0.015525,-0.018074,-0.007856,0.013681,0
1790542155.1225,0.020590,-0.052017,0.004489,-0.034195,0.020590,0.000000,0.120000,0.000000,0.121250,0.006177,-0.010890,0.009203,-0.015605,-0.018110,-0.000480,0.013861,0
1790542155.1365,0.014280,-0.055433,-0.017862,-0.040879,0.014280,0.000000,0.120000,0.000000,0.151690,0.004284,-0.010880,-0.011265,-0.016630,-0.018149,-0.006100,0.014002,0
1790542155.1503,-0.000253,-0.054013,-0.037219,-0.031823,-0.000253,0.000000,0.120000,0.000000,0.181764,-0.000076,-0.010881,-0.026263,-0.016204,-0.018186,0.002567,0.013834,0
1790542155.1644,-0.008154,-0.042761,-0.027631,-0.010681,-0.008154,0.000000,0.120000,0.000000,0.211795,-0.002446,-0.010886,-0.014299,-0.012828,-0.018215,0.020363,0.013814,0
1790542155.1787,-0.018231,-0.026714,-0.033699,0.001348,-0.018231,0.000000,0.120000,0.000000,0.243396,-0.005469,-0.010899,-0.017330,-0.008014,-0.018235,0.027597,0.014537,0
1790542155.1927,-0.021733,-0.010098,-0.023693,0.008424,-0.021733,0.000000,0.120000,0.000000,0.273806,-0.006520,-0.010915,-0.006259,-0.003029,-0.018242,0.029696,0.013988,0
1790542155.2065,-0.028350,0.002716,-0.031352,0.005644,-0.028350,0.000000,0.120000,0.000000,0.303995,-0.008505,-0.010934,-0.011913,0.000815,-0.018240,0.023069,0.013887,0
1790542155.2205,-0.032310,0.010231,-0.027729,-0.001731,-0.032310,0.000000,0.120000,0.000000,0.334402,-0.009693,-0.010957,-0.007079,0.003069,-0.018233,0.013433,0.013987,0
1790542155.2345,-0.030005,0.006394,-0.015853,-0.023178,-0.030005,0.000000,0.120000,0.000000,0.364767,-0.009001,-0.010978,0.004127,0.001918,-0.018228,-0.006867,0.013968,0
1790542155.2483,-0.031066,-0.001028,-0.022226,-0.031869,-0.031066,0.000000,0.120000,0.000000,0.395025,-0.009320,-0.010999,-0.001907,-0.000308,-0.018229,-0.013331,0.013919,0
1790542155.2622,-0.027113,-0.012148,-0.011987,-0.042038,-0.027113,0.000000,0.120000,0.000000,0.425011,-0.008134,-0.011018,0.007165,-0.003645,-0.018238,-0.020155,0.013793,0
1790542155.2760,-0.034222,-0.024042,-0.034147,-0.046947,-0.034222,0.000000,0.120000,0.000000,0.455103,-0.010266,-0.011042,-0.012838,-0.007212,-0.018254,-0.021480,0.013842,0
1790542155.2899,-0.047030,-0.035474,-0.048256,-0.049516,-0.047030,0.000000,0.120000,0.000000,0.485272,-0.014109,-0.011074,-0.023073,-0.010642,-0.018279,-0.020595,0.013878,0
1790542155.3038,-0.063320,-0.048958,-0.059546,-0.057362,-0.063320,0.000000,0.120000,0.000000,0.515353,-0.018996,-0.011118,-0.029432,-0.014687,-0.018313,-0.024362,0.013837,0
1790542155.3174,-0.084957,-0.059079,-0.076248,-0.054594,-0.084957,0.000000,0.120000,0.000000,0.545060,-0.025487,-0.011176,-0.039585,-0.017724,-0.018353,-0.018517,0.013665,0
1790542155.3310,-0.094949,-0.067909,-0.057990,-0.054912,-0.094949,0.000000,0.120000,0.000000,0.574791,-0.028485,-0.011241,-0.018264,-0.020373,-0.018399,-0.016140,0.013677,0
1790542155.3450,-0.099564,-0.073605,-0.049513,-0.050817,-0.099564,0.000000,0.120000,0.000000,0.604889,-0.029869,-0.011310,-0.008334,-0.022081,-0.018450,-0.010285,0.013845,0
1790542155.3588,-0.094708,-0.077120,-0.031062,-0.047958,-0.094708,0.000000,0.120000,0.000000,0.635130,-0.028412,-0.011376,0.008726,-0.023136,-0.018504,-0.006318,0.013911,0
1790542155.3727,-0.086637,-0.076793,-0.022909,-0.041007,-0.086637,0.000000,0.120000,0.000000,0.665343,-0.025991,-0.011436,0.014519,-0.023038,-0.018557,0.000588,0.013898,0
1790542155.3866,-0.078739,-0.074346,-0.020833,-0.036487,-0.078739,0.000000,0.120000,0.000000,0.695403,-0.023622,-0.011491,0.014280,-0.022304,-0.018609,0.004425,0.013828,0
1790542155.4004,-0.073741,-0.069515,-0.024676,-0.030824,-0.073741,0.000000,0.120000,0.000000,0.725625,-0.022122,-0.011542,0.008988,-0.020854,-0.018657,0.008688,0.013902,0
1790542155.4148,-0.066897,-0.058678,-0.019498,-0.017046,-0.066897,0.000000,0.120000,0.000000,0.756210,-0.020069,-0.011589,0.012160,-0.017603,-0.018698,0.019256,0.014069,0
1790542155.4291,-0.062431,-0.040139,-0.022653,0.001234,-0.062431,0.000000,0.120000,0.000000,0.787692,-0.018729,-0.011634,0.007710,-0.012042,-0.018727,0.032003,0.014482,0
1790542155.4432,-0.051244,-0.017941,-0.007127,0.015399,-0.051244,0.000000,0.120000,0.000000,0.818218,-0.015373,-0.011670,0.019916,-0.005382,-0.018740,0.039522,0.014042,0
1790542155.4573,-0.039216,0.004358,-0.002236,0.021922,-0.039216,0.000000,0.120000,0.000000,0.849014,-0.011765,-0.011698,0.021227,0.001307,-0.018737,0.039352,0.014166,0
1790542155.4713,-0.042122,0.013497,-0.029525,0.001549,-0.042122,0.000000,0.120000,0.000000,0.879622,-0.012637,-0.011728,-0.005161,0.004049,-0.018728,0.016227,0.014080,0
1790542155.4852,-0.054237,0.005658,-0.049787,-0.031100,-0.054237,0.000000,0.120000,0.000000,0.909893,-0.016271,-0.011765,-0.021751,0.001697,-0.018724,-0.014074,0.013925,0
1790542155.4992,-0.044924,-0.003877,-0.008584,-0.036976,-0.044924,0.000000,0.120000,0.000000,0.940221,-0.013477,-0.011797,0.016689,-0.001163,-0.018726,-0.017086,0.013951,0
1790542155.5132,-0.048458,-0.012669,-0.032684,-0.038247,-0.048458,0.000000,0.120000,0.000000,0.970635,-0.014537,-0.011831,-0.006315,-0.003801,-0.018735,-0.015711,0.013990,0
1790542155.5271,-0.049552,-0.024060,-0.028690,-0.046372,-0.049552,0.000000,0.120000,0.000000,0.000978,-0.014866,-0.011865,-0.001959,-0.007218,-0.018752,-0.020402,0.013958,0
1790542155.5409,-0.039040,-0.038711,-0.004465,-0.057066,-0.039040,0.000000,0.120000,0.000000,0.030829,-0.011712,-0.011892,0.019139,-0.011613,-0.018779,-0.026674,0.013731,0
1790542155.5546,-0.026697,-0.053943,0.002648,-0.062848,-0.026697,0.000000,0.120000,0.000000,0.060554,-0.008009,-0.011910,0.022567,-0.016183,-0.018815,-0.027850,0.013674,0
1790542155.5681,-0.015496,-0.060569,0.004025,-0.049210,-0.015496,0.000000,0.120000,0.000000,0.090111,-0.004649,-0.011921,0.020595,-0.018171,-0.018857,-0.012183,0.013596,0
1790542155.5821,-0.006540,-0.067813,0.002163,-0.052232,-0.006540,0.000000,0.120000,0.000000,0.120437,-0.001962,-0.011925,0.016051,-0.020344,-0.018904,-0.012984,0.013950,0
1790542155.5960,-0.007126,-0.074325,-0.015121,-0.052951,-0.007126,0.000000,0.120000,0.000000,0.150688,-0.002138,-0.011930,-0.001053,-0.022297,-0.018956,-0.011698,0.013916,0
1790542155.6098,-0.018070,-0.069583,-0.037131,-0.031313,-0.018070,0.000000,0.120000,0.000000,0.180777,-0.005421,-0.011943,-0.019767,-0.020875,-0.019004,0.008565,0.013841,0
1790542155.6237,-0.020017,-0.057235,-0.021461,-0.014021,-0.020017,0.000000,0.120000,0.000000,0.211016,-0.006005,-0.011957,-0.003499,-0.017170,-0.019044,0.022193,0.013910,0
1790542155.6376,-0.029202,-0.039734,-0.037245,0.000464,-0.029202,0.000000,0.120000,0.000000,0.241254,-0.008761,-0.011977,-0.016508,-0.011920,-0.019071,0.031455,0.013910,0
1790542155.6515,-0.036910,-0.022524,-0.036982,0.005202,-0.036910,0.000000,0.120000,0.000000,0.271380,-0.011073,-0.012003,-0.013906,-0.006757,-0.019087,0.031046,0.013858,0
1790542155.6658,-0.043040,-0.002234,-0.035952,0.016681,-0.043040,0.000000,0.120000,0.000000,0.301642,-0.012912,-0.012033,-0.011008,-0.000670,-0.019088,0.036440,0.013920,0
1790542155.6801,-0.049054,0.012866,-0.037096,0.010671,-0.049054,0.000000,0.120000,0.000000,0.333341,-0.014716,-0.012068,-0.010312,0.003860,-0.019079,0.025890,0.014582,0
1790542155.6941,-0.043058,0.006644,-0.014330,-0.028171,-0.043058,0.000000,0.120000,0.000000,0.363838,-0.012917,-0.012099,0.010686,0.001993,-0.019074,-0.011090,0.014028,0
1790542155.7082,-0.035320,0.000667,-0.009025,-0.029450,-0.035320,0.000000,0.120000,0.000000,0.394546,-0.010596,-0.012124,0.013694,0.000200,-0.019074,-0.010577,0.014126,0
1790542155.7222,-0.033695,-0.006201,-0.019358,-0.033189,-0.033695,0.000000,0.120000,0.000000,0.425018,-0.010109,-0.012147,0.002898,-0.001860,-0.019078,-0.012250,0.014017,0
1790542155.7362,-0.031690,-0.017617,-0.018088,-0.044800,-0.031690,0.000000,0.120000,0.000000,0.455395,-0.009507,-0.012169,0.003588,-0.005285,-0.019090,-0.020424,0.013973,0
1790542155.7502,-0.041894,-0.028658,-0.042985,-0.047422,-0.041894,0.000000,0.120000,0.000000,0.485835,-0.012568,-0.012199,-0.018218,-0.008597,-0.019111,-0.019714,0.014003,0
1790542155.7641,-0.051821,-0.041069,-0.045553,-0.053679,-0.051821,0.000000,0.120000,0.000000,0.516190,-0.015546,-0.012235,-0.017772,-0.012321,-0.019139,-0.022219,0.013963,0
1790542155.7778,-0.066813,-0.049094,-0.059811,-0.048614,-0.066813,0.000000,0.120000,0.000000,0.545834,-0.020044,-0.012280,-0.027486,-0.014728,-0.019173,-0.014713,0.013636,0
1790542155.7919,-0.076874,-0.052371,-0.053897,-0.040945,-0.076874,0.000000,0.120000,0.000000,0.575388,-0.023062,-0.012333,-0.018502,-0.015711,-0.019208,-0.006026,0.013595,0
1790542155.8071,-0.085004,-0.053698,-0.051125,-0.037518,-0.085004,0.000000,0.120000,0.000000,0.608795,-0.025501,-0.012398,-0.013226,-0.016109,-0.019250,-0.002159,0.015367,0
1790542155.8219,-0.089329,-0.055838,-0.046531,-0.039639,-0.089329,0.000000,0.120000,0.000000,0.641139,-0.026799,-0.012464,-0.007268,-0.016751,-0.019291,-0.003597,0.014878,0
1790542155.8361,-0.086533,-0.059045,-0.033629,-0.042618,-0.086533,0.000000,0.120000,0.000000,0.672419,-0.025960,-0.012527,0.004858,-0.017713,-0.019334,-0.005571,0.014389,0
1790542155.8513,-0.080594,-0.055673,-0.026771,-0.030404,-0.080594,0.000000,0.120000,0.000000,0.704722,-0.024178,-0.012586,0.009993,-0.016702,-0.019375,0.005673,0.014859,0
1790542155.8653,-0.066860,-0.042625,-0.008595,-0.009299,-0.066860,0.000000,0.120000,0.000000,0.735696,-0.020058,-0.012634,0.024097,-0.012787,-0.019405,0.022894,0.014248,0
1790542155.8789,-0.059037,-0.030919,-0.016087,-0.007308,-0.059037,0.000000,0.120000,0.000000,0.765434,-0.017711,-0.012674,0.014298,-0.009276,-0.019426,0.021394,0.013679,0
1790542155.8930,-0.048144,-0.014627,-0.007979,0.004851,-0.048144,0.000000,0.120000,0.000000,0.796310,-0.014443,-0.012709,0.019173,-0.004388,-0.019437,0.028676,0.014203,0
1790542155.9070,-0.035064,0.002150,0.000186,0.011272,-0.035064,0.000000,0.120000,0.000000,0.826640,-0.010519,-0.012733,0.023438,0.000645,-0.019435,0.030062,0.013952,0
1790542155.9215,-0.036836,0.005937,-0.026920,-0.011003,-0.036836,0.000000,0.120000,0.000000,0.857605,-0.011051,-0.012759,-0.003110,0.001781,-0.019431,0.006647,0.014244,0
1790542155.9358,-0.041073,-0.000845,-0.032406,-0.031358,-0.041073,0.000000,0.120000,0.000000,0.889176,-0.012322,-0.012789,-0.007295,-0.000253,-0.019432,-0.011673,0.014523,0
1790542155.9499,-0.034052,-0.007333,-0.010555,-0.033166,-0.034052,0.000000,0.120000,0.000000,0.919766,-0.010216,-0.012813,0.012474,-0.002200,-0.019437,-0.011529,0.014071,0
1790542155.9640,-0.034779,-0.014996,-0.024554,-0.037470,-0.034779,0.000000,0.120000,0.000000,0.950561,-0.010434,-0.012838,-0.001282,-0.004499,-0.019447,-0.013524,0.014166,0
1790542155.9779,-0.030094,-0.024481,-0.013470,-0.043848,-0.030094,0.000000,0.120000,0.000000,0.980811,-0.009028,-0.012859,0.008417,-0.007344,-0.019465,-0.017040,0.013915,0
1790542155.9918,-0.015957,-0.038183,0.007754,-0.055575,-0.015957,0.000000,0.120000,0.000000,0.011048,-0.004787,-0.012870,0.025411,-0.011455,-0.019491,-0.024629,0.013909,0
1790542156.0055,-0.004641,-0.052531,0.006364,-0.061443,-0.004641,0.000000,0.120000,0.000000,0.040859,-0.001392,-0.012873,0.020629,-0.015759,-0.019527,-0.026157,0.013713,0
1790542156.0190,0.008771,-0.061342,0.014588,-0.054279,0.008771,0.000000,0.120000,0.000000,0.070223,0.002631,-0.012867,0.024824,-0.018403,-0.019569,-0.016308,0.013507,0
1790542156.0330,0.019248,-0.064824,0.011629,-0.045279,0.019248,0.000000,0.120000,0.000000,0.100659,0.005774,-0.012854,0.018708,-0.019447,-0.019614,-0.006218,0.014001,0
1790542156.0469,0.004729,-0.065144,-0.037543,-0.039778,0.004729,0.000000,0.120000,0.000000,0.130878,0.001419,-0.012850,-0.026111,-0.019543,-0.019659,-0.000576,0.013901,0
1790542156.0607,-0.008475,-0.057236,-0.039364,-0.022517,-0.008475,0.000000,0.120000,0.000000,0.160823,-0.002542,-0.012856,-0.023965,-0.017171,-0.019699,0.014353,0.013774,0
1790542156.0746,-0.017430,-0.047879,-0.034173,-0.017297,-0.017430,0.000000,0.120000,0.000000,0.191096,-0.005229,-0.012868,-0.016076,-0.014364,-0.019732,0.016799,0.013926,0
1790542156.0884,-0.023526,-0.037644,-0.030935,-0.012596,-0.023526,0.000000,0.120000,0.000000,0.221234,-0.007058,-0.012885,-0.010993,-0.011293,-0.019758,0.018456,0.013864,0
1790542156.1023,-0.027840,-0.020307,-0.029042,0.005423,-0.027840,0.000000,0.120000,0.000000,0.251350,-0.008352,-0.012904,-0.007786,-0.006092,-0.019772,0.031287,0.013853,0
1790542156.1163,-0.029646,0.001846,-0.025065,0.020614,-0.029646,0.000000,0.120000,0.000000,0.281578,-0.008894,-0.012925,-0.003247,0.000554,-0.019771,0.039831,0.013905,0
1790542156.1302,-0.036783,0.018833,-0.036731,0.016227,-0.036783,0.000000,0.120000,0.000000,0.312010,-0.011035,-0.012950,-0.012746,0.005650,-0.019758,0.030335,0.013999,0
1790542156.1441,-0.026130,0.021049,-0.001736,-0.009461,-0.026130,0.000000,0.120000,0.000000,0.342367,-0.007839,-0.012968,0.019072,0.006315,-0.019743,0.003967,0.013964,0
1790542156.1581,-0.022664,0.017176,-0.013548,-0.021546,-0.022664,0.000000,0.120000,0.000000,0.372577,-0.006799,-0.012984,0.006235,0.005153,-0.019731,-0.006968,0.013896,0
1790542156.1723,-0.021153,0.011436,-0.016633,-0.026592,-0.021153,0.000000,0.120000,0.000000,0.402862,-0.006346,-0.012999,0.002712,0.003431,-0.019723,-0.010300,0.013931,0
1790542156.1867,-0.011921,0.002898,-0.000758,-0.033487,-0.011921,0.000000,0.120000,0.000000,0.434569,-0.003576,-0.013008,0.015826,0.000869,-0.019721,-0.014636,0.014585,0
1790542156.2007,-0.015916,-0.004618,-0.024892,-0.034465,-0.015916,0.000000,0.120000,0.000000,0.465156,-0.004775,-0.013019,-0.007099,-0.001386,-0.019724,-0.013355,0.014070,0
1790542156.2146,-0.025028,-0.014291,-0.036903,-0.041386,-0.025028,0.000000,0.120000,0.000000,0.495429,-0.007508,-0.013036,-0.016359,-0.004287,-0.019734,-0.017365,0.013926,0
1790542156.2286,-0.039708,-0.020912,-0.051323,-0.037905,-0.039708,0.000000,0.120000,0.000000,0.525711,-0.011912,-0.013064,-0.026347,-0.006274,-0.019749,-0.011883,0.013930,0
1790542156.2422,-0.051357,-0.023731,-0.049793,-0.032035,-0.051357,0.000000,0.120000,0.000000,0.555452,-0.015407,-0.013099,-0.021287,-0.007119,-0.019765,-0.005151,0.013681,0
1790542156.2559,-0.056159,-0.026403,-0.038811,-0.032615,-0.056159,0.000000,0.120000,0.000000,0.585022,-0.016848,-0.013137,-0.008826,-0.007921,-0.019783,-0.004911,0.013602,0
1790542156.2698,-0.061431,-0.028393,-0.041001,-0.031866,-0.061431,0.000000,0.120000,0.000000,0.615529,-0.018429,-0.013180,-0.009391,-0.008518,-0.019803,-0.003545,0.014033,0
1790542156.2838,-0.064692,-0.029182,-0.038471,-0.029990,-0.064692,0.000000,0.120000,0.000000,0.645894,-0.019408,-0.013226,-0.005837,-0.008755,-0.019823,-0.001412,0.013968,0
1790542156.2977,-0.064371,-0.028904,-0.032003,-0.028013,-0.064371,0.000000,0.120000,0.000000,0.676108,-0.019311,-0.013270,0.000579,-0.008671,-0.019843,0.000501,0.013899,0
1790542156.3117,-0.053445,-0.024701,-0.009864,-0.019778,-0.053445,0.000000,0.120000,0.000000,0.706595,-0.016033,-0.013308,0.019477,-0.007410,-0.019861,0.007492,0.014024,0
1790542156.3256,-0.042970,-0.019812,-0.007368,-0.017016,-0.042970,0.000000,0.120000,0.000000,0.736778,-0.012891,-0.013338,0.018861,-0.005944,-0.019874,0.008802,0.013884,0
1790542156.3394,-0.031762,-0.013241,-0.002627,-0.011977,-0.031762,0.000000,0.120000,0.000000,0.766841,-0.009529,-0.013360,0.020261,-0.003972,-0.019883,0.011879,0.013829,0
1790542156.3541,-0.025332,-0.004810,-0.009882,-0.006784,-0.025332,0.000000,0.120000,0.000000,0.798341,-0.007599,-0.013378,0.011095,-0.001443,-0.019887,0.014546,0.014490,0
1790542156.3683,-0.014816,0.007019,0.000519,0.002869,-0.014816,0.000000,0.120000,0.000000,0.829482,-0.004445,-0.013389,0.018353,0.002106,-0.019882,0.020645,0.014325,0
1790542156.3822,-0.019292,0.012603,-0.027232,-0.006060,-0.019292,0.000000,0.120000,0.000000,0.859730,-0.005788,-0.013402,-0.008043,0.003781,-0.019873,0.010033,0.013914,0
1790542156.3962,-0.023280,0.011992,-0.027508,-0.017356,-0.023280,0.000000,0.120000,0.000000,0.890228,-0.006984,-0.013418,-0.007106,0.003598,-0.019865,-0.001089,0.014029,0
1790542156.4100,-0.015710,0.006965,-0.004494,-0.026834,-0.015710,0.000000,0.120000,0.000000,0.920370,-0.004713,-0.013429,0.013648,0.002090,-0.019860,-0.009063,0.013865,0
1790542156.4245,-0.020324,0.000007,-0.027654,-0.032092,-0.020324,0.000000,0.120000,0.000000,0.951280,-0.006097,-0.013444,-0.008113,0.000002,-0.019860,-0.012234,0.014219,0
1790542156.4387,-0.021999,-0.008110,-0.022978,-0.036447,-0.021999,0.000000,0.120000,0.000000,0.982460,-0.006600,-0.013459,-0.002919,-0.002433,-0.019866,-0.014148,0.014343,0
1790542156.4526,-0.012440,-0.017882,-0.000034,-0.042791,-0.012440,0.000000,0.120000,0.000000,0.012724,-0.003732,-0.013468,0.017166,-0.005365,-0.019878,-0.017548,0.013921,0
1790542156.4663,-0.005561,-0.027505,-0.002592,-0.045700,-0.005561,0.000000,0.120000,0.000000,0.042519,-0.001668,-0.013472,0.012548,-0.008251,-0.019897,-0.017552,0.013705,0
1790542156.4799,0.002685,-0.034046,0.002433,-0.042112,0.002685,0.000000,0.120000,0.000000,0.072203,0.000806,-0.013470,0.015097,-0.010214,-0.019920,-0.011977,0.013655,0
1790542156.4939,0.011039,-0.038618,0.004745,-0.039685,0.011039,0.000000,0.120000,0.000000,0.102681,0.003312,-0.013462,0.014896,-0.011585,-0.019947,-0.008152,0.014020,0
1790542156.5080,0.021514,-0.044910,0.011651,-0.044652,0.021514,0.000000,0.120000,0.000000,0.133216,0.006454,-0.013447,0.018644,-0.013473,-0.019979,-0.011199,0.014046,0
1790542156.5220,0.009818,-0.049433,-0.031371,-0.042917,0.009818,0.000000,0.120000,0.000000,0.163663,0.002945,-0.013440,-0.020876,-0.014830,-0.020014,-0.008073,0.014006,0
1790542156.5359,-0.004230,-0.040101,-0.039903,-0.015336,-0.004230,0.000000,0.120000,0.000000,0.193971,-0.001269,-0.013443,-0.025191,-0.012030,-0.020041,0.016735,0.013942,0
1790542156.5498,-0.007884,-0.027801,-0.022396,-0.006246,-0.007884,0.000000,0.120000,0.000000,0.224142,-0.002365,-0.013449,-0.006582,-0.008340,-0.020061,0.022155,0.013879,0
1790542156.5638,-0.011531,-0.014358,-0.023429,-0.000366,-0.011531,0.000000,0.120000,0.000000,0.254570,-0.003459,-0.013457,-0.006513,-0.004307,-0.020071,0.024012,0.013997,0
1790542156.5777,-0.017515,-0.001048,-0.029452,0.003473,-0.017515,0.000000,0.120000,0.000000,0.284886,-0.005255,-0.013469,-0.010728,-0.000314,-0.020072,0.023860,0.013946,0
1790542156.5916,-0.022702,0.010837,-0.029662,0.004648,-0.022702,0.000000,0.120000,0.000000,0.314984,-0.006811,-0.013485,-0.009367,0.003251,-0.020064,0.021461,0.013845,0
1790542156.6055,-0.023946,0.012476,-0.022918,-0.013371,-0.023946,0.000000,0.120000,0.000000,0.345261,-0.007184,-0.013501,-0.002233,0.003743,-0.020055,0.002942,0.013927,0
1790542156.6194,-0.024219,0.009834,-0.021273,-0.021841,-0.024219,0.000000,0.120000,0.000000,0.375544,-0.007266,-0.013518,-0.000489,0.002950,-0.020049,-0.004742,0.013930,0
1790542156.6332,-0.026909,0.004449,-0.026482,-0.028464,-0.026909,0.000000,0.120000,0.000000,0.405548,-0.008073,-0.013537,-0.004873,0.001335,-0.020045,-0.009753,0.013802,0
1790542156.6472,-0.025695,-0.007256,-0.019082,-0.043269,-0.025695,0.000000,0.120000,0.000000,0.435782,-0.007709,-0.013555,0.002182,-0.002177,-0.020050,-0.021042,0.013908,0
1790542156.6612,-0.036120,-0.018367,-0.042920,-0.045296,-0.036120,0.000000,0.120000,0.000000,0.466399,-0.010836,-0.013580,-0.018504,-0.005510,-0.020063,-0.019723,0.014084,0
1790542156.6754,-0.049355,-0.030710,-0.052354,-0.051616,-0.049355,0.000000,0.120000,0.000000,0.496455,-0.014807,-0.013614,-0.023933,-0.009213,-0.020085,-0.022319,0.013826,0
1790542156.6899,-0.067026,-0.041744,-0.063878,-0.051438,-0.067026,0.000000,0.120000,0.000000,0.528353,-0.020108,-0.013663,-0.030107,-0.012523,-0.020115,-0.018799,0.014673,0
1790542156.7037,-0.077234,-0.047567,-0.055256,-0.044896,-0.077234,0.000000,0.120000,0.000000,0.558555,-0.023170,-0.013717,-0.018369,-0.014270,-0.020148,-0.010478,0.013893,0
1790542156.7174,-0.084012,-0.050763,-0.051289,-0.041217,-0.084012,0.000000,0.120000,0.000000,0.588479,-0.025204,-0.013775,-0.012311,-0.015229,-0.020183,-0.005805,0.013765,0
1790542156.7314,-0.090419,-0.053583,-0.052384,-0.041321,-0.090419,0.000000,0.120000,0.000000,0.618970,-0.027126,-0.013838,-0.011420,-0.016075,-0.020221,-0.005026,0.014026,0
1790542156.7456,-0.080933,-0.053960,-0.021354,-0.037115,-0.080933,0.000000,0.120000,0.000000,0.649621,-0.024280,-0.013895,0.016821,-0.016188,-0.020259,-0.000669,0.014100,0
1790542156.7595,-0.067424,-0.047374,-0.009989,-0.022715,-0.067424,0.000000,0.120000,0.000000,0.679983,-0.020227,-0.013942,0.024181,-0.014212,-0.020292,0.011789,0.013966,0
1790542156.7733,-0.058177,-0.038889,-0.014772,-0.016697,-0.058177,0.000000,0.120000,0.000000,0.710142,-0.017453,-0.013983,0.016663,-0.011667,-0.020319,0.015289,0.013873,0
1790542156.7872,-0.049676,-0.025814,-0.013555,-0.004446,-0.049676,0.000000,0.120000,0.000000,0.740210,-0.014903,-0.014017,0.015365,-0.007744,-0.020337,0.023635,0.013831,0
1790542156.8010,-0.044445,-0.009400,-0.017909,0.006560,-0.044445,0.000000,0.120000,0.000000,0.770221,-0.013334,-0.014048,0.009472,-0.002820,-0.020343,0.029723,0.013805,0
1790542156.8148,-0.038506,0.005465,-0.014904,0.008132,-0.038506,0.000000,0.120000,0.000000,0.800330,-0.011552,-0.014075,0.010722,0.001640,-0.020339,0.026832,0.013850,0
1790542156.8286,-0.030123,0.017949,-0.007956,0.007660,-0.030123,0.000000,0.120000,0.000000,0.830350,-0.009037,-0.014095,0.015176,0.005385,-0.020327,0.022602,0.013809,0
1790542156.8424,-0.033733,0.020710,-0.030791,-0.009091,-0.033733,0.000000,0.120000,0.000000,0.860299,-0.010120,-0.014119,-0.006552,0.006213,-0.020313,0.005009,0.013777,0
1790542156.8562,-0.036420,0.013571,-0.029924,-0.029131,-0.036420,0.000000,0.120000,0.000000,0.890377,-0.010926,-0.014144,-0.004855,0.004071,-0.020303,-0.012899,0.013836,0
1790542156.8700,-0.026665,0.001976,-0.004491,-0.040712,-0.026665,0.000000,0.120000,0.000000,0.920379,-0.008000,-0.014162,0.017670,0.000593,-0.020302,-0.021003,0.013801,0
1790542156.8838,-0.025491,-0.007148,-0.019700,-0.038986,-0.025491,0.000000,0.120000,0.000000,0.950369,-0.007647,-0.014180,0.002127,-0.002144,-0.020307,-0.016535,0.013795,0
1790542156.8977,-0.021620,-0.016869,-0.013667,-0.042989,-0.021620,0.000000,0.120000,0.000000,0.980369,-0.006486,-0.014195,0.007014,-0.005061,-0.020319,-0.017610,0.013800,0
1790542156.9118,-0.003152,-0.032892,0.017662,-0.058670,-0.003152,0.000000,0.120000,0.000000,0.010965,-0.000946,-0.014197,0.032805,-0.009867,-0.020342,-0.028461,0.014074,0
1790542156.9258,0.010211,-0.049641,0.013023,-0.065539,0.010211,0.000000,0.120000,0.000000,0.041038,0.003063,-0.014190,0.024150,-0.014892,-0.020376,-0.030270,0.013833,0
1790542156.9398,0.021817,-0.058733,0.012918,-0.054134,0.021817,0.000000,0.120000,0.000000,0.071736,0.006545,-0.014174,0.020547,-0.017620,-0.020418,-0.016096,0.014121,0
1790542156.9539,0.031754,-0.065173,0.012862,-0.051348,0.031754,0.000000,0.120000,0.000000,0.102620,0.009526,-0.014152,0.017488,-0.019552,-0.020464,-0.011333,0.014207,0
1790542156.9679,0.026901,-0.076575,-0.014757,-0.063916,0.026901,0.000000,0.120000,0.000000,0.132957,0.008070,-0.014133,-0.008695,-0.022972,-0.020517,-0.020426,0.013955,0
1790542156.9818,0.019436,-0.076107,-0.021750,-0.042559,0.019436,0.000000,0.120000,0.000000,0.163094,0.005831,-0.014120,-0.013461,-0.022832,-0.020570,0.000844,0.013863,0
1790542156.9957,0.012375,-0.069971,-0.022993,-0.030666,0.012375,0.000000,0.120000,0.000000,0.193567,0.003712,-0.014111,-0.012595,-0.020991,-0.020619,0.010944,0.014017,0
1790542157.0096,0.007782,-0.060623,-0.020047,-0.022003,0.007782,0.000000,0.120000,0.000000,0.223723,0.002335,-0.014106,-0.008276,-0.018187,-0.020661,0.016845,0.013872,0
1790542157.0235,0.004349,-0.043672,-0.018965,-0.003343,0.004349,0.000000,0.120000,0.000000,0.253979,0.001305,-0.014102,-0.006168,-0.013102,-0.020692,0.030450,0.013918,0
1790542157.0373,0.001140,-0.023389,-0.019572,0.009013,0.001140,0.000000,0.120000,0.000000,0.283984,0.000342,-0.014102,-0.005812,-0.007017,-0.020708,0.036738,0.013802,0
1790542157.0512,-0.001802,-0.001538,-0.019929,0.018087,-0.001802,0.000000,0.120000,0.000000,0.314234,-0.000541,-0.014103,-0.005285,-0.000462,-0.020709,0.039257,0.013915,0
1790542157.0652,-0.012887,0.019421,-0.037874,0.022749,-0.012887,0.000000,0.120000,0.000000,0.344515,-0.003866,-0.014112,-0.019896,0.005826,-0.020695,0.037618,0.013929,0
1790542157.0791,-0.010573,0.025840,-0.013138,-0.001403,-0.010573,0.000000,0.120000,0.000000,0.374790,-0.003172,-0.014119,0.004153,0.007752,-0.020677,0.011522,0.013927,0
1790542157.0930,-0.005678,0.018047,-0.007077,-0.029177,-0.005678,0.000000,0.120000,0.000000,0.405198,-0.001703,-0.014123,0.008749,0.005414,-0.020665,-0.013927,0.013988,0
1790542157.1070,-0.011627,0.014192,-0.028291,-0.023313,-0.011627,0.000000,0.120000,0.000000,0.435495,-0.003488,-0.014131,-0.010671,0.004258,-0.020655,-0.006916,0.013937,0
1790542157.1212,-0.016562,0.012970,-0.027880,-0.018926,-0.016562,0.000000,0.120000,0.000000,0.466083,-0.004969,-0.014143,-0.008768,0.003891,-0.020646,-0.002172,0.014070,0
1790542157.1351,-0.021381,0.007817,-0.029166,-0.027483,-0.021381,0.000000,0.120000,0.000000,0.496561,-0.006414,-0.014158,-0.008594,0.002345,-0.020640,-0.009188,0.014020,0
1790542157.1491,-0.033403,0.003790,-0.045712,-0.026705,-0.033403,0.000000,0.120000,0.000000,0.526937,-0.010021,-0.014181,-0.021510,0.001137,-0.020637,-0.007204,0.013973,0
1790542157.1625,-0.040255,-0.001089,-0.039004,-0.030024,-0.040255,0.000000,0.120000,0.000000,0.556214,-0.012077,-0.014208,-0.012719,-0.000327,-0.020638,-0.009059,0.013468,0
1790542157.1761,-0.044289,-0.003231,-0.034948,-0.025551,-0.044289,0.000000,0.120000,0.000000,0.585750,-0.013287,-0.014239,-0.007423,-0.000969,-0.020640,-0.003942,0.013586,0
1790542157.1906,-0.048834,0.000130,-0.036863,-0.014730,-0.048834,0.000000,0.120000,0.000000,0.616860,-0.014650,-0.014273,-0.007939,0.000039,-0.020640,0.005872,0.014311,0
1790542157.2046,-0.050239,0.001646,-0.031885,-0.017443,-0.050239,0.000000,0.120000,0.000000,0.647355,-0.015072,-0.014309,-0.002505,0.000494,-0.020639,0.002703,0.014028,0
1790542157.2185,-0.053102,0.002250,-0.035388,-0.018885,-0.053102,0.000000,0.120000,0.000000,0.677797,-0.015931,-0.014346,-0.005112,0.000675,-0.020638,0.001078,0.014003,0
1790542157.2325,-0.053531,0.007667,-0.031207,-0.008658,-0.053531,0.000000,0.120000,0.000000,0.708228,-0.016059,-0.014383,-0.000765,0.002300,-0.020632,0.009674,0.013998,0
1790542157.2463,-0.048360,0.011732,-0.019590,-0.009763,-0.048360,0.000000,0.120000,0.000000,0.738329,-0.014508,-0.014417,0.009335,0.003520,-0.020624,0.007341,0.013846,0
1790542157.2603,-0.044449,0.013454,-0.020779,-0.013496,-0.044449,0.000000,0.120000,0.000000,0.768683,-0.013335,-0.014448,0.007003,0.004036,-0.020615,0.003083,0.013963,0
1790542157.2742,-0.042077,0.012981,-0.022847,-0.017559,-0.042077,0.000000,0.120000,0.000000,0.798990,-0.012623,-0.014477,0.004253,0.003894,-0.020606,-0.000848,0.013942,0
1790542157.2882,-0.038378,0.017683,-0.019365,-0.006834,-0.038378,0.000000,0.120000,0.000000,0.829211,-0.011513,-0.014504,0.006652,0.005305,-0.020593,0.008454,0.013901,0
1790542157.3024,-0.034968,0.015832,-0.019040,-0.019079,-0.034968,0.000000,0.120000,0.000000,0.860203,-0.010491,-0.014529,0.005979,0.004749,-0.020582,-0.003246,0.014256,0
1790542157.3164,-0.026258,0.011102,-0.006819,-0.025718,-0.026258,0.000000,0.120000,0.000000,0.890537,-0.007877,-0.014547,0.015606,0.003331,-0.020574,-0.008474,0.013954,0
1790542157.3303,-0.020525,0.007572,-0.010481,-0.024601,-0.020525,0.000000,0.120000,0.000000,0.920973,-0.006157,-0.014562,0.010238,0.002272,-0.020569,-0.006303,0.014001,0
1790542157.3441,-0.019036,0.003564,-0.017602,-0.026719,-0.019036,0.000000,0.120000,0.000000,0.951131,-0.005711,-0.014575,0.002684,0.001069,-0.020567,-0.007222,0.013872,0
1790542157.3581,-0.015075,-0.002711,-0.011981,-0.032674,-0.015075,0.000000,0.120000,0.000000,0.981332,-0.004523,-0.014585,0.007127,-0.000813,-0.020568,-0.011293,0.013893,0
1790542157.3719,-0.012411,-0.008396,-0.013499,-0.033373,-0.012411,0.000000,0.120000,0.000000,0.011386,-0.003723,-0.014594,0.004818,-0.002519,-0.020574,-0.010280,0.013825,0
1790542157.3855,-0.009536,-0.014747,-0.012171,-0.036694,-0.009536,0.000000,0.120000,0.000000,0.040923,-0.002861,-0.014600,0.005290,-0.004424,-0.020584,-0.011686,0.013587,0
1790542157.3991,-0.005594,-0.018250,-0.009020,-0.032524,-0.005594,0.000000,0.120000,0.000000,0.070425,-0.001678,-0.014604,0.007262,-0.005475,-0.020597,-0.006453,0.013571,0
1790542157.4130,0.002745,-0.024945,0.001181,-0.040108,0.002745,0.000000,0.119770,0.000000,0.100721,0.000823,-0.014602,0.014959,-0.007483,-0.020614,-0.012011,0.013936,0
1790542157.4272,0.009596,-0.031948,0.000509,-0.042718,0.009596,0.000000,0.119077,0.000000,0.131176,0.002879,-0.014595,0.012226,-0.009584,-0.020636,-0.012498,0.014009,0
1790542157.4419,0.005396,-0.034670,-0.020082,-0.035671,0.005396,0.000000,0.117852,0.000000,0.163281,0.001619,-0.014591,-0.007109,-0.010401,-0.020662,-0.004608,0.014768,0
1790542157.4561,-0.008379,-0.028652,-0.041371,-0.018680,-0.008379,0.000000,0.116205,0.000000,0.194141,-0.002514,-0.014597,-0.024260,-0.008596,-0.020682,0.010598,0.014196,0
1790542157.4701,-0.017928,-0.016139,-0.036961,-0.003294,-0.017928,0.000000,0.114132,0.000000,0.224718,-0.005378,-0.014610,-0.016972,-0.004842,-0.020694,0.022241,0.014065,0
1790542157.4841,-0.025142,-0.003063,-0.035029,0.001695,-0.025142,0.000000,0.111645,0.000000,0.255206,-0.007542,-0.014628,-0.012859,-0.000919,-0.020696,0.023310,0.014024,0
1790542157.4980,-0.033444,0.008427,-0.039622,0.002510,-0.033444,0.000000,0.108785,0.000000,0.285413,-0.010033,-0.014651,-0.014938,0.002528,-0.020690,0.020672,0.013895,0
1790542157.5120,-0.033351,0.017694,-0.024512,0.001240,-0.033351,0.000000,0.105540,0.000000,0.315737,-0.010005,-0.014674,0.000167,0.005308,-0.020678,0.016610,0.013949,0
1790542157.5261,-0.033241,0.009654,-0.024476,-0.031963,-0.033241,0.000000,0.101887,0.000000,0.346534,-0.009972,-0.014698,0.000194,0.002896,-0.020671,-0.014188,0.014167,0
1790542157.5400,-0.036717,0.002003,-0.031978,-0.033803,-0.036717,0.000000,0.097972,0.000000,0.376812,-0.011015,-0.014723,-0.006240,0.000601,-0.020669,-0.013734,0.013928,0
1790542157.5542,-0.037028,-0.007456,-0.026405,-0.039594,-0.037028,0.000000,0.093690,0.000000,0.407626,-0.011108,-0.014749,-0.000548,-0.002237,-0.020675,-0.016683,0.014175,0
1790542157.5681,-0.036240,-0.018983,-0.024229,-0.047139,-0.036240,0.000000,0.089236,0.000000,0.437808,-0.010872,-0.014775,0.001418,-0.005695,-0.020688,-0.020756,0.013884,0
1790542157.5819,-0.050555,-0.030135,-0.055710,-0.049796,-0.050555,0.000000,0.084552,0.000000,0.468040,-0.015166,-0.014810,-0.025734,-0.009040,-0.020709,-0.020047,0.013906,0
1790542157.5958,-0.069033,-0.043655,-0.068902,-0.058225,-0.069033,0.000000,0.079698,0.000000,0.498167,-0.020710,-0.014858,-0.033335,-0.013096,-0.020739,-0.024390,0.013858,0
1790542157.6097,-0.087155,-0.054077,-0.073847,-0.055853,-0.087155,0.000000,0.074709,0.000000,0.528210,-0.026147,-0.014918,-0.032782,-0.016223,-0.020776,-0.018853,0.013820,0
1790542157.6232,-0.100783,-0.061440,-0.070252,-0.052774,-0.100783,0.000000,0.069687,0.000000,0.557800,-0.030235,-0.014986,-0.025030,-0.018432,-0.020818,-0.013524,0.013612,0
1790542157.6369,-0.100919,-0.065985,-0.045580,-0.048998,-0.100919,0.000000,0.064587,0.000000,0.587425,-0.030276,-0.015055,-0.000249,-0.019796,-0.020863,-0.008339,0.013627,0
1790542157.6508,-0.096249,-0.067221,-0.035566,-0.043307,-0.096249,0.000000,0.059371,0.000000,0.617530,-0.028875,-0.015122,0.008431,-0.020166,-0.020910,-0.002231,0.013848,0
1790542157.6646,-0.091001,-0.069693,-0.033037,-0.046317,-0.091001,0.000000,0.054146,0.000000,0.647717,-0.027300,-0.015185,0.009448,-0.020908,-0.020958,-0.004451,0.013886,0
1790542157.6784,-0.086299,-0.074256,-0.032648,-0.051522,-0.086299,0.000000,0.048977,0.000000,0.677829,-0.025890,-0.015245,0.008487,-0.022277,-0.021010,-0.008236,0.013852,0
1790542157.6929,-0.077932,-0.074806,-0.023974,-0.044471,-0.077932,0.000000,0.043758,0.000000,0.708749,-0.023380,-0.015300,0.014706,-0.022442,-0.021063,-0.000967,0.014223,0
1790542157.7070,-0.070125,-0.070474,-0.022648,-0.034631,-0.070125,0.000000,0.038674,0.000000,0.739631,-0.021038,-0.015350,0.013740,-0.021142,-0.021113,0.007624,0.014206,0
1790542157.7210,-0.063285,-0.058448,-0.022230,-0.017329,-0.063285,0.000000,0.033804,0.000000,0.770228,-0.018985,-0.015395,0.012150,-0.017535,-0.021154,0.021360,0.014075,0
1790542157.7349,-0.055396,-0.037082,-0.017877,0.006088,-0.055396,0.000000,0.029191,0.000000,0.800475,-0.016619,-0.015433,0.014175,-0.011125,-0.021180,0.038392,0.013913,0
1790542157.7492,-0.047271,-0.008872,-0.015335,0.025849,-0.047271,0.000000,0.024729,0.000000,0.831325,-0.014181,-0.015467,0.014313,-0.002661,-0.021186,0.049697,0.014191,0
1790542157.7631,-0.036646,0.020458,-0.007597,0.037110,-0.036646,0.000000,0.020583,0.000000,0.861894,-0.010994,-0.015492,0.018890,0.006137,-0.021172,0.052144,0.014062,0
1790542157.7770,-0.049539,0.015997,-0.053653,-0.024411,-0.049539,0.000000,0.016800,0.000000,0.892011,-0.014862,-0.015527,-0.023265,0.004799,-0.021161,-0.008049,0.013854,0
1790542157.7909,-0.029042,0.004548,0.012482,-0.040317,-0.029042,0.000000,0.013322,0.000000,0.922329,-0.008713,-0.015547,0.036742,0.001364,-0.021157,-0.020524,0.013947,0
1790542157.8048,-0.035067,-0.000342,-0.036988,-0.030102,-0.035067,0.000000,0.010227,0.000000,0.952382,-0.010520,-0.015571,-0.010896,-0.000102,-0.021158,-0.008842,0.013824,0
1790542157.8187,-0.039136,-0.011057,-0.034630,-0.043682,-0.039136,0.000000,0.007485,0.000000,0.982713,-0.011741,-0.015598,-0.007291,-0.003317,-0.021165,-0.019200,0.013952,0
1790542157.8327,-0.028293,-0.023796,-0.004668,-0.051159,-0.028293,0.000000,0.005147,0.000000,0.013028,-0.008488,-0.015618,0.019439,-0.007139,-0.021182,-0.022838,0.013945,0
1790542157.8462,-0.019456,-0.039652,-0.005189,-0.062315,-0.019456,0.000000,0.003276,0.000000,0.042530,-0.005837,-0.015631,0.016280,-0.011896,-0.021209,-0.029210,0.013571,0
1790542157.8599,-0.009857,-0.046068,-0.000974,-0.046837,-0.009857,0.000000,0.001812,0.000000,0.072136,-0.002957,-0.015638,0.017622,-0.013820,-0.021240,-0.011777,0.013619,0
1790542157.8747,-0.000992,-0.049244,-0.000556,-0.041560,-0.000992,0.000000,0.000727,0.000000,0.103459,-0.000298,-0.015639,0.015380,-0.014773,-0.021276,-0.005511,0.014409,0
1790542157.8896,0.009851,-0.052068,0.005435,-0.041653,0.009851,0.000000,0.000115,0.000000,0.135996,0.002955,-0.015631,0.018111,-0.015621,-0.021315,-0.004718,0.014967,0
1790542157.9040,0.009302,-0.057565,-0.013785,-0.048147,0.009302,0.000000,0.000000,0.000000,0.167368,0.002791,-0.015625,-0.000951,-0.017269,-0.021356,-0.009522,0.014431,0
